id	book	book_code	chapter	verse	source	reviewed	editorial_note
BOR-CORBO-BM-MAT-001-HEAD-001	MATEUS	MAT	1		Jesus Cristo otodaiwuge.		Cabeçalho/subtítulo editorial da fonte.
BOR-CORBO-BM-MAT-001-001	MATEUS	MAT	1	1	Jesus Cristo, Davi Onaregedu, Abraão onaregedu, jeture otojiwu uwobe ekie epadui bapera kejedu.		
BOR-CORBO-BM-MAT-001-002	MATEUS	MAT	1	2	Abraão ure Isaac towuje. Isaac ure Jacó towuje. Jacó ure Judá towuje, ure Judá umanamage uwiemage etowuje jamedu.		
BOR-CORBO-BM-MAT-001-003	MATEUS	MAT	1	3	Judá mare Tamar ere Farés mare Zara etowuje. Farés ure Esron towuje. Esron ure Arão towuje.		
BOR-CORBO-BM-MAT-001-004	MATEUS	MAT	1	4	Arão ure Aminadabe towuje. Aminadabe ure Naasson towuje. Naasson ure Salmon towuje.		
BOR-CORBO-BM-MAT-001-005	MATEUS	MAT	1	5	Salmon mare Raabe ere Booz towuje. Booz mare Rute ere Obede towuje. Obede ure Jessé towuje. Jessé ure brae eimejera Davi towuje.		
BOR-CORBO-BM-MAT-001-006	MATEUS	MAT	1	6	Uria bokware pijiwu aredu apore, brae eimejera Davi ure Salomão towuje.		
BOR-CORBO-BM-MAT-001-007	MATEUS	MAT	1	7	Salomão ure Roboão towuje. Roboão ure Abias towuje. Abias ure Asa towuje.		
BOR-CORBO-BM-MAT-001-008	MATEUS	MAT	1	8	Asa ure Josafá towuje. Josafá ure Jorão towuje. Jorão ure Ozias towuje.		
BOR-CORBO-BM-MAT-001-009	MATEUS	MAT	1	9	Ozias ure Joatão towuje. Joatão ure Acaz towuje. Acaz ure Ezequias towuje.		
BOR-CORBO-BM-MAT-001-010	MATEUS	MAT	1	10	Ezequias ure Manassés towuje. Manassés ure Amon towuje. Amon ure Josias towuje.		
BOR-CORBO-BM-MAT-001-011	MATEUS	MAT	1	11	Josias ure Jeconias towuje, ure umanamage etowuje jamedu, Babilônia rorerui Judeudoge eidu kodiwu keje.		
BOR-CORBO-BM-MAT-001-012	MATEUS	MAT	1	12	Nowu Babilônia rorerui judeudoge eidu kodiwu rekodaji, Jeconias ure Salatiel towuje. Salatiel ure Zorobabel towuje.		
BOR-CORBO-BM-MAT-001-013	MATEUS	MAT	1	13	Zorobabel ure Abiude towuje. Abiude ure Eleacim towuje. Eleacim ure Azor towuje.		
BOR-CORBO-BM-MAT-001-014	MATEUS	MAT	1	14	Azor ure Sadoc towuje. Sadoc ure Aquim towuje. Aquim ure Eliude towuje.		
BOR-CORBO-BM-MAT-001-015	MATEUS	MAT	1	15	Eliude ure Eleazar towuje. Eleazar ure Matam towuje. Matam ure Jacó towuge.		
BOR-CORBO-BM-MAT-001-016	MATEUS	MAT	1	16	Jacó ure José towuje. José mugure Maria apo, du tabore Jesus ure tudowuje ai, dure iere Cristo.		
BOR-CORBO-BM-MAT-001-017	MATEUS	MAT	1	17	"Du kodire ere pudato pudatodure ikera pudogidure ewudure iwurekoto pobe puibiji Abraão piji jii Davi ae. Jii Davi piji Babilônia rorerurewo kae dure ikera pudogidure ewudure pobe puibiji iwurekoto jii Cristo ae.
Jesus buturedu."		
BOR-CORBO-BM-MAT-001-018	MATEUS	MAT	1	18	Ica, Jesus butu kodiwu: Uce Maria mare José ei tuienado puidu, emugumode puapodu otodaire, awu inodure tudowuje Mariaji: Kuiarure Aroe Pemegareu koia.		
BOR-CORBO-BM-MAT-001-019	MATEUS	MAT	1	19	Nowu mugumode apowu José, imedu jetororeu, aidukare akaru pegawo: icare padure tugajeje tuwo turodo oino piji podu tabo.		
BOR-CORBO-BM-MAT-001-020	MATEUS	MAT	1	20	Meardaere oino kimo, du kejere icare Pao Aroe Eimejera ia o Tupare towadudo ji unuiao tada. Akore: - José, Davi onaregedu, apagudu kaba Maria makuduwo akai akoredujece. Paga karega, kejere Aroe Pemegareu ure turawuje keje.		
BOR-CORBO-BM-MAT-001-021	MATEUS	MAT	1	21	Ema kuributumode ia tonaregedu rogu apo, dure amode iedo Jesusce; emare umode tuwobe einorudo turo pegareu piji kodi.		
BOR-CORBO-BM-MAT-001-022	MATEUS	MAT	1	22	Nowu inodu jamedu ure tudowuje uwo nono Aroe Eimejera makore profetadogei jiboe reore.		
BOR-CORBO-BM-MAT-001-023	MATEUS	MAT	1	23	"""Ica, ia virgem kuiarumode, onaregedu butumode, du iemode Emanuel  (nowu bataru inodure oino: Aroe Eimejera mugui pagabodu) (Is 7,14)."		
BOR-CORBO-BM-MAT-001-024	MATEUS	MAT	1	24	Icare, tuiedadu kejere, José rore nono Tupai turoiagudu reore. Ure tugeragu ji pudae rugadu.		
BOR-CORBO-BM-MAT-001-025	MATEUS	MAT	1	25	Boekarema, emugukai puapo du tabo, Maria onaregedure, dure ure iedo Jesusce.		
BOR-CORBO-BM-MAT-002-HEAD-001	MATEUS	MAT	2		Magodoge etaregoduredu.		Cabeçalho/subtítulo editorial da fonte.
BOR-CORBO-BM-MAT-002-001	MATEUS	MAT	2	1	Jesus buture ia Judéia kejewu bakurireu iei Belém cedu keje, brae eimejerai Herodes cedu kodiwu kodi. Du kejere icare magodoge etaregodure meri rutu piji nowu bakurireu iei Jerusalém cedu kae.		
BOR-CORBO-BM-MAT-002-002	MATEUS	MAT	2	2	Enorare: - Kaiba judeudoge eimejera buture? Ceerdure o kuieje kurireuji meri rutu kuda, kodire cedaregodure cewo cebujodo ji.		
BOR-CORBO-BM-MAT-002-003	MATEUS	MAT	2	3	Tumeardui nowu inodu jitu keje, nowu brae eimejera Herodes rore toku, nowu Jerusalém kejewuge erore toku apo jamedu.		
BOR-CORBO-BM-MAT-002-004	MATEUS	MAT	2	4	Icare ure baire eimejerage, escribadoge, ure edo tudo pui, unorare ei kaibamodeba Cristo butumode.		
BOR-CORBO-BM-MAT-002-005	MATEUS	MAT	2	5	Icare egore ji: - Belém keje, Judéia moto keje, oinore bapera atugododure profeta koia:		
BOR-CORBO-BM-MAT-002-006	MATEUS	MAT	2	6	Aki, Belém, Judéia kejewu, aki boe biegareu karega ure aki Judéia kejewu bakurireuge etada. Paga karega, apijire boe eimejera jetumode inore emawuge Israeldogeiwu umode tudawuje (Miq 5,2).		
BOR-CORBO-BM-MAT-002-007	MATEUS	MAT	2	7	Kodire Herodes mako podure nowu magodoge ewogai. Icare unorare ei kakoduwu ia boe kejeba nowu kuieje kurireu ure towadudo eegai.		
BOR-CORBO-BM-MAT-002-008	MATEUS	MAT	2	8	Ure etuiagu nowu Belém kae, akore ei: - Toro taerduwa birigodudo nowu negedurogu bogai. Taerdui jitu kejere tamode iwie, ituwo bogai, iwo ipujodo ji jamedu.		
BOR-CORBO-BM-MAT-002-009	MATEUS	MAT	2	9	Tumeardui nowu brae eimejera bataru jitu kejere icare, eture pugeje. Icarema, cewu eerdure ji meri rutu kudawu kuieje kurireu kodure etododai jii cewu negedurogu mugurewo kae, nonore icare ure tuwuredo.		
BOR-CORBO-BM-MAT-002-010	MATEUS	MAT	2	10	Cewu kuieje kurireu ui towadudo du koiare icare ure aidureu gigireu jekarereu ure enogorawu tabo.		
BOR-CORBO-BM-MAT-002-011	MATEUS	MAT	2	11	Tui turemo du kejere eerdure cewu negeduroguji tuje Maria apo. Ere turodo tuku. Ere tubujodo ji, tui kurido du tabo: tui toroe jado du keje, ere meriri ekureu bu tu je, ere kidoguru roreu, kidoguru jirireu, ere bu tu pugeje, ere jodo tuku keje.		
BOR-CORBO-BM-MAT-002-012	MATEUS	MAT	2	12	"Ewiedure tunuiao tada ekawo tugirimi cewu Herodes ae, du kodi icare ere tugirimi to moto kae ia awara tuginoiwuji pugeje. 
Jesus uo, uce, eregodui apo Egito kaedu."		
BOR-CORBO-BM-MAT-002-013	MATEUS	MAT	2	13	Etu uiagejere icare ia Tupare towadudo José unuiao tada, akore ji: - Aragojedo, akeragu nowu negeduroguji, uceji, tarego Egito kae, taedudo toro jii imode tawie pugeje du kae, mare paga karega, Herodes jemarumode nowu negedurogu bogai tuwo bito.		
BOR-CORBO-BM-MAT-002-014	MATEUS	MAT	2	14	Icare José ure turagojedo, boeco kao rugadu, ure tugeragu nowu negeduroguji, uceji jamedu, icare uture ebo Egito kae.		
BOR-CORBO-BM-MAT-002-015	MATEUS	MAT	2	15	"Nonore eragojere jii Herodes bi kae. Boe koduwo Aroe Eimejerare profetadoge egoiaguwo reore: “Imagore itonaregedu bogai Egito piji”. (Os 11.1).
Herodes ui boe etore ewidodu."		
BOR-CORBO-BM-MAT-002-016	MATEUS	MAT	2	16	Herodes, tui boe pa magodogei tuie kuri pagadodu jitu du keje, bire boe kori koia; ure boe etore o joru buture pobe tu tu jewuge eeda kedodo Belém keje, oiei jamedu, cewu tunorai magodogei du tonaji, du kejere roino.		
BOR-CORBO-BM-MAT-002-017	MATEUS	MAT	2	17	Kodire Profeta Jeremias makore jiboe ure pudumi rugadu:		
BOR-CORBO-BM-MAT-002-018	MATEUS	MAT	2	18	"""Rama moto kejere boe emeardure ia makoreu makoji, boe etoragudui boei maidoduji: boekarema, Raquel rabodure akoino toragudu tabo tore ewogai; ia butugugodure kejeboe bokwa, emagigokare kodi” (Jer 31,15).
Jesus uo, uce, ei tugirimi apo Egito pijidu."		
BOR-CORBO-BM-MAT-002-019	MATEUS	MAT	2	19	Herodes bi rekodaji, Pao o tupa ure towadudo José jekai unuiao tada, akore ji:		
BOR-CORBO-BM-MAT-002-020	MATEUS	MAT	2	20	"""Aragojedo, akeragu nowu negeduroguji, nowu uceji, akirimi Israeldoge eno moto kae; mare paga karega, cewu onare awu negedurogu jiwuge ewire”."		
BOR-CORBO-BM-MAT-002-021	MATEUS	MAT	2	21	Kodi icare José ure turagojedo, ure tugeragu nowu negeduroguji, nowu uceji, uture Israeldoge eno moto kae.		
BOR-CORBO-BM-MAT-002-022	MATEUS	MAT	2	22	Boekarema, tumeardui Arquelao jetui Judéiaji tuo Herodes mugato du keje, pagudugodure tuduwo toro. Tumeardu birigodui tunuiao tada pugeje du keje, ure turodo paci woje Galiléia moto kae.		
BOR-CORBO-BM-MAT-002-023	MATEUS	MAT	2	23	Aregodure, ure turagojedo Nazaré bakurireu keje, boewo nono profetadoge emagore jiboe reore: - Ema iemode Nazareno. (Is 11,1).		
BOR-CORBO-BM-MAT-003-HEAD-001	MATEUS	MAT	3		João Batista uwadodae.		Cabeçalho/subtítulo editorial da fonte.
BOR-CORBO-BM-MAT-003-001	MATEUS	MAT	3	1	Nowu du kodi, João Batista ure towadudo tumago tabo, tuwadaru tabo, boe matadu keje, Judéia moto keje.		
BOR-CORBO-BM-MAT-003-002	MATEUS	MAT	3	2	Akore: - Tagodorogado tai. Pao o boe pemegareu puredugodu nure.		
BOR-CORBO-BM-MAT-003-003	MATEUS	MAT	3	3	Awu jire profeta Isaia makore, cewu akoi oinodu kodiwu: Ia akoreu akore toro boe makodu tada: Boedo turugadu Aroe Eimejera togi, utawara jetorodo  (Is 0,3).		
BOR-CORBO-BM-MAT-003-004	MATEUS	MAT	3	4	João, barege ewiri meture ji, ia iku kogure kajeje. wagere bokokwadogei, okwagere moiawei.		
BOR-CORBO-BM-MAT-003-005	MATEUS	MAT	3	5	Jerusalém ejewuge eiamedu boe, Judéia kejewuge eiamedu boe, Jordão ieiwu boe, etu kigodure ae.		
BOR-CORBO-BM-MAT-003-006	MATEUS	MAT	3	6	Emagore turo pegareuji biegai, ure etao pego pegodo, nowu Jordão po tada.		
BOR-CORBO-BM-MAT-003-007	MATEUS	MAT	3	7	Mare tuiordui fariseudoge, saduceudoge etu kigodui to boe etao pegododu kae du keje, João akore ei: - Awague etumedage, ioguduba ure taerduwado tawo taginorudo aregodumodewu boe ekorigodae piji?		
BOR-CORBO-BM-MAT-003-008	MATEUS	MAT	3	8	Boe eerdudo tagodorogai tai boe rugaduji.		
BOR-CORBO-BM-MAT-003-009	MATEUS	MAT	3	9	Tamago kaba tadoda: Ceore Abraão rema. Oino. Kode, inagomode tai: Pao roiware tuwo Abraão onaregedudo awu torice.		
BOR-CORBO-BM-MAT-003-010	MATEUS	MAT	3	10	Paro padure urugadu iguru ukwa paru tada; pemegakareu iguru kadodumode bariguduwo joruto.		
BOR-CORBO-BM-MAT-003-011	MATEUS	MAT	3	11	Ire tagao pegodo pobo tabo uwo nono tagodorogai taidure; mare aregodumode iregodajiwu, emare ro raka remawure ikori, ikare irugadu iwo bure tadawu reko ai. Ema umode tagao pegodo Aroe Pemegareu tabo, joru tabo.		
BOR-CORBO-BM-MAT-003-012	MATEUS	MAT	3	12	"Iedure bakuji tuwo to iro bakujukodo, tuwo to iro tugu tuiato, tuwo iwo barigu joruto, bi bokwareu joruto.
Jesus ui taopegododu."		
BOR-CORBO-BM-MAT-003-013	MATEUS	MAT	3	13	Jesus uture Galiléia moto piji, Jordão kae, João bogai, uwo taopegodo.		
BOR-CORBO-BM-MAT-003-014	MATEUS	MAT	3	14	Icare Joãore turodo duku tuibagi, akore: Itaopegododumode akera tabo, macare ature itae?		
BOR-CORBO-BM-MAT-003-015	MATEUS	MAT	3	15	Mare Jesus akore: - Nowu inodu piji jao. Parowo nono Pao aidu reore. Kodi icare Joãore turodo duku tuibagi akoinodu keje.		
BOR-CORBO-BM-MAT-003-016	MATEUS	MAT	3	16	Jesus ure tudawuje pobo piji taopegododu rekodaji. Du kejere icare barure tuiado, du kejere jordure Pao Utaroe ui nono metugu reore duji ui tudawuje tuwugeje duji.		
BOR-CORBO-BM-MAT-003-007	MATEUS	MAT	3	7	Baru piji ia bataru ure turawuje tagoi: - Ica, imeardu kuricigore jiwu itonaregedu reo, kejere ire itaidae pemegareu jamedu bu.		
BOR-CORBO-BM-MAT-004-HEAD-001	MATEUS	MAT	4		Aroe pegareuge eimejera ui turokogado Jesus jitu.		Cabeçalho/subtítulo editorial da fonte.
BOR-CORBO-BM-MAT-004-001	MATEUS	MAT	4	1	Du kejere Aroe Pemegareu ure Jesus reko toro boe mataduto Aroe pegareu wo turokogado jitu bogai.		
BOR-CORBO-BM-MAT-004-002	MATEUS	MAT	4	2	Jesus otorogare pudui meri ikera pudogidure, iwure pudogidure, ikera pudogidure, iwure pudogidure. Du kejere icare uke boi buture keje.		
BOR-CORBO-BM-MAT-004-003	MATEUS	MAT	4	3	Podure jiwu ure tuburedo ji, akore ji: - Aroe Eimejera Onaregedumode aki du keje, amagodo awu toriguruji tuwo amireudo pudumi.		
BOR-CORBO-BM-MAT-004-004	MATEUS	MAT	4	4	Icare Jesus akore: - Bapera atugo pemegareu keje atugododure oino: Amireu mitodu tabo karega imedu jere, mare Pao bataru jamedu boe tabo (Deut 8,3).		
BOR-CORBO-BM-MAT-004-005	MATEUS	MAT	4	5	Du kejere icare Aroe pegareu re Jesus reko bakurireu pemegareu kae, ure rakojedo Pao uwai oto mitodu keje, akore ji: -		
BOR-CORBO-BM-MAT-004-006	MATEUS	MAT	4	6	Aroe Eimejera Onaregedu nure aki rugadu du keje, akaredo moto kae. Paga karega, bapera atugododure oino: “Ure to tupadogedo tudo turugadu ai. Etumode ai tugera tabo, akawo awure okorido ia tori tabo” (Sl 90,1112).		
BOR-CORBO-BM-MAT-004-007	MATEUS	MAT	4	7	Jesus akore: - Jamedu bapera atugododure: “Akaba akimejera Aroe Eimejera matadudo aegai” (Deut 6,16).		
BOR-CORBO-BM-MAT-004-008	MATEUS	MAT	4	8	Du kejere icare Aroe pegareu  re Jesus reko pugeje ia tori raicigoreu ao kae, ure jordudo moto jamedu boeji, motui puduiduji jamedu, akore ji: -		
BOR-CORBO-BM-MAT-004-009	MATEUS	MAT	4	9	Imode awu jamedu boe makakai, ai apujodo ii du keje.		
BOR-CORBO-BM-MAT-004-010	MATEUS	MAT	4	10	Jesus akore bataru jipagi: - Toro aibagi, Satans! Paga karega, atugodure oino jamedu: “Amode apujodo akimejera Aroe Eimejeraji, jire awiapagamode tu rugadu”  (Deut 6,13).		
BOR-CORBO-BM-MAT-004-011	MATEUS	MAT	4	11	"Du inodu keje, Aroe pegareu re tugera ra piji, du kejere tupadoge ere tuburedo ji tuwo tuwiapagado ji.
Jesui tugirini Galiléia kaedu."		
BOR-CORBO-BM-MAT-004-012	MATEUS	MAT	4	12	Jesus, tumeardui boei tugeragu João jitu kejere icare ure turodo oino Galiléia kae.		
BOR-CORBO-BM-MAT-004-013	MATEUS	MAT	4	13	Tui tugera ra Nazaré jitu kodi, rakojere Cafarnaum keje, ia kuruga kurireu jipa keje, Zabulon, Neftali eno moto keje.		
BOR-CORBO-BM-MAT-004-014	MATEUS	MAT	4	14	Uwo nono Profeta Isaia makore jiboere:		
BOR-CORBO-BM-MAT-004-015	MATEUS	MAT	4	15	"""Zabulon, Neftali eno moto, puredu pobo maereu okwa kejewu, Jordão kejewu moto, Galiléia kejewu boe."		
BOR-CORBO-BM-MAT-004-016	MATEUS	MAT	4	16	Nowu boe emedure boeco tadawuge, icare eerdure ia boe urugu kurireu ui boe awadudoduji. Barogwa kododureure nowuge ebo, ewi tugui eidu kajeje”  (Is 9,1).		
BOR-CORBO-BM-MAT-004-017	MATEUS	MAT	4	17	"Nowu piji mato icare Jesus okituware boei, akore: - Tagodorogado tai. Pao o boe pemegareu puredugodu nure.
Jesus makoi kare ecebage ei pobe puibijidu bogai."		
BOR-CORBO-BM-MAT-004-018	MATEUS	MAT	4	18	Jesus, tumerui Galiléia kejewu pobo maereu jipa jitu du tabo, jordure boei pobeduji: umana, uwie. Simão duwure iere Pedro, mare uwie André, ei buke barigu poboto duji; icarema kare ecebage rabodu.		
BOR-CORBO-BM-MAT-004-019	MATEUS	MAT	4	19	Akore ei: - Mato iregodaji, iwo uwogure boe remawuge eiwugedo tagi.		
BOR-CORBO-BM-MAT-004-020	MATEUS	MAT	4	20	Ako oinodu kejere, ere tugera ra tuwuge piji, ekodure apo.		
BOR-CORBO-BM-MAT-004-021	MATEUS	MAT	4	21	Tugodui tododai du tabo, jordure iage ei pobe pugeje duji, umana, uwie pugeje: Tiago, Zebedeu onaregedu, mare uwie João, eeduradure tuo Zebedeu apo, enure tuwuge pemegado. Makore etae.		
BOR-CORBO-BM-MAT-004-022	MATEUS	MAT	4	22	"Ere ika pijido, ere tuo pijido, ekodure apo.

Jesus ui boe eerduwado, ui boe makareuge epemegago."		
BOR-CORBO-BM-MAT-004-023	MATEUS	MAT	4	23	Jesus merure Galiléia oiagi, tui boe eerduwado du tabo sinagoga keje, tui boe eerduwado Pao o boe pemegareuji, ciogoi ekogodae pegareu jamedu boe, okorireboe, urureboe jitu du tabo etada.		
BOR-CORBO-BM-MAT-004-024	MATEUS	MAT	4	24	Du kodi icare akaru ure tumaedo Síria moto jamedu boe joki, boe eture ae kogodureuge ebo, boe okorire, boe urure jiwuge ebo, Aroe pegareu re taredo towuge ebo, aora bai baireuge ebo, pogora koboreuge ebo, Ure eiamedu boe epemegago.		
BOR-CORBO-BM-MAT-004-025	MATEUS	MAT	4	25	Kodi icare boere turodo taci apo: Galiléia kejewuge, Decápole kejewuge, Jerusalém kejewuge, Judéia kejewuge, Jordão okwa bakowu kejewuge eiamedu.		
BOR-CORBO-BM-MAT-005-HEAD-001	MATEUS	MAT	5		Jesus makoi tori aoporu kejedu.		Cabeçalho/subtítulo editorial da fonte.
BOR-CORBO-BM-MAT-005-001	MATEUS	MAT	5	1	Jesus, tuiordui nowu boe emagai jitu du keje, ruture ia boe aoporu ao kae. Ure tumugudo tu je, du kejere ure jorduwadowuge ere tuburedo ji. 2 Icare makore ei, ure eerduwado tagoi oino du tabo:		
BOR-CORBO-BM-MAT-005-003	MATEUS	MAT	5	3	"""Uwabore nono marenarue ewabo reoreuge eiwo aidugirimode, eonare Pao o boe pemegareuji kodi."		
BOR-CORBO-BM-MAT-005-004	MATEUS	MAT	5	4	Oragudureuge, boe birigodure jiwugere emage, butugugodureboe makudumode etai kodi.		
BOR-CORBO-BM-MAT-005-005	MATEUS	MAT	5	5	Boe okori bokware jiwuge, eiwo aidugirimode, emage enomode motoce.		
BOR-CORBO-BM-MAT-005-006	MATEUS	MAT	5	6	Boe jetororeu boire jiwuge, eiwo aidugirimode, ewudugugodumode kodi.		
BOR-CORBO-BM-MAT-005-007	MATEUS	MAT	5	7	Okudureuge, oiagudureuge, eiwo aidugirimode, okudureboe, oiagudureboe makudumode etai kodi.		
BOR-CORBO-BM-MAT-005-008	MATEUS	MAT	5	8	Uwabo pemegareuge tuwabo pemega koia, eiwo aidugirimode, eerdumode Paoji kodi.		
BOR-CORBO-BM-MAT-005-009	MATEUS	MAT	5	9	Ure boe butugugodudowuge, eiwo aidugirimode, ekiemode Pao oreie ure emage kodi.		
BOR-CORBO-BM-MAT-005-010	MATEUS	MAT	5	10	Boe etonare jiwuge, egoi boe jetorogodureboeji du kodiwuge, eiwo aidugirimode, eonare Pao o boe pemegareu ji kodi.		
BOR-CORBO-BM-MAT-005-011	MATEUS	MAT	5	11	Boe emode taroiaododu pegado du keje, boe etonamode tai du keje, boe emode tuwadararodaedo tai du keje ma, taiwo aidugirimode.		
BOR-CORBO-BM-MAT-005-012	MATEUS	MAT	5	12	"Taegaredo tai, tagaidudo tai, more kuricigomode tagai baru tada; kode, oinonore onare profetadoge eiwuge etonare ei, duwugere ekodure tagododai.
Sal mare urugureboe, jiwu bakaru."		
BOR-CORBO-BM-MAT-005-013	MATEUS	MAT	5	13	Tagire sal reoreboemode tagi moto keje. Sal rododu okwamode taci piji ma, inoba umode pudae pugeje? Kiogwamodukare pugeje, ure turugadu bariguduwo, boe ewure jowo keje.		
BOR-CORBO-BM-MAT-005-014	MATEUS	MAT	5	14	Tagire moto kejewu boe urugureboere tagi. Ia bakurireu padui torekodu oagejedu boe eroiwamodukare tuwo biado.		
BOR-CORBO-BM-MAT-005-015	MATEUS	MAT	5	15	Jamedu, boe emodukare ia jorugu mugudo aria kuda, mare jorugu mugumode tumuga keje, uruguwo mugure bai tadawuge eiamedu boeji.		
BOR-CORBO-BM-MAT-005-016	MATEUS	MAT	5	16	"Oinore tarugureboe awadudo boe eegai; nowu inodu koia umode boe eerdudo taro pemegareuji, ewo aidureudo, ewo gigireudo Tao baru tadawuji.


Boe eroiagudu."		
BOR-CORBO-BM-MAT-005-017	MATEUS	MAT	5	17	Tadugu kaba itaregoduie iwo profetadoge ero, ego, ewadaru okwado. Iwo okwado karega, mare iwo uporu kororogo pudui.		
BOR-CORBO-BM-MAT-005-018	MATEUS	MAT	5	18	Ica, boe jokodu jire inagore tai: baru, moto, okwamode mare ia Pao bataru paru rogu okwamodukare.		
BOR-CORBO-BM-MAT-005-019	MATEUS	MAT	5	19	Ure Pao bataru biega inodu rogu uredugodudowu, umode boe eerduwado nowu inodu jitu keje, biega torimode baru tada. Mare cewu rore nono Pao bataru reore, umode boe eerduwadowu, ie kurimode baru tada.		
BOR-CORBO-BM-MAT-005-020	MATEUS	MAT	5	20	Kode, inagomode oino tai: taro jetororeu kurimodukare nowu fariseudoge, escribadoge ero kori ma, tamodukare taremo baruto.		
BOR-CORBO-BM-MAT-005-021	MATEUS	MAT	5	21	Tameardure mariguduboe eiwu bakaruji: Tagaba boe ewido. Ure boe ewidowuge emagere boe eimejerage erorerumode ei.		
BOR-CORBO-BM-MAT-005-022	MATEUS	MAT	5	22	Mare inagomode oino tai: Kodu kagirire tumana, tuwie jiwu, jiwomode ema remawu boe eimejerage enogituwa koia. Cewu akore: Boe kioga karega ino jiwu, boe eimejerage emode boe pegado ji; akomode: “Aora bai baireu” oino jiwu, jiwomode joruce.		
BOR-CORBO-BM-MAT-005-023	MATEUS	MAT	5	23	Kode, atumode altar jokora kae awo aro pemegareu maku Pao ai, mare nono awiabutumode ia amana, ia awie ro pegare aiwu keje ma, 24nowu akoe jetu nono altar jokorai jao, atudo amana rabodu, awie rabodu ae jao, amagodo ji, butugugoduwo ai; du kejere icare atumode mato awo nowu aro pemegareu maku.		
BOR-CORBO-BM-MAT-005-025	MATEUS	MAT	5	25	Apemegado onare aiwuji akodui apo boe eimejera ae du tonaji, ukawo amagu boe eimejera ai, boe eimejera ukawo amagu tugoboigare ai, ukawo atugu baicoreuto.		
BOR-CORBO-BM-MAT-005-026	MATEUS	MAT	5	26	"Boe jokoduji inagomode ai: amodukare atawuje, akai jamedu boe morido du kae.
Jesus akoi boe ero pegareu jidu."		
BOR-CORBO-BM-MAT-005-027	MATEUS	MAT	5	27	Tameardure mariguduwuge eiwu bakaruji: Akera keadu kaba ia areduji.		
BOR-CORBO-BM-MAT-005-028	MATEUS	MAT	5	28	Mare inagomode tai: cewu aiwore tagemo pegareu tabo ia aredu jiwu, ure tubegado ji tuwabo tada.		
BOR-CORBO-BM-MAT-005-029	MATEUS	MAT	5	29	Kodi icare, aeku pemegareu koiamode ure awududo boe pegareuto ma, tawuje, barigudu jaedo apiji. Ure turugadu ai ia akoe rogu bariguduwo apiji mare umode aiamedu boe bariguduwo joruto dure ema karega.		
BOR-CORBO-BM-MAT-005-030	MATEUS	MAT	5	30	"Akana pemegareu koiamode ure awududo boe pegareuto ma, kado, barigudu jaedo apiji. Ure turugadu ai ia akoe rogu bariguduwo apiji, mare aiamedu boe bariguduwo joruto dure ema karega.
Jesus akoi boe ei pu barigudu jidu."		
BOR-CORBO-BM-MAT-005-031	MATEUS	MAT	5	31	Awu bakaru reo jamedu: Ure tugera ra tuwire pijiwu, umode bapera maku ai tui tugera ra piji du tabo.		
BOR-CORBO-BM-MAT-005-032	MATEUS	MAT	5	32	Mare inagomode oino tai: Boere tugera maku puai boe jetororeu tabo, du keje oredu umode toreduje barigu tubiji ma, unure toreduje ro pegado. Cewu mugumode barigudureu aredu apowu, ro pegamode jamedu.		
BOR-CORBO-BM-MAT-005-033	MATEUS	MAT	5	33	Tameardure mariguduwuge eiboe jituji: Akaba akogwatugu ia pagaboe kori koia, mare amagore Paoji jiboe boe pemegareu akaba pijido.		
BOR-CORBO-BM-MAT-005-034	MATEUS	MAT	5	34	Mare oino ingomode tai: Tagaba tagogwatugu rugadu, jamedu baruto karega jamedu, mare paga karega, Pao muga nure ema kodi.		
BOR-CORBO-BM-MAT-005-035	MATEUS	MAT	5	35	Jamedu moto keje akaba ino, mare paga karega, nonore ure tuwure bu du koia. Jamedu, Jerusalém keje karega jamedu, mare paga karega Boe Eimejera kurireu o bakurireu rema kodi.		
BOR-CORBO-BM-MAT-005-036	MATEUS	MAT	5	36	Jamedu, akaba akogwatugu akaora tabo, amodukare ia akao ira coreu kigadudo, amodukare ia akao kigadureu codo.		
BOR-CORBO-BM-MAT-005-037	MATEUS	MAT	5	37	"Tamagomode: U!, u! rugadu du keje. Tamagomode: Boro, boro rugadu du keje. Kodure nowu koriboe aregodure Aroe pegareu piji.
Jesus makoi boe ero kirimidu jitu."		
BOR-CORBO-BM-MAT-005-038	MATEUS	MAT	5	38	Tameardure oinoie ure duji: Joku umode tumorido jokuji, o umode tumorido oji.		
BOR-CORBO-BM-MAT-005-039	MATEUS	MAT	5	39	Imirema inagomode oino tai: Tagaba tabewudo tai ia pegare taiboe togi. Mare iaboe umode tugera to akana pemegareu jaogwaiwu aeji ma, ae mekido pai ae awubowu tabo ji pugeje.		
BOR-CORBO-BM-MAT-005-040	MATEUS	MAT	5	40	Iaboe aidumode akudawu poru kejewuji ma, awiri kejewu maku ai jamedu.		
BOR-CORBO-BM-MAT-005-041	MATEUS	MAT	5	41	Iaboe emode akodudo pudabo kuri iaboe kae ma, ako doku kori inodu otobiji apo.		
BOR-CORBO-BM-MAT-005-042	MATEUS	MAT	5	42	"Ia boe enogwamagudumode ai ia ure tu akabo boeji ma, makai rugadu. Ia boe enogwamagudumode ai ia akoroe roguji jao ma, maku jao rugadu.
Jesus makoi boe emeardu kuriiagu onare puduiwuge eidu."		
BOR-CORBO-BM-MAT-005-043	MATEUS	MAT	5	43	Tameardure jaowu kodiwu bakaruji: “Ameardu kurimode ameduiaji, akorimode onare aiwuji”.		
BOR-CORBO-BM-MAT-005-044	MATEUS	MAT	5	44	Imirema inagomode oino tai: Tameardu kurido onare taiwugei, taro pemegado kodu kagirire taiwugei, tamagodo onare taiwuge, rorerure taiwuge eparu tabo.		
BOR-CORBO-BM-MAT-005-045	MATEUS	MAT	5	45	Nowu inodu tabo, Tao baru tadawu oremode tagi, duwure meri rutudo pegareuge ewugeje, pemegareuge ewugeje, ure bubutudo pemegareuge, pemegakareuge ewugeje.		
BOR-CORBO-BM-MAT-005-046	MATEUS	MAT	5	46	Tameardu kurimode meardu kurire taiwugei ma, kaboba morimode ema? Nowu publicanodoge erokana ino jamedu?		
BOR-CORBO-BM-MAT-005-047	MATEUS	MAT	5	47	Tamago pemegamode tu tawobei ma, inoba ureu boe kurireuba tare udo? Ao pegokareuge erokana ino jamedu?		
BOR-CORBO-BM-MAT-005-048	MATEUS	MAT	5	48	Kode, tabemegado tawo nono Tao baru tadawu pemega magadure.		
BOR-CORBO-BM-MAT-006-HEAD-001	MATEUS	MAT	6		Jesus makoi boe enogudae jidu.		Cabeçalho/subtítulo editorial da fonte.
BOR-CORBO-BM-MAT-006-001	MATEUS	MAT	6	1	Tagaba taro pemegai boeidu boe eerdudo ji. Umodukare ino ma. Tao baru tadawu umodukare morido tagai.		
BOR-CORBO-BM-MAT-006-002	MATEUS	MAT	6	2	Kode, amode akogududo tu ia ameduia apo du keje, akaba aebogodudo inoduji, ukawo nono sinagoga kejewuge ero magai pui du reore, ere pu kurido tuiegai nowu inodu koia. Boe jokodu, inagomode oino: Mori makudure etai marigudu.		
BOR-CORBO-BM-MAT-006-003	MATEUS	MAT	6	3	Are akogududo ia boe ebo, mare akana koboreu jorduwakado akana pemegareu roinoduji.		
BOR-CORBO-BM-MAT-006-004	MATEUS	MAT	6	4	"Nowu inodu tabo, ai akogududo ia boe ebodu biadure, Ao, jordure biadodureboe jamedu jiwu, umode mori maku akai.
Jesus makoi boe emagoi barutodu."		
BOR-CORBO-BM-MAT-006-005	MATEUS	MAT	6	5	Amagomode aparu tabo du keje, arokaba nono ure boe ee to puiboe reore; emage emagore tubaru tabo turagojei sinagoga keje, boe eerduwo pudui du bogai. Inagomode boe jokoduji tai: Nowu ure oinowuge mori makudure etai marigudu.		
BOR-CORBO-BM-MAT-006-006	MATEUS	MAT	6	6	Amagomode aparu tabo du keje, aremo awaito, baiporo mi, amagodo Aoji bia tabo, Ao, jordure biareboe jiwu, umode morido akai.		
BOR-CORBO-BM-MAT-006-007	MATEUS	MAT	6	7	Tamagomode tabaru keje du keje, tagaba nowu tamagoi tabaru kejewu kodiwu tawadaru tagaba itodudo nono aopegokareuge ego reore, emeardaere nowu tuwadaru awadu koiaie boe emeardumode nowu tagoinodu jituji.		
BOR-CORBO-BM-MAT-006-008	MATEUS	MAT	6	8	Tagaba tadugu nowu eroinoduto; mare paga karega, Tao jorduware kaboba tagaidure bogaiboeji tagogwamagudure bogaidu otodai.		
BOR-CORBO-BM-MAT-006-009	MATEUS	MAT	6	9	Oinore tagagomode tabaru tabo: Pao, rakojere baru tadawu, boe etaidudo akieji.		
BOR-CORBO-BM-MAT-006-010	MATEUS	MAT	6	10	Aeto cei. Boedo nono akaidu reore oino moto keje boe magai baru tadadure.		
BOR-CORBO-BM-MAT-006-011	MATEUS	MAT	6	11	Cege maku cenai, boe jamedu jiwu maku cenai.		
BOR-CORBO-BM-MAT-006-012	MATEUS	MAT	6	12	Awudugugo cei cero pegareuji, nono cewudugugodu magai ro pegare ceiwuge eidure.		
BOR-CORBO-BM-MAT-006-013	MATEUS	MAT	6	13	Akaba cewududo boe pegareuto, mare ceginorudo pegareboe piji.		
BOR-CORBO-BM-MAT-006-014	MATEUS	MAT	6	14	Mare tawudugugodumode boei ero pegare taiwu keje ma, Tao baru tadawu butugugodumode tai jamedu.		
BOR-CORBO-BM-MAT-006-015	MATEUS	MAT	6	15	"Mare tawudugugodumodukare ro pegare taiwugei du keje, jamedu Tao baru tadawu butugugodumodukare tai jamedu.
Jesus makoi boe etodoroga jitu."		
BOR-CORBO-BM-MAT-006-016	MATEUS	MAT	6	16	Tagodorogamode tai du keje, tagaba tagiarigo nono ure boe pagado puduiwuge ero magadure, duwuge ere tuie kiarigodudo, boe eerduwo oinoie todorogare pudui du koiaie tuie makodure oinono. Boe jokoduji inagomode oino tai: morire etai marigudu.		
BOR-CORBO-BM-MAT-006-017	MATEUS	MAT	6	17	Akodorogamode ai du keje, roreboe tugu akaoto, ae kabi jamedu.		
BOR-CORBO-BM-MAT-006-018	MATEUS	MAT	6	18	"Nowu inodu tabo amodukare nono otorogare puduiboere boe eegai, mare Ao jordure biadodureboe jiwu, jekai tu rugadu; Aore, jordure biadodureboe jiwu, dure umode morido akai.
Boe enoroe kurireu ema remawu."		
BOR-CORBO-BM-MAT-006-019	MATEUS	MAT	6	19	Tagaba moto kejewu boe enoroe itodudo tagai; mare paga karega, moto keje uruguro boreuge emode pegado, iwogu kigodureuge emode bai porodo, eiwogumode ji.		
BOR-CORBO-BM-MAT-006-020	MATEUS	MAT	6	20	Boe enoroe pemegareu itodudo tagai baru tada. Torore uruguro boreuge emodukare pegado, iwogu kigodureuge emodukare bai porodo, eiwogumodukare ji.		
BOR-CORBO-BM-MAT-006-021	MATEUS	MAT	6	21	"Kode, nowu akoroe pemegareu jeturewo kejere awabo mugure keje jamedu.
Boe erugu."		
BOR-CORBO-BM-MAT-006-022	MATEUS	MAT	6	22	Boe eekure jorugu rema boe etai; aeku pemegamode du keje, umode aredu jamedu boe urugudo.		
BOR-CORBO-BM-MAT-006-023	MATEUS	MAT	6	23	"Jamedu, aeku pemegamodukare ma, aredu jamedu metumode boecoreu tada. Jorugu metui atodadu boeco nure emadu ma, inoba boeco comode?
Pao baru tadawu mare awu moto kejewu boe enoroe."		
BOR-CORBO-BM-MAT-006-024	MATEUS	MAT	6	24	Boe emodukare tudo puibiji ia cimejeraji, mare kodu kagirimode iaji, meardu kurimode iaji rabodu, iarema biapagamode iaji, umode ia pijido rabodu. Taroiwamodukare tameardu kuriwo Paoji, tameardu kurii boe enoroeji du tabo.		
BOR-CORBO-BM-MAT-006-025	MATEUS	MAT	6	25	Du kodi icare inagomode oino tai: Tagogea kaba tamode kowuje taewo du bogai, tagogea kaba metumode taiboe bogai. Kode taei tu jedu karega kodure tagogwagemodedu kori? Tagodu, tawiri karega kodure metumode taiboe kori?		
BOR-CORBO-BM-MAT-006-026	MATEUS	MAT	6	26	Tagaiwodo cebojewu kiege baregei: ekare boe tugu, ekare tugeragu ture tugu boeji, ekare tugu tuiato, mare Tao baru tadawu ure enogwagedo. Tagodukare remawu ekori?		
BOR-CORBO-BM-MAT-006-027	MATEUS	MAT	6	27	Kakoduwu ia tagiba umode tabewudo tai taragoje raiwo biega tu je du bogai?		
BOR-CORBO-BM-MAT-006-028	MATEUS	MAT	6	28	Kode, kodiba tagogeare metumode taiboe bogai? Tagado tu okureboe botu ji ka! Emaragodukare, ekare akigu to.		
BOR-CORBO-BM-MAT-006-029	MATEUS	MAT	6	29	Nowu inodu boe oiado, inagomode tai: Ica, Salomão, boe remawu pudumidu inodu tabo, ukare tugudaedo nono awu okureboe reore.		
BOR-CORBO-BM-MAT-006-030	MATEUS	MAT	6	30	Paore igurudo oino, ipogurudo oino, iwaragurudo oino, du boture awuji, barogwato barigudumode joruto. Ica, kode, tagi, ime meartoru bokwareuge?		
BOR-CORBO-BM-MAT-006-031	MATEUS	MAT	6	31	Kode, tagiarigodu kaba, tamago kaba: Kaba jiba pagogwagemode, kaba ceba pagudumode, kaboba pamode tugu pai?		
BOR-CORBO-BM-MAT-006-032	MATEUS	MAT	6	32	Ao pegokareuge erore gara gara gara nowu inodu jamedu bogai. Aro! Tao baru tadawu jorduware tagogeai nowu inodu bogai duji.		
BOR-CORBO-BM-MAT-006-033	MATEUS	MAT	6	33	Tameardaedo tamuguwo Pao o boe pemegareu tada du bogai boetoji. Pao o boe jetororeu bogai jamedu; nowuia boerema makudumode tagai jamedu.		
BOR-CORBO-BM-MAT-006-034	MATEUS	MAT	6	34	Kode, tagogea kaba barogwatoboe bogai, barogwatoboe okeamode pudui du kodi. Ia boe etogeare bogaiboe padure tu tu tuwugeje meri kodu uroduji, du ure turugadu.		
BOR-CORBO-BM-MAT-007-HEAD-001	MATEUS	MAT	7		Boei tugogado puidu.		Cabeçalho/subtítulo editorial da fonte.
BOR-CORBO-BM-MAT-007-001	MATEUS	MAT	7	1	Tadugu kaba boei, boe etugu kawo tai.		
BOR-CORBO-BM-MAT-007-002	MATEUS	MAT	7	2	Mare paga karega, tadugui boei du reore, umode tai jamedu: tai boe remagu du reore taremagudumode jamedu.		
BOR-CORBO-BM-MAT-007-003	MATEUS	MAT	7	3	Kodiba akaiwore nowu boe gigudu rogu padui amana, awie, eeku keje duji, macare aerdukare baimogajejewu mugui aeku keje duji?		
BOR-CORBO-BM-MAT-007-004	MATEUS	MAT	7	4	Mare kodiba akidare akagowo amanaji, awieji: Iwo nowu boegigudu rogu rawuje aeku piji, ia baimogajejewu padui aeku kejedu inodu tabo?		
BOR-CORBO-BM-MAT-007-005	MATEUS	MAT	7	5	Ro biadodureboe, baimogajejewu rawuje aeku piji jao, du kejere amode boegigudu rogu rawuje, amana, awie eeku piji.		
BOR-CORBO-BM-MAT-007-006	MATEUS	MAT	7	6	"Boe pemegareu baru tadawu tagaba barigu arigaodoge etae, tagaba tago torikuieje barigu jugoreuge etae, boe jokodukare kare emode tuwure to co co ji, emode tuie kirimi tai tuwo togwado bo bo tawugeje.
Boei tumeartorudo Pao jitu."		
BOR-CORBO-BM-MAT-007-007	MATEUS	MAT	7	7	Tagogwamagududo makuduwo tagai; taemarudo boe bogai, taerduwo ji; tagera to toe toe baiporoji, jadoduwo tagai.		
BOR-CORBO-BM-MAT-007-008	MATEUS	MAT	7	8	Mare paga karega, okwamagudureu, okwamagudure bogaiboe makudumode ai; jemarure boe bogaiwu, jordumode ji; umode tugera to baiporo jiwu, baiporo jadodumode ai.		
BOR-CORBO-BM-MAT-007-009	MATEUS	MAT	7	9	Ica, kode, kakoduwu ia tagiba umode tori maku tonaregedu ai, okwamagudui amireu bogai du keje?		
BOR-CORBO-BM-MAT-007-010	MATEUS	MAT	7	10	Okwamagudumode karo bogai ma, awaguna tamode makai?		
BOR-CORBO-BM-MAT-007-011	MATEUS	MAT	7	11	Kode, tabegare, mare du inodu tabo tare boe pemegareu maku tagore etai. Kode ica, Tao baru tadawu ukamodukare boe enogwamagudure bogaiwu boe pemegareu makudu bokwado etai? Umode maku.		
BOR-CORBO-BM-MAT-007-012	MATEUS	MAT	7	12	"Tagaidumode boe erowo taiboe jamedu boe, tarodo ino ei boetoji. Awu bataru keje, boe eroiagudu jamedu boe, mare profetadoge egoino jiboe jamedu boe padure keje.
Awarare pobe."		
BOR-CORBO-BM-MAT-007-013	MATEUS	MAT	7	13	Taremo baiporo biegareuji; mare paga karega, baiporo ja kurireure awara bari kurireure boe ewarigu pegareboeto, makareuge ere turemo nowu awaraji.		
BOR-CORBO-BM-MAT-007-014	MATEUS	MAT	7	14	"Mare baiporo biegareu, awara bari biegareure, kodure boe eemodewo kae, nowu awara jiwuge emagagirikare.
Profetadoge pegareuge."		
BOR-CORBO-BM-MAT-007-015	MATEUS	MAT	7	15	Tameardu awadudo tai profetadoge pegareugei, emode tuburedo tai barge pemegareuge ewiri tabo, mare etada, adugodoge emedure.		
BOR-CORBO-BM-MAT-007-016	MATEUS	MAT	7	16	Ero koiare tamode epawuje. Botoguru ikureu tudumodukare figeira kuroduji.		
BOR-CORBO-BM-MAT-007-017	MATEUS	MAT	7	17	Iguru pemegareu tudu pemegare: i pegareu tudu pegare.		
BOR-CORBO-BM-MAT-007-018	MATEUS	MAT	7	18	Ia i pemegareu tudu pegamoduka, jamedu ia i pegareu tudu pemegamoduka.		
BOR-CORBO-BM-MAT-007-019	MATEUS	MAT	7	19	Iguru tudu pemegakareu jamedu boe, kadodumode, barigudumode joruto.		
BOR-CORBO-BM-MAT-007-020	MATEUS	MAT	7	20	"Kodi icare profetadoge pegareuge ero koiare tamode epawuje.
Umode turemo baru towu."		
BOR-CORBO-BM-MAT-007-021	MATEUS	MAT	7	21	Akore: Ikimejera, Ikimejera, inowuge eiamedu karega etumode baruto, mare rore nono Ioga, rakojere baru tadawu, aidu reoreugere etumode baruto, boe pemegareuto.		
BOR-CORBO-BM-MAT-007-022	MATEUS	MAT	7	22	Makareuge emagomode ii nowu meri keje: Cegimejera, cegimejera, cemagokare akie tabo? Akie tabo karega, cere  Aroe pegareuge ewarigu? Akie tabo karega cere boe pemegareu kurireu makareu to?		
BOR-CORBO-BM-MAT-007-023	MATEUS	MAT	7	23	"Du kejere imagomode ei: Iorduwakare tawogai jii je rugadu. Taiaedo ii, maragodu pegare inaiwuge.
Baidoge ei pobedu."		
BOR-CORBO-BM-MAT-007-024	MATEUS	MAT	7	24	Ica, kode, cewu meardure iwadaru jiwu, romode oinono rugadu du, ure nono ia imedu ro jetororeu, dure ure tuwai mugudo tori aogeje.		
BOR-CORBO-BM-MAT-007-025	MATEUS	MAT	7	25	Bubuture ji, pobo kododure ji, bakuru buture ji, nowu inodu jamedu ure tudo ji, mare butukare; mare paga karega, mugure tori aogeje kodi.		
BOR-CORBO-BM-MAT-007-026	MATEUS	MAT	7	26	Mare cewu meardure iwadaru jiwu, rokare nono iwadaru reoredu, dure ure nono imedu aora bokwareu, dure ure tuwai mugudo kugaru tada.		
BOR-CORBO-BM-MAT-007-027	MATEUS	MAT	7	27	"Bubuture ji, pobo kododure ji, bakuru buture ji, nowu inodu jamedu ure tudo ji, du keje buture, boe pegareu kurireu ure tudowuje ji.
Jesus ro raka, ako raka."		
BOR-CORBO-BM-MAT-007-028	MATEUS	MAT	7	28	Jesus ui togwa ra tuwadaru piji du keje, boe eiamedu boe eebogodure bataruji.		
BOR-CORBO-BM-MAT-007-029	MATEUS	MAT	7	29	Mare paga karega, ure eerduwado nono boe remawuie pudumi du reore, mare nowu escribadoge ereore karega.		
BOR-CORBO-BM-MAT-008-HEAD-001	MATEUS	MAT	8		Jesus ui moci mugure kejewu pemegago.		Cabeçalho/subtítulo editorial da fonte.
BOR-CORBO-BM-MAT-008-001	MATEUS	MAT	8	1	Ica, Jesus ui turawuje boe aoporu joki du keje, ia makareu boe ekodure apo.		
BOR-CORBO-BM-MAT-008-002	MATEUS	MAT	8	2	Du kejere icare ia moci bare jiwu ure tuburedo ji, ure tubujodo jokorai, tagoi oino du tabo: - Cegimejera, akaidu kejere amode ipemegago.		
BOR-CORBO-BM-MAT-008-003	MATEUS	MAT	8	3	Icare Jesus ure tugera awogado, iera jeture ji, akore ji: - Itaidure. Kode, apemegago!  Nowu inodu tonaji kuri je, moci okware nowu imedu piji.		
BOR-CORBO-BM-MAT-008-004	MATEUS	MAT	8	4	"Du kodi icare Jesus akore ji: - Amago kaba boe ewiegai, mare toro Pao burejoia ae, jordudo ai, Moisés ure boe eroiagudu jiboe morido, uwo nono jekai apemegagodure oinodu kodiboeji.
Jesus ure ia Roma kejewu tugobaigarege eimejera utugare pemegago."		
BOR-CORBO-BM-MAT-008-005	MATEUS	MAT	8	5	Jesus ure turemo nowu bakurireu iei Cafarnaum ceduto, du keje, ia brae eimejera kodure kuri ae, okwamagudure ji, akore:		
BOR-CORBO-BM-MAT-008-006	MATEUS	MAT	8	6	"""Cegimejera, ia ierabrarere iiwu mugure iwai keje, padure tuba keje, pogora rakaguraga nure, kori rakaguragare ji."		
BOR-CORBO-BM-MAT-008-007	MATEUS	MAT	8	7	Jesus akore: - Itumode toro iwo pemegago.		
BOR-CORBO-BM-MAT-008-008	MATEUS	MAT	8	8	Icare nowu brae eimejera akore ji: - Cegimejera, boe karega ure imi awo aremo iwaito, mare amagomode ia awadaru mito tu je duji, du ure turugadu uwo nowu ierabrarere iiwu pemegago.		
BOR-CORBO-BM-MAT-008-009	MATEUS	MAT	8	9	U! Imi jamedu irojaidodu nure. Ieture tugobaigaregei jamedu. Imagomode iaji: Toro. Utumode rugadu. Imagomode iaji: Mato. Utumode mato rugadu. Imagomode ierabrarere iiwuji: Arodo oino, romode oino rugadu.		
BOR-CORBO-BM-MAT-008-010	MATEUS	MAT	8	10	Icare Jesus, tumeardui awu inodu jitu keje, jebogodure, akore oino pudabowugei: - Boe rugadu jire inagomode oino tai: Iordukare ia Israeldoge emeartorui nono awu meartoru reore.		
BOR-CORBO-BM-MAT-008-011	MATEUS	MAT	8	11	Du kodire inagomode oino tai. Makareu boe etaregodumode meri rutu piji, meri butu piji, emode tumugudo Pao o boe pemegareu keje, Moisés, Isaac, Jacó mage ebo.		
BOR-CORBO-BM-MAT-008-012	MATEUS	MAT	8	12	Jeonare Pao o boe pemegareu jiwugerema, ewarigudumode toro baawadu kae boecoreuto; nono oragudureboe, boe eto to puiboe umode nono.		
BOR-CORBO-BM-MAT-008-013	MATEUS	MAT	8	13	"Du kejere ure turodo bai, nowu brae eimejera keje, akore: - Toro, boere nono ameartoru reore. Nowu brae eimejera utugare pemegagodure kuri je.
Jesus ure makareuge epemegago."		
BOR-CORBO-BM-MAT-008-014	MATEUS	MAT	8	14	Du kejere Jesus uture Pedro uwai kae. Boekarema, Pedro ucarugo padure tu tuba keje tuwiri uru tabo.		
BOR-CORBO-BM-MAT-008-015	MATEUS	MAT	8	15	Icare Jesus ure tugeragu ieraji, icare nowu biri uru okware kuri je, ure boe eke bu iraji etai.		
BOR-CORBO-BM-MAT-008-016	MATEUS	MAT	8	16	Nowu meri rekodu tabore, boere Aroe pegareu meture tadawuge eregodu kuricigodo ae. Tuwadarui mito tu je du tabo, Jesus ure  Aroe pegareuge ewarigu epiji, ure kogodureuge eiamedu boe epemegago.		
BOR-CORBO-BM-MAT-008-017	MATEUS	MAT	8	17	"Nowu inodu ure nono profeta Isaias mako reore: 
“Ure tugeragu pagogodaeji, ure toredudo tabo” (53,45).
Iaboe etaidure tugoduwo Jesus rekodaji."		
BOR-CORBO-BM-MAT-008-018	MATEUS	MAT	8	18	Ia meri keje Jesus jordure turagojei boe etoiakodu tadaduji, icare akore ture jorduwadowugei eiagu turego nowu kuruga kurireu ia jipa kae.		
BOR-CORBO-BM-MAT-008-019	MATEUS	MAT	8	19	Nowu inodu tonaji, ia esciba ure tuburedo ji, akore ji: - Cegimejera, ikodumode akabo, akodurewo jamedu boe kae.		
BOR-CORBO-BM-MAT-008-020	MATEUS	MAT	8	20	Icare Jesus akore ji: - Okwadoge eiarire, kiege barege ewaradu rogure, mare Imedu Onaregedu umode taora buwo kejeboe bokwa.		
BOR-CORBO-BM-MAT-008-021	MATEUS	MAT	8	21	Ia pugeje, ia ure jorduwadowu ui mito tu jedu akore ji: - Cegimejera, iwo ioga tugu mototo jao.		
BOR-CORBO-BM-MAT-008-022	MATEUS	MAT	8	22	"Mare Jesus akore bataru jipagi: - Ako itabo! Ado bireuge pu bi tugu mototo.
Jesus ui bakuru, pobo, butugugodudodu."		
BOR-CORBO-BM-MAT-008-023	MATEUS	MAT	8	23	Jesus ruture ia ika kurireuto ture jorduwadowuge ebo.		
BOR-CORBO-BM-MAT-008-024	MATEUS	MAT	8	24	Kuri je, bakuru kurireu buture ika kurireuji, pobo maereu pobuto rorire ika kurireu joki; mare nowu inodu tonaji Jesus unudu rabodu.		
BOR-CORBO-BM-MAT-008-025	MATEUS	MAT	8	25	Icare nowu ure jorduwadowuge ere tuburedo ji, ere jetadudo, egore ji: - Cegimejera, ceginorudo, cewogwagodu nure!		
BOR-CORBO-BM-MAT-008-026	MATEUS	MAT	8	26	Icare Jesus jetadure, unorare ei: - Kodiba tabagudure? Marenaru nure tagi tameartoru bogai. Icare ure turagojedo, makore bakuruji, makore pobo maereuji, boe butugugodure kuri je rugadu.		
BOR-CORBO-BM-MAT-008-027	MATEUS	MAT	8	27	"Du kodi icare nowu boe makareuge egore tuiebogodu tabo: - Kakoduwu imedubao? Ica, bakuru, pobo maereu, emeartorure kuri bataruji! 
Jesus ure Aroe pegareu  meture tadawuge ei pobedu pemegago."		
BOR-CORBO-BM-MAT-008-028	MATEUS	MAT	8	28	Nowu kuruga kurireu okwa bakowu keje, Gadarenodoge eno moto keje, Aroe pegareu meture tadawuge ei pobedu, ere tuiebu ia aroe eiao piji togi. Boekori remawu nure ei, du koia boe ekodu ekodukare nono.		
BOR-CORBO-BM-MAT-008-029	MATEUS	MAT	8	29	Icarema enoiogwarigodure, egore: - Inoba aromode cei, Aroe Eimejera Onaregedu? Akaregodure mato awo cemorora amagadudo, boe kodu kimoi mai du keje?		
BOR-CORBO-BM-MAT-008-030	MATEUS	MAT	8	30	Ia jugoreuge makareuge eedure nono puredu, togwage tabo boebutuji.		
BOR-CORBO-BM-MAT-008-031	MATEUS	MAT	8	31	Aror pegareudoge enogwamagudure Jesusji, egore ji: - Amode cewarigu du keje, cewarigu jece, jewu jugoreuge etae.		
BOR-CORBO-BM-MAT-008-032	MATEUS	MAT	8	32	Akore ei: - Toro!  Icare ere tuiebu, ere turemo jugoreugeto. Nowu inodu tonaji kuri je, nowu jugoreuge eiamedu boe ere tuwarigu boito joki toro poboto, tuwi pobo tada du kae.		
BOR-CORBO-BM-MAT-008-033	MATEUS	MAT	8	33	Jeture eiwu ime eregodure tureadodui bakurireu tada du kae nowu boere tuiegaiwoji, boere Aroe pegareu  meture tadawuge eiduji jamedu.		
BOR-CORBO-BM-MAT-008-034	MATEUS	MAT	8	34	Du kodi icare boe eture Jesus ae, enogwamagudure ji uwo tugera ra nowu nonowuge eno moto piji.		
BOR-CORBO-BM-MAT-009-HEAD-001	MATEUS	MAT	9		Jesus ure ia pogora pegareu imedu pemegago.		Cabeçalho/subtítulo editorial da fonte.
BOR-CORBO-BM-MAT-009-001	MATEUS	MAT	9	1	Jesus ure taredo ika kurireuto pugeje, ure pagado tai, kuruga kurireu kajeje, aregodure to bakurireuto.		
BOR-CORBO-BM-MAT-009-002	MATEUS	MAT	9	2	Icarema, ere ia pogora pegareu imedu cedo ae, padui kamoreu keje du tabo. Icare Jesus tuiordui nowu boe emeartoru raka inodu jitu keje, akore nowu pogora pegareuji: - Itonaregedu, akiwa rakado, aro pegareu jamedu boe ire pijido, iwudugugodure ai.		
BOR-CORBO-BM-MAT-009-003	MATEUS	MAT	9	3	Du kejere, ia escribadoge, tumeardui nowu bataru jitu keje enogiru pegare pu biegai nowu akoino duji, icare egore: - Awu imedu bataru pega nure.		
BOR-CORBO-BM-MAT-009-004	MATEUS	MAT	9	4	Icare Jesus, tuiordui nowu emeardae inodu jitu du keje, unorare ei: - Kodiba tameardae pegare tawabo tada?		
BOR-CORBO-BM-MAT-009-005	MATEUS	MAT	9	5	Kakoduwu boe ewadaruba boe egoiwamode cai je: egomode: Iwudugugodure aro pegareuji oino rabodu, iarema: Aragojedo, amerudo oino rabodu?		
BOR-CORBO-BM-MAT-009-006	MATEUS	MAT	9	6	Ica kode, kakoduwu kodumode cai pudui? Aro kode, taerduwawo oinoie Imedu Onaregedu roiwai moto keje tuwudugugoduwo boe ero pegareuji. (akore nowu pogora pegareuji:) - Aragojedo, akirimi toro awai kae.		
BOR-CORBO-BM-MAT-009-007	MATEUS	MAT	9	7	Kuri je, cewu imedu ure turagojedo, uture tuwai kae.		
BOR-CORBO-BM-MAT-009-008	MATEUS	MAT	9	8	"Nowu boe makareuge, tuiordui nowu inoduji du keje, epagudugodu kuricigore, eegarere Paoji ui ime ero raka maku etaiduji.
Jesus mare Mateus."		
BOR-CORBO-BM-MAT-009-009	MATEUS	MAT	9	9	Icare Jesus uture nowu piji. Du keje icare jordure ia imedu iei Mateus ceduji, mugui nowu boere toroe kobo maku maku cimejerage etai kejewu ira keje, icare akore ji: - Ako itabo!  Icare nowu imedu ure turagojedo, kodure apo rugadu.		
BOR-CORBO-BM-MAT-009-010	MATEUS	MAT	9	10	Du keje icare, Jesus, tumugui ira keje togwagewo nowu imedu uwai tada du keje, publicanodoge, ro pegareuge emagaredu etaregodure, ere tumugudo apo, ure jorduwadowuge ebo jamedu.		
BOR-CORBO-BM-MAT-009-011	MATEUS	MAT	9	11	Icare fariseudoge, tuiordui nowu inodu jitu keje, egore ure jorduwadowuge ei: - Kodiba tagimejera okwagere publicanodoge, ro pegareuge ebo?		
BOR-CORBO-BM-MAT-009-012	MATEUS	MAT	9	12	Icare Jesus, tumeardui nowu inodu jitu keje, akore: - Boe okorikare jiwuge ewiapagamodukare jorubo kuru epa bogai, mare u kogodureuge.		
BOR-CORBO-BM-MAT-009-013	MATEUS	MAT	9	13	"Toro, taerduwado kodiba awu bakaru kodiboeji: “Itaidure inogudu bogai, mare bitodureboe bogai karega”(Os 6,6). Itaregodure, mare imagowo pemegareuge ewogai karega, mare pegareuge ewogai.
Jesus makoi boe etodorogai puduiboe jidu."		
BOR-CORBO-BM-MAT-009-014	MATEUS	MAT	9	14	Nowu inodu tonaji, Joãore jorduwadowuge, ere tuburedo Jesusji, enorare ji: - Kodiba cedorogare cei, fariseudoge etodorogare pudui, are jorduwadowuge ekar oino?		
BOR-CORBO-BM-MAT-009-015	MATEUS	MAT	9	15	Icare Jesus akore: - Kodiba uwiredodure maiwu metage ekiarigodumode, nowu uwiredodureu rakojei tu oino pudabo de keje? Boe aregodumode nowu uwiredodureu tawujedumode epijiwo kae, du keje etodorogamode pudui.		
BOR-CORBO-BM-MAT-009-016	MATEUS	MAT	9	16	Boe emodukare aroia maiwu bu aroia codureu poro keje; mare paga karega, nowu aroia maiwu umode aroia codureu bowuje ma, mega kodumode tugori.		
BOR-CORBO-BM-MAT-009-017	MATEUS	MAT	9	17	"Jamedu, boe emodukare parera kuru maiwu tugu pori codureuto. Boe eromode ino ma, ia du keje, pori codureu umode tuwowuje ma, nowu parera kuru umode ceredo, nowu pori pijimode jamedu. Mare boei parera kuru maiwu tugu pori maiwuto, mugu raka raimode tabo.
Jesus ure ia aredu pemegago, ia nogwaredurogu jamedu."		
BOR-CORBO-BM-MAT-009-018	MATEUS	MAT	9	18	"Jesus makore kimo du tonaji, ia brae eimejera, sinagoga kejewu, aregodure ae, ure tubujodo ji, akore ji: 
Cegimejera, itonaregedu aredu rogu akurure, bokware maigodu. Mare, mato! Amode akera bu keje ma, jemode kuri pugeje."		
BOR-CORBO-BM-MAT-009-019	MATEUS	MAT	9	19	Icare Jesus ure turagojedo, kodure kuri apo, ture jorduwadowuge ekodure apo jamedu.		
BOR-CORBO-BM-MAT-009-020	MATEUS	MAT	9	20	Icarema, joru butu makaguragare arii turopegado jiwu ia aredu ure tuburedo ji kujeto, ure tugera raido ukudae oto kae.		
BOR-CORBO-BM-MAT-009-021	MATEUS	MAT	9	21	"Akore oino tudada: 
Ikera jetumode toe ukudaeji ma, ipemegagodumode."		
BOR-CORBO-BM-MAT-009-022	MATEUS	MAT	9	22	Icare Jesus ure tumegido jice ae, jordure ji, akore ji: - Akiwa rakado, itonaregedu! Ica, ameartoraere akinorudo. Icare nowu aredu pemegagodure kuri je.		
BOR-CORBO-BM-MAT-009-023	MATEUS	MAT	9	23	Taregodui sinagoga kejewu brae eimejera uwai kae du keje, Jesus jordure okwa akore parira jiwuge enogwa akoi parira jituji, makaguragareuge epadui pugajeje duji jamedu,		
BOR-CORBO-BM-MAT-009-024	MATEUS	MAT	9	24	Akore ei: - Tagorodo oino! Nogwaredurogu okwa karega ure, mare unudu nure. Emagerema enogwarire ji, enure akoinodu perodudo.		
BOR-CORBO-BM-MAT-009-025	MATEUS	MAT	9	25	Icai nowu boe ei tuiebu du keje, ure turemo, ure tugeragu nowu nogwaredurogu ieraji, du ure turagojedo taci je.		
BOR-CORBO-BM-MAT-009-026	MATEUS	MAT	9	26	"Nowu inodu akaru ure tumaedo nowu moto kejewu boe eiamedu boeji.
Jesus ure ia joku bokwareuge ei pobedu pemegago."		
BOR-CORBO-BM-MAT-009-027	MATEUS	MAT	9	27	Icare Jesus uture nowu piji. Awaraji icare ia joku bokwareuge ei pobedu ekodure jice rekodaji, toiogwari tabo, egore: - Davi Onaregedu, akogududo cedabo!		
BOR-CORBO-BM-MAT-009-028	MATEUS	MAT	9	28	Icare Jesus aregodure ia baito, du kejere cewu joku bokwareuge ere tuburedo ji. Icare unorare ei: - Tameartorure iroiwamode nowu inodu jituji?. Egore: - U! Cemeartorure.		
BOR-CORBO-BM-MAT-009-029	MATEUS	MAT	9	29	Kodi icare Jesus ure tugera bu eeku keje, akore: - Udo nono tameartoru reore.		
BOR-CORBO-BM-MAT-009-030	MATEUS	MAT	9	30	Nowu inodu tonaji kuri je, eekure tuiado. Icare Jesus okituware ei, akore: - Taerdu rakado, tagaba boe eerdudo nowu inoduji.		
BOR-CORBO-BM-MAT-009-031	MATEUS	MAT	9	31	"Mare tui tuiebu kuri je du keje, ere nowu inodu akaru reko nowu moto jameduji.
Ia imedu bataru bokwareu pemegagoduredu."		
BOR-CORBO-BM-MAT-009-032	MATEUS	MAT	9	32	Etu uiageje kuri je, boere ia bataru bokwareu imedu reko mato ai, Aroe pegareu  metui tada du tabo.		
BOR-CORBO-BM-MAT-009-033	MATEUS	MAT	9	33	Aroe pegareu barigudure piji du keje, nowu bataru bokwareu bataru padure kajeje. Boe etoiakodu jebogodure, emago pemegare, egore: - Boe eerdukare iaboe eroi oino awu Israeldoge etada duji.		
BOR-CORBO-BM-MAT-009-034	MATEUS	MAT	9	34	"Mare fariseudoge egore: -  Aroe pegareuge eimejera ro raka koiare ure  Aroe pegareuge ewarigu.
Jesus okudui boe ebodu."		
BOR-CORBO-BM-MAT-009-035	MATEUS	MAT	9	35	Jesus merure nowu bakurireu jamedu oiagi ia babuturogu boe oiagi jamedu, tui boe eerduwado du tabo, sinagoga keje, tui boe eerduwado Pao o boe pemegareu akaru pemegareuji du tabo, tui kogodureuge epemegago du tabo.		
BOR-CORBO-BM-MAT-009-036	MATEUS	MAT	9	36	Tuiordui nowu boe etoiakodu jitu keje, Jesus okudure ebo, mare paga karega, ekugudugodui, etaguru akedugodui, nono boe eetukare jiwu barege kugure ereore du kodi.		
BOR-CORBO-BM-MAT-009-037	MATEUS	MAT	9	37	Icare akore nowu ture jorduwadowugei: - Tugudureboe kuricigore, mare maragodure jiwuge enowarore tu je.		
BOR-CORBO-BM-MAT-009-038	MATEUS	MAT	9	38	Kode, tamagodo nowu oere oinowuji makowo maragodumode jiwuge ewogai.		
BOR-CORBO-BM-MAT-010-HEAD-001	MATEUS	MAT	10		Apostolodoge.		Cabeçalho/subtítulo editorial da fonte.
BOR-CORBO-BM-MAT-010-001	MATEUS	MAT	10	1	Jesus ure ture jorduwadowuge ei ikera pudogidure pobe taci iwurekotowuge eto pui. Ure ero raka maku etai ewo  Aroe pegareuge ewarigu, ewo kogodureuge epemegago tugogodae eiamedu boe piji.		
BOR-CORBO-BM-MAT-010-002	MATEUS	MAT	10	2	Ica, cewuge eie reo: Simão, du iere Pedro oino jamedu; uwie André; Tadeu onaregedu iei Tiago cedu, mare uwie João;		
BOR-CORBO-BM-MAT-010-003	MATEUS	MAT	10	3	Filipe, Bartolomeu, Tomé; cewu publicano iei Mateus cedu; Alfeu onaregedu iei Tiago cedu;		
BOR-CORBO-BM-MAT-010-004	MATEUS	MAT	10	4	"Simão Cananeu; mare Judas Iscariote, duwu koiare ure Jesus maku.
Apostolodoge emaragodae."		
BOR-CORBO-BM-MAT-010-005	MATEUS	MAT	10	5	Jesus ure nowu ture jorduwadowuge etudo emaragodae kae, tui eerduwado du rekodaji. Akore ei: - Tadukaba judeukare emawuge ewai kae. Tagaba taremo Samaria mototo jamedu.		
BOR-CORBO-BM-MAT-010-006	MATEUS	MAT	10	6	Tadudo boetoji okware boeto Israeldoge ewai kejewu barege kugure ewogai.		
BOR-CORBO-BM-MAT-010-007	MATEUS	MAT	10	7	Tagodurewo jamedu boe kejere, tamagodo: - Pao o boe pemegareu puredugodu nure.		
BOR-CORBO-BM-MAT-010-008	MATEUS	MAT	10	8	Kogodureuge epmegago, bireuge eewodudo, moci bare jiwuge epemegago,  Aroe pegareuge ewarigu boe epiji. Makudure tagai paga tu jeboe tamode maku paga tu je jamedu.		
BOR-CORBO-BM-MAT-010-009	MATEUS	MAT	10	9	Tagaba meriri ekureu, meriri kigadureu towuje tagabo, diiero jamedu tagaba towuje tabegajejewu tada.		
BOR-CORBO-BM-MAT-010-010	MATEUS	MAT	10	10	Tameru kaba tagodobo tabo jamedu. Tagaba tagudae tugu pugujiagi, tameru kaba tawure tadawu tabo, taiodo tabo karega jamedu. Nowu inodu boe piji. Mare paga karega, maragodureu uke makudumode ai tumaragodae koia.		
BOR-CORBO-BM-MAT-010-011	MATEUS	MAT	10	11	Tamode taremo ia bakurireuto rabodu, ia bakurireu roguto rabodu du keje, taemarudo iaboe etaidui tuwo tugeragu tai du bogai, taedo nono ebo jii tadumode du kae.		
BOR-CORBO-BM-MAT-010-012	MATEUS	MAT	10	12	Tai taremo ia baito du keje, tagimadudo nowu boebo, tagagoi: - Boe pemegawo awu baiji, oino.		
BOR-CORBO-BM-MAT-010-013	MATEUS	MAT	10	13	Nowu bai tadawu boe emode tudo turugadu du keje, nowu tagagoi oinodu butumode ewugeje. Mare umodukare ino du keje, nowu tagagoi oinodu umode tugirimi tagae.		
BOR-CORBO-BM-MAT-010-014	MATEUS	MAT	10	14	Emodukare tugeragu tai ma, emeardumodukare tawadaruji ma, tamode taebu nowu bai piji, iarema nowu bakurireu piji du keje, tamode tawure jukodo tu tawure urugudu rogu jameduji ewugeje.		
BOR-CORBO-BM-MAT-010-015	MATEUS	MAT	10	15	"Imagomode boe jokoduji tai: - Meri aregodumode mori makudumode kaewu du keje, Sodoma, Gomorra bakurireuge boe pemegamode ei nowu bakurireu kori.
Boe etonai Cristo oge eidu."		
BOR-CORBO-BM-MAT-010-016	MATEUS	MAT	10	16	Imode tarojai nono barege kugure ereore adugodoge etoiado. Kode, tado nono awague ereore, mare jamedu metugue ereore jamedu.		
BOR-CORBO-BM-MAT-010-017	MATEUS	MAT	10	17	Tameardu awadudo tai imei: Emode tarego tugimejerage etae, emode iwara to tai, to sinagoga keje.		
BOR-CORBO-BM-MAT-010-018	MATEUS	MAT	10	18	Tajedodumode brae eimejerage etae iwugeje. Nowu inodu tabo tamode roino taiwuge eerduwado bakaru pemegareuji; tamode aopegokareuge eerduwado jamedu.		
BOR-CORBO-BM-MAT-010-019	MATEUS	MAT	10	19	Emode tugeragu tai du keje, tagogea kaba inoba tagagomode du bogai. Nowu inodu keje, tamagomode jiboe butumode tawugeje.		
BOR-CORBO-BM-MAT-010-020	MATEUS	MAT	10	20	Mare paga karega, tagi karega tagagomode, mare Tao baru tadawu koiare umode tawadaru bu tagajeje.		
BOR-CORBO-BM-MAT-010-021	MATEUS	MAT	10	21	Umanareu umode tuwie maku bitoduwo, uo umode tonaregedu maku. Boe etore emode taredo tuomagei tuwo ewido.		
BOR-CORBO-BM-MAT-010-022	MATEUS	MAT	10	22	Boe eiamedu boe ekodu kagirimode tai ikie koia, mare umode tudurudo jii boe oto kaewu, umode cinorudo.		
BOR-CORBO-BM-MAT-010-023	MATEUS	MAT	10	23	Boe etonamode tai ia bakurireu tada ma, tarego iato pugeje. Boe jokodu jire inagomode oino tai: Tamodukare Israel kejewu bakurireuge eiado jii Imedu Onaregedu ui tugirimi du kae.		
BOR-CORBO-BM-MAT-010-024	MATEUS	MAT	10	24	Ia jorduadodureu kodukare ure tuiorduwadowu kori, utugare kodukare tugimejera kori.		
BOR-CORBO-BM-MAT-010-025	MATEUS	MAT	10	25	"Ure turugadu jorduwadodureuji tuwo nono ure tuiorduwadowu reore; ure turugadu boe etugareji tuwo nono tugimejera reore jamedu. Boe egore Aroe pegareu eimejeraie ure boe etuoce, kode, jeture bai tadawuge eina, boe egomodukare ino?
Ioguduba ceba pabagudumode."		
BOR-CORBO-BM-MAT-010-026	MATEUS	MAT	10	26	Kode, tabagudu kaba. Ia biadodureboe bokware urugureboe piji, ia podureboe umodukare pudumi boe eerduwa kawo pudui.		
BOR-CORBO-BM-MAT-010-027	MATEUS	MAT	10	27	Imagore tai boeco tadaboe, tamagodo ji urugureboe tada; tameardure ji podu tu jeboe, tamagodo ji bai aogajeje.		
BOR-CORBO-BM-MAT-010-028	MATEUS	MAT	10	28	Tabagudu kaba cewu ure boe ekodu, boe ewiri bitowugece, mare emodukare boe etaroe bito. Tabagududo boetoji, roiware tuwo boe ewarigu tugodu, tuwiri, tudaroe tabo jorutowuji.		
BOR-CORBO-BM-MAT-010-029	MATEUS	MAT	10	29	Boe emodukare kiege barege ei pobedu maku emori rogu biega tu jedu morice? Mare iage ewudumodukare moto kae Tao aiduka du keje.		
BOR-CORBO-BM-MAT-010-030	MATEUS	MAT	10	30	Tagaora towu tagao ira jamedu rogu remagudure jamedu.		
BOR-CORBO-BM-MAT-010-031	MATEUS	MAT	10	31	"Kode, tabagudu kaba, tagire tagodure kiege barege ekori.
Boe ei Cristo ogedo pudumi, iarema ei tuiorduwa bokwado jidu."		
BOR-CORBO-BM-MAT-010-032	MATEUS	MAT	10	32	Kode, cewu mako pemegare ii boe eegaiwu jamedu boe, imi imago pemegamode ei Ioga baru tadawu biegai jamedu.		
BOR-CORBO-BM-MAT-010-033	MATEUS	MAT	10	33	"Mare ure tuiorduwa bokwado ii boe eegaiwu, imi jamedu imode iorduwa bokwado ji Ioga baru tadawu jekai jamedu.
Cristo ure boe erugodui puidu arego."		
BOR-CORBO-BM-MAT-010-034	MATEUS	MAT	10	34	Tadugu kaba itaregoduie boe butugugodureu tabo moto kaeduji; itaregodukare boe butugugodureu tabo mare boe erugodui puidu tabore itaregodure.		
BOR-CORBO-BM-MAT-010-035	MATEUS	MAT	10	35	Itaregodure iwo onaregedu okwacedo tuo piji, iwo onaregedu aredu okwacedo tuje piji, iwo urago okwacedo tujarugo piji.		
BOR-CORBO-BM-MAT-010-036	MATEUS	MAT	10	36	Onare imedu jiwugere nowu uwai kejewuge emidodu.		
BOR-CORBO-BM-MAT-010-037	MATEUS	MAT	10	37	Cewu meardu kurire tuoji, tujeji, ikoriwu, ukare turugadu ii. Cewu meardu kurire tonaregeduji ikoriwu, ukare turugadu ii.		
BOR-CORBO-BM-MAT-010-038	MATEUS	MAT	10	38	Cewu ukare tugeragu to cruzji itabo ma, ukare turugadu ii.		
BOR-CORBO-BM-MAT-010-039	MATEUS	MAT	10	39	"Cewu ure tubewudo pudui tuwi kawowu, bimode rugadu, mare cewu bitodumode iwugejewu, nowu jewodumode pugeje.
Boe enogudui puapodu mori."		
BOR-CORBO-BM-MAT-010-040	MATEUS	MAT	10	40	Ure tugeragu taiwu, iire roino jamedu. Ure tugeragu iiwu, ure tugeragu ure irojaiwuji jamedu.		
BOR-CORBO-BM-MAT-010-041	MATEUS	MAT	10	41	Ure tugeragu ia profetaji nono profetaie emadu reore ma, ema jamedu morimode ai nono ia profetaie emadu kodiwore. Ure tugeragu ia jetororeuji nono jetoreuie emadu reore ma, ema jamedu morimode ai nono ia jetororeuie emadu kodiwore.		
BOR-CORBO-BM-MAT-010-042	MATEUS	MAT	10	42	Ia ure pobo akureu rogu maku awu ia biegareu rogu ai, ia ire jorduwadodureuie emadu koia ma, boe jokodu jire inagomode oino tai: Mori okwamodukare piji.		
BOR-CORBO-BM-MAT-011-HEAD-001	MATEUS	MAT	11		João Batista o rojaidodureuge.		Cabeçalho/subtítulo editorial da fonte.
BOR-CORBO-BM-MAT-011-001	MATEUS	MAT	11	1	Jesus, tui cewu ture jorduwadowuge ei ikera pudogidure pobe taci iwureko todu eerduwado du akedu keje, uture nowu nonowu boe etae, tumagowo ei, tuwo eerduwado.		
BOR-CORBO-BM-MAT-011-002	MATEUS	MAT	11	2	João Batista mugure baicoreu tada, du tabore meardure Jesus roji. Icare ure ia ture jorduwadowuge etudo toro bogai enorawo ji.		
BOR-CORBO-BM-MAT-011-003	MATEUS	MAT	11	3	Egore ji: - Akina akagarure akaregoduwo, iarema cekana umode cewudugudo ia bogai?		
BOR-CORBO-BM-MAT-011-004	MATEUS	MAT	11	4	Jesus akore ei: - Toro, tareadodudo João biegai tameardure jiboeji, taerdure jiboeji.		
BOR-CORBO-BM-MAT-011-005	MATEUS	MAT	11	5	Joku bokwareuge etaiwore, pogora koboreuge emerure, moci bare jiwuge etagurugudure, bakaru pemegareu readudodure marenarue ewiegai.		
BOR-CORBO-BM-MAT-011-006	MATEUS	MAT	11	6	Jiwo aidugirireuge emodukare turo pegado igoia.		
BOR-CORBO-BM-MAT-011-007	MATEUS	MAT	11	7	Icare cewu João Batista ure jorduwadowuge eture nowu piji du keje, Jesus makore oino João jiboeji, nowu makareuge ewiegai: - Tadure João togi boe mataduto de keje, kaba bogaiba tadure togi? Taerduwo bakuru ure amagadudowu kadoji kana?		
BOR-CORBO-BM-MAT-011-008	MATEUS	MAT	11	8	Taerduwo imedu ukudae pemegai jitu duji kana? Mare nowu ukudae pemegare ino jiwuge eedure boe eimejerage ewai tada.		
BOR-CORBO-BM-MAT-011-009	MATEUS	MAT	11	9	Kode kodiba tadure toro? Taerduwo ia profetaji kana? U! Inagomode tai, kodure ia profeta koriwuji.		
BOR-CORBO-BM-MAT-011-010	MATEUS	MAT	11	10	Mare paga karega, João jire atugododure oino: “Imode itugare rojai akododai, uwo akawara pemegado akododai” (Mal 3,1).		
BOR-CORBO-BM-MAT-011-011	MATEUS	MAT	11	11	Inagomode boe jokoduji tai: Areme etorei oinodu ekodukare João Batista kori. Mare du inodu tabo, biegare tu Pao o boe pemegareu tadawuge etadawu kodure kori.		
BOR-CORBO-BM-MAT-011-012	MATEUS	MAT	11	12	Nowu João Batista rekodajiboe jii oino maigoduboe, tubewu tabowu ure turemo Pao o boe pemegareuto, tubewu tabowuge emode turemo to.		
BOR-CORBO-BM-MAT-011-013	MATEUS	MAT	11	13	Moisés mare profetadoge emagore jii João kae Pao bataruji.		
BOR-CORBO-BM-MAT-011-014	MATEUS	MAT	11	14	Kode, tagaidumode tawo inodu pawuje ma, emare Elia rema, dure aregodumode, du reno.		
BOR-CORBO-BM-MAT-011-015	MATEUS	MAT	11	15	Biajareu meardumode awu inoduji.		
BOR-CORBO-BM-MAT-011-016	MATEUS	MAT	11	16	Kakoduwuge eiba imode awuge eebato? Ere nono ia boe etore kugurere tumugui tu ba oiadoda, duwugere ekudure tumedage ei, egore: -		
BOR-CORBO-BM-MAT-011-017	MATEUS	MAT	11	17	Cenogwa akore pariraji, mare tarerukare; ceroiare mare tagoragudukare.		
BOR-CORBO-BM-MAT-011-018	MATEUS	MAT	11	18	João Batista aregodure, okwagekare, kudukare boece, kodi icare egore: - Aroe pegareu  meture tada.		
BOR-CORBO-BM-MAT-011-019	MATEUS	MAT	11	19	"Imedu Onaregedu aregodure, okwagere, kudure, kodire egore: - Okwage kurireu, kudu kurireu nure ema. Publicanodoge, ro pegareuge etumeduia nure ema. Mare Pao jorduwareboe ure towadudo turo pemegareu koia.
Meartorukareu bakurireuge."		
BOR-CORBO-BM-MAT-011-020	MATEUS	MAT	11	20	Du keje icare Jesus rore ja tuiogi cewu ture turo pemegareu kurireu makaguragare jiwu bakurireugei, etaidukare tuwo turo pemegado kodi. Akore: -		
BOR-CORBO-BM-MAT-011-021	MATEUS	MAT	11	21	Biododumode ai, Corozaim bakurireu! Biododumode ai, Betzaida bakurireu! Mare paga karega, cewu ure tudowuje taiwu boe pemegareu kurireu, umode nowu Tiroji, nowu Sidoniaji jamedu ma, marigudu etodorogamode pudui tugajejewu bukigu okorireu tabo, jorugudu tabo jamedu. Tagirema takare tagodoragado tai.		
BOR-CORBO-BM-MAT-011-022	MATEUS	MAT	11	22	Kodire inagomode oino tai: Nowu meri aregodumode nowu mori kae du keje, boe pegamodukare Tiroji, Sidoniaji nono boe pega magai tai du reore.		
BOR-CORBO-BM-MAT-011-023	MATEUS	MAT	11	23	Kode, aki Cafarnaum bakurireu, aki kana acedodumode tu baruto? Boro! Awarigudumode jii toro joruto. Mare Sodoma bakurireu jordumode boe pemegareu kurireu ui tudowuje atoda ma, umode kimo jii awu meri kae.		
BOR-CORBO-BM-MAT-011-024	MATEUS	MAT	11	24	"Kodire inagomode oino ai: - Nowu mori makudumode jiwu meriji boe pega jokodumodukare ji nono boe pega magai ai du reore.
Tadudo itae tawo tagamudo."		
BOR-CORBO-BM-MAT-011-025	MATEUS	MAT	11	25	Nowu du kodi Jesus akore oino awu tuwadaruji: - Ioga, iwadaru pemegamode ai, ore baru cewu, ore moto cewu, mare paga karega, are awu inodu biado jorduwareuge epiji, are awadudo biegareuge etai kodi.		
BOR-CORBO-BM-MAT-011-026	MATEUS	MAT	11	26	U! Ioga, iwadaru pemegamode ai; mare paga karega, oinore ure akaidu reore kodi.		
BOR-CORBO-BM-MAT-011-027	MATEUS	MAT	11	27	Boe jamedu boe makudure inai Ioga koia. Boe eerduwakare Onaregeduji mare Uo tu rugadu; jamedu, boe eerduwakare Uoji, mare tu Onaregedu; Onaregedu koiare umode awadudo ia boei jamedu.		
BOR-CORBO-BM-MAT-011-028	MATEUS	MAT	11	28	Taiamedu boe, kiarigodure motudureboe kudawuge! mato itae, imode boe iwaripodo tai.		
BOR-CORBO-BM-MAT-011-029	MATEUS	MAT	11	29	Tagoredudo inoredure taboboe tabo, taerduwado inure taerduwado jiboeji; mare paga karega, imire boekori metukare iwabo tada, inojarokare ii iwabo tada. Nowu inodu kodire taerdumode tai tagamudo duji.		
BOR-CORBO-BM-MAT-011-030	MATEUS	MAT	11	30	"Imode tagoredudo taboboe biakare, imodudu barire.
l2. Jesus ore Sábado rema jamedu."		
BOR-CORBO-BM-MAT-011-001	MATEUS	MAT	11	1	Jesus unure pagado ia trigo pa kajeje sabadore jiwu meriji. Ure jorduwadowuge eke boire ei du koia ere tugeragu ia enariji tuwo kowuje.		
BOR-CORBO-BM-MAT-011-002	MATEUS	MAT	11	2	Du kodi icare fariseudoge tuiordui nowu inodu jitu keje, egore Jesusji: - Akaiwodo are jorduwadowuge eroi boe eromodukare ji Sábado jiboeji.		
BOR-CORBO-BM-MAT-011-003	MATEUS	MAT	11	3	Icare Jesus akore ei: -Tamagokare Davi ro padure kejewu bapera atugoji, tuge boire pudui sabadore jiwu meriji du keje?		
BOR-CORBO-BM-MAT-011-004	MATEUS	MAT	11	4	Ure turemo Pao uwaito, ure Pao bataru padure kejewu amireu kowuje. Aró! Ema mare metage emodukare nowu amireu kowuje, nowu amireu jetu otorogare tu Pao burejoiadoge etai.		
BOR-CORBO-BM-MAT-011-005	MATEUS	MAT	11	5	Tamagokare boe eroiagudu padure kejewu bapera atugoji: sabadore jiwu meriji Pao burejoiadoge emaragodure Pao uwai tada, du inodu tabo inodu pegamodukare ei?		
BOR-CORBO-BM-MAT-011-006	MATEUS	MAT	11	6	Kode, imode awadudo tai: kodure Pao uwai koriwu rakojere woe.		
BOR-CORBO-BM-MAT-011-007	MATEUS	MAT	11	7	Tamode awu bakaru pawuje: Itaidure okudureboe bogai, mare bitodureboe bogai karega, oino ma, tamodukare ro pegakareuge eiwodo.		
BOR-CORBO-BM-MAT-011-008	MATEUS	MAT	11	8	"Mare paga karega, Imedu Onaregedu o nure sabadoce jamedu.
Jesus ure ia iera bireu imedu pemegago."		
BOR-CORBO-BM-MAT-011-009	MATEUS	MAT	11	9	Icare Jesus uture nowu piji, ure turemo sinagogato.		
BOR-CORBO-BM-MAT-011-010	MATEUS	MAT	11	10	Nonore ia iera bireu imedu rakojere nono. Iaboe emedure nono jamedu duwuge enoragodure Jesusji, togiru pegawo jitu bogai, egore: - Boe emodukana ia kogodureu pemegago sabadore jiwu meriji?		
BOR-CORBO-BM-MAT-011-011	MATEUS	MAT	11	11	Icare Jesus akore ei: - Ia tagi, tagagu barogorogu umode mitotu tagabo, du butumode ia motoiato sabadore jiwu meriji ma, tagaiwomodukare bogai tawo tawuje piji?		
BOR-CORBO-BM-MAT-011-012	MATEUS	MAT	11	12	Kode, imedu kodukare nowu ia barogo rogu kori? Kode, boe ero pemegamode sabadore jiwu meriji jamedu.		
BOR-CORBO-BM-MAT-011-013	MATEUS	MAT	11	13	Du kodi icare akore nowu imeduji: - Akera raido!  Ure tugera raido, du ure nono cewu tumeduia reore.		
BOR-CORBO-BM-MAT-011-014	MATEUS	MAT	11	14	"Kodi icare fariseudoge eture nowu piji, emagore pui inoba turomode tuwo Jesus bito du bogai.
Pao utugare pemegareu."		
BOR-CORBO-BM-MAT-011-015	MATEUS	MAT	11	15	Jesus jorduware nowu fariseudoge emeardaeji, du kodire uture nowu eeda piji. Ia boe makareuge ekodure apo. Ure kogodureuge eiamedu pemegago.		
BOR-CORBO-BM-MAT-011-016	MATEUS	MAT	11	16	Mare makore ei ereadodu kawo inoduji iaboe ewiegai.		
BOR-CORBO-BM-MAT-011-017	MATEUS	MAT	11	17	Nowu inodu uwo nono profeta Isaia makore jaoboe reore:		
BOR-CORBO-BM-MAT-011-018	MATEUS	MAT	11	18	"""Pao Aroe Eimejera akore: Ica, cewu inogwa kuridodure jiwu reo, jire ire ikeragu, imeardu kurire ji, kejere itaidae pemegareu jamedu boe bu keje. Imode Itaroe udo tamudo keje. Umode ia moto tuginoiwu kejewuge ewie jetororeboeji."		
BOR-CORBO-BM-MAT-011-019	MATEUS	MAT	11	19	Ema okimodukare, umodukare tumago awogado, boe emeardumodukare makoji ba oiadoda.		
BOR-CORBO-BM-MAT-011-020	MATEUS	MAT	11	20	Umodukare ure tuwowu kado kado, umodukare uredudu kimoreu upea paru bitudo, jii ukai jetororeboedo tumorido du kae.		
BOR-CORBO-BM-MAT-011-021	MATEUS	MAT	11	21	"Moto jamedu boe epagamode bogai”  (Is 42,14).
Jesus mare  Aroe pegareuge eimejera."		
BOR-CORBO-BM-MAT-011-022	MATEUS	MAT	11	22	Du keje, boe ere ia Aroe pegareu  meture tadawu joku bokwareu, bataru bokwareu imedu reko ae. Jesus ure pemegago kuri je, du koiare makore, aiwore.		
BOR-CORBO-BM-MAT-011-023	MATEUS	MAT	11	23	Kodi icare nowu makareu boe eebogodure, egore: - Cewu Davi onaregdu karegao?		
BOR-CORBO-BM-MAT-011-024	MATEUS	MAT	11	24	Mare fariseudoge, tumeardui nowu inodu jitu keje, egore: -  Aroe pegareuge eimejera koiare ure  Aroe pegareuge ewarigu.		
BOR-CORBO-BM-MAT-011-025	MATEUS	MAT	11	25	Mare Jesus, turemodui emeardaeto, akore: - Boe eeda jamedu boe epadui pumekejedu, emode tubegado rugadu. Bakurireu jamedu boe, baidoge eiamedu boe epadui pumekejedu emodukare pugeje jamedu.		
BOR-CORBO-BM-MAT-011-026	MATEUS	MAT	11	26	Aroe pegareu umode Aroe pegareu  barigu ma, onare pudui jamedu. Kode, inoba romode tuwo turo utudo todobiji?		
BOR-CORBO-BM-MAT-011-027	MATEUS	MAT	11	27	Kode, ire  Aroe pegareuge ewarigu  Aroe pegareuge eimejera ro tabo ma, kode, ioguduba ro taboba tagore ere ewarigu? Nowu inodu koia emage rugadure emagomode morimode tagaiboeji.		
BOR-CORBO-BM-MAT-011-028	MATEUS	MAT	11	28	Mare Pao Utaroe koiare ire  Aroe pegareuge ewarigu ma, kode, nowu inodu ure Pao o boe pemegareu aregodui tagaidu awadudo.		
BOR-CORBO-BM-MAT-011-029	MATEUS	MAT	11	29	Iaboe iaboe emodukare turemo ia imedu ro rakareu uwaito, tukai nowu imedu ro rakareu kogudo du keje. Du inodu tabo boe eiwogumode uwaiji.		
BOR-CORBO-BM-MAT-011-030	MATEUS	MAT	11	30	Mugukare itabowu ona nure ii; ukare boe ako itabowu, unure boe barigu.		
BOR-CORBO-BM-MAT-011-031	MATEUS	MAT	11	31	Kodire inagoino tai: boe ero pegareu jamedu boe, boe ewadaru pegareu jamedu boe, butugugodae aregodumode etae; mare ro ako pegare Aroe Pemegareu jiwu, butugugodumodukare ji.		
BOR-CORBO-BM-MAT-011-032	MATEUS	MAT	11	32	"Bataru pegare Imedu Onaregdu jiwu, butugugodae aregodumode ae, mare bataru pegare Aroe Pemegareu jiwu butugugodae umodukare, woe moto keje, ia aregodumodewo keje karega jamedu.
I tudu."		
BOR-CORBO-BM-MAT-011-033	MATEUS	MAT	11	33	Tamagomode ia i pemegaie, kode, tudu pemegamode jamedu; iarema tamagomode ia i pegaie, kode, tudu pegamode jamedu. Mare paga karega, tudu koiare ure boedo boe pawuje iji.		
BOR-CORBO-BM-MAT-011-034	MATEUS	MAT	11	34	Awague ereoreuge! Tabegare, dukoia, inoba tagagomode boe pemegareuji? Mare paga arega, boe ewabo okorobadu koia aregodure boe enogwa kae.		
BOR-CORBO-BM-MAT-011-035	MATEUS	MAT	11	35	Ica, imedu pemegareu ure tugeragu ia toroe pemegareuji tubiji; mare imedu pegareu ure tugeragu ia toroe pegareuji tubiji.		
BOR-CORBO-BM-MAT-011-036	MATEUS	MAT	11	36	Inagomode tai: meri aregodumode mori makudumode kaewo du keje, ime ewadaru pagawu jamedu boe mori makudumode etai.		
BOR-CORBO-BM-MAT-011-037	MATEUS	MAT	11	37	"Padure akajejewu awadaru koia, boe pemegamode ai rakudu, boe pegamode ai rakudu.
Boe emagoi ia Jesus ro kurireu bogaidu."		
BOR-CORBO-BM-MAT-011-038	MATEUS	MAT	11	38	Du kejere ia escribadoge, ia fariseudoge egore Jesusji: - Cegimejera, cedaidure ceerduwo ai ia aro kurireu towuje duji.		
BOR-CORBO-BM-MAT-011-039	MATEUS	MAT	11	39	Mare Jesus akore ewadaru jipagi: - Awu du kodiwu boe ero pegareu ego pegareu, emeartorukareu, enogwamagudure ia kodiboe bogai. Mare makumodukare iadure iakare pugeje: Mare profeta Jonas o kodiwu umode tudowuje ei tu rugadu.		
BOR-CORBO-BM-MAT-011-040	MATEUS	MAT	11	40	Mare paga karega, ure nono Jonas meture karo kuri tada meri pobe ma jewu metuia bokware, boeco pobe ma jewu metuia bokware du reorere Imedu Onaregedu metumode moto tada meri pobe ma awu metuia bokware, boeco pobe ma awu metuia bokware jamedu.		
BOR-CORBO-BM-MAT-011-041	MATEUS	MAT	11	41	Mori makudumode jiwu meriji, Ninivitadoge emode turagojedo nowugei tuwo ewarigu boe pegareuto; mare paga karega, edorogare pudui Jonas bataru keje. Aró, kode, kodure Jonas koriwu rakojere woe.		
BOR-CORBO-BM-MAT-011-042	MATEUS	MAT	11	42	"Mori makudumode jiwu meriji, Sul jaogwaiwu brae eimejerago umode turagojedo nowugei tuwo ewarigu boe pegareuto, mare paga karega, jaegiriboe pijire aregodure tumearduwo Salomão jorduwa rakaguragare jiboeji. Aró, kode, kodure Salomão koriwu rakojere woe.
Aroe pegareui tugirimidu."		
BOR-CORBO-BM-MAT-011-043	MATEUS	MAT	11	43	Ia Aroe pegareu , tui tudawuje ia imedu pijidu, uture toro boe mataduto, tuiemaru tabo ia tumuga bogai, mare boekimore, jordukare boeji.		
BOR-CORBO-BM-MAT-011-044	MATEUS	MAT	11	44	Do koiare akore: Kode, iwo ikirimi cewu ire iebu pijiwoto. Tui tugirimi du keje, aregodure cewu ture tuiebu pijiboe kae pugeje. Aiwore tu je ma, biorore, akurugodure, oroere.		
BOR-CORBO-BM-MAT-011-045	MATEUS	MAT	11	45	"Du kejere ure tugirimi ia tumedage emode ikera awubodure ere pobe ikera awubowuto pega jokodure tugoriwuge ewogai, icare eiamedu tabo ere turemo to pugeje, nonore icare emugure nono. Du koiare ecewu kodure boiwu, pega kodure turewo kori. Du reorere umode awu oinowu boe pegareugei.
Jesus uce mare uwiemage."		
BOR-CORBO-BM-MAT-011-046	MATEUS	MAT	11	46	Jesus mako kimore nowu makaguragareugei, du tonajire icare uce aregodure uwiemage ebo, ere tuwudugudo baawadu keje tumagowo ji.		
BOR-CORBO-BM-MAT-011-047	MATEUS	MAT	11	47	Icare iage egore Jesus biegai, egore: - Ace, awiemage ere tuwudugudo awogai baawadu keje, etaidure tumagowo ai.		
BOR-CORBO-BM-MAT-011-048	MATEUS	MAT	11	48	Icare Jesus akore: - Ioguduba imugaba? Ioguduba iwiemageba?		
BOR-CORBO-BM-MAT-011-049	MATEUS	MAT	11	49	Icare, tui ciemagu ture jorduwadowugei du tabo, akore: - Awuge imugare, iwiemagere emage.		
BOR-CORBO-BM-MAT-011-050	MATEUS	MAT	11	50	Nowu rore nono Ioga aidu reoreuge, iwie imedureu, iwie aredureudo, imugare emage.		
BOR-CORBO-BM-MAT-013-HEAD-001	MATEUS	MAT	13		Ure boe a tuguwu.		Cabeçalho/subtítulo editorial da fonte.
BOR-CORBO-BM-MAT-013-001	MATEUS	MAT	13	1	Nowu meriji Jesus ure tudawuje nowu bai piji, kodure kuri, ure tumugudo kuruga kurireu okwai.		
BOR-CORBO-BM-MAT-013-002	MATEUS	MAT	13	2	Boe makareuge ere taiado tu apo. Du kodire ure turemo ika kurireuto epiji. Ure tumugudo tada, nowu makareuge eedui jipa kejedu otoi.		
BOR-CORBO-BM-MAT-013-003	MATEUS	MAT	13	3	Icare uwadodure, makore jiwu bakaru makaguragare.		
BOR-CORBO-BM-MAT-013-004	MATEUS	MAT	13	4	Akore: - Ia imedu ure tudawuje tuwo boe a tugu. Ui boe a tugu du tabo, ia boe a buture awara keje; kiege barege etaregodure ma, ere kowuje.		
BOR-CORBO-BM-MAT-013-005	MATEUS	MAT	13	5	Ia a buture tori pegato, moto kurikareu keje; boture kuri je, moto okwatorikare ji kodi.		
BOR-CORBO-BM-MAT-013-006	MATEUS	MAT	13	6	Mare meri rutui kuri je du keje, kidure tugwa bokwa koia.		
BOR-CORBO-BM-MAT-013-007	MATEUS	MAT	13	7	Ia a buture botoguruto; nowu botoguru ricodure, ure okwado tudo.		
BOR-CORBO-BM-MAT-013-008	MATEUS	MAT	13	8	Boe iwa tabo, ia a buture moto pemegareuto, du ia a botu kurire, ia botu biegare.		
BOR-CORBO-BM-MAT-013-009	MATEUS	MAT	13	9	"Aidure tumearduwowuge emearduwo.
Bakarue kodiboe."		
BOR-CORBO-BM-MAT-013-010	MATEUS	MAT	13	10	Nowu ure jorduwadowuge ere tuburedo ji, egore ji: Kodiba amagore ei nowu bakaru tabo ?		
BOR-CORBO-BM-MAT-013-011	MATEUS	MAT	13	11	Jesus akore ei: Paga karega, tagaire nowu Pao o boe pemegareu boe biareu makudure taerduwawo ji. Emagarema karega.		
BOR-CORBO-BM-MAT-013-012	MATEUS	MAT	13	12	Mare paga karega, ure apowu, ia makudumode ai pugeje, du itodumode todobiji. Mare boe kimore apowu, ure tu apowu rogu arudumode piji.		
BOR-CORBO-BM-MAT-013-013	MATEUS	MAT	13	13	Ica, du kodire imagore ei bakaru tabo, duma, etaiwore ma, eerdukawo; emeardure ma, ewiapaga kawo, ekawo boe pa jamedu.		
BOR-CORBO-BM-MAT-013-014	MATEUS	MAT	13	14	Ica, oinore profeta Isaias makore jiboe ure tudowuje ei: Tameardumode tawiaja tabo, mare tamodukare pawuje: taerdumode taeku tabo, mare taerdumodukare boeji.		
BOR-CORBO-BM-MAT-013-015	MATEUS	MAT	13	15	Mare paga karega, nowu boe ewabo rire marigudu, ere tuwiaja mi, ere tuioku mi, tuiordukawo tuioku tabo, tumeardukawo tuwiaja tabo tukawo boe pawuje, ikawo epemegado (Is 6,9s).		
BOR-CORBO-BM-MAT-013-016	MATEUS	MAT	13	16	Tagirema, jiwo aidugirireuge tagi: taeku jordure, tawiaja meardure kodi.		
BOR-CORBO-BM-MAT-013-017	MATEUS	MAT	13	17	"Imode boe rikireu awadudo. Makareu profetadoge, makareu pemegareuge etaidure tuiorduwo taerdure jiboeji, mare eerdukare; etaidure tumearduwo tameardure jiboeji, mare emeardukare ji.
Jesus ui ure boe a tuguwu o bakaru kogadodu."		
BOR-CORBO-BM-MAT-013-018	MATEUS	MAT	13	18	Kode, tawiapagado cewu ure boe a tuguwu imedu o bakaru ji ka.		
BOR-CORBO-BM-MAT-013-019	MATEUS	MAT	13	19	Imedu meardui Pao o boe pemegareu o bakaruji tu kai boe pa du tabo, du Aroe pegareu  aregodure ure tugudure uwabo toboe tawuje piji, cewu a buture awara kejewu reoreboe reno.		
BOR-CORBO-BM-MAT-013-020	MATEUS	MAT	13	20	Cewu a buture tori pegatowu ure nono meardure tuiegare tabo bakaru jiwu reore.		
BOR-CORBO-BM-MAT-013-021	MATEUS	MAT	13	21	Mare raikare, ukwa bokware, ia kiarigodure kejeboe, ia onare nowu bakaru koiawu aregodu keje, ewudumode kuri je.		
BOR-CORBO-BM-MAT-013-022	MATEUS	MAT	13	22	Cewu a buture botoguru towu ure nono meardu pemegare bakaru jiwu reore. Mare nowu okeare moto kejeboe ro jitu koia, ure okwado tuku, du koia tudu bokware.		
BOR-CORBO-BM-MAT-013-023	MATEUS	MAT	13	23	"Tugudure moto pemegareu toboe ure nono meardure bakaru jiwu, ure pawuje, dure tudu pemegare, ia botu kurire pugori pugori.
Boebutu pegareu."		
BOR-CORBO-BM-MAT-013-024	MATEUS	MAT	13	24	Jesus ure ia to bakaru bu pugeje, akore: - Pao o boe pemegareu ure nono ia imedu ui boe a pemegareu tugu to boepato du reore.		
BOR-CORBO-BM-MAT-013-025	MATEUS	MAT	13	25	Mare boe ei tamudo du keje, enudure du keje, onare nowu imedu jiwu aregodure, ure boebutu pegareu a tugu nowu boe a pemegareu kao, du kejere uture.		
BOR-CORBO-BM-MAT-013-026	MATEUS	MAT	13	26	Iro pemegareu ricodure, enari boture, mare boebutu pegareu padure kajeje jamedu.		
BOR-CORBO-BM-MAT-013-027	MATEUS	MAT	13	27	Du kodi icare nowu imedu pemegareu utugarege etaregodure, egore ji: - Cegimejera, are boe a pemegareu tugu ako boepato. Kode, kaiba boebutu pegareu aregodure?.		
BOR-CORBO-BM-MAT-013-028	MATEUS	MAT	13	28	Akore ei: - Cewu onare iiwu imedu ure roino nowu inoduji. Emagore ji pugeje: - Akaidure ceduwo toro kae, cewo tawuje?		
BOR-CORBO-BM-MAT-013-029	MATEUS	MAT	13	29	Akore: - Boro. Tamode tawuje ma, tamode nowu iro tawuje tabo du umode.		
BOR-CORBO-BM-MAT-013-030	MATEUS	MAT	13	30	"Ricodo rugadu jii, pudonaji jii boei tugeragu jitu kae. Kadodumode du keje, imagomode umode kadowugei: - Boebutu pegareu kado jao boetoji, upodo kogudo tawo barigu joruto; du keje tamode tageragu iroji, tamode reko mato tuiato.
Mostarda a."		
BOR-CORBO-BM-MAT-013-031	MATEUS	MAT	13	31	Du kejere Jesus ure ia bakaru bu tu pugeje, akore: - Pao o boe pemegareu ure nono ia imedu ui tugeragu mostarda a jitu, icare ure tugu to boepato du reore.		
BOR-CORBO-BM-MAT-013-032	MATEUS	MAT	13	32	"Nowu a biega remawure awuia tudugureboe rogu boe a kuda, mare boture du keje, ricodure du keje, kurire, kodure nowu boepa rogu tadaboe jamedu kori. Du koiare kiege kugure ere tuwaradu bu itura boe keje.
Ure amireu barodudoboe."		
BOR-CORBO-BM-MAT-013-033	MATEUS	MAT	13	33	"Nowu inodu otobiji pugeje, Jesus akore awu ia bakaruji pugeje, akore: - Pao o boe pemegareu ure nono ia aredu ui amireu barodudoboe tugu trigo kuduto, tuwo kudu jamedu pemegado du reore.
Kodiba Jesus mako makore boe jeonare jiboeji."		
BOR-CORBO-BM-MAT-013-034	MATEUS	MAT	13	34	Awu inodu jamedu boere Jesus bakarudo ema boe ewiegai. Oinore ako kigodure boei.		
BOR-CORBO-BM-MAT-013-035	MATEUS	MAT	13	35	"Boewo nono profeta makore jiboe reore: - Imode iia barido bakaruji, imode biareboe mariguduwu awadudo boei.
Jesus ure boebutu pegareu jiboe kogado."		
BOR-CORBO-BM-MAT-013-036	MATEUS	MAT	13	36	Du kejere icare Jesus imadure boe ebo, ure etudo. Du inodu otobiji, ure turemo baito pugeje, icare ure jorduwadowuge ere tudo pui ae, egore ji: - Cewie cewu boebutu pegareu tugudui boepato du kodiboeji.		
BOR-CORBO-BM-MAT-013-037	MATEUS	MAT	13	37	Icare Jesus akore: - Ure boe a pemegareu tugu ure nono Imedu Onaregedu.		
BOR-CORBO-BM-MAT-013-038	MATEUS	MAT	13	38	Boepare ure nono awu moto reore. Boe a pemegareu ure nono Pao o boe pemegareu tadawuge ereore. Boebutu pegareu ure nono Aroe pegareu  orere.		
BOR-CORBO-BM-MAT-013-039	MATEUS	MAT	13	39	Ure boe a pegareu tuguwu imedu pegareu Aroe pegareu  rema. Boe ei tugeragu iro jitudu ure nono awu moto akedumodedu kodiboe reore. Ure iro kadowugere Pao o tupadogere emage.		
BOR-CORBO-BM-MAT-013-040	MATEUS	MAT	13	40	Boebutu pegareu kadoduredu barigudure jorutodu ure nono awu moto akedumodedu kodiboere.		
BOR-CORBO-BM-MAT-013-041	MATEUS	MAT	13	41	Imedu Onaregedu umode to tupadoge edo boe pegareu jamedu boe barigu to boe pemegareu piji, umode edo ro pegareuge ewarigu piji jamedu.		
BOR-CORBO-BM-MAT-013-042	MATEUS	MAT	13	42	Nono etoragudumode, eto ako kororogodumode pui.		
BOR-CORBO-BM-MAT-013-043	MATEUS	MAT	13	43	"Du kejere pemegareuge erugumode Pao o boe pemegareu keje nono meri joku urugure. Biajareu meardudo awu inoduji.
Boe enoroe biadodureu."		
BOR-CORBO-BM-MAT-013-044	MATEUS	MAT	13	44	"Pao o boe pemegareu ure nono ia boe enoroe motureu pemegareu biadodui ia boepa tada du reore. Ia imedu jordure ji, mare ure biado pugeje. Du keje, tuiegare tabo, ure toroe jamedu boe, toe jamedu boe ure akirodo tabo, tuwo cewu boepa aru.
Tori mori kuricigoreu."		
BOR-CORBO-BM-MAT-013-045	MATEUS	MAT	13	45	Pao o boe pemegareu ure nono ia imedu jemarure tuwo akirodo tori motureu jiwu reore.		
BOR-CORBO-BM-MAT-013-046	MATEUS	MAT	13	46	"Jordure jitu du pemegare, mare mori kuricigore. Du kejere ure tuieture jiboe jamedu boe akirodo tabo tuwo cewu tori motureu mori kuricigoreu aru.
Buke jiwu bakaru."		
BOR-CORBO-BM-MAT-013-047	MATEUS	MAT	13	47	Pao o boe pemegareu ure nono buke barigudui pobo todu ui tugeragu kare epadui pumekejedu boe jitu reore.		
BOR-CORBO-BM-MAT-013-048	MATEUS	MAT	13	48	Buke okorobadu keje, nowu kare ecebage ere tumugudo keje, karebo, boeki kae tu je; ere tumugudo, icare ere tado karei: kare pemegareuge ere tugu kodoto, kare pegareuge ere ewarigu.		
BOR-CORBO-BM-MAT-013-049	MATEUS	MAT	13	49	Oinore awu moto akedu keje boemode. Pao o tupadoge etaregodumode tuwo pegareuge etawuje pemegareuge epiji.		
BOR-CORBO-BM-MAT-013-050	MATEUS	MAT	13	50	Emode ewarigu joruto, etoragudu jetui nono du kae, eto akoi pui du kae.		
BOR-CORBO-BM-MAT-013-051	MATEUS	MAT	13	51	Du kejere icare Jesus unorare ture jorduwadowugei: - Tare boe pa awu inodu jameduji?. Egore: - U!		
BOR-CORBO-BM-MAT-013-052	MATEUS	MAT	13	52	"Jesus akore: - Awu inodu kodire, ia jorduwareu jorduwai Pao o boe pemegareu jiwu ure nono boe etuo magai ui tugeragu ia toroe maiwuji, ia toroe codureuji du reore.
Jesus rakojei Nazaré kejedu."		
BOR-CORBO-BM-MAT-013-053	MATEUS	MAT	13	53	Jesus, tui awu bakaru akedudo du kejere icare, uture nowu piji.		
BOR-CORBO-BM-MAT-013-054	MATEUS	MAT	13	54	Ure tugirimi to bakurireu roguto, ure sinagoga kejewuge eerduwado. Du kodire boe egore tuiebogodu tabo: - Mure, kaiba awu jorduwa rakareboe aregodure bogai?		
BOR-CORBO-BM-MAT-013-055	MATEUS	MAT	13	55	Kode cewu ira epa onaregedu karegao? Maria, oino karega uce iere? Uwiemage karega Tiago, Jos, Simão, Judas nure emage?		
BOR-CORBO-BM-MAT-013-056	MATEUS	MAT	13	56	Utuiemage karega ere oino paiogi? Kode, kaiba awu inodu jamedu boe aregodure ae?		
BOR-CORBO-BM-MAT-013-057	MATEUS	MAT	13	57	Eerduwakare inoba tagowo jituji. Mare Jesus akore ei: - Tu to moto keje, tuwobe ewai keje, ia profeta barigodudodu kigodure pudui.		
BOR-CORBO-BM-MAT-013-058	MATEUS	MAT	13	58	Emeartoru bokwa koiare ukare turo kurireu towujedu makado nono.		
BOR-CORBO-BM-MAT-014-HEAD-001	MATEUS	MAT	14		João Batista bi.		Cabeçalho/subtítulo editorial da fonte.
BOR-CORBO-BM-MAT-014-001	MATEUS	MAT	14	1	Nowu kodiwu kodi brae eimejera Herodes meardure boe emagoi Jesus jituji.		
BOR-CORBO-BM-MAT-014-002	MATEUS	MAT	14	2	Du kejere akore tuwai tadawu tudugaregei: - U! João Batista jewodure dure ema rugadu. Kodire ure turo kurireu towujedu makaguragado oino.		
BOR-CORBO-BM-MAT-014-003	MATEUS	MAT	14	3	Mare paga karega, Herodes koiare ure boe edo tugeragu João Batistaji, ure edo ieragogudo, ure edo tugu bai coreuto. Mare Herodiade, Filipe oreduje koiare ure nowu inodu jamedu boedo oino Joãoji.		
BOR-CORBO-BM-MAT-014-004	MATEUS	MAT	14	4	Marigudu João akore Herodeji: - Akaba akeragu awie oredujeji akoredujece.		
BOR-CORBO-BM-MAT-014-005	MATEUS	MAT	14	5	Herodes aidure tuwo bito, mare pagudure boece, boe emeartorure ji, profetare ema kodi.		
BOR-CORBO-BM-MAT-014-006	MATEUS	MAT	14	6	Mare Herodes o joru butu keje, Herodiade onaregedu nogwaredu rogu rerure nowu Herodes ure utuiagu tuwai kae nowu peta kaewuge etoiadoda, ure Herodes jekaredo.		
BOR-CORBO-BM-MAT-014-007	MATEUS	MAT	14	7	"Du kodire Herodes makore ji, tui togwatugu du tabo, akore: - 
Akogwa magudumode bogaiboe jamedu boe imode makakai rugadu."		
BOR-CORBO-BM-MAT-014-008	MATEUS	MAT	14	8	Du kodi icare nowu nogwaredu rogu, tuje bataru rekodajire akore: - Amode João Batista aora makinai awu baku keje.		
BOR-CORBO-BM-MAT-014-009	MATEUS	MAT	14	9	Icare Herodes kiarigodure tu... mare,  ure togwatugu du koia, nowu brae eegai, kodire ure tudugarege edo makai rugadu.		
BOR-CORBO-BM-MAT-014-010	MATEUS	MAT	14	10	Ure edo João itoru kado baicoreu tada.		
BOR-CORBO-BM-MAT-014-011	MATEUS	MAT	14	11	Icare João Batista ao cedodure mato baku keje, ere maku tu nowu nogwaredu rogu ai, ema ure maku toro tuje ai.		
BOR-CORBO-BM-MAT-014-012	MATEUS	MAT	14	12	"Du keje nowu Joãore jorduwadowuge etaregodure mato bogai tuwo tugu mototo. Du kejere ere nowu akaru cedo Jesus bogai.
Jesus ure makareu boe enogwagedo."		
BOR-CORBO-BM-MAT-014-013	MATEUS	MAT	14	13	Jesus, tumeradui nowu inodu akaru jitu keje, uture nowu piji, ia ika kurireu tabo, tuwo turodo oino ia boe bioreuto. Mare boe emeardure du keje, nowu bakurireuge etadawu boe makareuge eture tuwure tabo rekodaji.		
BOR-CORBO-BM-MAT-014-014	MATEUS	MAT	14	14	Icare Jesus, tui tudawuje nowu ika kurireu piji du keje, jordure nowu boe etoiakoduji, okudugodure tu ebo, ure kogodureuge epemegago.		
BOR-CORBO-BM-MAT-014-015	MATEUS	MAT	14	15	Meri rekodu buture tu du kejere, ure jorduwadowuge, tuiedui nono apo du tabore, egore Jesusji: - Boe matadu tadaboe nure woe, boere marigudu. Kode, awu boe etudo, ewo akirodo iaboe rogu boeji tugeje.		
BOR-CORBO-BM-MAT-014-016	MATEUS	MAT	14	16	Mare Jesus akore ei: - Umodukare ino.Tagi rugadu tamode enogwagedo.		
BOR-CORBO-BM-MAT-014-017	MATEUS	MAT	14	17	Icare egore ji: - Amireure ikera awubodure tu woe, kare kugurere pobe tu je.		
BOR-CORBO-BM-MAT-014-018	MATEUS	MAT	14	18	Jesus akore: - Mato tabo!		
BOR-CORBO-BM-MAT-014-019	MATEUS	MAT	14	19	Du kejere ure boedo tumugudo boebutu tada, ure tugeragu nowu amireui ikera awubodure tu je duji, mare cewu kare ei pobe tu je duji, ure tuie aogado baruto, makore boe pemegareuji keje. Ure kado, dure ure maku ture jorduwadowuge etai, emagere icare ere pedo toro boe etai.		
BOR-CORBO-BM-MAT-014-020	MATEUS	MAT	14	20	Eiamedu boe ere kowuje, enogwa amogodure, ekuredure. Kobo jetu kimoreu tabore ure jorduwadowuge ere kododoge ikera pudogidure iwurekoi pobe tu jedu enogorawu.		
BOR-CORBO-BM-MAT-014-021	MATEUS	MAT	14	21	"Aró kode, okwagereu ime ere 5.000 boe kadui areme, boe etore, eremagu du tabo.
Jesus  merui pobo aojidu."		
BOR-CORBO-BM-MAT-014-022	MATEUS	MAT	14	22	Du kejere icare Jesus ure nowu ture jorduwadowuge edo taredo ika kurireuto ewo pagado jece bakowuto tododai, cimadui nowu makareu boe ebo du tonaji.		
BOR-CORBO-BM-MAT-014-023	MATEUS	MAT	14	23	Imadure nowu boe ebo du keje, Jesus ruture tori raireu ao kae nonowo ure togwakurido tuginoigodu boe biaru keje. Boecodure ji toro tuginoigodu. 24 Nowu inodu tonaji, ika kurireu mugu jaegirire pobo maereu oiadoda, akurugodure jice woje, jice woje pobuto koia, mare bakuru okwace pegare du koia.		
BOR-CORBO-BM-MAT-014-025	MATEUS	MAT	14	25	Ba aregodu tabore, Jesus aregodure etae tumerui pobo ao jitu tabo.		
BOR-CORBO-BM-MAT-014-026	MATEUS	MAT	14	26	Nowu ure jorduwadowuge, tui boe pa pobo aoji raboduie meruredu jitu tabo, epagudugodure, enoiogwarire tubagudu koia, egore: - Ia aroe boe!		
BOR-CORBO-BM-MAT-014-027	MATEUS	MAT	14	27	Mare Jesus akore kuri ei: - Taedo kiorodo, tabagudu kaba, imire iroino.		
BOR-CORBO-BM-MAT-014-028	MATEUS	MAT	14	28	Du kodi icare Pedro akore ji: - Cegimejera, aki rugadu du keje, amagodo ii imeruwo pobo aoji kuri toro akae.		
BOR-CORBO-BM-MAT-014-029	MATEUS	MAT	14	29	"Jesus akore ji: 
Mato!  Icare Pedro ure turawuje ika kurireu piji, merure pobo aoji Jesus togi."		
BOR-CORBO-BM-MAT-014-030	MATEUS	MAT	14	30	Mare bakuru ure togwamudu rakado du keje, pagudugodure, akore: - Ikimejera, ikinorudo!		
BOR-CORBO-BM-MAT-014-031	MATEUS	MAT	14	31	Nowu inodu keje kuri je, Jesus ure tugera raido ae, ure tugeragu ji, akore ji: - Marenarure aki, imedu, ameartoru bogai! Kodiba ameartoru bokware?		
BOR-CORBO-BM-MAT-014-032	MATEUS	MAT	14	32	Ei taredo ikato du tonajire bakuru butugugodure tu je.		
BOR-CORBO-BM-MAT-014-033	MATEUS	MAT	14	33	"Du koiare cewu ika tadawuge ere tubujodo ji, egore: - Boe jokodu radu Pao Onaregedure aki.
Jesus ure boe epemegago Genesaré keje."		
BOR-CORBO-BM-MAT-014-034	MATEUS	MAT	14	34	Ere pagado nowu kuruga kajeje, etaregodure Genesaré kae.		
BOR-CORBO-BM-MAT-014-035	MATEUS	MAT	14	35	Nowu jeture nonowuge ere pawuje. Du kodire ere nowu tuieda oieiwu boe eiamedu boe ewie. Du kodi icare ere kogodureuge eiamedu boe erego ae.		
BOR-CORBO-BM-MAT-014-036	MATEUS	MAT	14	36	Enogwamagudure ji uwo edo tugera jetu toi nowu tugudae okwa rogu jitu bogai. Iera jeture jiwuge eiamedu boe epemegagodure.		
BOR-CORBO-BM-MAT-015-HEAD-001	MATEUS	MAT	15		Jesus mare judeudoge ero.		Cabeçalho/subtítulo editorial da fonte.
BOR-CORBO-BM-MAT-015-001	MATEUS	MAT	15	1	Jerusalém kejewu ia fariseudoge, ia escribadoge eture mato Jesus ae, egore ji: -		
BOR-CORBO-BM-MAT-015-002	MATEUS	MAT	15	2	Kodiba are jorduwaduwuge emeartorukare jawuge eroiaji? Ekare tugera kabi togwagemodedu otodai.		
BOR-CORBO-BM-MAT-015-003	MATEUS	MAT	15	3	Icare Jesus akore ei: - Kode, kodiba tameartorukare Pao bataruji taro koia?		
BOR-CORBO-BM-MAT-015-004	MATEUS	MAT	15	4	Pao akore: “Ado nono iaboere aoji, aceji”!. Akore jamedu: “Ure tuwadaru pegado tuo jiwu, tuje jiwu, bimodedure morimode ema”(Ex 20,12;21,17).		
BOR-CORBO-BM-MAT-015-005	MATEUS	MAT	15	5	Tagirema tagagore: - Cewu akore tuo, tuje jiwu: cewu ire ikerabraredo tai taboboe ire maku Pao ai.		
BOR-CORBO-BM-MAT-015-006	MATEUS	MAT	15	6	Du kodiwu umodukare tugurido pudabo tuoji, tujeji pugeje. Kode ino taro koia, tare Pao bataru barigududo.		
BOR-CORBO-BM-MAT-015-007	MATEUS	MAT	15	7	Ro biadodureuge, tai rugadure profeta Isaias akore: 8”Awu boe emeartorure ii tu togwa tabo, mare ewabo rema mugu jaegirire ii”.		
BOR-CORBO-BM-MAT-015-009	MATEUS	MAT	15	9	Enogwamagudure iwogaidu boe pagawu nure ema; mare paga karega, ere boe eerduwado tu aregodure ime epijiwu ewadaruji.		
BOR-CORBO-BM-MAT-015-010	MATEUS	MAT	15	10	Du kejere Jesus ure cewu makareuge edo tudo pui pudae, akore ei: -		
BOR-CORBO-BM-MAT-015-011	MATEUS	MAT	15	11	Tameardudo, taerduwado: Ure turemo boe eiagiboe karega ure boe erorogodudo; mare aregodure boe eiabijiboe koiare ure boe erorogodudo.		
BOR-CORBO-BM-MAT-015-012	MATEUS	MAT	15	12	Du kejere icare cewu ure jorduwadowuge ere tuburedo ji, egore ji: - Aerduware fariseudoge eerdu pegai awu awadaru jituji?		
BOR-CORBO-BM-MAT-015-013	MATEUS	MAT	15	13	"Jesus akore: -
Ioga baru tadawu ukare tuguboe jamedu boe ukwa tawujedumode."		
BOR-CORBO-BM-MAT-015-014	MATEUS	MAT	15	14	Nowuge epijido. Eeku bokware du tabo ere joku bokwareuge ekoduiagu turegodaji. Kode ia joku bokwareu kodumode tumeduia joku bokwareu otodai ma, ewudumode moto oiakoto puapo.		
BOR-CORBO-BM-MAT-015-015	MATEUS	MAT	15	15	Du kodi icare Pedro akore: - Nowu bakaru kogado cewiegai.		
BOR-CORBO-BM-MAT-015-016	MATEUS	MAT	15	16	Jesus akore: - Kode, tagi jamedu tajekare taerduwawo du bogai?		
BOR-CORBO-BM-MAT-015-017	MATEUS	MAT	15	17	Ure turemo boe eiagiboe jamedu boe buture boe ekurito, du keje barigudure toro boe biadoduto.		
BOR-CORBO-BM-MAT-015-018	MATEUS	MAT	15	18	Mare aregodure boe eiabijiboe aregodure boe ewabo piji; nowu koiare ure boe erorogodudo.		
BOR-CORBO-BM-MAT-015-019	MATEUS	MAT	15	19	Mare paga karega, boe ewabo pijire boe emeardae pegareu, boe eiwogu, boei pu roiaododu, boe ewadaru pegai puidu aregodure kodi.		
BOR-CORBO-BM-MAT-015-020	MATEUS	MAT	15	20	"Nowu inodu jamedu koiare ure imedu rorogodudo. Mare boe ekai tugera kabi togwagemodedu otodaidu koia karega ure imedu rorogodudo.
Ia moto tuginoiwu pijiwu aredu meartorae."		
BOR-CORBO-BM-MAT-015-021	MATEUS	MAT	15	21	Jesus uture nowu piji, ure tuburedo Tiro, Sidônia eno moto kae.		
BOR-CORBO-BM-MAT-015-022	MATEUS	MAT	15	22	Du kejere ia aredu Canaa kejewudo, ure tuburedo ji, oiogwarire, akore: - Cegimejera Davi onaregedu, akogududo itabo! Itonaregedu aredurogu Aroe pegareu  meture tada, ukare padu kiorodo pudui.		
BOR-CORBO-BM-MAT-015-023	MATEUS	MAT	15	23	Mare Jesus makokare ia tuwadaru boeji ji. Du kodi icare ure jorduwadowuge ere tuburedo ji, enogwamagudure ji, egore: - Awu aredu utudo toro: oiogwari kuricigore paregodaji.		
BOR-CORBO-BM-MAT-015-024	MATEUS	MAT	15	24	Icare Jesus akore: - Irojaidodure mare jeture Israel kejeu barege kugure ewogwai boeto du bogai tu je.		
BOR-CORBO-BM-MAT-015-025	MATEUS	MAT	15	25	Mare cewu aredu kodure kuri ae, ure tubujodo tuku jokorai, akore: - Cegimejera, akerabraredo ii!		
BOR-CORBO-BM-MAT-015-026	MATEUS	MAT	15	26	Jesus akore: - Boe emodukare tore eke barigu arigaodoge etai.		
BOR-CORBO-BM-MAT-015-027	MATEUS	MAT	15	27	Icare nowu aredu akore: - Boe jokodu, mare arigaodoge kugure emode akure pudumiwuge eke gigudu rogu boe butui moto kaedu kowuje.		
BOR-CORBO-BM-MAT-015-028	MATEUS	MAT	15	28	"Icare Jess akore ji: - Aredu, ameartoru remawu nure. Boedo nono akaidu reore. Nowu inodu tonaji kuri je, onaregedu pemegagodure.
Jesus ure boe makareuge epemegago."		
BOR-CORBO-BM-MAT-015-029	MATEUS	MAT	15	29	Icare Jesus ure tudawuje nowu piji, ure tugirimi Galiléia kejewu pobo maereu puredu tu je, ruture ia boe aoporu ao kae, ure tumugudo nono.		
BOR-CORBO-BM-MAT-015-030	MATEUS	MAT	15	30	Du kejere makareu boe ere tuburedo ji. Boe karema, bataru bokwareuge, pogora pegareuge, ia ure awubowu tujewuge mare ia kogodureuge ebo jamedure eroino. Ere edo tuburedo bure paru, ure epemegago.		
BOR-CORBO-BM-MAT-015-031	MATEUS	MAT	15	31	"Du kodi, nowu inodu koia, boe erore ta... nowu bataru bokwareuge ewadaru padui ekajeje duji, nowu ure awubowu tujewuge epemegago duji, nowu meru bokwareuge emerure duji, nowu joku bokwareuge etaiwore duji. Du kodire icare eegarere Israeldoge eno Aroe Eimejeraji.
Jesus ure ime ei 4.000 cedu enogwagedo pugeje."		
BOR-CORBO-BM-MAT-015-032	MATEUS	MAT	15	32	"Jesus rema, ure ture jorduwadowuge edo tudo pui, akore ei: -
Inogudure awu boe makareuge ebo. Ica, kode, merire pobe ma jewu metuia bokware eedui itabo du keje, ia eke bokware ewo kowuje. Imodukare etudo tukai boe ko du tabo du keje, ewogwa kawo awara keje."		
BOR-CORBO-BM-MAT-015-033	MATEUS	MAT	15	33	Icare ure jorduwadowuge egore ji: - Inoba paromode paemaruwo awu boe matadu tada amireu makamode du bogai pawo awu boe makareuge enogwagedo?		
BOR-CORBO-BM-MAT-015-034	MATEUS	MAT	15	34	Jesus akore: - Inoba amireure tagabo?  Egore: - Ure ikera awubodure pobe taci ikera awubowuto, mare ia kare kugure jamedu.		
BOR-CORBO-BM-MAT-015-035	MATEUS	MAT	15	35	Kodi icare Jesus ure boe makareuge edo tumugudo moto keje.		
BOR-CORBO-BM-MAT-015-036	MATEUS	MAT	15	36	Du kejere ure tugeragu nowu amireuji, nowu kare kugurei, makore ia tuwadaru pemegareuji ewugeje. Icare ure tugera bu kajeje toku je, ure maku ture jorduwadowuge etai, emagere icare ere maku toro nowu boe makareuge eiamedu boe ai.		
BOR-CORBO-BM-MAT-015-037	MATEUS	MAT	15	37	Eiamedu boe okwagere ji, enogwa amogodure. Jeture tuiagejewu tabo, ure jorduwadowugere kododoge ei ikera awubodure pobe taci ikera awubowutodu enogorobadudo.		
BOR-CORBO-BM-MAT-015-038	MATEUS	MAT	15	38	Aró, kode, okwagereu ime ere 4.000, areme eremagudu ka du tabo, etore eremagudu ka du tabo jamedu.		
BOR-CORBO-BM-MAT-015-039	MATEUS	MAT	15	39	Du kejere icare Jesus ure nowu boe etudo, icare ruture ika kurireuto, ure tugirimi Magadan kejewu boe eeda kae.		
BOR-CORBO-BM-MAT-016-HEAD-001	MATEUS	MAT	16		Boe emagoi Jesusji ia ro kurireu bogaidu.		Cabeçalho/subtítulo editorial da fonte.
BOR-CORBO-BM-MAT-016-001	MATEUS	MAT	16	1	Ia fariseudoge, ia saduceudoge ere tugirimi Jesus ae, toebatodu pegareu tabo ji, enogwamagudure ji, egore uiagu baru tadawu ia turo kurireu towuje tuiegai.		
BOR-CORBO-BM-MAT-016-002	MATEUS	MAT	16	2	Kodi icare Jesus akore ewadaru jipagi: - Meri rekodu tabore tagagore: Nonore boe motumode, baru kujagure kodi.		
BOR-CORBO-BM-MAT-016-003	MATEUS	MAT	16	3	Meri togire tagagore: Awujire bubutu pegareu butumode, baru kujagu tugure kodi.		
BOR-CORBO-BM-MAT-016-004	MATEUS	MAT	16	4	"Ro biadodureuge! Taerduware ure tudo baru tadawu boeji. Kodiba taerduwakare awu meri jiwu ia koiaboeji? Awu ro, ako, pegareuge enogwamagudure ia boe kurireu toduwo tuiegai. Ia kodiboe makudumodukare etai, mare cewu ure tudo Jonas kodiboe tu rugadu. Awu tuwadaru rekodajire icare Jesus uture nowu piji.
Fariseudoge mare saduceudoge ewadaru."		
BOR-CORBO-BM-MAT-016-005	MATEUS	MAT	16	5	Tui pagado kuruga kurireu okwa bakowuto du keje, nowu ure jorduwadowuge ewiagodurade amireu piji.		
BOR-CORBO-BM-MAT-016-006	MATEUS	MAT	16	6	"Jesus akore ei: -
Taeto tai, tameardu awadudo tai nowu fariseudoge, nowu saduceudoge eno boe barodudoboeji."		
BOR-CORBO-BM-MAT-016-007	MATEUS	MAT	16	7	Emeardaere tu kae amireu to du kodie akoino.		
BOR-CORBO-BM-MAT-016-008	MATEUS	MAT	16	8	Mare Jesus, tuiordui emeardaeji du keje, akore ei: - Marenarure ema tumeartoru bogaiwu ime, kodiba tameardaere amireu bokwai du koiaie inagoino?		
BOR-CORBO-BM-MAT-016-009	MATEUS	MAT	16	9	Takaradu boe pawuje roga? Tawia jetukare ikera awubodure tu jedu amireuji, tai kododoge enogorao duji?		
BOR-CORBO-BM-MAT-016-010	MATEUS	MAT	16	10	Tawia jetukare jamedu amireuge ei ikera awubodure ikerakoi pobe ikera awubowuto du mare imei 4.000 ce duji, tai kododoge enogorao duji?		
BOR-CORBO-BM-MAT-016-011	MATEUS	MAT	16	11	Kodiba takare boe pa amireuji kaegae inagoino tai cewu inagoi tai: Taeto tai, tameardu awadudo tai nowu fariseudoge, nowu saduceudoge eno fermentoji, oino?		
BOR-CORBO-BM-MAT-016-012	MATEUS	MAT	16	12	"Du kejere ere boe pa nowu inoduji karadega akoino, mare fariseudoge, saduceudoge ewadaruji raboduie akoino.
Pedro meartorae."		
BOR-CORBO-BM-MAT-016-013	MATEUS	MAT	16	13	Etaregodui Filipe o moto iei Cesaria cedu kae du keje, Jesus unorare nowu ture jorduwadowugei, akore ei: - Nowu boe egoino du kodi, ioguduba Imedu Onaregedu ure ema?		
BOR-CORBO-BM-MAT-016-014	MATEUS	MAT	16	14	Egore: - Iage egore João Batistaie, iage egore Eliaie, iage egore Jeremiaie, iarema ia profetaie.		
BOR-CORBO-BM-MAT-016-015	MATEUS	MAT	16	15	Icare Jesus akore ei: - Kode, tagi, inoba tagagore ii?		
BOR-CORBO-BM-MAT-016-016	MATEUS	MAT	16	16	Icare Simão Pedro akore: - Akire Cristore aki. Bi bokwareu Pao Onaregedure aki.		
BOR-CORBO-BM-MAT-016-017	MATEUS	MAT	16	17	Kodi icare Jesus akore ji: - Aiwo aidugiri pemega remawu nure, Simão, Jonas onaregedu, mare paga karega, moto kejeboe koia karega ure akagodo oino, mare Ioga baru tadawu koiare ure akagodo oino.		
BOR-CORBO-BM-MAT-016-018	MATEUS	MAT	16	18	Kode iwo awadudo awiegai. Ica, akire tori rema. Awu tori aogejere imode ino Igreja mugudo. Ica, Aroe pegareu  ro jerimagamodukare ji.		
BOR-CORBO-BM-MAT-016-019	MATEUS	MAT	16	19	Imode Pao o boe pemegareu o baiporo epa maku akai. Are kogudo woe moto kejeboe jamedu boe, kogudodumode baru tada jamedu; are kiwuje woe moto kejeboe jamedu boe, kiwujedumode baru tada jamedu.		
BOR-CORBO-BM-MAT-016-020	MATEUS	MAT	16	20	"Du keje, makore ture jorduwadowugei, enogwajetukawo boe ewiegai Cristoie ure pudumiduji.
Jesus makoi tuwiji, tuiewodu jidu."		
BOR-CORBO-BM-MAT-016-021	MATEUS	MAT	16	21	Kode, nowu piji matore icare Jesus ure nowu ture jorduwadowuge eerduwado akeie pudui tuduwo Jerusalém kae, tuiwo kuricigomoduie, boe codudoge, baire eimejerage, escribadoge, eigoia; tuwimodeduie, du keje, merimode pobe ma awu metuia bokware dukejere tuiewodumodeduie.		
BOR-CORBO-BM-MAT-016-022	MATEUS	MAT	16	22	"Icare Pedro makore ji: 
- Aroe Eimejera kaiagu nowu inodudo oino, cegimejera, nowu inodu umodukare tudowuje ai."		
BOR-CORBO-BM-MAT-016-023	MATEUS	MAT	16	23	Mare Jesus ure tugirimi pai ji, akore ji: - Aiaedo ii, Aroe pegareu , awo iwogwado boetodu nure aki. Pao meardaere karega ameardae rema, mare ime emeardae.		
BOR-CORBO-BM-MAT-016-024	MATEUS	MAT	16	24	Inodu otobiji, Jesus akore nowu ture jorduwadowuge ei: - Ia aidure tugoduwo itabowu, umode tuwia ra tubiji, umode tugeragu to cruzji tugoduwo itabo.		
BOR-CORBO-BM-MAT-016-025	MATEUS	MAT	16	25	Mare paga karega, cewu aidure tuwo cinorudo tuwimodedu pijiwu, bimode rugadu; mare cewu ure tuwidodudo inaiwu, jordumode pudui.		
BOR-CORBO-BM-MAT-016-026	MATEUS	MAT	16	26	Kode, inoba imedu romode toi moto jamedu boe keje, mare tuwo tudaroe okwado? Kode ica, kaboba imedu umode maku tudaroe morice?		
BOR-CORBO-BM-MAT-016-027	MATEUS	MAT	16	27	Mare paga karega, Imedu Onaregedu aregodumode Tuo reoredu tada du tabo, to tupadoge ebo, du kejere umode boe ero mori maku boe etai.		
BOR-CORBO-BM-MAT-016-028	MATEUS	MAT	16	28	Boe jokodu remawure imode awadudo tai: awu jeture oino woewuge makareuge eerdumodukare tuwiji, tuiordukai Imedu Onaregedu ui tugirimi tuguricigo tabo, to boe pemegareu tabo pugeje du kae.		
BOR-CORBO-BM-MAT-017-HEAD-001	MATEUS	MAT	17		Jesus ui tudo tuginoidu.		Cabeçalho/subtítulo editorial da fonte.
BOR-CORBO-BM-MAT-017-001	MATEUS	MAT	17	1	Meri ikera awubodure mito taci ikera awubowuto du keje Jesus ure Pedro, Tiago, João, ekodudo pudabo, ure eko tuginoi pudabo paci ia tori raireu kae.		
BOR-CORBO-BM-MAT-017-002	MATEUS	MAT	17	2	Du kejere icare ure tudo tuginoi taci. Je urugure nono meri urugure, ukudae kigadu kurukurure eegai.		
BOR-CORBO-BM-MAT-017-003	MATEUS	MAT	17	3	Du kejere icare Moisés, Elias ere tuguo Jesus jaogwai pudogi, tumagoi jitu tabo.		
BOR-CORBO-BM-MAT-017-004	MATEUS	MAT	17	4	Du kodi icare Pedro makore ji, akore: - Cegimejera, pemegare paeduwo woe. Akaidu keje, imode baido pobe ma awu metuia bokware: awaimode ia, Moisés uwaimode ia, Elias uwaimode ia.		
BOR-CORBO-BM-MAT-017-005	MATEUS	MAT	17	5	Akoinodu tonajire, ia boetugu urugureu ure tubodo ebo taci je. Nowu boetugu pijire ia mako padure, akore: - Awure imeardu kurire jiwu itonaregedu rema. Kejere imeardu kuriae jamedu boe bu keje. Tawiapagado bataruji.		
BOR-CORBO-BM-MAT-017-006	MATEUS	MAT	17	6	Tumeardui nowu inodu bataru jitu kejere, ure jorduwadowuge ewudure, ee jore mototo tuku je, ewire tubagudu koia.		
BOR-CORBO-BM-MAT-017-007	MATEUS	MAT	17	7	Mare Jesus ure tuburedo ei, ure tugera jodo ewugeje, akore ei: - Taragojedo, tabagudu kaba.		
BOR-CORBO-BM-MAT-017-008	MATEUS	MAT	17	8	Etaiwore ceboje, eerdukare boeji, mare Jesus jire eerdure tu je.		
BOR-CORBO-BM-MAT-017-009	MATEUS	MAT	17	9	Tui turawuje nowu tori raireu joki du tonajire, Jesus akore ei: - Tamago kaba boe ewiegai taerdure jiboeji jii Imedu Onaregedu jewodui bireuge epiji du kae.		
BOR-CORBO-BM-MAT-017-010	MATEUS	MAT	17	10	Du inodu otobiji, nowu ure jorduwadowuge enoragodure ji, egore: - Kodiba escribadoge egore Elia aregodumoduie boetoji?		
BOR-CORBO-BM-MAT-017-011	MATEUS	MAT	17	11	Jesus akore ei: - Boe jokodure Elias aregodumode rugadu tuwo boe jamedu boe udo turugadu.		
BOR-CORBO-BM-MAT-017-012	MATEUS	MAT	17	12	Mare inagomode tai: Elias aregodure mare boe emeartorukare ji, mare ere barigodudo pudui taidu reore. Nowu inodu reorere erorerumode Imedu Onaregeduji.		
BOR-CORBO-BM-MAT-017-013	MATEUS	MAT	17	13	"Kode, nowu ure jorduwadowuge ere boe pawuje João Batista ji raboduie akoino duji.
Jesus ui ia iparedu pemegagodu."		
BOR-CORBO-BM-MAT-017-014	MATEUS	MAT	17	14	Ei tudo pui ia boe makareuge ebo pugeje du kejere icare ia imedu ure tuburedo Jesusji, ure tubujodo jokorai, akore ji: -		
BOR-CORBO-BM-MAT-017-015	MATEUS	MAT	17	15	Ikimejera, akogududo itonaregedu apo, meardae bokware du ure ro pega remawu nure ji, iadure buture joruto, iadure buture poboto; oinore ure.		
BOR-CORBO-BM-MAT-017-016	MATEUS	MAT	17	16	Ica, iture mato apo nowu are jorduwadowuge etae, mare eroiwakare tuwo pemegago.		
BOR-CORBO-BM-MAT-017-017	MATEUS	MAT	17	17	Jesus akore: - Mure, tameartoru bokwa remawu nure! Tabega remawu nure! Jii inoba du kejeba ikiwa rakamode tagabo? Mato apo!		
BOR-CORBO-BM-MAT-017-018	MATEUS	MAT	17	18	Icare Jesus makore Aroe pegareu ji du ure tudawuje nowu negedurogu piji, du kodiwu tonaji pemegagodure kuri je.		
BOR-CORBO-BM-MAT-017-019	MATEUS	MAT	17	19	Du kodire nowu ure jorduwadowuge enoragodure ji: - Kodiba ceroiwakare cewo cewu Aroe pegareu  barigu?		
BOR-CORBO-BM-MAT-017-020	MATEUS	MAT	17	20	Jesus akore ei: - Tameartoru bokwa koia. Boe jokodu jire inagomode oino tai: Tameartoru rogu umode nono mostarda i a rogu reore tu je ma, tamagomode awu tori raireuji: Akorodo oino toro!, oino du keje, romode ino rugadu, iaboe iaboe upewumodukare pudui tagai pugeje.		
BOR-CORBO-BM-MAT-017-021	MATEUS	MAT	17	21	"Awu ure oinowu Aroe pegareu  barigudumode, mare boe enogwamagudui Paoji, boe etodorogai pudui du tabo tu rugadu.
Jesus makoi tuwiji, tuiewoduji pugejedu."		
BOR-CORBO-BM-MAT-017-022	MATEUS	MAT	17	22	Jesus meru nure Galiléia oiagi, du tonajire makore nowu ture jorduwadowugei, akore: - Imedu Onaregedu makududodumode ime ekera kai.		
BOR-CORBO-BM-MAT-017-023	MATEUS	MAT	17	23	"Emode bito, mare meri pobe ma awu metuia bokware du kejere jewodumode. Nowu inodu kejere icare nowu ure jorduwadowuge erore toku je, ekiarigodu kuricigore.
Imposto makudui Pao uwai kaedu."		
BOR-CORBO-BM-MAT-017-024	MATEUS	MAT	17	24	Etaregodui Cafarnaum kae du keje, ia imposto epage ere tuburedo Pedroji, enoragodure ji: - Ure taerduwadowu umodukare imposto morido?		
BOR-CORBO-BM-MAT-017-025	MATEUS	MAT	17	25	Pedro akore ei: - U! Umode morido. Mare etaregodui tuwai kae du keje, Jesus ure tuwu taci otogajeje tagoi oino du tabo: - Simão, inoba ure aegai? Moto kejewu brae eimejerage, ioguduba umode imposto morido etai: etore na? iarema ia tuginoiwuge na?  Pedro akore: - Ia boe tuginoiwuge.		
BOR-CORBO-BM-MAT-017-026	MATEUS	MAT	17	26	Du kodi icare Jesus akore pugeje: - Kode, ore emodukare morido.		
BOR-CORBO-BM-MAT-017-027	MATEUS	MAT	17	27	Mare pemegamodukare boewo eerduwa pegado. Kodi icare, toro pobo maereuto, amode akeragu jiwu boetojiwu karo, amode ja barido, nono aerdumode meriri mito tu je duji, akeragu ji, maku etai pagai.		
BOR-CORBO-BM-MAT-018-HEAD-001	MATEUS	MAT	18		Kurireboe ema emawu.		Cabeçalho/subtítulo editorial da fonte.
BOR-CORBO-BM-MAT-018-001	MATEUS	MAT	18	1	Du keje kuri je, nowu Jesus ure jorduwadowuge ere tuburedo ji, enorare ji: - Kakoduwuba kuri remawure Pao o boe pemegareu tada?		
BOR-CORBO-BM-MAT-018-002	MATEUS	MAT	18	2	Jesus makore ia negedurogu ae, ure rakojedo tu etoiadoda,		
BOR-CORBO-BM-MAT-018-003	MATEUS	MAT	18	3	Akore: - Boe rugadu jire inagomode oino tai: tamodukare tado nono boe etore kugure ereore ma, tamodukare taremo Pao o boe pemegareuto rugadu.		
BOR-CORBO-BM-MAT-018-004	MATEUS	MAT	18	4	Cewu ure tuwiegado nono awu boe etonaregedu rogu reoreure kurimode Pao o boe pemegareu keje.		
BOR-CORBO-BM-MAT-018-005	MATEUS	MAT	18	5	"Ia ure tugeragu ia negeduroguji ikie tabodu, dure ii rugadure ure tugeragu.
Boe ewarigududodui Pao Aroe Eimejera pijidu."		
BOR-CORBO-BM-MAT-018-006	MATEUS	MAT	18	6	Mare iaboe umode awu ia negedurogu meartorui iidu ro pegado ma, ema remawu umode boewo ia tori kurireu bararedo ruwoji ewo barigu tabo pobo maereuto du rema.		
BOR-CORBO-BM-MAT-018-007	MATEUS	MAT	18	7	Boei jorduwa bokwareuge eerduwado boe pegareu jitu koia, moto jiwomode boe ebo. Boe emodukare tuwo awu inodu bokwado, mare ia imedu romode akomode inowu jiwomode.		
BOR-CORBO-BM-MAT-018-008	MATEUS	MAT	18	8	Kode ica, akera, awure, koiare umode awududo aro pegareuto ma, kode, kado, barigudu jaedo apiji. Ema remawure atumode baruto apogorai awubowu tu je du tabo, akanai awubowu tu je du tabo du rema, mare awarigudumode joru pegareuto apogorai pudogi du tabo du rema, ema karega.		
BOR-CORBO-BM-MAT-018-009	MATEUS	MAT	18	9	"Aeku koiare umode aro pegado ma, kode, tawuje, barigudu jaedo apiji. Ema remawure atumode baruto aekui mito tu je du tabo du rema, mare awarigudumode joru pegareuto aekui pudogi du tabo du rema, ema karega.
Ovelha okwai boetodu."		
BOR-CORBO-BM-MAT-018-010	MATEUS	MAT	18	10	Tameardu awadudo tai, tagaba awu biegareuge kugure ewarigududo pudui, mare paga karega, inagomode oino tai: eno tupadoge etaiwo nure Ioga jeto baru tada jii je.		
BOR-CORBO-BM-MAT-018-011	MATEUS	MAT	18	11	Ica, Imedu Onaregedu aregodure tuwo okware boetowuge einorudo du bogai.		
BOR-CORBO-BM-MAT-018-012	MATEUS	MAT	18	12	Inoba ure taegai? Ia imedu aku ovelhadoge emode 100, duwugere ia okwamode boeto mito ma, inoba romode? Umode iage eedo toro tori aogeje, turegoduwo cewu okware boeto rogu bogai.		
BOR-CORBO-BM-MAT-018-013	MATEUS	MAT	18	13	Jordumode roguji ma, jekare kodumode tugori cewu okwakare boetowuge ei 99 cedu koia du kori.		
BOR-CORBO-BM-MAT-018-014	MATEUS	MAT	18	14	"Oinore Tao baru tadawu aidure awu ia biegareuge ewogwa kawo boeto.
Boe enogituwai tumeduia jidu."		
BOR-CORBO-BM-MAT-018-015	MATEUS	MAT	18	15	Amana ro pegamode ai ma, amagodo ji, aki, ema, tu rugadu. Meartorumode awadaruji ma, aiwo aidugirire amanaji.		
BOR-CORBO-BM-MAT-018-016	MATEUS	MAT	18	16	Biapagamodukare ai ma, akeragu iaboe ei mito rakudu, pobe rakudu, du kejewo cewu tagorigodaere tubemegado nowu pobe tu je du rabodu, iarema boei pobe ma jewu metuia bokware tu je du rabodu ewadaru koia.		
BOR-CORBO-BM-MAT-018-017	MATEUS	MAT	18	17	"Kiarimode tuwiapagawo ma, kode, amagodo Igrejaji. Kiarimode tuwiapagawo Igrejaji jamedu ma, aopegokare emawu reoreu umode ema, ro pegareu nure ema.
 Jesus ui ture jorduwadowuge ero raka maku etaidu."		
BOR-CORBO-BM-MAT-018-018	MATEUS	MAT	18	18	Boe jokodu jire inagomode oino tai: tare kogudo woe moto kejeboe jamedu boe, kogudodumode baru tada jamedu. Tare kiwuje woe moto kejeboe jamedu boe, kiwujedumode baru tada jamedu.		
BOR-CORBO-BM-MAT-018-019	MATEUS	MAT	18	19	Inagomode tai awu inoduji kimo: ia tagi tamode tado pobe tu tagogwamagudu tabo iaboe boe bogai ma, Ioga baru tadawu umode maku tagai.		
BOR-CORBO-BM-MAT-018-020	MATEUS	MAT	18	20	"Mare paga karega, iaboe emode tudo pobe tu je rakudu, pobe ma awu metuia bokware rakudu ikie tabo ma, nono iragojemode ebo.
Boe etugare pegareu."		
BOR-CORBO-BM-MAT-018-021	MATEUS	MAT	18	21	Du kodi icare, Pedro ure tuburedo ji, akore ji: - Cegimejera, inoba iwudugugodumode imana ro pegai iiwu keje? Jii ikera awubodure pobe taci ikea awubowuto du reore na?		
BOR-CORBO-BM-MAT-018-022	MATEUS	MAT	18	22	Jesus akore: - Imagomodukare tu oinono tu rugaduie, mare jii je rugadu.		
BOR-CORBO-BM-MAT-018-023	MATEUS	MAT	18	23	Mare paga karega, Pao o boe pemegareu remagudure moto kejewu ia brae eimejera ui tuiagu tudugarege edo mori maku pudai du reore.		
BOR-CORBO-BM-MAT-018-024	MATEUS	MAT	18	24	Nowu ui turoiagu inodu jitu kejere, boe etaregodure ia umode morido diiero makaguragareuji du apo.		
BOR-CORBO-BM-MAT-018-025	MATEUS	MAT	18	25	Mare umode morido tu emaboe bokware apo, du koia nowu brae eimejera akore makuduiagu toreduje apo, tore ebo, toroe jamedu tabo, du tabowo ure nowu umode moridoboe morido.		
BOR-CORBO-BM-MAT-018-026	MATEUS	MAT	18	26	Du kodi icare nowu utugare ure tubujodo moto keje jokorai, okwamagudure ji, akore: - Awudugugo ii jao, du kejere imode jamedu boe morido akai.		
BOR-CORBO-BM-MAT-018-027	MATEUS	MAT	18	27	Nowu brae eimejera, togudu kuricigoi apo du tabore, akore ji: Atudo! Boe jamedu boe moridodure.		
BOR-CORBO-BM-MAT-018-028	MATEUS	MAT	18	28	Kuri tudui piji du kejere, nowu utugare jordure ia tumeduia umode morido biega tu pudaiwuji, ure tugera kogudo ruwo kajeje, boce kodi umodukare okwado ake koia, akore ji: - Cewu amode morido inaiboe makinai.		
BOR-CORBO-BM-MAT-018-029	MATEUS	MAT	18	29	Nowuia buture bure paru, okwamagudure ji, akore: - Ado oino ia jao tu je. Imode jamedu boe morido akai.		
BOR-CORBO-BM-MAT-018-030	MATEUS	MAT	18	30	Mare biapagakare akoinoduji. Ure boedo cewu tumeduia barigu baicoreuto jii ui nowu tumode maku pudaiboe morido du kae.		
BOR-CORBO-BM-MAT-018-031	MATEUS	MAT	18	31	Metage, tuiordui nowu inodu jitu keje, ekiarigodu kuricigore, icare eture nowu cimejera ae ereadodure biegai nowu inoduji.		
BOR-CORBO-BM-MAT-018-032	MATEUS	MAT	18	32	Icare cewu eimejera makore bogai, akore ji: - Itugare pegareu! Iwudugugodure ai, akogwamagudure ii du koia.		
BOR-CORBO-BM-MAT-018-033	MATEUS	MAT	18	33	Kodiba awudugugodukare nowu ameduiaji nono iwudugugodu magai ai du reore?		
BOR-CORBO-BM-MAT-018-034	MATEUS	MAT	18	34	Kodire nowu brae eimejera korigodure, ure maku rorerure boeiwuge etai jii, ui nowu tumode moridoboe jamedu boe maku pudai du kae.		
BOR-CORBO-BM-MAT-018-035	MATEUS	MAT	18	35	Oinore Ioga baru tadawu romode tai, tawudugugodu kai tamanaji, tawieji, tawabo jamedu boe tabo du keje.		
BOR-CORBO-BM-MAT-019-HEAD-001	MATEUS	MAT	19		Jesus makoi divórcio jiboeji.		Cabeçalho/subtítulo editorial da fonte.
BOR-CORBO-BM-MAT-019-001	MATEUS	MAT	19	1	Jesus, tumagoi nowu bataru jitu rekodaji, uture Galiléia piji, Judéia kae, Jordão kujebiji.		
BOR-CORBO-BM-MAT-019-002	MATEUS	MAT	19	2	Ia boe makareuge ekodure apo, ure kogodureuge emedui etodadu epemegago.		
BOR-CORBO-BM-MAT-019-003	MATEUS	MAT	19	3	Ia fariseudoge ekodure ae tunorawo ji, tui tagokogado jitu tabo, egore ji: - Umode turugadu ia imeduji tuwo toreduje barigu tubiji iaboe boe koia?		
BOR-CORBO-BM-MAT-019-004	MATEUS	MAT	19	4	Jesus akore ewadaru jipagi: - Taerduwakare bapera atugo inoduji: Ure boe jamedu boe towujewu boe paruto ure imedu towuje, ure aredu towuje,		
BOR-CORBO-BM-MAT-019-005	MATEUS	MAT	19	5	Akore: Kodire imedu umode tugera ra tuo piji, tuje piji, mugumode toreduje apo, icare ei pobedu emode nono tui mito tu je du kodiwore?		
BOR-CORBO-BM-MAT-019-006	MATEUS	MAT	19	6	Nowu inodu tabo ekare pobe pugeje, mare ere mito tu je. Kode, imedu umodukare Paore mugudo puapowuge ewarigu pubiji.		
BOR-CORBO-BM-MAT-019-007	MATEUS	MAT	19	7	Icare Fariseudoge egore: - Kode, kodiboe Moisés ure boedo bapera maku barigudureu aredu ai, barigudumodedu otodai?		
BOR-CORBO-BM-MAT-019-008	MATEUS	MAT	19	8	Jesus akore ei: - Mare paga karega, ewabo pegareu koiare Moisés rore oino. Mare boe paru keje, ukare ino.		
BOR-CORBO-BM-MAT-019-009	MATEUS	MAT	19	9	Boe jokodu jire imode inodu awadudo tai: cewu ure tuwire ewariguwuge, ei tugoge pemegado du rekodaji, tumuguwo iarodo apo pugejewuge eiamedu boe, ero pega nure.		
BOR-CORBO-BM-MAT-019-010	MATEUS	MAT	19	10	Nowu ure jorduwadowuge egore ji: - Oinono umode imeduji, areduji ma, kode, inodu keje, pemegamode emugukawo puapo.		
BOR-CORBO-BM-MAT-019-011	MATEUS	MAT	19	11	Icare Jesus akore: - Boe eiamedu karega emode awu bakaru kodiboe pawuje, mare makudure aiwuge tu rugadu.		
BOR-CORBO-BM-MAT-019-012	MATEUS	MAT	19	12	"Mare paga karega, iage eroiwakare tuwirewo turedu koia, iagere ino mare ia etumedage eigoia, iagerema, ere tudo oinono taidu koia, Pao o boe pemegareu koia. Roiware tuwo pawujewuge emode pawuje.


Jesus mare boe etore kugure."		
BOR-CORBO-BM-MAT-019-013	MATEUS	MAT	19	13	Boe ere ia boe etore kugure ecedo ae uwo tugera bu ewugeje, okwamaguduwo eparu tabo, mare ure jorduwadowuge ere erodo boku ji.		
BOR-CORBO-BM-MAT-019-014	MATEUS	MAT	19	14	Icare Jesus akore ei: - Boro! Ekugure etudo itae, tagaba erodo boku ii, mare paga karega, Pao o boe pemegareu jetumode tu ure tudo nono awuge kugure ereoreuge ebo tu je.		
BOR-CORBO-BM-MAT-019-015	MATEUS	MAT	19	15	"Du kejere ure tugera bu ewugeje. Du keje uture nowu piji.
Iparedu oroe kurireu."		
BOR-CORBO-BM-MAT-019-016	MATEUS	MAT	19	16	Ia boe kajeje, ia iparedu ure tuburedo Jesusji, unoragodure ji, akore: - Ikimejera, kakoduwu boe pemegareu jiba ikodumode, ikoduwo baruto?		
BOR-CORBO-BM-MAT-019-017	MATEUS	MAT	19	17	Jesus akore ji: - Kodiba anorare ii boe pemegareu bogai? Paore pemegare tu je. Akaidumode akoduwo baruto du keje arodo nono Pao Aroe Eimejera ui boe eroiagudu reore.		
BOR-CORBO-BM-MAT-019-018	MATEUS	MAT	19	18	Akore: - Inoba? Kakoduwuba?  Jesus akore: - Amodukare boe ewido, akera keadu kaba, akiwogu kaba, akaba boe ewadaraodo.		
BOR-CORBO-BM-MAT-019-019	MATEUS	MAT	19	19	Ameartorudo aoji, aceji, ameardu kurimode amedagei areore.		
BOR-CORBO-BM-MAT-019-020	MATEUS	MAT	19	20	Icare nowu iparedu akore: - Irore ino nowu jamedu boeji jii je. Kaboba okwa kimore inai?		
BOR-CORBO-BM-MAT-019-021	MATEUS	MAT	19	21	Jesus akore: -Akaidumode apemega remawuwo du keje, toro, akirodo akoroe jamedu boe tabo, maku marenarue etai, nowu inodu koia boe pemegareu kurireu mugumode atogi baru tada. Du kejere, mato itabo! +Tumeardui nowu inodu jitu keje, nowu iparedu uture tugiarigodu kuricigo tabo, mare paga karega, oroe kuricigore kodi.		
BOR-CORBO-BM-MAT-019-023	MATEUS	MAT	19	23	Nowu inodu keje, Jesus akore nowu ture jorduwadowugei: - Boe jokodu jire inagomode oino tai: Raka remawu nure ia oroe kurireu uwo turemo baruto.		
BOR-CORBO-BM-MAT-019-024	MATEUS	MAT	19	24	Inagomode tai pugeje: ure turugadu ia camelo tuwo tuie bu meriricira pororogu kajeje, mare ia oroe kurireu rema uwo turemo baruto dure, ema karega.		
BOR-CORBO-BM-MAT-019-025	MATEUS	MAT	19	25	Awu bakaru keje, nowu ure jorduwadowuge erore toku, epagudugodure, du tabore enoragodure: - Kode, ioguduba umode cinorudo?		
BOR-CORBO-BM-MAT-019-026	MATEUS	MAT	19	26	Jesus aiwore ei tu je, akore: - Nowu inodu ime eroiwamodukare ji; mare Paorema ia roiwamodukare jiboe bokwa.		
BOR-CORBO-BM-MAT-019-027	MATEUS	MAT	19	27	Du kejere Pedro akore: - U! Kode, cere cegera ra boe jamedu boe piji. Kaboba morimode ema cenai?		
BOR-CORBO-BM-MAT-019-028	MATEUS	MAT	19	28	Jesus akore: - Boe jokodu jire imode awadudo tai: Ia kodiwu maiwu pemegareu keje, Imedu Onaregedu umode tumugudo tumuga pemegareu keje, du keje, tagire tagodure itabodu, tamode tamugudo ikera pudogidure pobe taci ikera awubowutowu boe emuga keje, tawo tagogado ure nono ikera pudogidure ikerako umode pobe turegodajiwu reoreu Israeldoge etuwobei.		
BOR-CORBO-BM-MAT-019-029	MATEUS	MAT	19	29	Cewu tumeardu kuri koia iiwuge emode tugera ra tumanamage, tuwiemage, tuo, tuje, tore, epiji, tuwai pijiwuge, duwuge nowu inodu makudumode etai pugeje du makaguragamode, eemode jii je jamedu.		
BOR-CORBO-BM-MAT-019-030	MATEUS	MAT	19	30	Boetojiwu makaguragareuge ekodumode boi; boiwu makaguragareuge ekodumode boetoji.		
BOR-CORBO-BM-MAT-020-HEAD-001	MATEUS	MAT	20		Pao Aroe Eimejera ui boe emaragodae moridodu.		Cabeçalho/subtítulo editorial da fonte.
BOR-CORBO-BM-MAT-020-001	MATEUS	MAT	20	1	Jesus akore pugeje: - Pao o boe pemegareu ure nono ia boe etuo utui barogwa kododu tabo, tuiorduwo iaboei ma, tumagowo ei etuwo to boepa kae du reore.		
BOR-CORBO-BM-MAT-020-002	MATEUS	MAT	20	2	Akore tumoduie morido diieroji mito tu tu meriji, ure etudo to boepato.		
BOR-CORBO-BM-MAT-020-003	MATEUS	MAT	20	3	Meri akurui gu baruto du keje, uture pugeje, du tabore jordure iaboe eedui ba oiagi paga tu je duji.		
BOR-CORBO-BM-MAT-020-004	MATEUS	MAT	20	4	Akore ei: Tadudo ino boepato jamedu, imode mori pemegado tagai.		
BOR-CORBO-BM-MAT-020-005	MATEUS	MAT	20	5	Eture rugadu. Meri jetui baru oia keje du keje, uture pugeje. Meri jogodu tabo pugeje, rore nono turomagai iagei du reore.		
BOR-CORBO-BM-MAT-020-006	MATEUS	MAT	20	6	Boekarema, meri rekodugodu tabo, jordure iagei ba oiagi pugeje, unoragodure ei: - Kodiba taedu pagare jii meriji taro kai ia taroji du tabo?		
BOR-CORBO-BM-MAT-020-007	MATEUS	MAT	20	7	Egore: - Mare paga karega, boe emagokare cei kodi. Kodi icare akore ei: - Tadudo ino boepato jamedu.		
BOR-CORBO-BM-MAT-020-008	MATEUS	MAT	20	8	Icai meri buture du keje, cewu ore boepa cewu akore ture jetu boepa jiwuji: - Amagodo maragodureuge ewogai, awo mori maku etai, paru bu kodure boiwuge ewugeje jii boetojiwuge etae.		
BOR-CORBO-BM-MAT-020-009	MATEUS	MAT	20	9	Cewu meri butu kejewuge etaregodure; eiamedu boe enore diiero mito tu tu pureore.		
BOR-CORBO-BM-MAT-020-010	MATEUS	MAT	20	10	Aregodure cewu boetojiwuge etae du keje, emeardaere mori kurimoduie pudaiduji. Mare eno diierore mito tu tu pureore jamedu.		
BOR-CORBO-BM-MAT-020-011	MATEUS	MAT	20	11	Makudui etai du keje, emago pegare nowu ore boepacewuji tagoi: -		
BOR-CORBO-BM-MAT-020-012	MATEUS	MAT	20	12	Boigoduwuge emaragodae rogu biegare tu je, macare enore nono pago reore; pagire pabewure pai meriji boe eruji jii je!		
BOR-CORBO-BM-MAT-020-013	MATEUS	MAT	20	13	Du kodi icare eimejera makore ia ei: - Imeduia, ikarega ure aekuri pagado. Imagokare imoduie morido diiero mito tu tu je duji?		
BOR-CORBO-BM-MAT-020-014	MATEUS	MAT	20	14	Makudure akaiwu, toro tabo. Imire itaidure iwo kodure boigoduwu odo nono ako reore, 15kode, iromodukare nono itaidu reore inoroeji? Kode, akaiwomode ii aeku pegareu tabo ipemega bogai?		
BOR-CORBO-BM-MAT-020-016	MATEUS	MAT	20	16	"Nowu inodu reore, kodure boiwuge boetojiwugemode emage, boetojiwuge boiwugemode emage. Pao makore bogaiwuge emagaguragare, mare ure tugeragu jiwuge enowarore tu je.
Jesus makoi tuwiji, tujewoduji, metuia bokware pugejedu."		
BOR-CORBO-BM-MAT-020-017	MATEUS	MAT	20	17	Erudu nure Jerusalém kae du tonajire icare Jesus ure tugeragu ture jorduwadowugei paci woje pudabo, akore ei: -		
BOR-CORBO-BM-MAT-020-018	MATEUS	MAT	20	18	Icare parudu nure Jerusalém kae. Nono Imedu Onaregedu makudumode baire eimejerage etai, escribadoge etai, emode boedo bito.		
BOR-CORBO-BM-MAT-020-019	MATEUS	MAT	20	19	"Emode maku ao pegokareuge etai ewadaru keadu pegawo ji, ewo pogurudo, ewo barigodudo, ewo redugodudo pudui, ewo boe to ji, ewo bu i padui pugajejedu keje. Mare meri pobe ma jewu metuia bokware du keje, jewodumode.
Zebedeu ore."		
BOR-CORBO-BM-MAT-020-020	MATEUS	MAT	20	20	Nowu inodu keje, Zebedeu ore etuje ure tuburedo tu tore ebo, ure tubujodo tuku Jesus jokorai togwamaguduwo ji.		
BOR-CORBO-BM-MAT-020-021	MATEUS	MAT	20	21	Icare Jesus unoragdure ji: - Kaba jiba akaidure?  Du tabore nowu aredu akore. - Awo awu itore ei pobedu edo tumugudo ako boe pemegareu keje akabo: ia mugudo akana pemegareu jaogwai, ia mugudo akana koboreu jaogwai.		
BOR-CORBO-BM-MAT-020-022	MATEUS	MAT	20	22	Jesus akore ji: - Taerduwakare kaboba bogaiba tagogwamagudure. Tagudumode ikudumode ce calice to boece? Egore: - U!		
BOR-CORBO-BM-MAT-020-023	MATEUS	MAT	20	23	Akore: - Boe jokodu, tagudumode ino calice to rugadu. Mare tamugui ikana pemegareu jaogwai, iarema ikana koboreu jaogwai, nowu inodu imi karega; nowu boe emugare tu Ioga ure jeonaiagu jiwuge ewogai.		
BOR-CORBO-BM-MAT-020-024	MATEUS	MAT	20	24	Ia ure jorduwadowuge ei ikera pudogidure emeardure nowu inodu jamedu boeji, dukoia ekorigodure nowu tumedage ei pobeduji.		
BOR-CORBO-BM-MAT-020-025	MATEUS	MAT	20	25	Mare Jesus makore eiamedu bogai, akore ei: - Taerduware awu moto kejewu brae eimejerage emugui tudugarege ewugejeduji, kurireuge ei tumugudo ewugeje turo rakareu tabo duji.		
BOR-CORBO-BM-MAT-020-026	MATEUS	MAT	20	26	Mare tagaba oino pudada. Mare paci oino: cewu aidure tuwo tugurido, u rumode boe etugaredo pudumi.		
BOR-CORBO-BM-MAT-020-027	MATEUS	MAT	20	27	Aidure tuwo boetojiwudo pudumi tadodawu, umode tadugaregedo pudumi.		
BOR-CORBO-BM-MAT-020-028	MATEUS	MAT	20	28	"Oinore Imedu Onaregedu rore: aregodure, mare tudugaregewo boece karega, mare boe etugarewo pudumi. Jamedu tuwo tumagu tuwo makareuge einorudo.
Jesus ui ia joku bukwareu ime ei pobedu pemegagodu."		
BOR-CORBO-BM-MAT-020-029	MATEUS	MAT	20	29	Jesus unure tudawuje ia bakurireu iei Jericó cedu piji, du tonajire icare ia boe makareuge ekodure apo.		
BOR-CORBO-BM-MAT-020-030	MATEUS	MAT	20	30	Du tabore ia joku bokwareuge ere pobe tu tumugui awara okwai, tumeardui Jesus kodui nono du keje, ekudugodure, egore: - Cegimejera, Davi onaregedu, akogududo cedabo!		
BOR-CORBO-BM-MAT-020-031	MATEUS	MAT	20	31	Mare nowu boe makareuge emago okorire ei emago kaiagu. Du tabore icare ere tugudu raka remawudo: - Cegimejera, Davi Onaregedu, akogududo cedabo!		
BOR-CORBO-BM-MAT-020-032	MATEUS	MAT	20	32	Icare Jesu ure tuwuredo, makore etae, unoragodure ei, akore: - Kaboba tagaidure irowo ji tagai?		
BOR-CORBO-BM-MAT-020-033	MATEUS	MAT	20	33	Egore: - Cegimejera, ceeku uwo tuiado du bogai.		
BOR-CORBO-BM-MAT-020-034	MATEUS	MAT	20	34	Icare Jesus okudure ebo, ure tugera jetudo eeku kajeje. Du inodu tonaji kuri je, eeku ure tuiado poku, du kejere ekodure apo.		
BOR-CORBO-BM-MAT-021-HEAD-001	MATEUS	MAT	21		Jesus ui turemo Jerusalém bakurireu todu.		Cabeçalho/subtítulo editorial da fonte.
BOR-CORBO-BM-MAT-021-001	MATEUS	MAT	21	1	Jesus ure tuburedo Jerusalemji nowu ture jorduwadowuge ebo. Icai taregodui babuturogu iei Betfajé mugui Oliveira kejewu aoporu puredu tu je du kae du keje, Jesus makore ia ture jorduwadoge ei pobe tu je duji, akore ei: -		
BOR-CORBO-BM-MAT-021-002	MATEUS	MAT	21	2	Tadudo bakurireu rogu mugui tu padogi du kae. Nono taerdumode ia jumento rogu okwa iku kogui tu nono duji, onaregedurogu rakojere tu apo. Okwa iku kiwuje, mato ebo itae.		
BOR-CORBO-BM-MAT-021-003	MATEUS	MAT	21	3	Iaboe emagomode tai du keje, tamagodo ei: - Cegimejera aidure ei jao; raimodukare umode emagu tu tuibagi pugeje.		
BOR-CORBO-BM-MAT-021-004	MATEUS	MAT	21	4	Oino du tabore boe kodure profeta bataru reore:		
BOR-CORBO-BM-MAT-021-005	MATEUS	MAT	21	5	"""Tamagomode Sião tadawu areduji: Ica, icare akimejera aregodumode akae tubemega tabo, tumugui ia jumento rogu, jumenta onaregedu keje du tabo” (Zaq 9,9)."		
BOR-CORBO-BM-MAT-021-006	MATEUS	MAT	21	6	Cewu Jesus ure jorduwadowuge eture, erore nono ui turoiagudu reore rugadu.		
BOR-CORBO-BM-MAT-021-007	MATEUS	MAT	21	7	Etaregodure jumenta apo, onaregedu rogu apo, ere tugudae bu bukeje, ere Jesus udo tumugudo keje.		
BOR-CORBO-BM-MAT-021-008	MATEUS	MAT	21	8	Du kodi icare makareu boe ere tugudae baado awaraji otodai, ere ipo, iwara, itura boe kado, ere roto ja ja awaraji jamedu.		
BOR-CORBO-BM-MAT-021-009	MATEUS	MAT	21	9	Cewu boe makareuge ekodure otodaiwuge, ekodure rekodajiwuge enoiogwarire, egore: -Hosanado Davi Onaregeduji, cewu akaru meririreu aregodui Pao ie tabodu, paegarewo ji toro baruto.		
BOR-CORBO-BM-MAT-021-010	MATEUS	MAT	21	10	Jesus ui turemo Jerusalém to du keje, nowu bakurireu tadawuge erore toku, ekodo jice, ekodo woje, tunora tabo pui: - Kakoduwubao?		
BOR-CORBO-BM-MAT-021-011	MATEUS	MAT	21	11	"Makareuge egore: - Jesus reno! Galiléia kejewu bakurireu rogu iei Nazaré cedu pijiwu profeta reno.
Jesus ui ure akirodo Pao uwai tadawuge ewarigu baawadu kaedu."		
BOR-CORBO-BM-MAT-021-012	MATEUS	MAT	21	12	Jesus ure turemo Pao uwai kurireuto, du kejere jeture pa! boe eroi akiró tabo puai Pao uwai tada duji. Kodi icare ure ewarigu baawadu kae; kodi icare ure nowu roinowuge emuga ira boe butudo.		
BOR-CORBO-BM-MAT-021-013	MATEUS	MAT	21	13	Akore ei: - Bapera atugo batarure oino tabaru tabodu: “Iwaire boe enogwamagudu epa rema, dure icare tare arodureuge, okwarigudureuge eiarido ema“ (Jer 7,11).		
BOR-CORBO-BM-MAT-021-014	MATEUS	MAT	21	14	Du keje icare, joku bokwareuge, pogora meioreuge etaregodure ae, ure epemegago.		
BOR-CORBO-BM-MAT-021-015	MATEUS	MAT	21	15	Du tabore icare baire eimejerage, escribadoge, ekorigodu kuricigore, taiwoi nowu ro pemegareu kurireu boeji, tumeardui boe etore enoiogwarii Pao uwai tada eegoi: “Paegarewo Davi Onaregeduji” inoduji du tabo.		
BOR-CORBO-BM-MAT-021-016	MATEUS	MAT	21	16	Icare egore Jesusji: - Ameardure egoinoduji? Jesus akore: - U! Imeardu pemegare. Tamago tamagokare bapera atugo akoi: “Nege kugure, boe etore kugure eedui tujemage etodojiwuge eiabijiwuge eigoiare ere akurido” (Sl 8,3) inodu jituji?		
BOR-CORBO-BM-MAT-021-017	MATEUS	MAT	21	17	"Nowu inodu kjere icare uture epiji, uture bakurireu piji, turagojewo ia bakurireu rogu iei Betânia cedu keje.
Jesus jordui ia figueira i jidu."		
BOR-CORBO-BM-MAT-021-018	MATEUS	MAT	21	18	Barogwato, meri togi, tui tugirimi bakurireuto pugeje du keje, Jesus uke boire ji.		
BOR-CORBO-BM-MAT-021-019	MATEUS	MAT	21	19	Tuiordui ia figueira iji awara okwai du keje, ure tuburedo ji, mare jordukare tuduji: aru rugadure ure tu je. Du kodi icare akore nowu figueira iji: - Atudumodukare jii rugadu.		
BOR-CORBO-BM-MAT-021-020	MATEUS	MAT	21	20	Kuri je, nowu figueira i bire. Tuiordui nowu inodu jitu keje, ure jorduwadowuge epagudugodure, egore: - U! Icare awu figueira bire taci je!		
BOR-CORBO-BM-MAT-021-021	MATEUS	MAT	21	21	Icare Jesus akore: - Boe jokodu jire imode awadudo tai: Tameartoru remawumode ma, taromodukare awu inoduji tu je, mare jamedu tagagomode awu toriraireuji: akorodo oino toro pobo maereuto, du kejere nowu inodu umode ino rugadu.		
BOR-CORBO-BM-MAT-021-022	MATEUS	MAT	21	22	"Tagogwamagudumode du keje, tagogwamagudure bogaiboe jamedu boe makudumode tagai.
Jesus ro raka."		
BOR-CORBO-BM-MAT-021-023	MATEUS	MAT	21	23	"Jesus uture jice Pao uwai kae pugeje. Tui boe eerduwado nowu Pao uwai tada du tonaji, baire eimejerage, boe kuridoge, codudoge, ere tuburedo ji, egore ji: -
Kakoduboe koiaba ure arodo ino? Ioguduba koiaba ure aroiagu ino?"		
BOR-CORBO-BM-MAT-021-024	MATEUS	MAT	21	24	Jesus akore ei: - Inorawo tai jamedu ka: Tamode tagogiegi ji ma, du kejere imode tawie kakoduboe koiaba ure irojino.		
BOR-CORBO-BM-MAT-021-025	MATEUS	MAT	21	25	Tamagodo ii: Kaba ro raka koiaba João Batista ure boe etaopegodo? Pao Aroe Eimejera ro raka koia kana? Iarema ime ero raka koia na?  Du kejere ere tumeardae kado kado boeji, egore: - Pamagomode Pao Aroe Eimejera ro raka koiaie, ino ma, akomode: Kode kodiba tameartorukare ji?		
BOR-CORBO-BM-MAT-021-026	MATEUS	MAT	21	26	Pagagomode ime eigoiaie, ino ma, pabagudumode boe makareugece, mare paga karega, boe eiamedu boere emeartorure profetaie ure Joãoce duji.		
BOR-CORBO-BM-MAT-021-027	MATEUS	MAT	21	27	"Du icare egore Jesusji: - Ceerduwakare!  Icare Jesus akore: - Kode, imi jamedu imodukare tawie kaba koiaba ure irodo inoduji jamedu.
Boe etore ei pobedu."		
BOR-CORBO-BM-MAT-021-028	MATEUS	MAT	21	28	Du kodi icare Jesus akore ei pugeje: - Inoba tameardaemode? Ia imedu orere pobe. Tumagoi boetojiwu ae du tabo, akore ji: Imedu, toro, amaragoduwo ino boepa tada awuji.		
BOR-CORBO-BM-MAT-021-029	MATEUS	MAT	21	29	Du tabore cewu onaregedu akore ji: Boro. Itaiduka. Mare kuri je inodu korire ji, kodi icare uture rugadu, tumaragoduwo tuo boepa tada.		
BOR-CORBO-BM-MAT-021-030	MATEUS	MAT	21	30	Du tabore icare cewu ipare etuo makore ia tonaregedu ae, akore ji nono tago magai ia jitu reore. Icare nowu onaregedu rekodajiwu akore: U, ioga. Mare utukare rugadu.		
BOR-CORBO-BM-MAT-021-031	MATEUS	MAT	21	31	Kakoduwu ia emageba rore nono tuo aidu reore?. Egore: - Boetojiwu. Icare Jesus akore ei: - Boe remawu jire inagomode oino tai: Ropegareuge, ropegareu areme etaregodumode baruto tagoda piji.		
BOR-CORBO-BM-MAT-021-032	MATEUS	MAT	21	32	"Paga karega, João aregodure tagae awara jetororeu tabo, mare tameartorukare ji. Mare ro pegareuge, ropegareu areme emeartorure ji. Tagi taerdure inoduji, mare takare tabemegado tameartoruwo ji.
,,Boepa tadawu ime pegareuge."		
BOR-CORBO-BM-MAT-021-033	MATEUS	MAT	21	33	Jesus akore ei pugeje: - Tawiapagado ia bakaruji pugeje ka: ia boe etuo ure ia boepa bu, ure tori aiado tabo, ure ia pobo aia mugudo tada, ure ia bairaireu towuje keje. Tui maku ia jetumode jiwuge etai, du kejere, uture nowu moto piji.		
BOR-CORBO-BM-MAT-021-034	MATEUS	MAT	21	34	Icai boe aregodui boewo tugeragu nowu boepa tadaboe jitu du keje, ure ia tudugarege etudo toro nowu jeture boepa jiwuge etae, ewo tugeragu nowu boepa tadaboeji.		
BOR-CORBO-BM-MAT-021-035	MATEUS	MAT	21	35	Mare nowu jeture nowu boepa jiwuge, ere tubodo nowu utugarege ebo, ere boe to iato, ere ia bito, iage ere tori to ei.		
BOR-CORBO-BM-MAT-021-036	MATEUS	MAT	21	36	Boekare, ure iage emagodo toro cewuge ekori pugeje. Erore nono turo magai cewuiage ei du reore jamedu.		
BOR-CORBO-BM-MAT-021-037	MATEUS	MAT	21	37	Icarema, tonaregedu remawure icare ure utudo toro pugeje, tagoi: Awu itonaregedu jire eromodukare ia turo.		
BOR-CORBO-BM-MAT-021-038	MATEUS	MAT	21	38	Mare nowu jeture nowu boepa jiwuge, tuiordui onaregedu jitu keje, egore pui: Ica, awu aire uo oe makudumode ai; pawo bito, pagiwo pagoere nowu oemode emaboece.		
BOR-CORBO-BM-MAT-021-039	MATEUS	MAT	21	39	Icare ere tubodo apo, ere tawuje boepa piji, icare ere bito.		
BOR-CORBO-BM-MAT-021-040	MATEUS	MAT	21	40	Kode, nowu ore nowu boepa cewu, ui tugirimi du keje, inoba romode nowu jeture nowu boepa jiwugei?		
BOR-CORBO-BM-MAT-021-041	MATEUS	MAT	21	41	Egore: - Umode nowu meridoge  Aroe pegareuge ewidodudo togudu bokwa tabo, du keje umode iage eto ji pugeje, duwuge emode nowu boepa tadaboe makai boe aregodui pudae du keje.		
BOR-CORBO-BM-MAT-021-042	MATEUS	MAT	21	42	Icare Jesus akore ei: - Tamagokare bapera atugo akoi: “Ure bai mugudo tori tabowuge ere pijidowu tori icare ema remawure ema pugeje. Pagimejera maragodae rema du jire paebogodure ji”?		
BOR-CORBO-BM-MAT-021-043	MATEUS	MAT	21	43	Du kodire imagomode oino tai: boe pemegareu baru tadawu arududodumode tabiji, makudumode iaboe etai, nowuge eigoiare emode kurodureboe tawuje piji pugeje du koia.		
BOR-CORBO-BM-MAT-021-044	MATEUS	MAT	21	44	Buture awu tori kejewu romode ja... rito nowu ri buture kejewu begugwamode ri kuda.		
BOR-CORBO-BM-MAT-021-045	MATEUS	MAT	21	45	Baire eimejerage, fariseudoge emeardure nowu inoduji, ere boe pawuje pudui raboduie Jesus akoinoduji.		
BOR-CORBO-BM-MAT-021-046	MATEUS	MAT	21	46	Eemarure tuwo tugeragu ji, mare epagudure boece, emeardure profetaie ema kodi.		
BOR-CORBO-BM-MAT-022-HEAD-001	MATEUS	MAT	22		Boe ekera makudui puaidu kodiwu boe enogwage.		Cabeçalho/subtítulo editorial da fonte.
BOR-CORBO-BM-MAT-022-001	MATEUS	MAT	22	1	Jesus makore boei pugeje ia bakaru tabo pugeje, akore: -		
BOR-CORBO-BM-MAT-022-002	MATEUS	MAT	22	2	Boe pemegareu kejeboe ure nono ia brae eimejera awu moto kejewu ui tonaregedu uwiredo du reore.		
BOR-CORBO-BM-MAT-022-003	MATEUS	MAT	22	3	Du makore tudugaregei emagowo ture bakarudo jiwuge ewogai. Mare etaidukare tuduwo bataru jipagi.		
BOR-CORBO-BM-MAT-022-004	MATEUS	MAT	22	4	Du kejere, ure iage etudo pugeje, tagoi ei oino du tabo: Tamagodo ire bakarudo jiwugei: inagu tapiradoge, inagu jugoreuge ewararu kuricigoi dure ire ewido. Boe jamedu boere turugadu, mato peta kae.		
BOR-CORBO-BM-MAT-022-005	MATEUS	MAT	22	5	Mare boekare, ekare tuwiapagado nowu akoinoduji. Iage eture to boepato, iage eture ia turo kae.		
BOR-CORBO-BM-MAT-022-006	MATEUS	MAT	22	6	Iage ere tubodo nowu utugarege ebo, emago pegare ei, etokire ei, ere ewido.		
BOR-CORBO-BM-MAT-022-007	MATEUS	MAT	22	7	Nowu brae eimejera, tumeardui nowu inodu jitu keje, korigodu kuricigore, ure to tugobaigarege etudo toro ewo cewu pegareuge ewido, ewo joru tugu nowu eno bakurireuto.		
BOR-CORBO-BM-MAT-022-008	MATEUS	MAT	22	8	Du kejere makore nowu tudugaregei, akore: Petare turugadu, mare ire bakarudo jiwuge ekare turugadu ji.		
BOR-CORBO-BM-MAT-022-009	MATEUS	MAT	22	9	Tadudo awara padui pugajejedu boe kae, bakarudo tu tu taerdumode jiwuge eiameduji etuwo mato peta kae.		
BOR-CORBO-BM-MAT-022-010	MATEUS	MAT	22	10	Ere taodo toro awara boeji, ere tuiordure jiwuge eiamedu boe ere tudo pui, pegareuge, pemegareuge. Du kodi icare boe enogwagemode tadawu bai kurireu okorobadure bakarudodure jiwuge ebo.		
BOR-CORBO-BM-MAT-022-011	MATEUS	MAT	22	11	Nowu brae eimejera ure turemo tuiorduwo ei. Du tabore icare jordure ia imedu ukai tugudae pemegareu tugu pudui duji.		
BOR-CORBO-BM-MAT-022-012	MATEUS	MAT	22	12	Icare unoragodure ji: Imedu, kodiba are aremo woe akadui peta kejewu akudae tugu ai du tabo? Boekare, nowu imedu akokare ia tago.		
BOR-CORBO-BM-MAT-022-013	MATEUS	MAT	22	13	Icare nowu brae eimejera makore tudugaregei, akore ei: Tageragu ji, buregogudo, ieragogudo, barigu toro baawadu kae, boecoreuto, nono boe eto akomode do do do do do pui nono.		
BOR-CORBO-BM-MAT-022-014	MATEUS	MAT	22	14	"Mare paga karega, bakarudodure jiwuge emagaguragare, mare tawujedure epijiwuge enowarore tu je.
Boe enoroe mori makudui César aidu."		
BOR-CORBO-BM-MAT-022-015	MATEUS	MAT	22	15	Du kejere icare fariseudoge ere tudo pui emagore pui inoba turomode tuwo tugeragu Jesusji jepaga inoduji ia bataru boe keje.		
BOR-CORBO-BM-MAT-022-016	MATEUS	MAT	22	16	Du kejere icare ere ture jorduwadowuge etudo toro, Herodes jaogwaiwuge ebo, enorawo Jesusji, emagowo ji: - Cegimejera, ceerduware akie amagore boe rikireuji, akie are boe eerduwado Pao aewu awaraji boe jokodu, boe remawu tabo, apagudu kai boece du tabo. Mare paga karega, akaiwokare boe eeji du kodi.		
BOR-CORBO-BM-MAT-022-017	MATEUS	MAT	22	17	Kode, amagodo cei ka: Inoba ure aegai: umode turugadu boewo toroe mori maku César ai, iarema umodukare turugadu?		
BOR-CORBO-BM-MAT-022-018	MATEUS	MAT	22	18	Icare Jesus, tui emeardae pawuje du keje, akore: - Kodiba tagago kogadodure ii, ro biadodureuge?		
BOR-CORBO-BM-MAT-022-019	MATEUS	MAT	22	19	Iordudo tare maku maku César aiwu meririji ka!  Icare ere iado mito tu je ai.		
BOR-CORBO-BM-MAT-022-020	MATEUS	MAT	22	20	Icare Jesus unorare ei: - Ioguduba padure awu meriri keje, awu tuwadaru tabo?		
BOR-CORBO-BM-MAT-022-021	MATEUS	MAT	22	21	Egore: - César reno! Du kodi icare Jesus akore ei: - Kode, César jeonare jiboe maku César ai. Pao jeonare jiboe maku Pao ai jamedu.		
BOR-CORBO-BM-MAT-022-022	MATEUS	MAT	22	22	"Eebogodure nowu akoinoduji, ekare tagokogado ji pugeje, eture piji.
Boe enorai Jesusji boe eewodu jiboe jitu."		
BOR-CORBO-BM-MAT-022-023	MATEUS	MAT	22	23	Nowu meri mitoduji, saduceudoge, duwugere egore boe eewodumodukae, enoragodure Jesusji.		
BOR-CORBO-BM-MAT-022-024	MATEUS	MAT	22	24	Egore: - Cegimejera, Moisés akore: “Ia imedu bimode tore bokwa tabo du keje, oreduje mugumode uwie apo, oinodu tabo oremode” (Deut 25,5).		
BOR-CORBO-BM-MAT-022-025	MATEUS	MAT	22	25	Aro! Umanamagere ikera awubodure pobe taci ikera awubowutodu reore. Boetojiwu uwiredodure, icarema bokware. Mare ore bokware, ure toreduje muguiagu tuwie apo.		
BOR-CORBO-BM-MAT-022-026	MATEUS	MAT	22	26	Rekodajiwu ure ino jamedu; ia rekodajiwu ure ino pugeje jamedu. Oinore ure ino jii eiamedu boeji.		
BOR-CORBO-BM-MAT-022-027	MATEUS	MAT	22	27	Du kejere icare cewu aredu bokware jamedu.		
BOR-CORBO-BM-MAT-022-028	MATEUS	MAT	22	28	Ica, eewodu keje, kakoduwuba oredujemode cewu aredu? Mare paga karega, eiamedu mugure apo.		
BOR-CORBO-BM-MAT-022-029	MATEUS	MAT	22	29	Jesus akore ei: - Tawogware boeto, takare bapera atugo pawuje. Takare Pao ro raka pawuje jamedu.		
BOR-CORBO-BM-MAT-022-030	MATEUS	MAT	22	30	Ica: Boe eewodu keje, ime etuwiremoduka, areme etugogemodukare jamedu, mare erumode nono Pao o tupadoge pemegareugere baru tada.		
BOR-CORBO-BM-MAT-022-031	MATEUS	MAT	22	31	Kode, nowu boe eewodumodedu, tamagokare bapera atugoji: 32”Abração aiwu Aroe Eimejera nure imi, Isaac aiwu Aroe Eimejera nure imi, Jacó aiwu Aroe Eimejera nure imi” (Ex 3,6)? Aró, kode, bireuge etaiwu Aroe Eimejera karega, mare jereuge etaiwu Aroe Eimejera nure ema.		
BOR-CORBO-BM-MAT-022-033	MATEUS	MAT	22	33	"Tumeardui awu bataru jitu keje, boe eebogodu kuricigore.
Boe eroiagudu ema remawu."		
BOR-CORBO-BM-MAT-022-034	MATEUS	MAT	22	34	Fariseudog ei boe pa Jesus ui saduceudoge ekeru kadodu jitu keje, ere tudo pui.		
BOR-CORBO-BM-MAT-022-035	MATEUS	MAT	22	35	Du kejere ia emage ia jorduwareu unoragodure Jesusji toebato du tabo ji, akore: -		
BOR-CORBO-BM-MAT-022-036	MATEUS	MAT	22	36	Cegimejera, Kakoduwu Pao o boe eroiagudu ema remawu rema?		
BOR-CORBO-BM-MAT-022-037	MATEUS	MAT	22	37	Jesus akore: - Ameardu kurido Pao Aroe Eimejeraji awabo jamedu tabo, akaroe jamedu tabo, ameardae jamedu tabo” (Deut 6,5).		
BOR-CORBO-BM-MAT-022-038	MATEUS	MAT	22	38	Awure Pao o boe eroiagudu ema remawu boetojiwu rema.		
BOR-CORBO-BM-MAT-022-039	MATEUS	MAT	22	39	Rekodajiwu ure nono boetojiwu reore: “Ameardu kurimode ameduiaji nono ameardu kuri magai ai du reore” (Lev 19,18).		
BOR-CORBO-BM-MAT-022-040	MATEUS	MAT	22	40	"Awu Pao batarui pobe oinodu boe eroiagudu jamedu boe ure to pui nono.
Jesus unorai boei Messias jiboe jitu."		
BOR-CORBO-BM-MAT-022-041	MATEUS	MAT	22	41	Fariseudoge ere tudo pui. Du kejere icare Jesus unoragodure ei, akore ei: -		
BOR-CORBO-BM-MAT-022-042	MATEUS	MAT	22	42	Inoba tameardaere Messiasji? Ioguduba onaregeduba? Egore: - Davi Onaregedu.		
BOR-CORBO-BM-MAT-022-043	MATEUS	MAT	22	43	Jesus makore pugeje, akore: - Kode, kodiba Davi, tumagoi Aroe Pemegareu koia, akore: 44”Pagimejera akore ikimejeraji: Amugudo ikana pemegereu jaogwai jii, ii onare aiwuge ewu awure kuda du kae” (Sl 109,1)?		
BOR-CORBO-BM-MAT-022-045	MATEUS	MAT	22	45	Kode, Davi akore tugimejeraie, kode, kodiba icare onaregedumode ema?		
BOR-CORBO-BM-MAT-022-046	MATEUS	MAT	22	46	Ia emagokare ia pubiji ia pubiji. Nowu inodu piji pugejere icare ekidakare tumagowo ji pugeje.		
BOR-CORBO-BM-MAT-023-HEAD-001	MATEUS	MAT	23		Jesus okituwai fariseudogei, escribadogei.		Cabeçalho/subtítulo editorial da fonte.
BOR-CORBO-BM-MAT-023-001	MATEUS	MAT	23	1	Jesus ure turodo pai nowu boe makareuge mare nowu ture jorduwadowuge ewugeje, du kejere akore: -		
BOR-CORBO-BM-MAT-023-002	MATEUS	MAT	23	2	Escribadoge, fariseudoge ere tumugudo Moisés muga keje tuwo boe eroiagudu kogado du bogai.		
BOR-CORBO-BM-MAT-023-003	MATEUS	MAT	23	3	Tarodo nono ewadaru jamedu reore; mare taro kaba nono ero magadu reore; mare paga karega, emagore mare erokare ino.		
BOR-CORBO-BM-MAT-023-004	MATEUS	MAT	23	4	Ere boe motudureu udo turugadu tuwo bu ime eporu keje, mare emagerema etaidukare tuwo tugera amagadudo nowu motudureboeji.		
BOR-CORBO-BM-MAT-023-005	MATEUS	MAT	23	5	Ere turodo tagodo boe eerduwo du bogai, ere aroia arudugodureu kuru kurureu bu tuwugeje ia raire, ia boa kurire tugajeje.		
BOR-CORBO-BM-MAT-023-006	MATEUS	MAT	23	6	Etaidure boe emuga boetojiwuji boe enogwage keje, Sinagoga keje jamedu.		
BOR-CORBO-BM-MAT-023-007	MATEUS	MAT	23	7	Etaidure boewo tugurido pudui ba oiagi. Etaidure boe egowo tugimejeraie ure pudumi.		
BOR-CORBO-BM-MAT-023-008	MATEUS	MAT	23	8	Mare tagi, tagaba boe egodo tugimejeraie ure tagi; mare paga karega, tagimejerare mito tu je; tamanamage, tawiemage nure puje.		
BOR-CORBO-BM-MAT-023-009	MATEUS	MAT	23	9	Tagaba taomagedo iaboece iaboece woe moto keje, mare paga karega, taore mito tu je: cewu mugure baru tadawu.		
BOR-CORBO-BM-MAT-023-010	MATEUS	MAT	23	10	Jamedu, tagaba boe egodo tugimejeraie ure tagi, mare paga karega, tagimejerare mito tu je, dure Cristo rema.		
BOR-CORBO-BM-MAT-023-011	MATEUS	MAT	23	11	Cewu kurire tadodawu, romode duku tumedage ekuda.		
BOR-CORBO-BM-MAT-023-012	MATEUS	MAT	23	12	Cewu ure tuwiegatoridowu, kurimode tumedage ekori.		
BOR-CORBO-BM-MAT-023-013	MATEUS	MAT	23	13	Escribadoge, fariseudoge, ro biadodureuge, tajeba pado tadogi. Tare baru tadawu boe pemegareu baiporo mi ime etai, tagi rugadure tamodukare taremo to.		
BOR-CORBO-BM-MAT-023-014	MATEUS	MAT	23	14	Escribadoge, fariseudoge, ro biadodureuge, tajeba pado tadogi. Tagire tare ukoge okware pijiwuge enoroe akedudo, tai tagogwa kuridodu raicigodo taiaki du tabo, kodire awu taro mori pega kuricigomode tagai.		
BOR-CORBO-BM-MAT-023-015	MATEUS	MAT	23	15	Escribadoge, fariseudoge, ro biadodureuge, tajeba pado tadogi. Tare tagaiwodo motoji, pobo maereuji, tawo ia boe etaru tagai du bogai, du kejere tare jeonare joru jiwudo ema pobe tagori.		
BOR-CORBO-BM-MAT-023-016	MATEUS	MAT	23	16	Joku bokwareuge etododaiwuge, tajeba pado tadogi. Tagagore: Iaboe emode togwa tugu Pao uwai ie tabo ma, nowu inodu boe karega, mare umode togwatugu Pao uwai tadaboe tabo ma, nowu akoinowu romode ino rugadu.		
BOR-CORBO-BM-MAT-023-017	MATEUS	MAT	23	17	Matadure turo towuge, joku bokwareuge! Kode, kakoduwuba ema remawu: meriri ekureuna? iarema Pao uwai, koiare ure meriri ekureu motududo pudui du rema?		
BOR-CORBO-BM-MAT-023-018	MATEUS	MAT	23	18	Tagagore jamedu: - Iaboe emode togwatugu altar ie tabo, nowu inodu boe karega, mare iaboe emode togwatugu ia mori padui keje du tabo ma, romode ino rugadu.		
BOR-CORBO-BM-MAT-023-019	MATEUS	MAT	23	19	Joku bokwareuge! Kode, kakoduwuba emaremawu rema: boei mori makudu na? iarema altar koiare ure mori motududo pudui du rema?		
BOR-CORBO-BM-MAT-023-020	MATEUS	MAT	23	20	Cewu ure togwatugu altar ie tabowu, jamedu unure togwatugu padure bukajejeboe jamedu boe tabo jamedu.		
BOR-CORBO-BM-MAT-023-021	MATEUS	MAT	23	21	Cewu ure togwatugu Pao uwai ie tabowu, unure togwatugu nowu mugure tadaboe ie tabo jamedu.		
BOR-CORBO-BM-MAT-023-022	MATEUS	MAT	23	22	Cewu ure togwatugu baru towu, unure togwatugu Pao muga kae, mugure kejeboeji jamedu.		
BOR-CORBO-BM-MAT-023-023	MATEUS	MAT	23	23	Escribadoge, fariseudoge, ro biadodureuge, tajeba pado tadogi. Tanure tawiapagado barigodureu bakaruji, mare tanure bakaru kurireu barigududo pudui du jire taroino. Boe jetororeu, boe enogudureu, boe eroi tuwadaru jitudu, oinore taromode boetoji, mare takai nowu ia barigududo pudui du tabo.		
BOR-CORBO-BM-MAT-023-024	MATEUS	MAT	23	24	Kodure joku bokwareuge etododaiwuge, tare migimigidoge ewarigu tagogwa piji, icarema tawo camelo remo rabodu.		
BOR-CORBO-BM-MAT-023-025	MATEUS	MAT	23	25	Escribadoge, fariseudoge, ro biadodureuge, tajeba pado tadogi. Tare ariarogu uporu kabi, tare prato uporu kabi, tagirema tagogorobadure tagiwogae tabo, tagarodudae tabo, tagogwarigodae tabo.		
BOR-CORBO-BM-MAT-023-026	MATEUS	MAT	23	26	Fariseu joku bokwareu, aria, prato oto kabi boetoji duwo uporu kabidure jamedu.		
BOR-CORBO-BM-MAT-023-027	MATEUS	MAT	23	27	Escribadoge, fariseudoge, ro biadodureuge, tajeba padure tadogi. Tare nono bireboe eiaro uporu kigadu reore. Uporu moture mare toro tada korobadure boe era tabo, boe ewi tabo, boe padui pumekejedu boe tabo.		
BOR-CORBO-BM-MAT-023-028	MATEUS	MAT	23	28	Oinore tare jamedu. Tabemegareu padure tu tawiri uporu keje boe eegai mare tadoda tagogorobadure tai boe pagadodudo tagi du tabo, tabegareu tabo.		
BOR-CORBO-BM-MAT-023-029	MATEUS	MAT	23	29	Escribadoge, fariseudoge, ro biadodureuge, tajeba padure tadogi. Tare profetadoge eiari to, tare jetororeuge eiaro motudo.		
BOR-CORBO-BM-MAT-023-030	MATEUS	MAT	23	30	Tagagore: - Paeia tu paomage etonaji, pamodukare pagera rorogodudo profetadoge eku tabo nono ereore.		
BOR-CORBO-BM-MAT-023-031	MATEUS	MAT	23	31	Nowu inodu tabo tanure tagogiegi tai tagaobiji tagagoi nowu ure biodo profetadoge eiwuge etoreie ure tagiduji.		
BOR-CORBO-BM-MAT-023-032	MATEUS	MAT	23	32	Kode, tagogorawo taomage ero reore du tabo.		
BOR-CORBO-BM-MAT-023-033	MATEUS	MAT	23	33	Okorireu awague etore. Inoba taromode tawo taginorudo joru piji?		
BOR-CORBO-BM-MAT-023-034	MATEUS	MAT	23	34	Tagado, imode profetadoge, jorduareuge etarego tawogai. Tamode ewido. Tamode iage ewu i keje, tamode boe to iagei tago sinagoga keje. Tabadumode ewugeje jice woje jice woje bakurireu boe kao.		
BOR-CORBO-BM-MAT-023-035	MATEUS	MAT	23	35	Kodire bitodure paga tu jewu boe eku butumode tawugeje, paru padure Abel ku keje jii Barakia onaregedu iei Zacaria cedu kae, cewu tare bito Pao uwai, altar enoiei.		
BOR-CORBO-BM-MAT-023-036	MATEUS	MAT	23	36	"Boe jokodu jire inagomode oino tai: nowu boe pegareu jamedu boe aregodumode awu boe etuwoboe oinowuto.
Jesus meardu kurii Jerusalém jitu."		
BOR-CORBO-BM-MAT-023-037	MATEUS	MAT	23	37	Du kejere Jesus akore: - Jerusalém tadawuge, Jerusalém tadawuge! Tagire tare profetadoge ewido, tagimogudure tori tabo cewu rojaidodure tagaewugei. Itaidu maeia iwo tado pui itabo, nono kogariga magai tore kugure eto pui cigodu kuda du reore, mare tagaidukare.		
BOR-CORBO-BM-MAT-023-038	MATEUS	MAT	23	38	Kode, ica, taeda bioromode tawogai.		
BOR-CORBO-BM-MAT-023-039	MATEUS	MAT	23	39	Mare paga karega, taerdumodukare ii pugeje jii tamagoi ii: Aregodure Pao ie tabowu akaru pemegawo! oino du kae.		
BOR-CORBO-BM-MAT-024-HEAD-001	MATEUS	MAT	24		Jesus makoi boe pegamoduie Pao uwai jitu duji.		Cabeçalho/subtítulo editorial da fonte.
BOR-CORBO-BM-MAT-024-001	MATEUS	MAT	24	1	Jesus ure tuiebu Pao uwai piji, du kejere icare ure jorduwadowuge ere tuburedo ji, ere jordudo cewu bai kurireuge emoduji.		
BOR-CORBO-BM-MAT-024-002	MATEUS	MAT	24	2	"Mare Jesus akore ei: - Taerdure awu baikurireugei. Boe jokodu jire inagomode oino tai: woe awu tori padumodukare puaogeje; boe jamedu boe pegadodumode. 
Boe ekori, boe etonai puidu."		
BOR-CORBO-BM-MAT-024-003	MATEUS	MAT	24	3	Du kejere kodure jii tui tumugudo ia torekodu iei Oliveira cedu aogeje du kae; nowu ure jorduwadowuge ekodure ae, ere tuburedo ji, icai tuiedui tuginoigodu apo du keje, enoragodure ji, egore ji: - Inoba boemodedu kejeba awu inodu umode tudowuje? Inoba boemode ai akirimi du keje, boe akedu keje?		
BOR-CORBO-BM-MAT-024-004	MATEUS	MAT	24	4	Du kejere Jesus akore: - Taerdudo. Tagaba boedo taekuri pagado.		
BOR-CORBO-BM-MAT-024-005	MATEUS	MAT	24	5	Makareuge etaregodumode tagoi: “Imire Cristore imi”, oino du tabo, du tabore emode makareuge eekuri pagado.		
BOR-CORBO-BM-MAT-024-006	MATEUS	MAT	24	6	Tameardumode boe erugodui puiduji. Tameardu awadudo tai, nowu inodu ukawo tabagududo. Mare oto padumodukare roga.		
BOR-CORBO-BM-MAT-024-007	MATEUS	MAT	24	7	Boe eeda, moto padui boe ebodu, onagodumode pui, rugodumode puidu umode towadudo. Nowu inodu tonaji, boe eke boimode boei, jorubo pegareu umode jamedu, boe pega kuricigomode makaguragareu boe eeda joki.		
BOR-CORBO-BM-MAT-024-008	MATEUS	MAT	24	8	Nowu inodu jamedu boe, boe ekori paru reno.		
BOR-CORBO-BM-MAT-024-009	MATEUS	MAT	24	9	Icare tamagudumode boe pegareu jamedu kai, tawidodumode, kodu kagirire iiwuge ekodu kagirimode tai ikie koia, moto jamedu boe joki.		
BOR-CORBO-BM-MAT-024-010	MATEUS	MAT	24	10	Makareuge ewudumode, emode pu butudo, ekodu kagirimode pui jamedu.		
BOR-CORBO-BM-MAT-024-011	MATEUS	MAT	24	11	Emode profetadogedo pudumi paga tu je, du tabo emode makaguragareuge eekuri pagado.		
BOR-CORBO-BM-MAT-024-012	MATEUS	MAT	24	12	Boe pegareu umode taredo tao  kae, du koia makareuge enogudu eiagudu biegamode tu je.		
BOR-CORBO-BM-MAT-024-013	MATEUS	MAT	24	13	Mare nowu inodu tabo, cewu ure tudo tuku pudui jii oto kaewuge emode cinorudo.		
BOR-CORBO-BM-MAT-024-014	MATEUS	MAT	24	14	"Ica, Pao o boe pemegareu jiwu bakaru maiwu kuodumode moto jamedu boe joki uwo turugadu boe jokoduie pudumidu reore boe eiamedu jekai. Nowu inodu keje, boe aregodumode todo pa kae.
Boe ekori kuricigoreu."		
BOR-CORBO-BM-MAT-024-015	MATEUS	MAT	24	15	Jesus akore pugeje: - Taerdumode cewu profeta Daniel makore jiwu boe pegareu ui tumugudo Pao uwai tada du keje, makore awu bapera atugo jiwugere edo pawuje.		
BOR-CORBO-BM-MAT-024-016	MATEUS	MAT	24	16	Nowu inodu keje, mugure Judéia kejewuge eregodumode tori raireuto.		
BOR-CORBO-BM-MAT-024-017	MATEUS	MAT	24	17	Jeture bairaireuge etao gejewuge, ekaba turawuje tuwaito ia toroe boe bogai.		
BOR-CORBO-BM-MAT-024-018	MATEUS	MAT	24	18	Rakojere toro boe tadawuge etu kaba bato tuwo tugeragu ia tugudae boeji.		
BOR-CORBO-BM-MAT-024-019	MATEUS	MAT	24	19	Cewu kuiarureu areme, nowu ure tore enogwagiridowuge nowu kodiboe keje, marenarumode emage.		
BOR-CORBO-BM-MAT-024-020	MATEUS	MAT	24	20	Tamagodo tabaru keje, nowu inodu ukawo tudowuje butao  kao, biaku kao, sabadore jiwu meriji ukawo jamedu.		
BOR-CORBO-BM-MAT-024-021	MATEUS	MAT	24	21	Mare paga karega, nowu kodiwu boe ecebae pegareu kuricigomodedu boe eerdukare ji marigudu, boe etowujedu paru piji jii oino. Boe eerdumodukare inoduji pugeje.		
BOR-CORBO-BM-MAT-024-022	MATEUS	MAT	24	22	Nowu inodu umodukare tudowuje kuri je ma, boe emodukare cinorudo, mare pemegareuge eigoia, inodu umode tudowuje kuri je rugadu.		
BOR-CORBO-BM-MAT-024-023	MATEUS	MAT	24	23	Nowu kodiwu kodi iage egomode tai: - Ema reo! Cristo reo! iarema: - Ema rice! Ma, tameartoru kaba.		
BOR-CORBO-BM-MAT-024-024	MATEUS	MAT	24	24	Mare paga karega, ia boe pegareuge emode Cristodo pudumi paga tu je, emode profetadoge pagawugedo pudumi, du, emode turo kurireu towuje, tuwo makareuge eekuri pagado, pemegareuge jamedu, nowu inodu umode turugadu du keje.		
BOR-CORBO-BM-MAT-024-025	MATEUS	MAT	24	25	Tameardu awadudo tai, inure tawie ji, umode tudowujedu otodai.		
BOR-CORBO-BM-MAT-024-026	MATEUS	MAT	24	26	Kode, iaboe egomode: - Mato! Rakojere woje boe matadu tada. Mare tagaba tagorodo oino. Iarema egomode: - Rakojere jice tuwai keje. Mare tameartoru kaba.		
BOR-CORBO-BM-MAT-024-027	MATEUS	MAT	24	27	Mare paga karega, boe jeragudu magai meri rutu piji du urugu jomode boe jameduto jii meri butu kae, du reorere Imedu Onaregedu umode taregodu tabo.		
BOR-CORBO-BM-MAT-024-028	MATEUS	MAT	24	28	"Cewu iaboe bi padurewo keje pobureuge emode tudo pui.
Imedu Onaregedu aregodumodedu. -"		
BOR-CORBO-BM-MAT-024-029	MATEUS	MAT	24	29	Kuri nowu boe ekori pegareu akedumode du keje, meri joku comode, ari urugudumodukare, kuiejedoge ewudumode baru piji, baru tadawu ro rakareboe ewudumode jamedu.		
BOR-CORBO-BM-MAT-024-030	MATEUS	MAT	24	30	Icare Imedu Onaregedu aregodumodedu kodiboe umode towadudo. Boe eiamedu boe emode tugera to tumororaji. Eerdumode baru pijiwu boetugu aogeje Imedu Onaregedu aregodui turugu kuricigoreu tabo, turo rakaguragareu tabo duji.		
BOR-CORBO-BM-MAT-024-031	MATEUS	MAT	24	31	"Umode to tupadoge etarego togwa akoi meriri iworeu jitu tabo. Emode Pao Aroe Eimejera oge pemegareuge edo tudo pui baru paru jamedu boe piji.
Figueira i jiwu bakaru. -"		
BOR-CORBO-BM-MAT-024-032	MATEUS	MAT	24	32	Tawo boe pa awu inoduji, tagado ji kae: Awu figueira itura ricodu magai taru aka tabodu, ure tado boe pa butao oto puredugoduie ure duji.		
BOR-CORBO-BM-MAT-024-033	MATEUS	MAT	24	33	Du reorere taerdumode nowu inodu jamedu boe jitu kejere, taerduwamode Imedu Onaregedu puredugoduie ure baiporo kae duji.		
BOR-CORBO-BM-MAT-024-034	MATEUS	MAT	24	34	Boe jokodu jire inagomode oino tai: Oinowu boe ewimodukare awu inodu koda piji.		
BOR-CORBO-BM-MAT-024-035	MATEUS	MAT	24	35	"Baru, moto, akedumode, mare iwadarurema, okwamodukare.
Imedu Onaregedu aregodumode boe epagakai bogai du keje."		
BOR-CORBO-BM-MAT-024-036	MATEUS	MAT	24	36	Jesus akore ei jamedu: Boe eerduwakare nowu inodu umode tudowuje kejeboeji. Baru tadawu tupadoge eerduwakare ji jamedu, mare tu Pao jorduware ji mito tu je.		
BOR-CORBO-BM-MAT-024-037	MATEUS	MAT	24	37	Nono cewu Noé rakoje kimo tabodu reore, du reorere Imedu Onaregedu aregodumodedu kodiboe umode.		
BOR-CORBO-BM-MAT-024-038	MATEUS	MAT	24	38	Cewu butao maemodedu otodai, brae enogwagere, ekudure, ere tugogedo, ere tuwiredo, jii Noé ui turemo ika kurireuto du kae.		
BOR-CORBO-BM-MAT-024-039	MATEUS	MAT	24	39	Ime ekare pawuje jii nowu butao maereu aregodu kae, du koia ure eiamedu reko. Du reorere Imedu Onaregedu umode tugirimi kejewu kodiboe umode.		
BOR-CORBO-BM-MAT-024-040	MATEUS	MAT	24	40	Ia ime emode pobe boe tada ma, metuia rekodumode piji, metuia mugumode.		
BOR-CORBO-BM-MAT-024-041	MATEUS	MAT	24	41	Aremei pobedu tumaragodae kejedu, boe emode tugeragu iarodoji, iarodo pijidodumode.		
BOR-CORBO-BM-MAT-024-042	MATEUS	MAT	24	42	Tameardu awadudo tai, mare paga karega, taerduwakare inoba boemodedu kejeba Tagimejera aregodumode.		
BOR-CORBO-BM-MAT-024-043	MATEUS	MAT	24	43	Taerduwado awu inoduji: Ia boe etuo jorduwamode ia iwogu kigodureu aregodumoduie tuwai kae jiwu boecoji ma, oebatodumode tukawo udo tuwai rawuje.		
BOR-CORBO-BM-MAT-024-044	MATEUS	MAT	24	44	"Kodire, tagi jamedu, tado tarugadu, mare paga karega, Imedu Onaregedu aregodumode tameardaekare jiwu kodiboe keje.
Boe etugare pegareu mare ia pemegareu."		
BOR-CORBO-BM-MAT-024-045	MATEUS	MAT	24	45	Jesus akore jamedu: - Kode, kakoduwuba jetorogodumode tugumode turojiwu ia boe etugare, cewu tugimejerare jetudo ia tudugarege eidu tuwo enogwagedo togwagere tu tu jewo keje?		
BOR-CORBO-BM-MAT-024-046	MATEUS	MAT	24	46	Jiwo aidugirimode cewu boe etugare romode nono tugimejerai turoiagudu reore jii ui tugirimi du kae.		
BOR-CORBO-BM-MAT-024-047	MATEUS	MAT	24	47	Boe jokodu jire inagomode oino tai: umode rakojedo toroe pemegareu jamedu boe keje.		
BOR-CORBO-BM-MAT-024-048	MATEUS	MAT	24	48	Mare ia utugare pegareu akomode tudada:  49”Ikimejera aregodumodukare kuri je” du tabore umode boe to tumedagei, okwagemode, kudumode ure kuru tugu jetu puduiwuge ebo ma, 50nowu utugare eimejera aregodumode upagakare tuwogai jiwu meriji jepadumode taci je.		
BOR-CORBO-BM-MAT-024-051	MATEUS	MAT	24	51	Icare umode kado dogo dogo je, umode jebato ro biadodureuge ereore. Nono oragudureboemode, o akore do do do do do puiboe umode nono.		
BOR-CORBO-BM-MAT-025-HEAD-001	MATEUS	MAT	25		Nogware kugure ei pagera pudogiduredu. -		Cabeçalho/subtítulo editorial da fonte.
BOR-CORBO-BM-MAT-025-001	MATEUS	MAT	25	1	Kode, baru tadawu boe pemegareu umode nono nogware kugure ei ikera pudogidu reore, duwuge eridui mugumode tumedago apowu togi jorugu tabo du reore.		
BOR-CORBO-BM-MAT-025-002	MATEUS	MAT	25	2	Ure ikera awubodu reoreuge ekera kiarire, ikera awubodu reoreuge emedure tudada.		
BOR-CORBO-BM-MAT-025-003	MATEUS	MAT	25	3	Tui tugeragu jorugu ja jitu keje, nowu iera kiarireuge ekare jorugu kaguru reko pudabo.		
BOR-CORBO-BM-MAT-025-004	MATEUS	MAT	25	4	Cewu ure todogido puduiwuge ere jorugu kaguru ja towuje jorugu kaguru tabo to joru ja bogai.		
BOR-CORBO-BM-MAT-025-005	MATEUS	MAT	25	5	Nowu eridure togiwu aregodukai kuri je du koiare, nore kori butu onare eiamedu jokuto, boekarema, enudure rugadu.		
BOR-CORBO-BM-MAT-025-006	MATEUS	MAT	25	6	Mare boeco oia keje emeardure iaboe enoiogwariji: Inoie cewu uwiremodewu koduie jeto, kode toro togi.		
BOR-CORBO-BM-MAT-025-007	MATEUS	MAT	25	7	Nowu nogware eiamedure ere tugera pemegado cewu to joruguji.		
BOR-CORBO-BM-MAT-025-008	MATEUS	MAT	25	8	Cewu iera kiarireuge egore cewu meture tudadawugei, egore: Ia tago jorugu kaguru maku cenai, ceno jorugu bitugodu.		
BOR-CORBO-BM-MAT-025-009	MATEUS	MAT	25	9	Nowu meture tudadawuge egore: Boro! Umodukare turugadu cenai, tagai jamedu; kodire tadudo ure akirodo tabowuge etae tawo ia aru tagai.		
BOR-CORBO-BM-MAT-025-010	MATEUS	MAT	25	10	U! Kode, etui bogai du kejere uwiredodumodewu aregodure. Cewu ure tudo turugadowuge ere turemo apo petamodewo kae, baiporo mitodure eperagajeje.		
BOR-CORBO-BM-MAT-025-011	MATEUS	MAT	25	11	Gu rakatorure icare cewu iage etaregodure, egore: Cegimejera, cegimejera, baiporo jado cenai.		
BOR-CORBO-BM-MAT-025-012	MATEUS	MAT	25	12	Mare uwiredodureu akore: Boe rugadu jire inagore oino tai: iorduwakare tai!		
BOR-CORBO-BM-MAT-025-013	MATEUS	MAT	25	13	"Kode, tadugudo tai, taerduwakare kakoduwu merijiba, kakoduwu ia kodiboe jiba. 
Boe etugarege ei pobe ma jewu metuia bokwaredu. -"		
BOR-CORBO-BM-MAT-025-014	MATEUS	MAT	25	14	Jamedu, Pao o boe pemegareu ure nono ia imedu ui tuduiagu ia toro du otodai, ure tudugarege eto pui, ure toroe maku etai.		
BOR-CORBO-BM-MAT-025-015	MATEUS	MAT	25	15	Ia mitodu ai ure diierodo ikera awubodure, ia ai ure udo pobe, ia ai ure udo mito, eerduwa reore. Du kejere icare uture.		
BOR-CORBO-BM-MAT-025-016	MATEUS	MAT	25	16	Icare nowu ore ikera awubodureu ure akirodo kuri je, ure oroe oto tawuje gu todobiji ikera awubowuto pugeje.		
BOR-CORBO-BM-MAT-025-017	MATEUS	MAT	25	17	Du inodu reorere ore pobewu rore jamedu, ure ui pobedu oto tawuje gu iai pobe du kae pugeje.		
BOR-CORBO-BM-MAT-025-018	MATEUS	MAT	25	18	Mare cewu ore mito tu jewu uwaigodure mototo, ure cewu tugimejera o diiero biado mototo.		
BOR-CORBO-BM-MAT-025-019	MATEUS	MAT	25	19	Boe raicigore du kejere, cewu utugarege eimejera ure tugirimi, du kejere makore ei emaragodaemode du bogai.		
BOR-CORBO-BM-MAT-025-020	MATEUS	MAT	25	20	Cewu ore ikera awubodu reoreu ure tuburedo ji, ure jordudo ia ikera awubodu reoreu pugejewuji, akore: Ikimejera, ameartorure ii ikera awubodu reoreduji. Ica, ia ire ikeragu jiwu ikera awubodu reoreu pugejedu reo.		
BOR-CORBO-BM-MAT-025-021	MATEUS	MAT	25	21	Nowu imejera akore ji: Ema remawu itugare pemegareu nure aki, jetorogodureu nure aki. Aedorogodure nowu biegareu inodu tabo, kode imeartoru kurimode ai rugadu. Mato aegarewo akimejera apo.		
BOR-CORBO-BM-MAT-025-022	MATEUS	MAT	25	22	Du kejere, cewu ore pobe tu jewu ure tudaru gu ae, akore: Ikimejera, ameartorure ii pobe tu je duji. Ica, iage ei pobedu reo, dure ire itodudo gu pugeje.		
BOR-CORBO-BM-MAT-025-023	MATEUS	MAT	25	23	Imejera akore ji: Ema rugadu, itugare pemegareu, jetororeu; aedorogodure nowu biega inodu tabo. Imeartoru kurimode ai. Mato, aegarewo akimejera apo.		
BOR-CORBO-BM-MAT-025-024	MATEUS	MAT	25	24	Du inodu rekodaji, cewu ore mito tu jewu aregodure, akore: Ikimejera, iorduware apewuie rugadu duji, are akeragu boeji akai boe tugu du tabo, are akeragu boeji, akai a roto ja ja je du tabo.		
BOR-CORBO-BM-MAT-025-025	MATEUS	MAT	25	25	Kodire ipagudure, ire cewu are maku inaiwu rogu mito tu jedu ire biado mototo. Emareo, awure aenare ji.		
BOR-CORBO-BM-MAT-025-026	MATEUS	MAT	25	26	Imejera akore ji: Itugare pegareu, iera kiarireu, aerduware ie ikeragu boeji, ikare boe tuguwo keje, ie ikeragu boeji ikare boe a roto ja ja jewo keje duji.		
BOR-CORBO-BM-MAT-025-027	MATEUS	MAT	25	27	Aia rumode ino diiero jetu diiero jeta keje, duma, ii ikirimi du keje, nowu ino diiero makudumode inai ia padumode tu keje du tabo. Du kejere icare akore ia tudugaregei:		
BOR-CORBO-BM-MAT-025-028	MATEUS	MAT	25	28	Awu o diiero aru piji, maku cewu ore ikera pudogiduredu reoreu ai.		
BOR-CORBO-BM-MAT-025-029	MATEUS	MAT	25	29	Mare paga karega, cewu ore makareu, ia makudumode ai pugeje, nowu inodu tabo, oroe kuricigomode. Mare cewu oroe bokwareu, jamedu meardaere uie tu pudaboboe jitu arudumode piji jamedu.		
BOR-CORBO-BM-MAT-025-030	MATEUS	MAT	25	30	"Awu itugare boe kimo jokodure jiwu, tamode barigu toro baawadu kae boecoreuto. Nono boe etoragudumode, boe eto akomode do do do do do pui nono.
Jesus aregodumode tuwo tugogado boe eiamedu boei. -"		
BOR-CORBO-BM-MAT-025-031	MATEUS	MAT	25	31	Nowu du kodiwu keje, Imedu Onaregedu ui tugirimi tumedui turugu tada to tupadoge ebo du tabo du keje, umode tumugudo tumuga pemegareu keje, boe eimejerai pudumi du tabo.		
BOR-CORBO-BM-MAT-025-032	MATEUS	MAT	25	32	Moto padui boe ebodu jamedu boe emode tudo pui jokorai, umode boe etawuje pubiji nono cewu akure cabritodoge, akure ovelhadoge umagai etawuje pubiji du reore.		
BOR-CORBO-BM-MAT-025-033	MATEUS	MAT	25	33	Umode ovelhadoge enogwacedo tugana pemegereu jaogwai, umode cabritodoge enogwacedo tugana koboreu jaogwai.		
BOR-CORBO-BM-MAT-025-034	MATEUS	MAT	25	34	Du kejere eimejera akomode oino okwacere tugana pemegareu jaogwaiwugei: Mato, Ioga bataru pemegare jiwuge, taeduwo boe pemegareu jetu otorogare tawogai jii boe parui towujedu kodiwu keje.		
BOR-CORBO-BM-MAT-025-035	MATEUS	MAT	25	35	Mare paga karega, ike boire ii, tare ikuno; pobo boire ii, tare ikududo; awararere imi, tare tageragu ii.		
BOR-CORBO-BM-MAT-025-036	MATEUS	MAT	25	36	Iwiri kedore, tare aroia tugu ii: ikogodure, tare tagado tu tu iwogai; iragojere baicoreu tada, tadure iwogai jamedu.		
BOR-CORBO-BM-MAT-025-037	MATEUS	MAT	25	37	Du kodi icare, nowu pemegareuge enoragodumode ji, egomode: Cegimejera, inoba boere du kejeba ceerdure ake boi aiduji, du kodi cere akogwagedo? Inoba boere du kejeba ceerdure pobo boi aiduji du kejeba cere akududo?		
BOR-CORBO-BM-MAT-025-038	MATEUS	MAT	25	38	Inoba boere du kejeba ceerdure awararei akiduji, du kejere cere cegeragu ai? Kakoduwu kejeba ceerdure awiri kedoji du keje cere aroia tugu ai?		
BOR-CORBO-BM-MAT-025-039	MATEUS	MAT	25	39	Inoba boere du kejeba ceerdure akogoduji, ceerdure amedui baicoreu tadaduji, du kejere cedure tu tu awogai?		
BOR-CORBO-BM-MAT-025-040	MATEUS	MAT	25	40	Icare eimejera akomode: Boe jokodu jire imode boe awadudo tagai: Taroi tu tu oino awu iwiemage biegareuge kugurei du keje, dure nono iie taroinodu kodiwore.		
BOR-CORBO-BM-MAT-025-041	MATEUS	MAT	25	41	Du keje umode tugirimi pai tugana koboreu jaogwaiwugei, akomode ei: Tagorodo oino ipiji, pegareuge! Toro, joru akedu bokwareu ure turugadu Aroe pegareu  mare metage ewogaiwuto.		
BOR-CORBO-BM-MAT-025-042	MATEUS	MAT	25	42	Mare paga karega, ike boire ii, takare inogwagedo, pobo boire ii, takare ikududo.		
BOR-CORBO-BM-MAT-025-043	MATEUS	MAT	25	43	Awararere imi, takare tageragu ii; iwiri kedore, takare aroia tugu ii; ikogodure, imedure baicoreu tada, tagaiwokare tu tu iwogai.		
BOR-CORBO-BM-MAT-025-044	MATEUS	MAT	25	44	Awuge jamedu enoragodumode ji: Cegimejera, inoba boeredu kejeba ceerdure ake boi ai duji, pobo boi ai duji, awararei aki duji, awiri kedoji, akogodui, amedui baicoreu tada duji, cedaokare ai, cewiapagakare ai?		
BOR-CORBO-BM-MAT-025-045	MATEUS	MAT	25	45	Eimejera akomode oino ei: Boe jokodu jire imode boe awadudo tai: Taro kadui ino awu iwiemage biegareuge eidu jamedu reorere, ure nono ii taroino du kodiwore.		
BOR-CORBO-BM-MAT-025-046	MATEUS	MAT	25	46	Duwugere etumode mori pegareu akedu bokwareuto jamedu.		
BOR-CORBO-BM-MAT-026-HEAD-001	MATEUS	MAT	26		Judeudoge etaidui tuwo Jesus bitodu.		Cabeçalho/subtítulo editorial da fonte.
BOR-CORBO-BM-MAT-026-001	MATEUS	MAT	26	1	Tui awu bakaru jamedu boe akedudo du keje, Jesus akore ture jorduwadowugei: -		
BOR-CORBO-BM-MAT-026-002	MATEUS	MAT	26	2	Taerduware merimode pobe tu je du keje Pascoamode duji. Imedu Onaregedu makudumode tubaduwo i padui pugajejedu keje.		
BOR-CORBO-BM-MAT-026-003	MATEUS	MAT	26	3	Baire eimejerage, boe codureuge, ere tudo pui ekodure tumedage ekoriwu sacerdote iei Kaifás cedu uwai kae.		
BOR-CORBO-BM-MAT-026-004	MATEUS	MAT	26	4	Du kejere egore pui inoba turomode tuwo tugeragu Jesusji, je paga inoduji, du bogai, tuwo bito du bogai.		
BOR-CORBO-BM-MAT-026-005	MATEUS	MAT	26	5	"Egore turo kaiagu ino jii petamodedu tonaji. Boe jokodukare kare boe ekorigodumoduie inodu koia du moduie.
Jesus rakojei ia bakurireu rogu iei Betânia cedu kejedu."		
BOR-CORBO-BM-MAT-026-006	MATEUS	MAT	26	6	Jesus rakojere Betânia keje, Simão, moci bare jiwu, uwai tada.		
BOR-CORBO-BM-MAT-026-007	MATEUS	MAT	26	7	Mugui ira keje du kaere ia aredu ure tuburedo ji ia meriri kuru okorobadui roreboe mori kuricigoreu tabo du tabo. Ure redo Jesus aoto.		
BOR-CORBO-BM-MAT-026-008	MATEUS	MAT	26	8	Icare ure jorduwadowuge, tuiordui inodu jitu keje, ekorigodure, egore: - Kodiba ure barigudu pagado?		
BOR-CORBO-BM-MAT-026-009	MATEUS	MAT	26	9	Nowu roreboe makuduia umode tumori kurireu tabo, du tabo ia umode nowu diiero maku marenarue etai.		
BOR-CORBO-BM-MAT-026-010	MATEUS	MAT	26	10	Jesus meardure egoino duji, akore ei: - Kodiba tare awu aredu pogurudo? Turo pemegareu jire roino ii.		
BOR-CORBO-BM-MAT-026-011	MATEUS	MAT	26	11	Marenaru reoreboe emode tagabo jii je, mare imi imodukare tagabo jii jokodu.		
BOR-CORBO-BM-MAT-026-012	MATEUS	MAT	26	12	Tui awu roreboe reko iiogidu ure nono tuie ure redo iiogi imedui iiaro tadadu kodiwore.		
BOR-CORBO-BM-MAT-026-013	MATEUS	MAT	26	13	"Boe jokodu jire inagomode oino tai: Bakaru Pemegareu kuodumode kejewu moto jamedu boe, awu roinodu kogadodumode boe ewiabutui keje du tabo.
Judas ui Jesus maku sacerdotedoge eimejerage etaidu."		
BOR-CORBO-BM-MAT-026-014	MATEUS	MAT	26	14	Du kodi icare ure jorduwadowuge iai mito tu jedu, uture sacerdotedoge eimejerage etae.		
BOR-CORBO-BM-MAT-026-015	MATEUS	MAT	26	15	Unoragodure ei: - Kaba tamode makinai, imode maku tagai du keje?  Icare ere diierodo trinta ae.		
BOR-CORBO-BM-MAT-026-016	MATEUS	MAT	26	16	"Nowu inodu piji, jemarure turoiwamode tuwo Jesus maku etai jiwu meri bogai.
Jesus ure Páscoa towuje."		
BOR-CORBO-BM-MAT-026-017	MATEUS	MAT	26	17	Judeudoge enogwagere okokare jiwu amireu jiwu boetojiwu meriji, nowu ure jorduwadowuge ere tuburedo Jesusji, enoragodure ji: - Kaiba akaidumode cewo pagogwagemode jiwu Páscoa pemegado?		
BOR-CORBO-BM-MAT-026-018	MATEUS	MAT	26	18	Jesus akore ei: - Tadudo bakurireuto, ia imedu uwai kae, tagagodo ji: Ure ceerduwadowu akore cemagoiagu ai: Boe puredugodu nure ii, awai kejere imode Pascoado awu ire jorduwadowuge ebo.		
BOR-CORBO-BM-MAT-026-019	MATEUS	MAT	26	19	Nowu ure jorduwadowuge erore nono Jesus turoiagudu reore, ere tugera pemegado Pascoaji.		
BOR-CORBO-BM-MAT-026-020	MATEUS	MAT	26	20	Meri rekodu tabore, Jesus aregodure, ure tumugudo ira keje togwagewo Pascoaji nowu ture jorduwadowuge ebo.		
BOR-CORBO-BM-MAT-026-021	MATEUS	MAT	26	21	Nowu togwage tonaji, akore: - Boe jokodu jire inagomode oino tai: ia tagi tamode imagu.		
BOR-CORBO-BM-MAT-026-022	MATEUS	MAT	26	22	Tugiarigodu tabore icare enoragodure ji: - Imi kana, cegimejera?		
BOR-CORBO-BM-MAT-026-023	MATEUS	MAT	26	23	Du akore: - Cewu ure tugera tugu pratoto itabowu, duwu koiare umode imagu.		
BOR-CORBO-BM-MAT-026-024	MATEUS	MAT	26	24	Imedu Onaregedu utumode, bapera atugoi pudui du reore. Mare nowu ure Imedu Onaregedu makuwu imedu jiwomode. Ema remawure nowu imedu butumodukare du rema.		
BOR-CORBO-BM-MAT-026-025	MATEUS	MAT	26	25	"Judas, koiare umode makuwu, makogodure jamedu, unorare ji: - Cegimejera, imi kana?  Jesus akore ji: - U! Aki rugadu.
Jesus ure tumagu boe ewugeje."		
BOR-CORBO-BM-MAT-026-026	MATEUS	MAT	26	26	Nowu togwage inodu tonaji, Jesus ure tugeragu amireuji, ure kado dogo dogo je, ure maku nowu ture jorduwadowuge etai, tagoi oino du tabo: - Emareo, kowuje, ikodu reo.		
BOR-CORBO-BM-MAT-026-027	MATEUS	MAT	26	27	Du keje ure tugeragu parera kuru jaji, rore oino tu baruto Tuo ae, ure nowu parera kuru maku ture jorduwadowuge etai, tagoi oino du tabo: -		
BOR-CORBO-BM-MAT-026-028	MATEUS	MAT	26	28	Ca, tagu ce, taiamedu tabo: iku reo, bakaru maiwu jiwu iku reo; redodumode tuwo makareuge ero pegareu okwado.		
BOR-CORBO-BM-MAT-026-029	MATEUS	MAT	26	29	Inagomode tai: Ikudumodukare awu kurureboece pugeje jii meri aregodumode ikudumode ce tagabo Ioga o boe pemegareu keje du kae.		
BOR-CORBO-BM-MAT-026-030	MATEUS	MAT	26	30	"Turai ia tugeroia jitu kejere icare, eture Oliveira tadawu torekodu kae.
Jesus ui Pedro bie."		
BOR-CORBO-BM-MAT-026-031	MATEUS	MAT	26	31	Du kejere Jesus akore ei: - Awu boeco jire tawudumode igoia. Mare paga karega, bapera atugore oino kodi: “Imedu jeture ovelhadoge eidu okorido, du kejere icare nowu ovelhadoge emode tado tuieda piji” (Zac 13,7).		
BOR-CORBO-BM-MAT-026-032	MATEUS	MAT	26	32	Mare iewodu rekodaji itumode tagododai Galiléia moto kae.		
BOR-CORBO-BM-MAT-026-033	MATEUS	MAT	26	33	Icare Pedro akore ji: - Eiamedu boe ewudumode aigoia ma, mare imi iwudumodukare tu rugadu. Imodukare apijido.		
BOR-CORBO-BM-MAT-026-034	MATEUS	MAT	26	34	Jesus akore ji: - Boe jokodu jire inagomode oino ai: Awu boeco mitoduji rugadure amode aerduwa bokwado ii pobe ma jewu metuia bokware, kogariga akogodumodedu otodai.		
BOR-CORBO-BM-MAT-026-035	MATEUS	MAT	26	35	"Pedro akore akoi pudui duji: - Iwidodumode akabo rugadu, mare imodukare iiorduwa bokwado ai. Du kodire icare nowu ure jorduwadowuge eiamedu boe egore nono ako magadure.
Jesus makoi Tuoji iturarogu iei Getsmani cedu kejedu."		
BOR-CORBO-BM-MAT-026-036	MATEUS	MAT	26	36	Jesus ure tudaru ebo ia boe eeda iei Getsmani cedu kae. Taregodui toro du kejere, akore ei: - Tamugudo tu woe jao, ikodui kuri woje imagowo Paoji jao.		
BOR-CORBO-BM-MAT-026-037	MATEUS	MAT	26	37	Du keje, tui tugera kogudo Pedro iera ra paru kajeje, mare Zebedeu ore ei pobedu jamedu, ure erego pudabo. Du kejere kiarigodu okwari buture keje.		
BOR-CORBO-BM-MAT-026-038	MATEUS	MAT	26	38	Akore: - Itaroe kiarigodu kuricigore jii iwimode du kae. Taedo woe itabo.		
BOR-CORBO-BM-MAT-026-039	MATEUS	MAT	26	39	Du kejere ure tudaru gu epiji, ure tuie jodo moto to, akore oino Tuoji: - Ioga, umode turugadu du keje, amode awu kuru jirireboe roto oino ipiji. Mare umodukare itaidu reore, mare akaidu reorere umode.		
BOR-CORBO-BM-MAT-026-040	MATEUS	MAT	26	40	Icare ure turagojedo, uture ture jorduwadowuge etai, boekarema enu padu bi rabodu. Icare akore Pedroji: - Kode, taetu karade itabo!		
BOR-CORBO-BM-MAT-026-041	MATEUS	MAT	26	41	Tadugudo tai, tamagodo Paoji tarokawo domi domi je. Boe etaroe ure turugadu, mare boe ekodu rakakare.		
BOR-CORBO-BM-MAT-026-042	MATEUS	MAT	26	42	Ure tudaru gu epiji pugeje, makore Tuoji pugeje, akore: - Ioga, umodukai turugadu awo awu kuru jirireboe roto oino ipiji, ikudukai ce du keje, kode udo akaidu reore.		
BOR-CORBO-BM-MAT-026-043	MATEUS	MAT	26	43	Ure tugirimi etae pugeje, jeture pa enu padu biji pugeje, mare paga karega, nore kori remawu nure eekuji kodi.		
BOR-CORBO-BM-MAT-026-044	MATEUS	MAT	26	44	Uture epiji pugeje, pobe ma jewu metuia bokware pugeje, togwa kodui mitodu jitu tabo.		
BOR-CORBO-BM-MAT-026-045	MATEUS	MAT	26	45	Du kejere, ure tugirimi ture jorduwadowuge etae pugeje, akore ei: - Ica, tanududo oino, tagamudo. Ica, boe aregodure pudae. Imedu Onaregedu makudumode ropegareuge ekera kai.		
BOR-CORBO-BM-MAT-026-046	MATEUS	MAT	26	46	"Taragojedo, marigu! Cewu umode imaguwu rakoje puredure woe.
Brae ere tugeragu Jesusji."		
BOR-CORBO-BM-MAT-026-047	MATEUS	MAT	26	47	Jesus makore kimo, cewu Judas, cewu ia ure jorduwadowu aregodu keje, apowuge emagare tugedui toriga bigodu jitu tabo, tugedui ipo jitu tabo, nono baire eimejerage, boe codudoge ei turoiagudu reore.		
BOR-CORBO-BM-MAT-026-048	MATEUS	MAT	26	48	Cewu umode makuwu ure bakarudo turugadu ei: - Emare cewu imode inogwabi jiwu rema. Tageragu ji.		
BOR-CORBO-BM-MAT-026-049	MATEUS	MAT	26	49	Icare ure tuburedo Jesusji, akore ji: - Itaregodu, ikimejera. Icare ure togwabi ji.		
BOR-CORBO-BM-MAT-026-050	MATEUS	MAT	26	50	Jesus akore ji: - Imeduia, nowu inodu bogaiba aroino woe?  Du inodu kejere ere tuburedo Jesusji, ere tugera raido ae tuwo tugeragu ji.		
BOR-CORBO-BM-MAT-026-051	MATEUS	MAT	26	51	Mare ia Jesus metuia, ure toriga tawuje tuia piji, ure baire eimejera kurireu ia utugare okorido tui bia kado du tabo.		
BOR-CORBO-BM-MAT-026-052	MATEUS	MAT	26	52	Mare Jesus akore ji: - Atoriga tugu tuiato, cewu ure tumedage etogorido toriga tabowuge ewimode toriga tabo jamedu.		
BOR-CORBO-BM-MAT-026-053	MATEUS	MAT	26	53	Ameartorukare imagomode Ioga bogai ma, umodukare Tupadoge makareuge etudo iwogai duji?		
BOR-CORBO-BM-MAT-026-054	MATEUS	MAT	26	54	Kode inoba umode ukai nono bapera atugo reore du keje?		
BOR-CORBO-BM-MAT-026-055	MATEUS	MAT	26	55	Du kejere ure tuie kirimi pai nowu roino puduiwugei, akore ei: - Tadure mato toriga tabo, ipo tabo, tawo tageragu ii du bogai. Tanure tarodo nono iro pega kurie, imago pega kurie du kodie taroino iwogai du kodiwore. Mare du inodu boe tada, boe jamedu boere imugure tadoda ii taerduwado du tabo Pao uwai tada, mare takare tageragu ii.		
BOR-CORBO-BM-MAT-026-056	MATEUS	MAT	26	56	"Mare au inodu jamedu boere tudowuje uwo nono profetadoge ewadaru reore. Nowu inodu keje, ure jorduwadowuge eiamedu boe ere pijido, eregodure piji.
Jesus rakojei judeudoge eimejerage ei tudo puidu eegoraidu."		
BOR-CORBO-BM-MAT-026-057	MATEUS	MAT	26	57	Ure tugeragu Jesus jiwuge ere reko baire eimejera iei Caifás cedu ae. Escribadoge, codureu boe eedui apo du kae.		
BOR-CORBO-BM-MAT-026-058	MATEUS	MAT	26	58	Pedro kodure rekodaji, mare ukare tuiedu puredu ji, jii baire eimejera uwororo kae. Ure turemo, ure tumugudo nowu utugarege ebo, tuiorduwo inoba nowu inodu akedumode duji.		
BOR-CORBO-BM-MAT-026-059	MATEUS	MAT	26	59	Nowu inodu tonaji, baire eimejerage eemaru nure tuwo Jesus roiaodo ma, tuwo reko bitoduwo.		
BOR-CORBO-BM-MAT-026-060	MATEUS	MAT	26	60	Emode roiaodo jiboe, emode batararodo jiboe makaguragare duwugere towadudo eegai, mare eroiwakare, egoiwakare.		
BOR-CORBO-BM-MAT-026-061	MATEUS	MAT	26	61	Nowu inodu oto kejere, iage ei pobedu egore: - Awu imedu akore: Imode Pao uwai pegado mare meri pobe ma jewu metuia bokware du keje imode towuje pugeje.		
BOR-CORBO-BM-MAT-026-062	MATEUS	MAT	26	62	Icare nowu baire eimejera ure turagojedo taci je, unorare Jesusji, akore ji: - Ia amagore jiboe bokware awu emago pegare aidu jipagi?		
BOR-CORBO-BM-MAT-026-063	MATEUS	MAT	26	63	Mare Jesus makokare. Du kodi icare nowu baire eimejera makore ji, akore: - Pao Aroe Eimejera ie tabo imode amagodo: Pao Onaregedu iei Cristo cedu nure aki?		
BOR-CORBO-BM-MAT-026-064	MATEUS	MAT	26	64	Jesus akore: - U! Imi rugadu. Boe jokodu jire inagomode tai jamedu: Ia meri keje taerdumode Imedu Onaregedu mugui Pao ro rakareu ako rakareu kana pemegareu jaogwai duji, tui turawuje baru tadawu boetugu aogeje du tabo.		
BOR-CORBO-BM-MAT-026-065	MATEUS	MAT	26	65	Nowu bataru keje, nowu baire eimejera ure tugudae rugadu bowuje toiogwari tabo: - U! Pawiapagamode iaboe bogai kimo? Ica, maigodure tameardure mako pegai oinoduji.		
BOR-CORBO-BM-MAT-026-066	MATEUS	MAT	26	66	Inoba umode taegai?  Egore: - Bitodu rumode nowu inodu morice.		
BOR-CORBO-BM-MAT-026-067	MATEUS	MAT	26	67	Du ere todoguru to jeto, ere tugimori to ji, ere tugera to jeji, tagoi oino du tabo: -		
BOR-CORBO-BM-MAT-026-068	MATEUS	MAT	26	68	"Cristo, ure tugera to aiwu pawuje.
Pedro ure tuiorduwa bokwado Jesusji."		
BOR-CORBO-BM-MAT-026-069	MATEUS	MAT	26	69	Nowu inodu otoi, Pedro mugure toro ewororo keje. Ia maragodure nonowu aredu, ure tuburedo ji, akore ji: - Aki jamedu aragojere Jesus Galiléia kejewu apo.		
BOR-CORBO-BM-MAT-026-070	MATEUS	MAT	26	70	Mare ure tuiorduwa bokwado ji boe oinodu oiado, tagoi oino du tabo: - Iorduwakare akagoino jiboeji.		
BOR-CORBO-BM-MAT-026-071	MATEUS	MAT	26	71	Du kejere kodure kuri baiporo kae tuwo tuiebu du bogai. Nowu inodu otoi, nowu maragodure nonowu ia aredu pugeje jordure ji, akore jeture nonowugei: - Awu imedu rakojere jamedu Jesus Nazaré kejewu apo.		
BOR-CORBO-BM-MAT-026-072	MATEUS	MAT	26	72	Ia pugeje Pedrore tuiorduwa bokwa jokodudo ji, akore: - Iorduwakare nowu imeduji.		
BOR-CORBO-BM-MAT-026-073	MATEUS	MAT	26	73	Du je du kejere nowu jeture nonowuge ere tuburedo jice Pedroji, egore: - U! Ecewuge ia akireo. Amago tabo cere apawuje.		
BOR-CORBO-BM-MAT-026-074	MATEUS	MAT	26	74	Kode, du kejere icare Pedro makore tugorigodu tabo tuirduwakae nowu imeduji. Nowu inodu tonaji kogariga akogodure.		
BOR-CORBO-BM-MAT-026-075	MATEUS	MAT	26	75	Pedro biabuture Jesus akore puduiwo keje: - Kogariga akogodumodedu otodai, amode aerduwa bokwado ii pobe ma jewu metuia bokware. Du kejere Pedro uture nowu piji, toragudu kuricigo tabo.		
BOR-CORBO-BM-MAT-027-HEAD-001	MATEUS	MAT	27		Boere Jesus reko Pilato ae.		Cabeçalho/subtítulo editorial da fonte.
BOR-CORBO-BM-MAT-027-001	MATEUS	MAT	27	1	Ba aregodu tabore baire eimejerage, codureu boe ere tudo pui tumago tabo tuwadaru tabo tuwo Jesus maku tuwidodu kae.		
BOR-CORBO-BM-MAT-027-002	MATEUS	MAT	27	2	"Ere kogudo, ere reko brae eimejera Pilato ae.
Judas biredu."		
BOR-CORBO-BM-MAT-027-003	MATEUS	MAT	27	3	Judas, cewu ure makuwu, tuiordui Jesus makudui tuwi kae du keje, tori buture jagi, pagudugodure, uture nowu baire eimejerage, nowu codureuge etae, ure cewu diiero ui trinta cedu maku etai pugeje, tagoi oino du tabo: -		
BOR-CORBO-BM-MAT-027-004	MATEUS	MAT	27	4	Iro pegare ii imedu pemegareu ku maku du tabo. Egore ji: - Cedaomodukare nowu inoduji, akabore nowu inodu padure.		
BOR-CORBO-BM-MAT-027-005	MATEUS	MAT	27	5	Du, nowu inodu keje, ure nowu diiero barigu toro Pao uwaito. Ure tuiebu, uture toro tuwo tuwido, tui bukigu kogudo turuwo kajeje du kae.		
BOR-CORBO-BM-MAT-027-006	MATEUS	MAT	27	6	Baire eimejerage ere tugeragu nowu diieroji, egore: - Pamodukare jetu Pao uwai tadawu boe enoroe pemegareu tabo, mare paga karega, kureboe mori rema kodi.		
BOR-CORBO-BM-MAT-027-007	MATEUS	MAT	27	7	Cewu tui batarudo puidu akedu keje, ere maragodure motori jiwu o boepa aru cewu diiero tabo, uwo moto tuginoiwu pijiwuge eno aroe eiao rema.		
BOR-CORBO-BM-MAT-027-008	MATEUS	MAT	27	8	Du koiare iere oino: “Boe eku jeta boepa”, jii oino kimo rugadu.		
BOR-CORBO-BM-MAT-027-009	MATEUS	MAT	27	9	Awu inodu ure nono profeta Jeremia makore jiboe reore: - Meririre trinta makudure etai, Israeldoge emeardae reore,		
BOR-CORBO-BM-MAT-027-010	MATEUS	MAT	27	10	"Ere maku nowu maragodure motori jiwu o boepa morice, nono ikimejera uiagudu reore.
Jesus rakojei Pilato jokoraidu."		
BOR-CORBO-BM-MAT-027-011	MATEUS	MAT	27	11	Ere Jesus reko brae eimejera ae, du unoragodure ji, akore: - Akina judeudoge eimejera kurireu ure aki?  Jesus akore: - U!		
BOR-CORBO-BM-MAT-027-012	MATEUS	MAT	27	12	Mare nowu baire eimejerage, boe codudoge emagoi pudui du keje, makokare ei.		
BOR-CORBO-BM-MAT-027-013	MATEUS	MAT	27	13	Icare Pilato unoragodure ji pugeje: - Ameardukare boei aroiaodo boeji?		
BOR-CORBO-BM-MAT-027-014	MATEUS	MAT	27	14	"Mare nowu brae ime1,jera je rore ta..., makokai ia tuwadaru jipagiduji.
Jesus bitodumodedu."		
BOR-CORBO-BM-MAT-027-015	MATEUS	MAT	27	15	Boekarema, Páscoa jiwu meri keje tu tu tu, nowu brae eimejerare nowu mugure baicoreu tadawuge epijiwu ia imedu tawuje tawuje, boe enogwamagudui du keje.		
BOR-CORBO-BM-MAT-027-016	MATEUS	MAT	27	16	Ica, nowu du kodi, ia akaru pegareu imedu iei Barrabás cedu meture baicoreu tada.		
BOR-CORBO-BM-MAT-027-017	MATEUS	MAT	27	17	Icare Pilato akore nowu ure tudo pui nonowugei, akore: - Kakoduwu tagaidure iwo inorudo? Barrabás na? Iarema Jesus iei Cristo cedu na?  18(Jorduware emagere Jesus maku tugorii jitu tabo).		
BOR-CORBO-BM-MAT-027-019	MATEUS	MAT	27	19	Mugui brae eimejera tumuga keje tuwo tugogado boei du kaere oredujere boe egoiagu ji: - Arokaba ia aro nowu imedu pemegareuji. Irore tuku inuiao tada jiboe koia.		
BOR-CORBO-BM-MAT-027-020	MATEUS	MAT	27	20	Mare baire eimejerage, boe codudoge, ere boedo togwamaguduwo ji uwo Barrabás inorudo, uwo Jesus bito.		
BOR-CORBO-BM-MAT-027-021	MATEUS	MAT	27	21	Du kodi icare nowu brae eimejera makore ei, akore: - Kakoduwu ia ei pobedu imode inorudo tagai?  Egore: - Barrabás!		
BOR-CORBO-BM-MAT-027-022	MATEUS	MAT	27	22	Icare Pilato unoragodure ei pugeje, akore: - Kode, inoba iromode Jesus iei Cristo ceduji?  Icare egore tuiamedu tabo: - Padu rumode i padui pugajeje du keje.		
BOR-CORBO-BM-MAT-027-023	MATEUS	MAT	27	23	Icare brae eimejera unoragodure ei kimo, akore: - Kode, inoba ropegareure?  Ere tumago rakado rugadu pugeje, egore: - Padudodu rumode i padui pugajejedu keje.		
BOR-CORBO-BM-MAT-027-024	MATEUS	MAT	27	24	Pilato jordure boe kimo rabuduie ure rugadu, mare eie tumago toiogwari awogado rugadu, icare makore pobo bogai, ure tugera kabi nowu brae eegai, akore: - Imire itagurugodure, igoia karega awu imedu bitodumode: nowu inodu tagi toro.		
BOR-CORBO-BM-MAT-027-025	MATEUS	MAT	27	25	Icare boe eiamedu boe egore: - Ku butuwo ceiamedu bukeje, cedore ewugeje.		
BOR-CORBO-BM-MAT-027-026	MATEUS	MAT	27	26	"Du icare ure Barrabás inorudo, ure tudugarege edo iku oto meririreu to to Jesusji, du kejere ure maku bitodudoduwo i padui pugajejedu keje.
Torigaraidogere turo tago amado Jesusji."		
BOR-CORBO-BM-MAT-027-027	MATEUS	MAT	27	27	Brae eimejera o tugobaigarege ere Jesus reko nowu tugimejera uwai iei Pretório cedu kae, eiamedure ere taiado Jesus apo.		
BOR-CORBO-BM-MAT-027-028	MATEUS	MAT	27	28	Ere Jesus kudae rugadu tawuje taci, ere aroia kujagureu tugu ji.		
BOR-CORBO-BM-MAT-027-029	MATEUS	MAT	27	29	Du keje, ere boto ikureu enado ere oreado, ere to co aorato, ere ia iwara bu iera keje. Du kejere ere tubujodo jokorai, egore ji: - Kode, judeudoge eimejera kurireu nure aki!		
BOR-CORBO-BM-MAT-027-030	MATEUS	MAT	27	30	Ere todoguru to jeto, ere tugeragu cewu ture bu iera kejewu iwaraji, ere to pa, aoraji.		
BOR-CORBO-BM-MAT-027-031	MATEUS	MAT	27	31	"Cewu turo tago amado ji du rekodaji, ere cewu aroia kujagureu tawuje piji, ere ukudae remawu maku ai. Du kejere ere reko toro, tuwo bu i padui pugajejedu keje.
Jesus padui cruz kejedu."		
BOR-CORBO-BM-MAT-027-032	MATEUS	MAT	27	32	Tudui nowu tuieda piji du keje, eerdure ia Cirene pijiwu imedu iei Simão ceduji, du ere udo tudugu Jesus o  i padui pugajeje duji arobi.		
BOR-CORBO-BM-MAT-027-033	MATEUS	MAT	27	33	Etaregodure ia eeda iei Gólgota cedu kae, du inodu jire boe egore Boe etaora ra jeta, ino.		
BOR-CORBO-BM-MAT-027-034	MATEUS	MAT	27	34	Du kejere ere kududo boe eku kuru tugudui parera kuruto duce. Ure togwa pagado tu ji, mare kudukare ce.		
BOR-CORBO-BM-MAT-027-035	MATEUS	MAT	27	35	Ere bu i padui pugajejedu keje, du keje ere ukudae pedo pui, tui tuiwo aidugirimodedu bu keje du tabo. Nowu inodu kodure profeta bataru reore: “Ere ikudae pedo pui, ikudae kejere ere tuiwo aidugiriredu bu” (Sl21,19).		
BOR-CORBO-BM-MAT-027-036	MATEUS	MAT	27	36	Icare ere tumugudo toebatodu tabo.		
BOR-CORBO-BM-MAT-027-037	MATEUS	MAT	27	37	Aora bukejere ere ia ira atugo bararedo turoi jitu kodiboe tabo: “Jesus reo, Judeudoge eimejera kurireu”.		
BOR-CORBO-BM-MAT-027-038	MATEUS	MAT	27	38	Nowu inodu tonaji, ere iwogu kigodureuge ei pobedu ewu i padui pugajejedu keje apo. Ia okwacere kana pemegareu jaogwai, ia okwacere kana koboreu jaogwai.		
BOR-CORBO-BM-MAT-027-039	MATEUS	MAT	27	39	Kodure nono koriwuge ewadaru pegare ji, ere tao ra roto bai bai, tagoi oino du tabo: -		
BOR-CORBO-BM-MAT-027-040	MATEUS	MAT	27	40	Akagore amoduie Pao uwai butudo, amoduie ia towuje meri pobe ma jewu metuia bokware du keje taci je. Kode, akinorudo akaobiji. Pao Aroe Eimejera Onaregedu aki rugadu du keje, arawuje nowu i piji.		
BOR-CORBO-BM-MAT-027-041	MATEUS	MAT	27	41	Baire eimejerage, boe codudoge ewadaru pegare ji jamedu, egore: -		
BOR-CORBO-BM-MAT-027-042	MATEUS	MAT	27	42	Ure iage einorudo, mare oino, ukare cinorudo taobiji. Kode, Israeldoge eimejeramode ema rugadu du keje, udo turawuje i piji, nowu inodu keje cemeartorumode ji.		
BOR-CORBO-BM-MAT-027-043	MATEUS	MAT	27	43	Meartorure Aroe Eimejeraji, kode, Aroe Eimejera meardu kurimode ji du keje, umode inorudo. Mare paga karega, akore: - Pao Aroe Eimejera Onaregedu nure imi.		
BOR-CORBO-BM-MAT-027-044	MATEUS	MAT	27	44	"Nowu iwogu kigodureuge epadui i keje apodu emago pegare ji jamedu.
Jesus biredu."		
BOR-CORBO-BM-MAT-027-045	MATEUS	MAT	27	45	Meri jetui brae etoiadoda du piji jii meri jogodu kae, boecore turorido moto jamedu boe joki.		
BOR-CORBO-BM-MAT-027-046	MATEUS	MAT	27	46	Meri jogodu kejere Jesus kudu rakareu padure boe kajeje, akore: - Eli, Eli, lamma sabactani.  Du inodu jire akore: - Ioga, Ioga, kodiba are ipijido?  oino.		
BOR-CORBO-BM-MAT-027-047	MATEUS	MAT	27	47	Awu bataru keje, ia jeture nonowuge egore: - Mako nure Elias bogai.		
BOR-CORBO-BM-MAT-027-048	MATEUS	MAT	27	48	Kuri je ia emage ure tugeragu ia pobo meture tadaboeji, ure tugu ia kuru jirireboeto, ure bu ia ipo oto keje, ure raido toro ae, kuduwo ce.		
BOR-CORBO-BM-MAT-027-049	MATEUS	MAT	27	49	Iage egore: -Piji! Pawo pagado tu Eliamode tugerabraredo jitu bogai.		
BOR-CORBO-BM-MAT-027-050	MATEUS	MAT	27	50	Icare Jesus oiogwari rakareu padure boe kajeje pugeje, nonore icare akurure.		
BOR-CORBO-BM-MAT-027-051	MATEUS	MAT	27	51	Inodu kejere, Pao uwai kejewu aroia kurireu ure tuwowuje oiagi, moto amagadure, toridoge ere tuiado.		
BOR-CORBO-BM-MAT-027-052	MATEUS	MAT	27	52	Aroe eiaodoge ere tuiado, ia pemegareuge makareuge eewodure tuwi piji.		
BOR-CORBO-BM-MAT-027-053	MATEUS	MAT	27	53	Duwuge ere tuiebu tuiao piji, icare eture nowu bakurireu pemegareuto, Jesus jewodu rekodaji.		
BOR-CORBO-BM-MAT-027-054	MATEUS	MAT	27	54	"Toebatodure Jesus jiwu tugobaigarege mare nowu eimejera tuiordui moto amagadui mare nowu ure tudo boe jamedu boe jitu keje, emagore pui, tubagudu rakaguragareu tabo, egore: - Boe jokodu rugadu awu imedu Aroe Eimejera Onaregedu reno.
Jesus tugudui tori todu."		
BOR-CORBO-BM-MAT-027-055	MATEUS	MAT	27	55	Ia areme eedure nono jamedu, taiwo tabo: cewu kodure Jesus apo Galiléia pijiwuge tuwo tugerabraredo ji.		
BOR-CORBO-BM-MAT-027-056	MATEUS	MAT	27	56	Duwuge etada, Maria Madalena meture, Tiago more José etuje meture jamedu, Zebedeu ore etuje jamedu.		
BOR-CORBO-BM-MAT-027-057	MATEUS	MAT	27	57	Meri rekodu tabo, ia imedu iei José cedu, oroe kurireu, ia Jesus ure jorduwadowu, 58jeemarure Pilato bogai, okwamagudure ji Jesus akurui marigudu du bogai. Icare Pilato ure makai.		
BOR-CORBO-BM-MAT-027-059	MATEUS	MAT	27	59	Icare José ure tugeragu ji, ure aroia kigadureu upodo apo.		
BOR-CORBO-BM-MAT-027-060	MATEUS	MAT	27	60	Ure tugu ture tudugarege edo pemegado maigodu, tuiaromode ema tuwimodedu keje du kejewuto. Du keje, ure ia tori kurireu roto kororo jekai, ure bu je keje, du pijire uture.		
BOR-CORBO-BM-MAT-027-061	MATEUS	MAT	27	61	"Maria Madalena mare ia metago Maria, emugure nono puredu tu ji.
Boe eetui Jesus meturewo jidu."		
BOR-CORBO-BM-MAT-027-062	MATEUS	MAT	27	62	Barogwatore icare, cewu ere tugera pemegado pudui peta paru kaedu kejere, nowu baire eimejerage mare escribadoge ere tudo pui Pilato uwai kae.		
BOR-CORBO-BM-MAT-027-063	MATEUS	MAT	27	63	Egore ji: - Cegimejera, cewiabuture cewu batararodu barikareu je kimo tabowu bataru keje. Akore: - Meri pobe ma  jewu metuia bokware du keje iewodumode.		
BOR-CORBO-BM-MAT-027-064	MATEUS	MAT	27	64	Kode, ia boe eetudo nowu meturewoji jii meri pobe ma awu metuia bokware du kae. Boe jokodu kare kare, ure jorduwadowuge eiwogumode ji ma, egomode jewoduie bireuge epiji, oinore egomode boe ewiegai du umode, awu batararodaereboe umode pugeje ma, kodumode nowu boetojiwu kori tubega tabo.		
BOR-CORBO-BM-MAT-027-065	MATEUS	MAT	27	65	Icare Pilato akore ewadaru jipagi: - Tago tugobaigaregere, tare eetudo ji tameardae reore.		
BOR-CORBO-BM-MAT-027-066	MATEUS	MAT	27	66	Eture rugadu, ekedure nowu meturewoji, ere kruca bu nowu tori keje ere tugobaigarege eedo keje.		
BOR-CORBO-BM-MAT-028-HEAD-001	MATEUS	MAT	28		Jesus jewoduidu.		Cabeçalho/subtítulo editorial da fonte.
BOR-CORBO-BM-MAT-028-001	MATEUS	MAT	28	1	Nowu Sábado rekodaji nowu semana boetojiwu meriji, Maria Madalena, mare metago Maria, eture toro meturewo kae.		
BOR-CORBO-BM-MAT-028-002	MATEUS	MAT	28	2	Boekarema, moto amagadu rakaguragare du tabore icare Pao o tupare turawuje baru piji ure nowu tori roto nowu meturewo je piji, ure tumugudo tu aogeje.		
BOR-CORBO-BM-MAT-028-003	MATEUS	MAT	28	3	Jere nono boe jeragudu reore, ukudae kigadure nono pobo akirireu kigadure.		
BOR-CORBO-BM-MAT-028-004	MATEUS	MAT	28	4	Cewu tugobaigarege, tuiordui nowu inodu jitu keje emeardaere tuwimoduie tubagudu koia.		
BOR-CORBO-BM-MAT-028-005	MATEUS	MAT	28	5	Nowu tuparema, akore nowu aremei: - Tabagudu kaba! Iorduware taemaruie ure padure i padui pugajejedu kejewu Jesus bogai duji.		
BOR-CORBO-BM-MAT-028-006	MATEUS	MAT	28	6	Mugukare woe: jewodure cewu tagoi du reore. Mato, taerduwo ure tamudowoji.		
BOR-CORBO-BM-MAT-028-007	MATEUS	MAT	28	7	Tamara tabo toro, ure jorduwadowuge ewogai, tagagodo ei jewoduie bireuge epiji. Kodumoduie tagododai Galiléia kae. Torore taerdumode ji pugeje. Oinore inagore tu tai.		
BOR-CORBO-BM-MAT-028-008	MATEUS	MAT	28	8	Icare eture meturewo piji tugimai dugu je du tabo, mare tuiegare tabo jamedu, eregodure ure jorduwadowuge etae nowu bakaru maiwu pemegareu tabo.		
BOR-CORBO-BM-MAT-028-009	MATEUS	MAT	28	9	Nowu inodu keje kuri je, Jesus ure towadudo eegai, akore oino ei: - Itaregodu. Ere tuburedo ji, ere tubujodo taci jokorai, tui togwabi bureto du tabo.		
BOR-CORBO-BM-MAT-028-010	MATEUS	MAT	28	10	"Icare Jesus akore ei: - Tabagudu kaba. Toro, tamagodo iwiemagei etuwo Galiléia kae, torore eerdumode ii.
Jeture Jesus meturewo jiwuge ewadararodu."		
BOR-CORBO-BM-MAT-028-011	MATEUS	MAT	28	11	Nowu areme ekodui toro du tonaji, ia oebatodure jiwu ime eradu marigudu toro bakurireuto tuwo baire eimejerage ewie inoba boereduji.		
BOR-CORBO-BM-MAT-028-012	MATEUS	MAT	28	12	Awugere icare ere tudo pui nowu boe codudoge ebo. Ere meriri maka inodu maku nowu tugobaigarege etai, egore oino ei. -		
BOR-CORBO-BM-MAT-028-013	MATEUS	MAT	28	13	Tamagomode oino boei ure jorduwadowugeie etaregodure bogai boecoji tuwo reko tanudu tonaji.		
BOR-CORBO-BM-MAT-028-014	MATEUS	MAT	28	14	Brae eimejera meardumode nowu inodu jitu keje, cemode butugudo, cemode taginorudo ia boe pegamode tai du piji.		
BOR-CORBO-BM-MAT-028-015	MATEUS	MAT	28	15	"Icare nowu tugobaigarege ere tugeragu cewu makudure pudaiwu diieroji, eture toro tagowo nono tagoiagudu reore. Nowu batararodae ure taodo judeudoge ekao jii oino.
Jesus ui towadudo ture jorduwadowuge eegaidu."		
BOR-CORBO-BM-MAT-028-016	MATEUS	MAT	28	16	Nowu ure jorduwadowuge ei ikera pudogidure mito taci ikera awubowutowu, eture toro Galiléia kae, nowu Jesus akore tuduiagu kaewu tori raireu kae.		
BOR-CORBO-BM-MAT-028-017	MATEUS	MAT	28	17	Tuiordui jitu keje, ere tubujodo ji, du inodu tada iage emeartoru jokodukare.		
BOR-CORBO-BM-MAT-028-018	MATEUS	MAT	28	18	Mare Jesus ure tuburedo ei, akore ei: - Ica: ro rakareboe mako rakareboe makudure inai baru tada, moto keje jamedu.		
BOR-CORBO-BM-MAT-028-019	MATEUS	MAT	28	19	Kode tadudo toro moto jamedu boeji tai boe eerduwado du tabo, tamode etao pegodo Uo, Onaregedu, Aroe Pemegareu ie tabo.		
BOR-CORBO-BM-MAT-028-020	MATEUS	MAT	28	20	"Eerduwado turowo nono imagore tai du reore. Ica! Iragojemode tagabo meri jameduji jii boe jameduji jii je.



*******************************************************************************************
+++++++++++++++++++++++++++++++++++++++++++++++++++++++++++++++++++++++++++++++++++++++++++
*******************************************************************************************"		
