id	book	book_code	chapter	verse	source	reviewed	editorial_note
BOR-CORBO-BM-LUK-001-HEAD-001	LUCAS	LUK	1		Boe paru.		Cabeçalho/subtítulo editorial da fonte.
BOR-CORBO-BM-LUK-001-001	LUCAS	LUK	1	1	Imeduia akaruio Teófilo, imode bapera atugodo bakaru pemegareuji awogai. Makareuge emaragodure tuwo bu bapera keje cewu ure tudowuje padodadu jamedu boeji.		
BOR-CORBO-BM-LUK-001-002	LUCAS	LUK	1	2	Ere bu bapera keje nowu inoduji, nono cewu eerdure jiwuge ereadodure pawiegai jii paru piji du reore, duwugere nowu bakaru epagere emage.		
BOR-CORBO-BM-LUK-001-003	LUCAS	LUK	1	3	Imi jamedu iordu pemegare iwo bapera atugodo ji, umagadu reore, iemarui jamedu boeji jii paru piji.		
BOR-CORBO-BM-LUK-001-004	LUCAS	LUK	1	4	"Ire bapera atugodo nowu inodu jameduji awogai, Teófilo, aerduwawo cewu ameardure jiboe boe jokodu boe riki rugaduie duji.
João Batista botumodedu."		
BOR-CORBO-BM-LUK-001-005	LUCAS	LUK	1	5	Judeudoge eimejera kurireui Herodes cedu tabo, ia sacerdote iei Zacarias cedu, Abias jaogwaiwu, rakojere Jerusalém keje. Oreduje iere Isabel, ia Aarão uwobe.		
BOR-CORBO-BM-LUK-001-006	LUCAS	LUK	1	6	Ei pobedu eedorogodure pudui Pao jekai, emeartoru rakare Pao makore jiboe jamedu boeji.		
BOR-CORBO-BM-LUK-001-007	LUCAS	LUK	1	7	Mare etorekare, mare paga karega, Isabel ore bokwareudo nure ema; jamedu ei pobedu ecodugodu remawu nure jamedu kodi.		
BOR-CORBO-BM-LUK-001-008	LUCAS	LUK	1	8	Sacerdotedoge ere ia tumeduia tawuje mito tu tu pubiji tuwo bokadoboe kowu Pao uwai tada.		
BOR-CORBO-BM-LUK-001-009	LUCAS	LUK	1	9	Ica, ia meri keje, ere Zacarias tawuje nowu inodu bogai, du ure turemo Pao uwaito tuwo nowu sacerdotedoge eroia towuje du bogai.		
BOR-CORBO-BM-LUK-001-010	LUCAS	LUK	1	10	Ure nowu bokadoboe kowu du tonaji, boe eiamedu boe eedure baawadu keje tui togwa kurido Pao jitu tabo.		
BOR-CORBO-BM-LUK-001-011	LUCAS	LUK	1	11	Boekarema, Paore rojaiwu ia tupa baru tadawu ure towadudo nono, Zacarias jekai, nowu roreboe pemegareu jeta ira kana pemegareu jaogwai.		
BOR-CORBO-BM-LUK-001-012	LUCAS	LUK	1	12	Icare Zacarias, tuiordui jitu keje, tori buture jagi, pagudugodaere tubodo apo.		
BOR-CORBO-BM-LUK-001-013	LUCAS	LUK	1	13	Mare tupa akore ji: - Apagudu kaba, Zacarias. Mare paga karega, akogwamagudure bogaiboe Pao meardure ji. Akoreduje Isabel umode ia akonaregedu makai, du amode iedo João.		
BOR-CORBO-BM-LUK-001-014	LUCAS	LUK	1	14	Aegare kuricigomodedu kodiboemode ema. Makareuge eegaremode butu keje.		
BOR-CORBO-BM-LUK-001-015	LUCAS	LUK	1	15	Mare paga karega, kuricigomode Pao jekai. Kudumodukare parera kuruce, kudumodukare pagodureboece. Aroe Pemegareu metumode tada butumodedu otodai.		
BOR-CORBO-BM-LUK-001-016	LUCAS	LUK	1	16	Umode Israeldoge makareuge erego eno Aroe Eimejera ae.		
BOR-CORBO-BM-LUK-001-017	LUCAS	LUK	1	17	Merumode tui Pao o bataru kogado du tabo, ro rakamode nono Elias ro raka reore. Umode boe etuomage, boe etore edo boe pemegado pui. Umode boe emeartoru bokwareuge edo tugirimi tugodu pemegareu kae. Umode Israeldoge edo tudo turugadu Pagimejera aregodumodedu kae.		
BOR-CORBO-BM-LUK-001-018	LUCAS	LUK	1	18	Zacarias unoragodure nowu tupaji, akore: - Inoba imeartorumode nowu inoduji? Ipegagodure, itoreduje kodure nowu inodu kori jamedu.		
BOR-CORBO-BM-LUK-001-019	LUCAS	LUK	1	19	Tupa akore ji: - Gabriel imireo, imire iragojere Pao Aroe Eimejera apo; imire irojaidodure akae, imagowo awu bakaru jekarereu pemegareuji awiegai.		
BOR-CORBO-BM-LUK-001-020	LUCAS	LUK	1	20	Akire are ameartoru bokwado iwadaruji. Nowu inodu koia, awadaru bokwamode, awadaru padumodukare akajeje jii nowu inodu umode tudowuje du kae; mare paga karega, nowu inodu umode tudowuje boe aregodui pudae du keje rugadu.		
BOR-CORBO-BM-LUK-001-021	LUCAS	LUK	1	21	Nowu boema, epagare baawadu keje Zacarias, bogai, eebogodure nowu okwai oino toro Pao uwai tada du,ji.		
BOR-CORBO-BM-LUK-001-022	LUCAS	LUK	1	22	Tui tuiebu du keje, akoiwakare tumagowo ei; ere boe pa bieduie Pao uwai tada ia boe pemegareu kurireu jituji. Ure ewie nowu inoduji tui tugera amagado du tabo. Bataru bokware rugadu.		
BOR-CORBO-BM-LUK-001-023	LUCAS	LUK	1	23	Tui tumaragodae akedudo du keje, uture tuwai kae.		
BOR-CORBO-BM-LUK-001-024	LUCAS	LUK	1	24	"Ia kodiboe rekodaji, oreduje Isabel kuiarure tu je. Ari ikera awubodure du tonaji, ukare tuiebu tuwai piji, tagoi: 25 Ica, cewu Paore makinaiwu boe pemegareu kurireu reo: Ure taiwodo ii tuwo ipogururedu barigu ipiji ime eegai.
Jesus butumodedu."		
BOR-CORBO-BM-LUK-001-026	LUCAS	LUK	1	26	Ari ikera awubodure mito taci ikera awubowuto Isabel kuiaruredu rekodajire, Paore to tupa Gabriel rojai ia bakurireu padui Galiléia tadadu iere Nazaré cedu kae.		
BOR-CORBO-BM-LUK-001-027	LUCAS	LUK	1	27	Nowu tupa makomode ia ui tumuguiagu ia imedu apowu nogwaredu pemegareudoji. Nowu imedu iere José, ia Davi uwobe. Nowu nogwaredu pemegareudo iere Maria.		
BOR-CORBO-BM-LUK-001-028	LUCAS	LUK	1	28	Tupare turemo Maria uwaito, akore ji: - Aegaredo, Maria. Pemegareboe awadure jeture akabo. Akabore Pao Aroe Eimejera mugure.		
BOR-CORBO-BM-LUK-001-029	LUCAS	LUK	1	29	Maria pagudugodure nowu bataru keje; kodi icare ure tumeardae tugu nowu inoduto, kakoduwu bakaru jiba akoino.		
BOR-CORBO-BM-LUK-001-030	LUCAS	LUK	1	30	Icare nowu tupa akore ji: - Apagudu kaba, Maria, Pao jekarere ai.		
BOR-CORBO-BM-LUK-001-031	LUCAS	LUK	1	31	Ica, akuiarumode, akuri butumode ia akonaregedu rogu apo, dure amode iedo Jesusce.		
BOR-CORBO-BM-LUK-001-032	LUCAS	LUK	1	32	Ema kuricigomode, iemode Pao baru tadawu Onaregedu: Pao umode uiedaga Davi muga makai; jetumode jii je Jacó uwobei rugadu.		
BOR-CORBO-BM-LUK-001-033	LUCAS	LUK	1	33	Jeture jiboe akedumodukare.		
BOR-CORBO-BM-LUK-001-034	LUCAS	LUK	1	34	Kodi icare Maria unoragodure tupaji: - Inoba inodu umode tudowuje? Iorduwakare ia imedu boeji.		
BOR-CORBO-BM-LUK-001-035	LUCAS	LUK	1	35	Tupa akore ji: - Pao Utaroe Pemegareu umode turawuje awugeje; Pao ro rakareboe urugu rorimode aiogi. Du kodire cewu onaregedu pemegareu butumode akaidu iemode Pao Onaregedu.		
BOR-CORBO-BM-LUK-001-036	LUCAS	LUK	1	36	Awiabutudo atuie Isabel keje: Boe egore ore bokwaie ure, mare arire ikera awubodure mito taci ikera awubowuto kuiaru rekodaji, tubegagodu inodu tabo.		
BOR-CORBO-BM-LUK-001-037	LUCAS	LUK	1	37	Mare paga karega, Pao Aroe Eimejera ai, ia biare aiboe bokware kodi.		
BOR-CORBO-BM-LUK-001-038	LUCAS	LUK	1	38	"Kodi icare Maria akore: - U! Pao utugareredo imireo; udo nono nowu akago magai ii du reore. Icare tupa uture piji.
Maria utui tuduie Isabel uwuai kaedu."		
BOR-CORBO-BM-LUK-001-039	LUCAS	LUK	1	39	Nowu du kodi, Maria ure turagojedo taci je, uture kuri nowu toriraireuge etaogajejewu ia Judéia kejewu bakurireu kae.		
BOR-CORBO-BM-LUK-001-040	LUCAS	LUK	1	40	Ure turemo Zacarias uwaito, imadure tu Isabel apo.		
BOR-CORBO-BM-LUK-001-041	LUCAS	LUK	1	41	Boekarema, Isabel tumeardui Maria imadui kuri je du keje, onaregedu ure tamagadudo kuri tada. Aroe Pemegareu jore Isabel keje.		
BOR-CORBO-BM-LUK-001-042	LUCAS	LUK	1	42	Icare Isabel ure tumago rakado, akore: - Akire akagaru pemegaguragare areme etada; meture akuri tadawu akaru pemegaguragare jamedu.		
BOR-CORBO-BM-LUK-001-043	LUCAS	LUK	1	43	Ioguduba roguba ure imi, Ikimejera Uce aregoduwo itae?		
BOR-CORBO-BM-LUK-001-044	LUCAS	LUK	1	44	Mare paga karega, akimadui itabo kuri je du keje, itonaregedu ure turirigo itada.		
BOR-CORBO-BM-LUK-001-045	LUCAS	LUK	1	45	"Aiwo aidugiri nure, mare paga karega, ameartorure oinoie boemode tuguwo aiduji, Pao bataru rekodaji.
Maria uragodure jiboe."		
BOR-CORBO-BM-LUK-001-046	LUCAS	LUK	1	46	Icare Maria akore: - Itaroere Aroe Eimejera kurido.		
BOR-CORBO-BM-LUK-001-047	LUCAS	LUK	1	47	Iegare kuricigore Paoji, ure ido ikinorudo kodi.		
BOR-CORBO-BM-LUK-001-048	LUCAS	LUK	1	48	Ure taiwodo ii, boe kadui imidu tabo. Du kodi icare awu inodu otobiji boe eiamedu boe egomode iwo aidugiri remawuie ure.		
BOR-CORBO-BM-LUK-001-049	LUCAS	LUK	1	49	Mare paga karega, cewu ro rakare jamedu boe jiwu iere Pemegareu cedu, ure boe kurireu towuje ii.		
BOR-CORBO-BM-LUK-001-050	LUCAS	LUK	1	50	Okudu uiagudu umode tumaedo cewu pagudure jiwuge ewodumode pudato pudatowu eiamedu joki.		
BOR-CORBO-BM-LUK-001-051	LUCAS	LUK	1	51	Ure boe eerdudo turo rakaji, ure ocaro barikare puduiboe erodo ja je.		
BOR-CORBO-BM-LUK-001-052	LUCAS	LUK	1	52	Ure ro rakareuge ewududo tumuga piji, ure ukare boedo pudumiwuge eragojedo.		
BOR-CORBO-BM-LUK-001-053	LUCAS	LUK	1	53	Ure uke boire jiwuge enogwa amogodudo, ure oroe kurireuge etudo tugera kedo akurugudu tabo.		
BOR-CORBO-BM-LUK-001-054	LUCAS	LUK	1	54	Ure tugerabraredo tudugarege Israeldogei, tuwia jetui togudu tuiagudu kodiboe keje.		
BOR-CORBO-BM-LUK-001-055	LUCAS	LUK	1	55	Cewu tagoi paomagei turomoduie du reore, Abraãoji mare rekodajiwuge eiameduji jii je.		
BOR-CORBO-BM-LUK-001-056	LUCAS	LUK	1	56	"Maria mugure Isabel apo ari pobe ma jewu metuia bokware. Du kejere ure tugirimi tuwai kae.
João Batista buturedu."		
BOR-CORBO-BM-LUK-001-057	LUCAS	LUK	1	57	Icai boei turugadu Isabel kuributuwo du keje, onaregedu rogure tu je.		
BOR-CORBO-BM-LUK-001-058	LUCAS	LUK	1	58	Nowu mugu puredure jiwuge, mare uwobe, emeardure Pagimejera ui togudu tuiagududo jituji, kodi icare eegare kuricigore apo.		
BOR-CORBO-BM-LUK-001-059	LUCAS	LUK	1	59	Meri pobe puibiji mare pobe puibiji nowu negedurogu butu rekodaji, ere tuiagu kruca bu nowu pitorirogu keje, emode iedo jamedu. Etaidure tuwo uo Zacarias ie bu keje.		
BOR-CORBO-BM-LUK-001-060	LUCAS	LUK	1	60	Mare uce akore: - Boro! Iemode João rema.		
BOR-CORBO-BM-LUK-001-061	LUCAS	LUK	1	61	Egore ji: - Boro. Ia awobe eiekare oinono.		
BOR-CORBO-BM-LUK-001-062	LUCAS	LUK	1	62	Du kodi icare enoragodure uoji inoba rakuduie aidumode iewo. Oino tugera tabo.		
BOR-CORBO-BM-LUK-001-063	LUCAS	LUK	1	63	Kodi icare Zacarias okwamagudure ei ia irarogu bogai, du kejere ure awu tuwadaru bu keje: - João, oinore iemode. Eiamedu boe eebogodu kuricigore.		
BOR-CORBO-BM-LUK-001-064	LUCAS	LUK	1	64	Du keje kuri je okware tuiado po je, erure tugiwuje taci je. Du kejere makore, tumago pemegai Pao jitu tabo.		
BOR-CORBO-BM-LUK-001-065	LUCAS	LUK	1	65	Nowu jeture apowuge epagudugodu ure tubodo ebo. Nowu inodu akaru ure tumaedo Judéia kejewu toriraireuge eiamedu boe joki.		
BOR-CORBO-BM-LUK-001-066	LUCAS	LUK	1	66	"Meardureuge eiamedu boe ere inodu mugudo tuwabo tada, tagoi oino du tabo: - Inoba awu negedurogu umode turicodu keje? Ica, Pao iera mugu nure apo.
Zacarias uragodure jiboe."		
BOR-CORBO-BM-LUK-001-067	LUCAS	LUK	1	67	Pao Utaroe Pemegareu ure turawuje Zacarias keje, du keje icare Zacarias akore: -		
BOR-CORBO-BM-LUK-001-068	LUCAS	LUK	1	68	Boe eegarewo Pao Israeldoge Eimejeraji, mare paga karega, aregodure toge etae, ure einorudo.		
BOR-CORBO-BM-LUK-001-069	LUCAS	LUK	1	69	Ure ia Davi otojiwu, umode paginorudowu, ro rakareu ako rakareu, ure arego pagai tudugare Davi uwai keje.		
BOR-CORBO-BM-LUK-001-070	LUCAS	LUK	1	70	Cewu tui to profetadoge pemegareuge mariguduwuge egoiagudu reore.		
BOR-CORBO-BM-LUK-001-071	LUCAS	LUK	1	71	Akore tumoduie paginorudo onare paiwuge epiji, kodu kagirire paiwuge eiamedu boe ekera piji.		
BOR-CORBO-BM-LUK-001-072	LUCAS	LUK	1	72	Akore togudumoduie tuiagudumoduie paomage ebo, 73tuwiagodukai cewu tagore pao Abraão biegaidu jitu duji.		
BOR-CORBO-BM-LUK-001-074	LUCAS	LUK	1	74	Akore tumoduie paginorudo onare paiwuge epiji, du kejere icare pabagudumodukae parowo nono tuwadaru reore duji.		
BOR-CORBO-BM-LUK-001-075	LUCAS	LUK	1	75	Du koiawo pabemegamode paedorodumode jekai, meri jamedu boe jituji.		
BOR-CORBO-BM-LUK-001-076	LUCAS	LUK	1	76	Aki itonaregedu, akirema akiemode Pao baru tadawu o profeta; mare paga karega, akodumode Pagimejera otodai awo utawara pemegado.		
BOR-CORBO-BM-LUK-001-077	LUCAS	LUK	1	77	Awo oge eerduwado ero pegareuge pijidoduie du koiaie einorudoduie duji.		
BOR-CORBO-BM-LUK-001-078	LUCAS	LUK	1	78	Mare paga karega, Pao kuricigore tubemegaji, umode paginorudowu urugu butudo pawugeje.		
BOR-CORBO-BM-LUK-001-079	LUCAS	LUK	1	79	Urugu jowo meture boeco tadawugei, tuwi tugu tadawugei, tuwo paedorodo boe butugureu awaraji.		
BOR-CORBO-BM-LUK-001-080	LUCAS	LUK	1	80	Negedurogu ricodure tumedui tudada du tabo. Rakojere boe matadu keje jii ui towadudo Israeldoge eegai du kae.		
BOR-CORBO-BM-LUK-002-HEAD-001	LUCAS	LUK	2		Jesus buturedu.		Cabeçalho/subtítulo editorial da fonte.
BOR-CORBO-BM-LUK-002-001	LUCAS	LUK	2	1	Nowu du kodi, brae eimejera kurireu Augusto ia bataru aregodure boe eiamedu boewo cie bu bapera keje du bogai.		
BOR-CORBO-BM-LUK-002-002	LUCAS	LUK	2	2	Nowu inodu ure tudowuje brae eimejeramode Quirino cedu Sria moto keje du otodai.		
BOR-CORBO-BM-LUK-002-003	LUCAS	LUK	2	3	Du kodi icare boe eiamedu boe ere tudo pui to bakurireu padui tu tu pudabodu boe tada, tuwo cie bu bapera keje.		
BOR-CORBO-BM-LUK-002-004	LUCAS	LUK	2	4	Kodi icare José ruture jamedu Galiléia piji, bakurireu iere Nazaré cedu piji, Judéia moto kae, Davi o bakurireu iei Belém cedu kae. Mare paga karega, Davi uwobe, uwai kejewu nure ema kodi.		
BOR-CORBO-BM-LUK-002-005	LUCAS	LUK	2	5	José ruture toro tuwo cie bu bapera keje, toreduje Maria, kuiaruredu, apo.		
BOR-CORBO-BM-LUK-002-006	LUCAS	LUK	2	6	Eedui nono du keje, boe aregodure pudae ji.		
BOR-CORBO-BM-LUK-002-007	LUCAS	LUK	2	7	"Du kodi icare Maria kuri buture tonaregedu rogu apo, ure ia aroia rogu upodo rogu apo, ure rogu bu tu ia barege eke ja ira tada. Mare paga karega, eeda bokware boe ewai tada ewogai du kodi.
Tupadoge mare jeture barege kugure eiwuge."		
BOR-CORBO-BM-LUK-002-008	LUCAS	LUK	2	8	Nowu oiei, ia jeture barege kugure eiwuge, duwugere eeture tagu baregei boecoji, eragojere nono.		
BOR-CORBO-BM-LUK-002-009	LUCAS	LUK	2	9	Icare Pao o tupa ure towadudo etai. Pao urugu pemegareu ure taiado ebo; boekarema, epagudugodu kuricigore.		
BOR-CORBO-BM-LUK-002-010	LUCAS	LUK	2	10	Icare tupa akore ei: - Tabagudu kaba. Ica, irumode tawie bakaru pemegareuji, dure boe eiamedu boe eegaraemode ema.		
BOR-CORBO-BM-LUK-002-011	LUCAS	LUK	2	11	Awuji, Davi o bakurireu tada, umode taginorudowu buture, cewu Pagimejera Cristore emawu.		
BOR-CORBO-BM-LUK-002-012	LUCAS	LUK	2	12	Awu inodu umode tado boe pawuje awu inoduji: Taerdumode ia buture maigoduwu aroia upore apodu rogu padui ia barege kugure eke ja rogu tada duji.		
BOR-CORBO-BM-LUK-002-013	LUCAS	LUK	2	13	Nowu inodu keje kuri je makareu baru tadawu tupadoge ere tudo pui cewu tupa ae, tui Pao Aroe Eimejera jekaredo du tabo, tagoi oino du tabo:		
BOR-CORBO-BM-LUK-002-014	LUCAS	LUK	2	14	"""Pawo Aroe Eimejera jekaredo toro baru tadawu boe ao mitodu kae. Woe moto keje boe butugureu jetuwo Pao meardu kurire jiwu boe ebo."		
BOR-CORBO-BM-LUK-002-015	LUCAS	LUK	2	15	Cewu tupadoge eture epiji, ere tugirimi baruto, du kejere icare cewu jeture barege kugure eiwuge emagore pui: - Paduwo jice Belém kae paerduwo inoba boere toro du bogai.		
BOR-CORBO-BM-LUK-002-016	LUCAS	LUK	2	16	Eture toro akei pudui du tabo, du eerdure Mariaji, Joseji, cewu pitorirogu padui barege eke ja ira tada duji jamedu.		
BOR-CORBO-BM-LUK-002-017	LUCAS	LUK	2	17	Eerdure tu nowu inoduji, du kodi icare ereadodure nowu pitori rogu jiboe uie tuiegai duji.		
BOR-CORBO-BM-LUK-002-018	LUCAS	LUK	2	18	Meardureuge eiamedu boe eebogodure, emeardu iogodure nowu jeture barege kugure eiwuge ereadodui nowu inodu jituji.		
BOR-CORBO-BM-LUK-002-019	LUCAS	LUK	2	19	Mariare nowu ereadodure jiboe jamedu boe mugudo tuwabo tada, tumeardae tabo ji.		
BOR-CORBO-BM-LUK-002-020	LUCAS	LUK	2	20	"Nowu jeture barege kugure eiwuge, ere tugirimi tuiegare kuricigo tabo, tuwadaru jerebari tabo Pao jitu tabo, nowu tuiordure jiboe jamedu boe koia.
Jesus, oinore nowu negedurogu iere."		
BOR-CORBO-BM-LUK-002-021	LUCAS	LUK	2	21	"Meri pobe puibiji mare pobe puibijidu rekodaji, cewu negedurogu iedodumode. Iedodure Jesusce, nono tupa magai ieiagudu reore tui uce bie, kuiarumodedu otodai du keje.
Ere Jesus reko Pao uwaito, Pao jorduwo ji."		
BOR-CORBO-BM-LUK-002-022	LUCAS	LUK	2	22	Icai ucei turugadu kuributuredu rekodaji du keje, ere Jesus reko Jerusalém kae tuwo Pao jordudo ji, uwo nono Moisés bataru reore.		
BOR-CORBO-BM-LUK-002-023	LUCAS	LUK	2	23	Uwo nono Pao bataru padui bapera kejedu reore: - Boetojiwu boe etore ime kugure ecedodumode Pao ai.		
BOR-CORBO-BM-LUK-002-024	LUCAS	LUK	2	24	Jamedu emagewo ia boe maku Pao ai tubaru tabo, nono Pao bataru reore: - Ia metugue gigiridoge ei pobedu rabodu, iarema metugue remawuge ei pobedu rabodu.		
BOR-CORBO-BM-LUK-002-025	LUCAS	LUK	2	25	Boekarema, ia imedu iei Simeão cedu, rakojere Jerusalém tada. Nowu imedu pemegare, jetorore turoji, upagare Israeldoge emode cinorudodu bogai. Aroe Pemegareu meture tada.		
BOR-CORBO-BM-LUK-002-026	LUCAS	LUK	2	26	Aroe Pemegareu ure bie bimodukae tuiordukai Pao umode aregowu Cristo jitu otodai.		
BOR-CORBO-BM-LUK-002-027	LUCAS	LUK	2	27	Aroe Pemegareu koiare ure utudo Pao uwai kae. Nowu negedurogu uomage ei Paodo jordudo ji, uwo nono Pao bataru ui pudumi du reore du keje,		
BOR-CORBO-BM-LUK-002-028	LUCAS	LUK	2	28	Simeão ure tugeragu ji, ure bu tugana keje, ure tuwadaru ocarodo Paoji tagoi oino du tabo: -		
BOR-CORBO-BM-LUK-002-029	LUCAS	LUK	2	29	Icare Ikimejera, irego boe butugui ii du tabo, awadaru rekodaji.		
BOR-CORBO-BM-LUK-002-030	LUCAS	LUK	2	30	Mare paga karega, iordure ioku tabo umode boe einorudo boeji.		
BOR-CORBO-BM-LUK-002-031	LUCAS	LUK	2	31	Are nowu boe emode cinorudo taboboe are udo turugadu boe eiamedu boe etai.		
BOR-CORBO-BM-LUK-002-032	LUCAS	LUK	2	32	Awu boe einorudoboe ure nono ia jorugure tui awara awadudo judeukare emawuge eiamedu jitu reore. Duwure ure awobe Israeldoge eegaredo jamedu.		
BOR-CORBO-BM-LUK-002-033	LUCAS	LUK	2	33	Nowu negedurogu uo, uce eebogodure boe emagore pudui jiboeji.		
BOR-CORBO-BM-LUK-002-034	LUCAS	LUK	2	34	Simeão ure tuwadaru pemegareu bu ewugeje tu je. Akore uce Mariaji: - Awu negedurogu jeonare pudumiwo makareu Israeldoge ewududo, makareuge etaogado; ema koia umode boe ekodu pegado pui.		
BOR-CORBO-BM-LUK-002-035	LUCAS	LUK	2	35	Nowu inoduwo makareuge emeardae pawujedudodure. Boe ekiarigodae padumode awabo kajeje, toriga raireu okori padu magai boe ewabo kajeje du reore.		
BOR-CORBO-BM-LUK-002-036	LUCAS	LUK	2	36	Ia profetarodo iei Ana cedu, Fanuel onaregedu, Aser otojiwudo, mugure nono jamedu, du codugodu remawu nure.		
BOR-CORBO-BM-LUK-002-037	LUCAS	LUK	2	37	Cewu aredu mugure toredu apo jorui ikera awubodure pobe taci ikera awubowuto, nogwaredu rogu kimoi pudumi du tabo. Du keje oredu bokware piji. Nowu inodu pijire ukare turodo oino Pao uwai piji. Rore nono Pao aidu reore meriji, boecoji, todorogai pudui du tabo, togwa kuridodui du tabo jamedu. O jorure 84.		
BOR-CORBO-BM-LUK-002-038	LUCAS	LUK	2	38	"Taregodui nono du tabo, ure Pao kurido, makore nowu negedurogu jiboeji upagare Pao umode Jerusalemdo cinorudo jiwuge eiamedu boe ewiegai.
Ei tugirimi Nazaré kaedu."		
BOR-CORBO-BM-LUK-002-039	LUCAS	LUK	2	39	Turoi nono Paoi turoiagudu reoredu jamedu akedu keje, ere tugirimi Galiléia kae, to bakurireu Nazaré kae.		
BOR-CORBO-BM-LUK-002-040	LUCAS	LUK	2	40	"Negedurogu ricodure tumedui tudada du tabo, tuiorduwa rakareu tabo. Pao o boe pemegareu meture tada.
Jesus rakojei Pao uwai tadadu."		
BOR-CORBO-BM-LUK-002-041	LUCAS	LUK	2	41	Jesus uo, uce etu kigodure joru jameduji tu tu Jerusalém kae Páscoa jiwu peta kae.		
BOR-CORBO-BM-LUK-002-042	LUCAS	LUK	2	42	O jorure pagera pudogidure pobe taci iwurekoto du kejere, erudure Jerusalém kae nowu peta kae turoia reore.		
BOR-CORBO-BM-LUK-002-043	LUCAS	LUK	2	43	Nowu peta akedure du keje, ei tugirimi du tabo, Jesus rogu mugure Jerusalém tada, mare uo, uce, ekare boe pa.		
BOR-CORBO-BM-LUK-002-044	LUCAS	LUK	2	44	Emeardaere kodurakuduie kodure pudabowuge ebo. Merire mito ei awaraji du keje, enorare bogai tuwobei, tuiorduware jiwugei jamedu.		
BOR-CORBO-BM-LUK-002-045	LUCAS	LUK	2	45	Mare tuiordukai jitudu koiare ere tugirimi Jerusalemto tuiemaru tabo bogai.		
BOR-CORBO-BM-LUK-002-046	LUCAS	LUK	2	46	Meri pobe ma jewu metuia bokware du keje, eerdure ji Pao uwai tada, mugui jorduwa rakareuge etoiadoda duji, tuwiapaga tabo enogwaji, tunora tabo ei jamedu.		
BOR-CORBO-BM-LUK-002-047	LUCAS	LUK	2	47	Meardureuge eiamedu boe eebogodure akoi ewadaru jipagi duji.		
BOR-CORBO-BM-LUK-002-048	LUCAS	LUK	2	48	Tuiordui jitu keje, uo, uce eebogodure ji jamedu. Icare uce akore ji: - Itonaregedu rogu, kodiba aroino cei? Ica, ao, imi, ceemarure awogai, cegiarigodu kuricigo tabo.		
BOR-CORBO-BM-LUK-002-049	LUCAS	LUK	2	49	Akore ei: - Kodiba taemarure iwogai? Taerduwakare imaragodumode Ioga maragodae jituji?		
BOR-CORBO-BM-LUK-002-050	LUCAS	LUK	2	50	Mare ekare boe pa akoinoduto.		
BOR-CORBO-BM-LUK-002-051	LUCAS	LUK	2	51	Du kejere icare ure turawuje ebo Nazaré kae, tumeartorui ewadaru jitu tabo. Ucere nowu inodu jamedu boe jetu otorogado tuwabo tada.		
BOR-CORBO-BM-LUK-002-052	LUCAS	LUK	2	52	Jesus ricodure tugurigodui gu gu je du tabo, tuiorduwa rakareu tabo, Pao o boe pemegareu metui tudada du tabo, Pao jekai, ime eegai jamedu.		
BOR-CORBO-BM-LUK-003-HEAD-001	LUCAS	LUK	3		João Batista uwadodae.		Cabeçalho/subtítulo editorial da fonte.
BOR-CORBO-BM-LUK-003-001	LUCAS	LUK	3	1	Brae eimejera kurireu Tibério jetui Roma bakurireuji jorure ikera pudogidure iwure awubodure du tabo, Pilato jetui Judeiaji, Herodes jetui Galileiaji, uwie Filipe jetui Itureiaji Traconítide motoji, Lisínias jetui Abileneji,		
BOR-CORBO-BM-LUK-003-002	LUCAS	LUK	3	2	Judeudoge ewaire eimejeragei Anás, Caifás mage, du tabore icare Pao o bataru aregodure João, Zacarias onaregedu ae, boe matadu tada.		
BOR-CORBO-BM-LUK-003-003	LUCAS	LUK	3	3	João kodure Jordão Po okwaiwu moto jamedu boe kajeje tagoi oino du tabo: - Tadugu tado, taiaedo taro pegareu boeji. Tagao pegodo, Pao umode taro pegareu okwado.		
BOR-CORBO-BM-LUK-003-004	LUCAS	LUK	3	4	Nowu inodu ure tudowuje uwo nono profeta Isaias o bapera atugo reore: - Ia boe mako padure boe matadu kajeje tagoi oino du tabo: Pagimejera utawarado turugadu, utawara jetorodo.		
BOR-CORBO-BM-LUK-003-005	LUCAS	LUK	3	5	Boe oiako korobadudo, boe aoporu boado, mekireu awara jetorodo, awara mo porureuge ekororogodudo.		
BOR-CORBO-BM-LUK-003-006	LUCAS	LUK	3	6	Boe eiamedu boe eerdumode Paoi boe einorudo duji.		
BOR-CORBO-BM-LUK-003-007	LUCAS	LUK	3	7	Du kodi icare João akore nowu aregodure nono tuwo tao pegodowuge eiamedu boei: - Korireu awague inodudoge, ioguduba ure taerduwado taregoduwo boe pegamode taidu koda piji?		
BOR-CORBO-BM-LUK-003-008	LUCAS	LUK	3	8	Taro pemegado boe eerduwo taie ure tagera ra taro pegareu piji duji. Tagago kaba pui: Cedododaiwure Abraão rema. Mare paga karega, inagomode tai: Pao roiware tuwo awu torido Abraão otobijiwudo pudumi jamedu.		
BOR-CORBO-BM-LUK-003-009	LUCAS	LUK	3	9	João makore ei jamedu: - Paro padure iguru paru keje. Ica, tudu pemegakareu iguru jamedu boe kadodumode barigududoduwo joruto.		
BOR-CORBO-BM-LUK-003-010	LUCAS	LUK	3	10	Du kodi icare nowu boe makareuge enoragodure ji: - Inoba ceromode?		
BOR-CORBO-BM-LUK-003-011	LUCAS	LUK	3	11	Akore ei: - Tagudawu umode pobe ma, metuia maku ukudae bokwareu ai, ukere tu jewu umode tuge kado uke bokwareu apo.		
BOR-CORBO-BM-LUK-003-012	LUCAS	LUK	3	12	Imposto epage etaregodure tuwo tao pegodo jamedu, enoragodure ji: - Cegimejera, inoba ceromode?		
BOR-CORBO-BM-LUK-003-013	LUCAS	LUK	3	13	Akore ei: - Tamago kaba boe enoroe mori koduwo tugori du bogai.		
BOR-CORBO-BM-LUK-003-014	LUCAS	LUK	3	14	Jamedu tariga raidoge enoragodure ji: - Cegi, inoba ceromode?  Akore ei: - Tagorigodu kaba boei, taroreru kaba boei, tawudugugo tu je makudure tagai tamaragodae morice boe keje.		
BOR-CORBO-BM-LUK-003-015	LUCAS	LUK	3	15	Boe epaga nure Pao umode cewu umode boe einorudowu rojai du bogai; kodi icare emeardaere Cristoie ure Joãoce duji.		
BOR-CORBO-BM-LUK-003-016	LUCAS	LUK	3	16	Mare João akore oino eiamedu boei: - Inure tagao pegodo pobo tabo; mare ia ro rakareu ikoriwu aregodumode, duwure ikare irugadu iwo bure tadawu okwa iku kiwuje. Emare umode tagao pegodo Aroe Pemegareu tabo, joru tabo.		
BOR-CORBO-BM-LUK-003-017	LUCAS	LUK	3	17	Romode nono imedu iedui apá jidu, tuwo trigo iwo barigu piji. Umode trigo tugu tuiato, umode iwo ako tuwo barigu joru bitu bokwareuto.		
BOR-CORBO-BM-LUK-003-018	LUCAS	LUK	3	18	Awu inodu tabore Joãore boe ewie bakaru pemegareuji, okituwa kuricigore awu inoduji boei.		
BOR-CORBO-BM-LUK-003-019	LUCAS	LUK	3	19	Okituware brae eimejera Herodesji jamedu, mugure tuwie oreduje apo kodi, ro pega kuricigore jamedu kodi.		
BOR-CORBO-BM-LUK-003-020	LUCAS	LUK	3	20	"Du kodi icare Herodes ure turo pega remawudo: ure João tugu baicoreuto.
Jesus ui taimodu."		
BOR-CORBO-BM-LUK-003-021	LUCAS	LUK	3	21	Boe eiamedu boe ei tao pegodo du tonaji, Jesus ure tao pegodo jamedu. Icarema, makoi baruto du tonaji, barure tuiado.		
BOR-CORBO-BM-LUK-003-022	LUCAS	LUK	3	22	"Aroe Pemegareu ure turawuje bukeje, tui tudo nono metugu reore du tabo. Iaboe mako aregodure baru piji jamedu, tagoi oino du tabo: - Akire imeardu kurire jiwu itonaregedu ure aki. Awugejere itaidae pemegareu jamedu boe jeture.
Jesus otododaiwuge."		
BOR-CORBO-BM-LUK-003-023	LUCAS	LUK	3	23	Icai Jesus ui turo paru tugu du kodi o jorumode 30 rakudu. Boe etai, José onaregedu nure ema. Heli onaregedu José rema. Matat onaregedu Heli rema.		
BOR-CORBO-BM-LUK-003-024	LUCAS	LUK	3	24	Levi onaregedu Matat rema. Melki onaregedu Levi rema. Janai onaregedu Melki rema. José onaregedu Janai rema.		
BOR-CORBO-BM-LUK-003-025	LUCAS	LUK	3	25	Matatias onaregedu José rema. Amós onaregedu Matatias rema. Naum onaregedu Amós rema. Hesli onaregedu Naum rema. Nagai onaregedu Hesli rema.		
BOR-CORBO-BM-LUK-003-026	LUCAS	LUK	3	26	Maate onaregedu Nagai rema. Matatias onaregedu Maate rema. Semei onaregedu Matatias rema. José onaregedu Semei rema. Judá onaregedu José rema.		
BOR-CORBO-BM-LUK-003-027	LUCAS	LUK	3	27	Joana onaregedu Judá rema. Resa onaregedu Joana rema. Zorobabel onaregedu Resa rema. Salatiel onaregedu Zorobabel rema. Neri onaregedu Salatiel rema.		
BOR-CORBO-BM-LUK-003-028	LUCAS	LUK	3	28	Melki onaregedu Neri rema. Adi onaregedu Melki rema. Cosa onaregedu Adi rema. Elmadão onaregedu Cosão  rema. Her onaregedu Elmadão rema.		
BOR-CORBO-BM-LUK-003-029	LUCAS	LUK	3	29	Jesus onaregedu Her rema. Eliezer onaregedu Jesus rema. Jorim onaregedu Eliezer rema. Matate onaregedu Jerim rema. Levi onaregedu Matate rema.		
BOR-CORBO-BM-LUK-003-030	LUCAS	LUK	3	30	Simeão onaregedu Levi rema. Judá onaregedu Simeão rema. José onaregedu Judá rema. Jona onaregedu José rema. Eleakim onaregedu Jona rema.		
BOR-CORBO-BM-LUK-003-031	LUCAS	LUK	3	31	Melia onaregedu Eleakim rema. Mena onaregedu Melia rema. Matata onaregedu Mena rema. Nata onaregedu Matata rema. Davi onaregedu Nata rema.		
BOR-CORBO-BM-LUK-003-032	LUCAS	LUK	3	32	Jessé onaregedu Davi rema. Obede onaregedu Jessé rema. Boaz onaregedu Obede rema. Sal onaregedu Boaz rema. Nasson onaregedu Sala rema.		
BOR-CORBO-BM-LUK-003-033	LUCAS	LUK	3	33	Aminadabe onaregedu Nasson rema. Admim onaregedu Aminadabe rema. Arni onaregedu Admim rema. Esron onaregedu Arni rema. Fares onaregedo Esrom rema. Judá onaregedu Fares rema.		
BOR-CORBO-BM-LUK-003-034	LUCAS	LUK	3	34	Jacó onaregedu Judá rema. Isaac onaregedu Jacó rema. Abraão onaregedu Isaac rema. Taré onaregedu Abraão rema. Nacor onaregedu Taré rema.		
BOR-CORBO-BM-LUK-003-035	LUCAS	LUK	3	35	Seruke onaregedu Nacore rema. Naga onaregedu Seruke rema. Faleke onaregedu Naga rema. Eber onaregedu Faleke rea. Sal onaregedu Eber rema.		
BOR-CORBO-BM-LUK-003-036	LUCAS	LUK	3	36	Caina onaregedu Sal rema. Arafaxade onaregedu Caina rema. Sem onaregedu Arafaxade rema. Noé onaregedu Sem rema. Lameke onaregedu Noé rema.		
BOR-CORBO-BM-LUK-003-037	LUCAS	LUK	3	37	Matusalém onaregedu Lameke rema. Enoke onaregedu Matusalém rema. Jarete onaregedu Enoke rema. Malaleel onaregedu Jarete rema. Caina onaregedu Malaleel rema.		
BOR-CORBO-BM-LUK-003-038	LUCAS	LUK	3	38	Enos onaregedu Caina rema. Sete onaregedu Enos rema. Adão onaregedu Sete rema. Pao Aroe Eimejera onaregedu Adâo rema		
BOR-CORBO-BM-LUK-004-HEAD-001	LUCAS	LUK	4		Aroe pegareuge eimejera ui turokogado Jesus jitu.		Cabeçalho/subtítulo editorial da fonte.
BOR-CORBO-BM-LUK-004-001	LUCAS	LUK	4	1	Jesus uture Jordão piji, Pao Utaroe Pemegareu rakojei pudabo du tabo.		
BOR-CORBO-BM-LUK-004-002	LUCAS	LUK	4	2	Aroe Pemegareu ure reko toro boe mataduto. Nono icare  Aroe pegareuge eimejerare tuiagu turo kogado ji tumode meardae pegado du bogai, meri 40 cedu tonaji. Nowu inodu tonaji ukare boe kowuje. Nowu inodu rekodajire icare uke boigodure ji.		
BOR-CORBO-BM-LUK-004-003	LUCAS	LUK	4	3	Kodi icare Aroe pegareu  akore ji: - Aroe Eiemejera Onaregedu umode aki rugadu du keje, amagodo awu toriji uwo amireudo pudumi.		
BOR-CORBO-BM-LUK-004-004	LUCAS	LUK	4	4	Jesus akore: - Pao o bataru padui bapera kejedu akore: Amireu mitodu tabo karega imedu jere, mare Pao o bataru jamedu boe tabo.		
BOR-CORBO-BM-LUK-004-005	LUCAS	LUK	4	5	Du keje icare Aroe pegareu  uture apo tori raireu ao kae, ure jordudo moto jamedu boeji taci je.		
BOR-CORBO-BM-LUK-004-006	LUCAS	LUK	4	6	Akore ji: - Imode awu moto jamedu boe, motu inodu, ro raka inodu, maku akai: mare paga karega, inaire jamedu boe makudure kodi, imode maku ia itaidure jiwu ai jamedu.		
BOR-CORBO-BM-LUK-004-007	LUCAS	LUK	4	7	Kode, amode apujodo ii ma, jamedu boe akomode ema.		
BOR-CORBO-BM-LUK-004-008	LUCAS	LUK	4	8	Jesus akore ji: - Atugododure oino: Amode apujodo akimejera Aroe Eimejeraji, tu o bataru jire ameartorumode.		
BOR-CORBO-BM-LUK-004-009	LUCAS	LUK	4	9	Icare Aroe pegareu  uture apo kimo Jerusalém bakurireuto, Pao uwai oto mitodu kae, akore ji: -Aroe Eimejera Onaregedu umode aki rugadu du keje, akaredo awu piji moto kae.		
BOR-CORBO-BM-LUK-004-010	LUCAS	LUK	4	10	Mare paga karega, atugododure oino: Akore to tupadogei eetuiagu ai;		
BOR-CORBO-BM-LUK-004-011	LUCAS	LUK	4	11	Eiagu amugudo tugera keje, akawo awure okorido ia tori boe tabo		
BOR-CORBO-BM-LUK-004-012	LUCAS	LUK	4	12	"Icare Jesus akore ji: - 
Bakarure oino: Arokogadodu kaba Akimejera Aroe Eimejeraji."		
BOR-CORBO-BM-LUK-004-013	LUCAS	LUK	4	13	"Tui turokogado jitu akedu keje, Aroe pegareu re tuwogwado piji, jii ia kodiboe kae pugeje.
Jesus ui tumaragodae paru tugu Galiléia kejedu."		
BOR-CORBO-BM-LUK-004-014	LUCAS	LUK	4	14	Du kejere icare Jesus ure tugirimi Galiléia kae. Aroe Pemegareu rakojere apo. Akaru ure taodo nowu nonowu moto jamedu boe joki.		
BOR-CORBO-BM-LUK-004-015	LUCAS	LUK	4	15	"Ure boe eerduwado sinagogadoge etada. Boe eiamedu boe ewadaru ocarore apo, emago pemegare ji.
Jesus ure towadudo Nazaré keje."		
BOR-CORBO-BM-LUK-004-016	LUCAS	LUK	4	16	Jesus kodure tai Nazaré kae, cewu turijodurewo kae, ure turemo nonowu sinagogato sabadore jiwu meriji, cewu turoia reore. Ure turagojedo taci, tumagowo bapera atugoji.		
BOR-CORBO-BM-LUK-004-017	LUCAS	LUK	4	17	Ere profeta Isaias o bapera atugo jodo tuku keje. Tui bapera jado du keje, ure tugeragu awu atugore oinowuji:		
BOR-CORBO-BM-LUK-004-018	LUCAS	LUK	4	18	"""Pagimejera Utaroe Pemegareu padure iwugeje, du kodire ure tugeragu ii, ure ido bakaru pemegareu marenarue ewie ji. Ure irojai iwo mugure baicoreu tadawuge ewie tui cinorudo duji, iwo joku bokwarewuge ewie taiwomode pugeje duji, iwo boe erorerure jiwuge einorudo."		
BOR-CORBO-BM-LUK-004-019	LUCAS	LUK	4	19	Iwo boe ewie Pagimejera umode tuwobe edo cinorudo jiwu joruji.		
BOR-CORBO-BM-LUK-004-020	LUCAS	LUK	4	20	Du kejere icare, ure bapera mi tu je, ure maku tu jeture jiwu ai, ure tumugudo tu je. Nowu sinagoga kejewuge eiamedu boe eeku kidugodure ji.		
BOR-CORBO-BM-LUK-004-021	LUCAS	LUK	4	21	Icare Jesus akore oino: - Awu merijire icare cewu tawiedure jiwu bakaru pemegareu ure tudowuje taegai.		
BOR-CORBO-BM-LUK-004-022	LUCAS	LUK	4	22	Eiamedu boe eiore puaogeje ji, eebogodure nowu bataru pemegareu aregodui jabiji duji, enoragodure pui: - José onaregedu karegao?		
BOR-CORBO-BM-LUK-004-023	LUCAS	LUK	4	23	Kodi icare Jesus akore ei: - Boe jokodu tamagomode ii awu bakaruji: Jorubo kuru epa, apemegago akaobiji. Cemeardure jiwu aro pemegareu kurireu ai udo Cafarnaum keje jamedu boe, udo woe ako moto keje jamedu.		
BOR-CORBO-BM-LUK-004-024	LUCAS	LUK	4	24	Boe jokodu jire inagomode oino tai: Boe etaidukare ia to moto kejewu profetaji.		
BOR-CORBO-BM-LUK-004-025	LUCAS	LUK	4	25	Tawiapagado: Ukoge bokware pijiwu areme emagaguragare Israel keje, profeta Elias rakoje kimo tonaji, cewu bubutukare jorui pobe ma jewu metuia bokware, ari ikera awubodure mito taci ikera awubowuto, cewu boe eke boi kuricigore boei moto jamedu boe joki du kodiwu keje.		
BOR-CORBO-BM-LUK-004-026	LUCAS	LUK	4	26	Mare Elias rojaidodure Israeldoge ia etae ia etae du kare; mare ia Sidnia Sarepta kejewu ia oredu bokware pijiwudo bogaire rojaidodure.		
BOR-CORBO-BM-LUK-004-027	LUCAS	LUK	4	27	Du reorere moci bare jiwu boe emagaguragare Israel tada, profeta Eliseu rakoje kimo tonaji, mare ia emage ia emage etagurugudukare nowu inodu bogai, mare u Síria kejewu ia imedu iei Naamã cedu akurugudure tu je.		
BOR-CORBO-BM-LUK-004-028	LUCAS	LUK	4	28	Awu bakarui oino du keje, sinagoga kejewuge eiamedu boe ekorigodu kuricigore Jesusji, ewadaru pega kuricigore ji.		
BOR-CORBO-BM-LUK-004-029	LUCAS	LUK	4	29	Ere turagojedo, ere Jesus barigu nowu bakurireu piji, ere reko to bakurireu padure aogejewu nowu torekodu aokae, nowu piji etaidure tuwo barigu moto kae.		
BOR-CORBO-BM-LUK-004-030	LUCAS	LUK	4	30	"Mare nowu inodu tada, Jesus padure ekajeje taci je, uture epiji.
Aroe pegareu meture tadawu imedu."		
BOR-CORBO-BM-LUK-004-031	LUCAS	LUK	4	31	Du kejere icare Jesus ure turawuje Cafarnaum, Galiléia tadawu bakurireuto. Nono ure boe eerduwado sabadore jiwu meriji.		
BOR-CORBO-BM-LUK-004-032	LUCAS	LUK	4	32	Eerdu moture ure tuiorduwado jiboeji, mare paga karega, mako makore tuiorduwa tabo turo raka tabo.		
BOR-CORBO-BM-LUK-004-033	LUCAS	LUK	4	33	Aror pegareu meture tadawu ia imedu rakojere sinagoga tadadu ure toiogwari rakaguragado, akore: -		
BOR-CORBO-BM-LUK-004-034	LUCAS	LUK	4	34	Jesus Nazaré kejewu, inoba akaidure arowo cei? Akaregodure woe awo cebegado? Iorduware ai. Aroe Eiemejera utugare pemegareu nure aki.		
BOR-CORBO-BM-LUK-004-035	LUCAS	LUK	4	35	Mare Jesu akore tumago okori tabo ji: - Amago kaba. Atawuje awu imedu piji. Icare Aroe pegareu re nowu imedu to motoji boe etoiadoda, uture piji, tukai iaboe pegareudo jitu piji.		
BOR-CORBO-BM-LUK-004-036	LUCAS	LUK	4	36	Eiamedu boe epagudugodure, egore pui jice woje jice woje: - Kakoduboebao? Tagado: ure  Aroe pegareuge etudo turo rakareu tabo, eture rugadu!		
BOR-CORBO-BM-LUK-004-037	LUCAS	LUK	4	37	"Akaru ure tumaedo nowu jeture nonowuge eiamedu boe joki.
Jesus ure Simão ucarugo pemegago."		
BOR-CORBO-BM-LUK-004-038	LUCAS	LUK	4	38	Tudui sinagoga piji du keje, kodure kuri Simão uwai kae. Simão ucarugo biri uru rakaguragare, du emagore ji ai.		
BOR-CORBO-BM-LUK-004-039	LUCAS	LUK	4	39	"Icare ure tuie jodo keje, akore nowu biri uruji tumago okori tabo ji. Icare nowu biri uru okware pi tuku piji. Icare nowu Simão ucarugo ure turagojedo, icare ure eke boe pemegado etai.
Jesus ure boe emagaguragereuge epemegago."		
BOR-CORBO-BM-LUK-004-040	LUCAS	LUK	4	40	Meri butu rekodaji, cewu uwobe kogodureuge ekogodae padui pumekejedu eiamedu boe ere erego Jesus ae. Icare ui tugera bu tu tu ewugeje du reore, epemegagodure.		
BOR-CORBO-BM-LUK-004-041	LUCAS	LUK	4	41	"Aror pegareudogere tudawuje boe makareuge epiji toiogwari rakareu tabo, tagoi oino du tabo: - Aroe Eimejera Onaregedu nure aki. Eerduware Cristoie ema duji. Du kodi icare ure tumago okorido ei emago kawo.
Jesus ure bakaru pemegareu kogado."		
BOR-CORBO-BM-LUK-004-042	LUCAS	LUK	4	42	Barogwa kododu tabo, Jesus uture nowu piji toro ia boe makodureuto. Makareu boe eemarure bogai, ekodure jii cewu rakojerewo kae, ere tugedu rakado ji utukawo tubiji.		
BOR-CORBO-BM-LUK-004-043	LUCAS	LUK	4	43	Mare Jesus akore ei: -Imode Pao o boe pemegareu kogado ia bakurireuge ekao jamedu. Nowu inodu bogaire itaregodure.		
BOR-CORBO-BM-LUK-004-044	LUCAS	LUK	4	44	Ure boe eerduwado tu tu sinagogadoge ekao, Galiléia tada.		
BOR-CORBO-BM-LUK-005-HEAD-001	LUCAS	LUK	5		Jesus makoi ture jorduwadowuge boetojiwuge ewogaidu.		Cabeçalho/subtítulo editorial da fonte.
BOR-CORBO-BM-LUK-005-001	LUCAS	LUK	5	1	Jesus rakojere Genesaré kejewu kuruga kurireu jipa keje, du kaere boe ere tudo pui ae tumearduwo Pao bataruji.		
BOR-CORBO-BM-LUK-005-002	LUCAS	LUK	5	2	Icare jordure ia ika kurireuge ei pobedu padui kuruga kurireu okwai duji, kare ecebage ei tudawuje epiji tuwo tugera pemegado tuwuge jituji.		
BOR-CORBO-BM-LUK-005-003	LUCAS	LUK	5	3	Icare ure taredo iato, du Simão o rabodu. Makore ji uwo roto oino gu moto piji pobo oiado. Tumugui ika tada du piji makore boei, ure eerduwado.		
BOR-CORBO-BM-LUK-005-004	LUCAS	LUK	5	4	Nowu tumagoi boeidu akedu keje, akore Simãoji: - Ako ika jodo pobo maereuto, tawuge ewarigu kare ewogai.		
BOR-CORBO-BM-LUK-005-005	LUCAS	LUK	5	5	Simão akore ji: -Cegimejera, cemaragodure boeco jameduji, mare cekare cegeragu boeji. Mare, awadaru koia, imode iwuge barigu rugadu.		
BOR-CORBO-BM-LUK-005-006	LUCAS	LUK	5	6	Nowu turoino du tabo, ere tugeragu du kuricigodo karei, du koia ewugere tuiagu turawuje.		
BOR-CORBO-BM-LUK-005-007	LUCAS	LUK	5	7	Ere tugera batarudo jice ia tumedage eedui ia ika tada du kae, etuwo mato pudae, ewo tugerabraredo pudui. Etaregodure, ere nowu ikadoge ei pobedu enogorobadudo, du inodu koia ikadogere tuwogwaiagu poboto.		
BOR-CORBO-BM-LUK-005-008	LUCAS	LUK	5	8	Tuiordui nowu inodu jitu keje Simão Pedro ure tubujodo Jesus jokorai, akore ji: - Akorodo oino ipiji, Ikimejera, mare paga karega, imedu ro pegareu nure imi.		
BOR-CORBO-BM-LUK-005-009	LUCAS	LUK	5	9	Mare paga karega, Simão mare metage eebogodu kuricigore turoi kare eidu jitu kodi.		
BOR-CORBO-BM-LUK-005-010	LUCAS	LUK	5	10	Du reorere Tiago, João nowu Zebedeu ore, duwugere Simão metagere emage, eebogodure jamedu. Kodi icare Jesus akore Simãoji: - Apagudu kaba. Awu inodu otobiji akire Boe remawuge eire awuge rurudodumode pugeje.		
BOR-CORBO-BM-LUK-005-011	LUCAS	LUK	5	11	"Ere nowu ikadoge enogwa iku kogudo nono, pobo okwai, ere tugera ra boe jamedu boe piji, eture apo.
Jesus ui ia moci bare jiwu imedu pemegagodu."		
BOR-CORBO-BM-LUK-005-012	LUCAS	LUK	5	12	Ia boe kajeje, Jesus rakojere ia bakurireu tada du kaere ia imedu mocire biri pegadodu aregodure, du jordui Jesus jitu keje, ure tubujodo bure paru tuie joi mototo du tabo, okwamagudure ji, akore: - Ikimejera, akaidu keje, amode itagurugududo.		
BOR-CORBO-BM-LUK-005-013	LUCAS	LUK	5	13	Icare Jesus ure tugera aogado, ure tugera bu keje, akore ji: - Itaidure, akagurugududo. Nowu inodu tonaji kuri je, moci okware piji.		
BOR-CORBO-BM-LUK-005-014	LUCAS	LUK	5	14	Jesus akore ji: - Amago kaba boe ewiegai, mare toro, sacerdote jordudo ai. Moisés makore jiboe morido boewo boe pa apemegagoduie ure duji.		
BOR-CORBO-BM-LUK-005-015	LUCAS	LUK	5	15	Akaru ure tumaedo, du kodi icare boe makareuge ere tudo pui toro ae tumearduwo bataruji, tubemegagoduwo tugogodae boe piji.		
BOR-CORBO-BM-LUK-005-016	LUCAS	LUK	5	16	"Mare ukigodure tui tudaru ia boe makodureuto tumagowo baruto.
Jesu ure ia imedu meru bokwareu pemegago."		
BOR-CORBO-BM-LUK-005-017	LUCAS	LUK	5	17	Ia meri keje pugeje, unure boe eerduwado. Icare ia fariseudoge mare ia escribadoge etoiare oiei mugui apodu, etaregodure Galiléia kejewu bakurireuge kugure eiamedu boe piji, Judéia piji, Jerusalém piji. Pao ro rakareboe mugure apo tuwo boe ekogodae barigu epiji.		
BOR-CORBO-BM-LUK-005-018	LUCAS	LUK	5	18	Du kodi icare ia ime etaregodure mato ia imedu meru bokwareu apo, padui tuba kamoreu keje du tabo; etaiwore tuwo remo baito tuwo bu Jesus jokorai.		
BOR-CORBO-BM-LUK-005-019	LUCAS	LUK	5	19	Mare tuiordukai kaiba tugoduwo apo, nowu boe makarewuge ekao du koia, icare erudure bai ao kae, du pijire ere rawuje mato moto kae, Jesus jokorai.		
BOR-CORBO-BM-LUK-005-020	LUCAS	LUK	5	20	Tuiordui emeartoru rakareu jitu keje, Jesus makore nowu meru bokwareuji, akore: - Imeduia, ire aro pegareu jamedu boe okwado, iwudugugodure ai.		
BOR-CORBO-BM-LUK-005-021	LUCAS	LUK	5	21	Du kodi icare nowu escribadoge, nowu fariseudoge ere tumeardaedo, egore pudui taobiji: - Kakoduwu imedubao? Ure tuwadaru pegado! Ioguduba umode boe ero pegareu okwado tuwudugugoduwo boei? Tu Pao Aroe Eimejera karega?		
BOR-CORBO-BM-LUK-005-022	LUCAS	LUK	5	22	Mare Jesus ure boe pa emeardaeji, akore ei: - Inoba tameardaere tadoda?		
BOR-CORBO-BM-LUK-005-023	LUCAS	LUK	5	23	Kakoduwuba biakare: imagowo oino: Aro pegareu okware, iwudugugodure ai, iarema imagowo: Aragojedo, amerudo, oino kana?		
BOR-CORBO-BM-LUK-005-024	LUCAS	LUK	5	24	Aró, kode, imode taerdudo iro rakai iwo boe ero pegareu okwado duji. Kodi icare akore nowu pogora pegareuji: - Aragojedo, akeragu apa kamoreuji, toro awai kae.		
BOR-CORBO-BM-LUK-005-025	LUCAS	LUK	5	25	Inodu tonaji kuri je, nowu imedu ure turagojedo taci eegai, ure tugeragu tuba kamoreuji, uture tuwai kae, tumagoi tuiegare pemegareui Pao jitu tabo.		
BOR-CORBO-BM-LUK-005-026	LUCAS	LUK	5	26	"Boe eiamedu boe epagudugodure, emago pemega kuricigore Paoji. Tubagudugodu kuricigoreure du koiare egoino: - Awu meri jire ceerdure boe motureu kurireuji.
Jesus makoi Levi bogaidu."		
BOR-CORBO-BM-LUK-005-027	LUCAS	LUK	5	27	Nowu inodu rekodaji, Jesus uture nowu piji. Jordure boe ere tumuga, tuieda mori maku makaiwu ia imedu mugui ira keje duji du iere Levi. Icare akore ji: - Ako itabo.		
BOR-CORBO-BM-LUK-005-028	LUCAS	LUK	5	28	Icare ure tugera ra ca boe jamedu boe piji, ure turagojedo taci je, kodure apo.		
BOR-CORBO-BM-LUK-005-029	LUCAS	LUK	5	29	Icare Levi ure boe enogwage kuricigoreudo tuwai keje Jesus ai. Nowu Levi reoreuge, mare iage emugure ira keje nono ebo.		
BOR-CORBO-BM-LUK-005-030	LUCAS	LUK	5	30	Du kodi icare fariseudoge mare escribadoge ere tuwadaru pegado pui, ere tunorado nowu ure jorduwadowugei, egore: - Kodiba tagogwagere, tagudure publicanodoge mare boe pegareuge ebo jamedu?		
BOR-CORBO-BM-LUK-005-031	LUCAS	LUK	5	31	Icare Jesus akore ei: - Boe korikare jiwuge, boe urukare jiwuge ewiapagakare jorubo kuru epa bogai, mare kogodureuge tu rugadu.		
BOR-CORBO-BM-LUK-005-032	LUCAS	LUK	5	32	"Itaregodure imagowo boe ewogai, epemegawo du bogai, mare pemegareuge ewogai karega, mare pegareuge ewogai.
Boe etodorogai puduidu."		
BOR-CORBO-BM-LUK-005-033	LUCAS	LUK	5	33	Kodi icare emagore ji: - João ure jorduwadowuge mare fariseudoge ere jorduwadowuge etodorogare pudui, enogwa kuridodu raire jamedu. Akogerema enogwagere, ekudure.		
BOR-CORBO-BM-LUK-005-034	LUCAS	LUK	5	34	Jesus akore ei: - Kode, tamode uwirere maigoduwu metage etodorogado pudui tagaidu reore, nowu uwirere maigoduwu mugui ebo du tonaji?		
BOR-CORBO-BM-LUK-005-035	LUCAS	LUK	5	35	Boe aregodumode nowu uwirere maiwu tawujedumode epijiwo kae. Du keje etodorogamode pudui jamedu.		
BOR-CORBO-BM-LUK-005-036	LUCAS	LUK	5	36	Ure awu inodu jeonado tu nowu inoduji pugeje, akore: - Iaboe iaboe emodukare aroia maiwu bowuje tuwo bu ia aroia codureu poro keje. Mare paga karega, nowu inodu tabo umode nowu aroia maiwu pegado. Jamedu poro kamida maiwu pemegamodukare aroia codu keje.		
BOR-CORBO-BM-LUK-005-037	LUCAS	LUK	5	37	Akore jamedu: - Boe emodukare parera kuru maiwu tugu ia pori codureuto. Mare paga karega, parera kuru maiwu umode nowu pori bowuje, du koia umode ceredo, mare nowu pori pijimode jamedu.		
BOR-CORBO-BM-LUK-005-038	LUCAS	LUK	5	38	Mare parera kuru maiwu tugudumode pori maiwuto ma, mugu raimode puapo.		
BOR-CORBO-BM-LUK-005-039	LUCAS	LUK	5	39	Oino paci woje jamedu: Kudure parera kuru codureu cewuge, etaidukare tuguduwo parera kuru maiwuce, mare egore oino: parera kuru codureu ema remawu rema.		
BOR-CORBO-BM-LUK-006-HEAD-001	LUCAS	LUK	6		Jesus ore Sábado rema.		Cabeçalho/subtítulo editorial da fonte.
BOR-CORBO-BM-LUK-006-001	LUCAS	LUK	6	1	Ia sabadore jiwu meriji, tugodui ia trigo pa oiagi du tabo, nowu ure jorduwadowuge ere tugeragu ia enari boeji, tui a rawuje tugera keje du tabo, enogwagere ji.		
BOR-CORBO-BM-LUK-006-002	LUCAS	LUK	6	2	Du kodi icare ia fariseudoge egore ei: - Kodiba taroino awu boe ero kaiagu ino sabadore jiwu meriji?		
BOR-CORBO-BM-LUK-006-003	LUCAS	LUK	6	3	Icare Jesus akore ei: - Tamagokare Davi ro padui bapera atugo keje duji?		
BOR-CORBO-BM-LUK-006-004	LUCAS	LUK	6	4	Ure turemo Pao uwaito, ure tugeragu bakaru pemegareu padure kejewu amireu jitu, ure kowuje, ure maku tumedage etai ewo kowuje, du tu sacerdotedoge emode kowuje kodi karega?		
BOR-CORBO-BM-LUK-006-005	LUCAS	LUK	6	5	"Icare akore pugeje: - Imedu Onaregedu ore Sábado rema jamedu.
Jesus ui ia imedu iera bireu pemegagodu."		
BOR-CORBO-BM-LUK-006-006	LUCAS	LUK	6	6	Ia sabadore jiwu meriji pugeje, Jesus ure turemo sinagogato tui boe eerduwado du kae pugeje. Ia imedu kana pemegareu jaogwaiwu iera bire todu rakojere nono.		
BOR-CORBO-BM-LUK-006-007	LUCAS	LUK	6	7	Boekarema, fariseudoge mare escribadoge enoebatodure ji iogomode boei sabadore jiwu meri jitu bogai. Nowu inoduwo turugadu tuwo tugeragu jitu bogai.		
BOR-CORBO-BM-LUK-006-008	LUCAS	LUK	6	8	Mare Jesus jorduware emeardaeji, du kodi icare akore nowu iera bire towuji: - Aragojedo, woe boiadoda!. Ure turagojedo, rakojere nono.		
BOR-CORBO-BM-LUK-006-009	LUCAS	LUK	6	9	Icare Jesus akore ei. -Inoragoduwo tai: boe ero pemegamodukana sabadore jiwu meriji, iarema boe ero pega kana umode? Boe kana umode pu inorudo, iarema boe kana umode pu biiagu rugadu?		
BOR-CORBO-BM-LUK-006-010	LUCAS	LUK	6	10	Tui tuioku maedo boe eiamedu joki du tabo, akore nowu imeduji: - Akera raido. Icare ure tugera raido, iera pemegagodure taci je.		
BOR-CORBO-BM-LUK-006-011	LUCAS	LUK	6	11	"Emagerema ewire tu boe kori koia, eemarure pui jice woje inoba turomode Jesus jitu bogai.
Apostolodoge ei ikera pudogidure pobe taci iwurekotodu."		
BOR-CORBO-BM-LUK-006-012	LUCAS	LUK	6	12	Nowu du kodi Jesus ure tudawuje boe epiji, ruture ia tori raireu ao kae tumagowo baruto. Nono makore Paoji jii barogwa kododu kae.		
BOR-CORBO-BM-LUK-006-013	LUCAS	LUK	6	13	Barogwa kododu kejere makore ture jorduwadowuge ewogai, duwuge epijire ure tugeragu ikera pudogidure pobe taci iwurekoto duji, ure awuge eiedo Apostolodoge, oino (boe ewadaru tabo ure oino: Rojaidodureuge).		
BOR-CORBO-BM-LUK-006-014	LUCAS	LUK	6	14	Duwuge reo: Simão, du ure iedo Pedro; uwie André; Tiago, João, Filipe, Bartolomeu;		
BOR-CORBO-BM-LUK-006-015	LUCAS	LUK	6	15	Mateus, Tomé, Tiago Alfeu onaregedu, Simão iei Zelote cedu, Judas cewu Tiago uwie;		
BOR-CORBO-BM-LUK-006-016	LUCAS	LUK	6	16	"Mare Judas Iscariote koiare umode Jesus maku onare puduiwuge etai.
Boe makareuge ekodui Jesus apodu."		
BOR-CORBO-BM-LUK-006-017	LUCAS	LUK	6	17	Jesus ure turawuje ebo nowu tori raireu joki, ure tuwuredo ia boe boareu keje. Nono ia ture jorduwadowuge eedure ia boe makareuge ebo, Judéia jamedu pijiwuge, Jerusalém pijiwuge, Tiro, Sidnia kejewu pobo maereu jipa pijiwuge rabodu.		
BOR-CORBO-BM-LUK-006-018	LUCAS	LUK	6	18	Duwugere etaregodure nono tuiorduwo ji, tumearduwo bataruji, tubemegagoduwo tugogodae piji; cewu  Aroe pegareuge ekare emorora butugudo puduiwuge etaregodure jamedu du einorudodure epiji.		
BOR-CORBO-BM-LUK-006-019	LUCAS	LUK	6	19	"Boe eiamedu boe etaidure tuwo tugera jetuwo ji, mare paga karega, ro rakareboe ure tudawuje piji, du koia eiamedu boe epemegago.
Boe eegaremodedu koiaboe."		
BOR-CORBO-BM-LUK-006-020	LUCAS	LUK	6	20	Du kejere icare Jesus ure tuioku aogado nowu ture jorduwadowugei, akore ei: - Boe pemegamode tai, marenarui tagi du keje, mare paga karega; taragojemode Pao o boe pemegareu tada.		
BOR-CORBO-BM-LUK-006-021	LUCAS	LUK	6	21	Boe pemegamode tai, tage boimode tai du keje; mare paga karega, tagogwa amogodumode. Boe pemegamode tai, tagoragudumode du keje, mare paga karega, taegaredodumode du kodi.		
BOR-CORBO-BM-LUK-006-022	LUCAS	LUK	6	22	Boe ekodu kagirimode tai, boe emode tawarigu, boe erorerumode tai, boe egomode meridogeie tagi, awu inodu jamedu umode tai igoia du keje, 23taegaredo, tadugu tado nowu meriji, mare paga karega, nowu inodu mori kurcigomode tagai baru tada. Oinore etuomage erore profetadogei.		
BOR-CORBO-BM-LUK-006-024	LUCAS	LUK	6	24	Mare oroe kurireugemode tagi ma, boe pegamode tai, mare paga karega, morire tagai marigudu.		
BOR-CORBO-BM-LUK-006-025	LUCAS	LUK	6	25	Boe pegamode tai tagogwa amogodure du keje, icare tage boimode tai. Boe pegamode tai tagogwarire du keje: tamode maido, tagoragudumode.		
BOR-CORBO-BM-LUK-006-026	LUCAS	LUK	6	26	"Boe ewadaru ocaromode tagabo ma, taeku jado, mare paga karega, oinore etuomage erore profeta pegareugei.
Boe emeardu kurii puidu. -"		
BOR-CORBO-BM-LUK-006-027	LUCAS	LUK	6	27	Tagire tawiapagare oino iwadaruji, inagomode tai: Tameardu kurido onare taiwugei, taro pemegado kodu kagirire taiwugei jamedu.		
BOR-CORBO-BM-LUK-006-028	LUCAS	LUK	6	28	Tawadaru pemegareu bu bataru pegare taiwuge ewugeje; tamagodo baruto onare taiwuge eparu tabo.		
BOR-CORBO-BM-LUK-006-029	LUCAS	LUK	6	29	Umode tugera to ae awubowujiwu, udo tugera to ae awubowuji pugeje. Iaboe emode akudawu poru kejewu tawuje apiji ma, awiri kejewu maku ai jamedu.		
BOR-CORBO-BM-LUK-006-030	LUCAS	LUK	6	30	Okwamagudumode aiwuge, boe maku eiamedu boe ai. Cewu ure tugeragu akoe jiwu, akorigodu kaba, amago kaba bogai jamedu.		
BOR-CORBO-BM-LUK-006-031	LUCAS	LUK	6	31	Akaidumagai boe erowo ai du reore, aromode ei jamedu.		
BOR-CORBO-BM-LUK-006-032	LUCAS	LUK	6	32	Tameardu kurimode meardu kurire taiwuge ei ma, kaba morimode ema tagai pugeje? Ica, kode, pegareuge emeardu kurire meardu kurire puduiwugei jamedu.		
BOR-CORBO-BM-LUK-006-033	LUCAS	LUK	6	33	Taro pemegamode ro pemegare taiwugei ma, kaba morimode ema tagai pugeje? Kode, oinonore pegareuge erore jamedu.		
BOR-CORBO-BM-LUK-006-034	LUCAS	LUK	6	34	Tamode ia tagoe maku iaboe etai, makuduwo tagai pugeje ma, kaba morimode ema tagai pugeje? Jamedu pegareuge ere toe maku jamedu makuduwo pudai reore jamedu. 35 Paci oino, tameardu kurido onare tuwugei, taro pemegado boei, tagoe maku boe etai tabagakai jipagiboe bogai du tabo. Nowu inodu kodire mori kuricigoreu umode tagai, Pao oremode tagi jamedu. Mare paga karega, oinonore Pao pemegare ro pegareuge eiamedu boei jamedu kodi.		
BOR-CORBO-BM-LUK-006-036	LUCAS	LUK	6	36	"Tagogududo boe ebo nono Tao okudu magai boe ebo du reore.
Boe emeardae pegakawo pui."		
BOR-CORBO-BM-LUK-006-037	LUCAS	LUK	6	37	Tadugu kaba boei, boe etugu kawo tai jamedu. Tagaba boe ewarigu boe pegareuto, tawarigudu kawo boe pegareuto jamedu. Tawudugugo boei ma uwo ino tai jamedu.		
BOR-CORBO-BM-LUK-006-038	LUCAS	LUK	6	38	Maku boe etai, Pao umode maku tagai jamedu. Pao umode maku tagaiboe kuricigo cigomode; taroiwamode taboboe jamedu boe Pao umode maku tagai. Mare paga karega, tamode boe remagu tamedagei du reorere Pao umode boe remagu tai jamedu.		
BOR-CORBO-BM-LUK-006-039	LUCAS	LUK	6	39	Jesus ure awu inodu jebato ewiegai pugeje: - Ia joku bokwareu kodumodukana ia tumeduia joku bokwareu apo jice woje jice woje? Ewudumodukare motoiato puapo?		
BOR-CORBO-BM-LUK-006-040	LUCAS	LUK	6	40	Jorduwadodureu kodumodukare ure tuiorduwadowu kori. Mare jorduwadodureu umode nono ure tuiorduwadowu reore du keje umode turugadu pudui.		
BOR-CORBO-BM-LUK-006-041	LUCAS	LUK	6	41	Jesus unoragodure ei awu inoduji pugeje tui jebato du tabo pugeje: - Kodiba aerdure ia boe gigudureuji awie joku tada, aerdukai bai kugajejewu i padui aeku tada duji?		
BOR-CORBO-BM-LUK-006-042	LUCAS	LUK	6	42	"Kode, inoba akagomode awieji: Iwo boe gigudurogu tawuje aeku piji, aerdukai nowu bai kugajejewu i padui aeku tada duji? Ro biadodureu! Nowu bai kugajejewu i padui aeku kejedu barigu aeku piji jao, du kejere aroiwamode awo boe gigudurogu tawuje awie joku piji.
Iguru tudu boe."		
BOR-CORBO-BM-LUK-006-043	LUCAS	LUK	6	43	Jesus akore jamedu: - I pemegareu tudu pegamodukare. I pegareu tudu pemegamodukare jamedu.		
BOR-CORBO-BM-LUK-006-044	LUCAS	LUK	6	44	Mare paga karega, boe eerduware iguruji tudu koia. Boe emodukare tugeragu kuru cereuji tuguje otoguru piji; boe emodukare tugaragu parera okuroduji kumara iwaraguru piji.		
BOR-CORBO-BM-LUK-006-045	LUCAS	LUK	6	45	"Oino jamedu, imedu pemegareu umode tumeardae pemegareu tawuje tuwabo piji; imedu pegareu rema, umode tumeardae pegareu tawuje tuwabo piji jamedu. Mare paga karega, kuricigore tuwabo tadaboe jire boe emagore.
Bai parudoge ei pobedu. -"		
BOR-CORBO-BM-LUK-006-046	LUCAS	LUK	6	46	Kodiba tagagore ii: Cegimejera, cegimejera ino, mare tarokare nono iwadaru reore?		
BOR-CORBO-BM-LUK-006-047	LUCAS	LUK	6	47	Cewu aregodure itaewuge eiamedu boe, emeardure iwadaruji, erore nono iwadaru reore jamedu, imode taerdudo ure nono reoreugei.		
BOR-CORBO-BM-LUK-006-048	LUCAS	LUK	6	48	Ere nono ia imedu umode bai mugudodu, ure ko raido, ure bai i bure tugu pariri to du reore. Pobo kododure ma, pobore jore nowu bai keje, mare ukare butudo. Mare paga karega, ure tugera pemegado tui mugudo ji kodi.		
BOR-CORBO-BM-LUK-006-049	LUCAS	LUK	6	49	Mare cewu meardure iwadaruji, rokai nono iwadaru reoredu, ure nono ia imedu ui tuwai mugudo moto bari bari keje tuwure joia bokwa tabodu reore: Pobore jore keje ma, buture kuri je, nowu inodu pega jagure nowu baiji.		
BOR-CORBO-BM-LUK-007-HEAD-001	LUCAS	LUK	7		Jesus ure ia tugobaigarege eimejera Roma kejewu utugare pemegado.		Cabeçalho/subtítulo editorial da fonte.
BOR-CORBO-BM-LUK-007-001	LUCAS	LUK	7	1	Jesus tui tumagore jiboe nowu biapagareuge ewiegai boe jamedu boe akedudo du keje, uture Cafarnaum kae, ure turemo to.		
BOR-CORBO-BM-LUK-007-002	LUCAS	LUK	7	2	Nono, ia Roma bakurireu kejewu ia tugobaigarege eimejera rakojere nono; ia utugare meardu kurire jiwu ure tuwiiagu.		
BOR-CORBO-BM-LUK-007-003	LUCAS	LUK	7	3	Tumeardui boe egoi Jesus jitu keje ure codureuge etudo ae, enogwamaguduwo ji utuwo mato uwo tudugare pemegago.		
BOR-CORBO-BM-LUK-007-004	LUCAS	LUK	7	4	Tui tuburedo Jesus jitu keje enogwamagudu kuricigore ji, tagoi oino du tabo: - Ure turugadu aro pemegareu kurireuwo pudui.		
BOR-CORBO-BM-LUK-007-005	LUCAS	LUK	7	5	Mare paga karega, paobe etumeduia nure ema kodi. Emare ure sinagoga pemegado cenai.		
BOR-CORBO-BM-LUK-007-006	LUCAS	LUK	7	6	Kodi icare Jesus kodure ebo. Puredugodure uwai kae du kejere nowu eimejera ure tumedage emagodo ji: - Ikimejera, akaba amedugodu jokodudo iwai kae. Mare paga karega, ikare irugadu awo aremo iwaito.		
BOR-CORBO-BM-LUK-007-007	LUCAS	LUK	7	7	Kodire imeardaere ikae irugadu iwo ipuredo ai jamedu, mare ia awadarudo mito tu je, nowu inodu tabo itugare pemegagodumode.		
BOR-CORBO-BM-LUK-007-008	LUCAS	LUK	7	8	Mare paga karega, imi jamedu iwugajejewugere jamedu. Jamedu imi ino tugobaigaregere. Imagomode iaji: Toro, dukeje utumode. Imagomode iaji: Mato, utumode mato rugadu. Imagomode itugareji: Arodo ino, romode ino rugadu.		
BOR-CORBO-BM-LUK-007-009	LUCAS	LUK	7	9	Jesus, tumeardui nowu inodu jitu keje, jebogodure ji. Ure tuie kirimi pai kodure pudabowugei, akore: - Boe jokodu jire inagomode oino tai: iordukare Israeldoge etada ia meartoru kurire oinowuji.		
BOR-CORBO-BM-LUK-007-010	LUCAS	LUK	7	10	"Nowu tugobaigarege eimejera ure rojaiwuge ei tugirimi uwai kae du tabo, eerdure pa nowu utugare pemegagoduji.
Jesus ui ia ukoge okware pijiwu aredu onaregedu jewodudodu."		
BOR-CORBO-BM-LUK-007-011	LUCAS	LUK	7	11	Nowu meri rekodajiwu meriji, Jesus uture ia bakurireu iere Naim cedu kae. Ia ure jorduwadowuge mare boe makareuge ekodure apo.		
BOR-CORBO-BM-LUK-007-012	LUCAS	LUK	7	12	Tuburedugodui bakurireu tadawu baiporo kurireu jitu keje, eerdure iaboe ekodui ia bireu apo tuwo tugu mototo du, ia aredu oredu bire pijiwu onaregedu ui mito tu jedu rabodu. Bakurireu kejwu ia boe makareuge ekodure apo.		
BOR-CORBO-BM-LUK-007-013	LUCAS	LUK	7	13	Pagimejera tuiordui jitu keje, okudugodu kuricigore apo, akore ji: - Akoragudu kaba.		
BOR-CORBO-BM-LUK-007-014	LUCAS	LUK	7	14	Ure tuburedo jice nowu boei, ure tugera to toi nowu meture tadawu iraji. Boekarema, oredure apowuge ere tuwuredo tu je. Icare Jesus akore: - Iparedu, imire inagoino, aragojedo.		
BOR-CORBO-BM-LUK-007-015	LUCAS	LUK	7	15	Nowu iparedu ure tumugudo taci, icare makogodure. Icare Jesus ure maku tuje ai.		
BOR-CORBO-BM-LUK-007-016	LUCAS	LUK	7	16	Nowu boe eiamedu boe epagudugodure, ewadaru ocaro kuricigore Paoji, tagoi oino du tabo: - Profeta kurireu ure towadudo woe padoda; Pao ure tuie kirimi togei.		
BOR-CORBO-BM-LUK-007-017	LUCAS	LUK	7	17	"Nowu inodu akaru ure tumaedo Judéia jamedu joki, puredure nonowuge eiamedu boeji jamedu.
João Batista ure jorduwadowuge."		
BOR-CORBO-BM-LUK-007-018	LUCAS	LUK	7	18	João Batista ure jorduwadowuge ereadodure biegai nowu inodu jameduji.		
BOR-CORBO-BM-LUK-007-019	LUCAS	LUK	7	19	Icare João Batista makore ia ture jorduwadowuge ei pobe duji, ure etudo Jesus ae enoragoduwo ji: - Cewu aregodumodewu akinao? Iarema cemodukana cewudugudo ia bogai kimo?		
BOR-CORBO-BM-LUK-007-020	LUCAS	LUK	7	20	Nowu ime etaregodure Jesus ae, egore: - João Batisata ure ceroiai mato akae, cenorawo ai: Cewu aregodumodewu aki rugadumodedu bogai? Iarema cemodukana cewudugudo ia bogai kimo?		
BOR-CORBO-BM-LUK-007-021	LUCAS	LUK	7	21	Ica, kode, nowu inodu tonaji, Jesus ure makaguragareuge epemegago tujebae padui pumekejedu boe piji, ure  Aroe pegareuge ewarigu iage epiji, ure joku bokwareuge eerdudo.		
BOR-CORBO-BM-LUK-007-022	LUCAS	LUK	7	22	Du kejere akore: -Toro, tamagodo Joãoji taerdure jiboeji, temeardure jiboeji: Joku bokwareuge eerdure, pogora pegareuge emerure, moci bare jiwuge etagurugudure, biaja bokwareuge emeardure, bakaru pemegareu, Pao umode boe einorudodu, kogadodure marenarue etai.		
BOR-CORBO-BM-LUK-007-023	LUCAS	LUK	7	23	Jamedu ukare turo tago pegado igoiaboe, boe pemegamode ji.		
BOR-CORBO-BM-LUK-007-024	LUCAS	LUK	7	24	Icare nowu Joãore jorduwadowuge etu kejere icare, Jesus makore João jiboe ewiegai. Akore: -Tadure boe makodureuto taerduwo kaboba jiba? Tadure toro taerduwo kado ao roi jice woje bakuru ai du bogai kana?		
BOR-CORBO-BM-LUK-007-025	LUCAS	LUK	7	25	Tadure toro taerduwo kaboba jiba? Taerduwo aroia pemegareu metui ia imedu ji kana? Mare ukudae motureu meture jiwuge, cewu jetu ocaroreuge, eedure brae eimejerage ewai tada tu rugadu.		
BOR-CORBO-BM-LUK-007-026	LUCAS	LUK	7	26	Kode, kaba jiba taerduwoba tadure toro? Ia profeta ji kana? U! Inagomode tai: Kodure profeta koriwuji jamedu.		
BOR-CORBO-BM-LUK-007-027	LUCAS	LUK	7	27	Awure cewu bapera atugododure jiwu rema: Iwo ino rojaidodureu kodudo akododai. Koiare umode akawarado turugadu akododai		
BOR-CORBO-BM-LUK-007-028	LUCAS	LUK	7	28	Kode, inagomode tai: Buture areme etai João otodaiwuge ia emage ekodukare João kori. Mare du inodu tabo, Pao o boe pemegareu kejewu biega remawureu kurire João kori.		
BOR-CORBO-BM-LUK-007-029	LUCAS	LUK	7	29	Publicanodoge mare boe makareuge emeardure Jesus bataruji, duwugere etao pegododure João koia.		
BOR-CORBO-BM-LUK-007-030	LUCAS	LUK	7	30	Mare fariseudoge, escribadogerema, ere turodo oino Pao aidui turowo du piji tui nowu boe etao pegododu barigodudo du tabo.		
BOR-CORBO-BM-LUK-007-031	LUCAS	LUK	7	31	Jesus akore pugeje: - Inoba ureuge eiba imode awu oinowuge eebato? Inoba ureuge ereoreba emode?		
BOR-CORBO-BM-LUK-007-032	LUCAS	LUK	7	32	Ere nono ia nege kugurere duwuge emugui ba oiododa emagore pui: -Cenogwa akore meriri iworeuji, mare tarerukare, cenogwa akore boe ekiarigodure jiboeji, mare tagoragudukare.		
BOR-CORBO-BM-LUK-007-033	LUCAS	LUK	7	33	João Batista aregodure, okwagekare amireuji, kudukare parera kuruce, tagagore: - Aroe pegareu  meture tada.		
BOR-CORBO-BM-LUK-007-034	LUCAS	LUK	7	34	Imedu Onaregedu aregodure, okwagere, kudure, tagagore: - Okwage ierikareu, kudu ierikareu reno, publicanodoge etumeduia, pegareuge etumeduia reno.		
BOR-CORBO-BM-LUK-007-035	LUCAS	LUK	7	35	"Mare ure tugeragu Pao jorduwa rakareu jiwuge eiamedu boe eiore keje.
Aredu ro pegareudo utui Jesus aedu."		
BOR-CORBO-BM-LUK-007-036	LUCAS	LUK	7	36	Ia fariseu makore Jesusji okwagewo pudabo. Jesus ure turemo uwaito, ure tumugudo ira keje togwagewo.		
BOR-CORBO-BM-LUK-007-037	LUCAS	LUK	7	37	Icare nowu bakurireu tadawu ia aredu ro pega kuricigoreudo, tui boe pa Jesus mugui fariseu uwai tada ira keje du keje, aregodure ia porigaborogu mori kuricigoreu okorobadui giroreboe pemegareu tabodu.		
BOR-CORBO-BM-LUK-007-038	LUCAS	LUK	7	38	Tui tuie jodo bure keje kujei du tabo, icare oragudu kuricigore, du kejere jokuru ure ceredo Pagimejera bure joki, ure bure kidudo taga tabo, ure togwabi bureto, ure nowu giroreboe pemegareu reko bure joki.		
BOR-CORBO-BM-LUK-007-039	LUCAS	LUK	7	39	Cewu makore bogaiwu fariseu, tuiordui nowu inodu jitu keje, akore pudui: -Profetamode awu imeduce ma, umode awu iera jeture puduiwu aredu pawuje; mare paga karega, aredu ro pega kuricigoreudo rema kodi.		
BOR-CORBO-BM-LUK-007-040	LUCAS	LUK	7	40	Kodi icare Jesus akore nowu fariseuji: - Simão, inagomode ai iaboeji. Akore: - Ikimejera, amagodo.		
BOR-CORBO-BM-LUK-007-041	LUCAS	LUK	7	41	Jesus akore: - Ia ime ere pobe, ia imedui mitotu je duji tuwo toroe morido ai kimo du tabo. Diierore 500 okwa kimore ia ai uwo maku nowu imedu ai. Metuia diierore 50 okwa kimore ai tuwo maku nowu imedu ai jamedu.		
BOR-CORBO-BM-LUK-007-042	LUCAS	LUK	7	42	Mare emode morido ai taboboe boware, du koiare ure pijido, butugugodure ei. Kode kakoduwuba meardu kuri remawumode ji?		
BOR-CORBO-BM-LUK-007-043	LUCAS	LUK	7	43	"Simão akor: - 
Imeardaere nowu oe mori kurireu okwa kimoreu jituji. Jesus akore ji: - Atugu pemegare."		
BOR-CORBO-BM-LUK-007-044	LUCAS	LUK	7	44	Du kejere, tui tuie kirimi aredu jitu tabo, akore Simãoji: - Aerdure awu areduji? Ire iremo awaito, akare pobo maku inai iwo iwure kabi; mare awudorema jokuru rere iwure joki, ure iwure kidudo taga tabo.		
BOR-CORBO-BM-LUK-007-045	LUCAS	LUK	7	45	Itaregodure awai kae du keje akare akogwabi ii, mare awudorema, tui turemo mato du keje, ukare tumode togwabi iwure todu pijido.		
BOR-CORBO-BM-LUK-007-046	LUCAS	LUK	7	46	Akare roreboe tugu itaoto, mare awudorema, ure kuru giroreboe reko iwure joki.		
BOR-CORBO-BM-LUK-007-047	LUCAS	LUK	7	47	Kodire inagomode oino ai: ro pegareu makaguragareu jamedu boe pijidodure, mare paga karega, ure boe eerdudo tumeardu kuricigoreu jituji. Mare cewu boe ewudugugodure biegare jiwu, meardu kuri jokodukare.		
BOR-CORBO-BM-LUK-007-048	LUCAS	LUK	7	48	Du keje icare Jesus akore nowu areduji: - Aro pegareu jamedu boe pijidodure. Iwudugugodure ai.		
BOR-CORBO-BM-LUK-007-049	LUCAS	LUK	7	49	Kodi icare, cewu jeture ira keje apowuge egore: - Kakoduwu imedubao? Roiware tuwo boe ero pegareu okwado!		
BOR-CORBO-BM-LUK-007-050	LUCAS	LUK	7	50	Mare Jesus, tui turodo bai nowu aredu jaogwai du tabo, akore ji: - Ameartoraere akinorudo. Toro, boe puredumodukare ai.		
BOR-CORBO-BM-LUK-008-HEAD-001	LUCAS	LUK	8		Pemegareuge areme ekodui Jesus apodu.		Cabeçalho/subtítulo editorial da fonte.
BOR-CORBO-BM-LUK-008-001	LUCAS	LUK	8	1	Nowu inodu rekodaji, Jesus merure bakurireu boe ekao, bakurireu kugure boe ekao, tui Pao o boe pemegareu akaru kogado du tabo.		
BOR-CORBO-BM-LUK-008-002	LUCAS	LUK	8	2	Cewu ure jorduwadowuge ekodure apo. Ia areme, duwuge einorudodure  Aroe pegareuge epiji, tugogodae pegareu boe piji, ekodure apo jamedu. Duwuge reo: Maria Madalena, barigudure pijiwu  Aroe pegareuge ei ikera awubodure pobe taci ikera awubowuto,		
BOR-CORBO-BM-LUK-008-003	LUCAS	LUK	8	3	"Joana, maragodure Herodes aiwu Coza oreduje; Susana; mare ia metage makareuge, duwugere tugerabraredo ji ia turoiware jiboe boe tabo.
Ure boe a tuguwu imedu."		
BOR-CORBO-BM-LUK-008-004	LUCAS	LUK	8	4	Bakurireuge epijire ia boe makarewuge ere tudo pui ae nono. Du kodi icare akore ei awu bakaruji: -		
BOR-CORBO-BM-LUK-008-005	LUCAS	LUK	8	5	Ia ure boe a tuguwu imedu uture toro tuwo boe a roto ja ja moto joki. Ui boe a barigu du tabo, ia a buture awara okwato. Boe ewure jore keje, kiege baregere nowu a kowuje.		
BOR-CORBO-BM-LUK-008-006	LUCAS	LUK	8	6	Ia a buture toriguruto, botu keje kidure boe akukare jitu koia.		
BOR-CORBO-BM-LUK-008-007	LUCAS	LUK	8	7	Ia a buture botoguruto. Botoguru boture tabo mare botogurure bito.		
BOR-CORBO-BM-LUK-008-008	LUCAS	LUK	8	8	"Iarema, ia a buture moto pemegareuto. Boture, ricodure, enari pemegaguragare. Tagoi oinodu jitu otobiji akore tumago raka tabo: - Biajareuge emeardumode.
Jesus ure cewu boe a tuguwu kogado."		
BOR-CORBO-BM-LUK-008-009	LUCAS	LUK	8	9	Nowu ure jorduwadowuge, enoragodure ji, kodiba akoino nowu bakaru jitu kodiboeji.		
BOR-CORBO-BM-LUK-008-010	LUCAS	LUK	8	10	Jesus akore ei: - Tagaire Pao ure pudabowu tuwadaru biareu kogado. Mare ia boe ewiegai boe emagomode bakarui oino du tabo, duma eerdure tuiordukai jitu tabo, emeardure mare ekare boe pa ji.		
BOR-CORBO-BM-LUK-008-011	LUCAS	LUK	8	11	Ica, oinore awu bakaru kodiwore: cewu boe a ure nono Pao batarure.		
BOR-CORBO-BM-LUK-008-012	LUCAS	LUK	8	12	Cewu a buture awara okwatowu, ure nono meardure Pao bataru jiwuge; boekarema, Aroe pegareu  aregodure, ure bataru tawuje ewabo piji, emeartorukawo ma, einorudodukawo jamedu du reore.		
BOR-CORBO-BM-LUK-008-013	LUCAS	LUK	8	13	Cewu a buture toriguru towu, ure nono cewu meardure Pao bataru jiwuge, ere tugeragu ji tuiegare tabo, mare ukwa bokware du koia, mare paga karega, emeartoru biegare tu je icai emeardae pegareu ure tubodo ebo, du keje ere cewu bataru pijido du reore.		
BOR-CORBO-BM-LUK-008-014	LUCAS	LUK	8	14	Cewu a buture botoguru towu ure nono meardure bataru jiwuge, mare ekodure todobiji du keje, icai emeardae pegareu ure tubodo ebo du koiare ure nowu bataru bito du reore.		
BOR-CORBO-BM-LUK-008-015	LUCAS	LUK	8	15	"Cewu a buture moto pemegareu towu ure nono cewu meardure bataru jiwuge tuwabo jetororeu tabo, tuwabo pemegareu tabo du reore. Ere bataru jetu otorogado pudabo, du tudu boture tugedui bataru jitu koia.
Jorugu."		
BOR-CORBO-BM-LUK-008-016	LUCAS	LUK	8	16	Boe emodukare jorugo tuwo ruwobo enojodo aoto; jamedu boe emodukare mugudo tuba kamoreu kuda. Mare boe erumode jorugu mugudo tumuga keje uruguwo ure turemowugei.		
BOR-CORBO-BM-LUK-008-017	LUCAS	LUK	8	17	Kodiba karega: biadodureboe jamedu boe, awadodumode, boe eerdumode ji.		
BOR-CORBO-BM-LUK-008-018	LUCAS	LUK	8	18	"Ica, kode, taeku tugu tameardaere jiboeto; mare paga karega, ure boe eboboe ia makudumode ai pugeje; mare cewu boe bokware apowu, meardaere ure pudaboboe jamedu boe arududodumode piji jamedu.
Jesus uce, uwiemage."		
BOR-CORBO-BM-LUK-008-019	LUCAS	LUK	8	19	Jesus uce mare uwiemage eemarure bogai, mare eroiwakare tuwo tuburedo jice ji, boe makareuge ekujiagi.		
BOR-CORBO-BM-LUK-008-020	LUCAS	LUK	8	20	Du kodi icare iaboe ere Jesus bie: - Ace, awiemage, eedure jice baawadu keje, etaidure tuiorduwo ai.		
BOR-CORBO-BM-LUK-008-021	LUCAS	LUK	8	21	"Jesus akore ei: - Imugamage reo, iwiemage reo: duwugere ewiapagare Pao bataruji, erore nono bataru reore jamedu.
Jesus ure pobo bakuru butugugo."		
BOR-CORBO-BM-LUK-008-022	LUCAS	LUK	8	22	Nowuia meri keje, Jesus ure taredo ika kurireuto nowu ture jorduwadowuge ebo. Akore ei: - Pawo pagado okwa bakowu awubowu kae. Eture rugadu.		
BOR-CORBO-BM-LUK-008-023	LUCAS	LUK	8	23	Ei pagado du tonaji, icarema Jesus unudure. Du kejere bakuru rakareu buture nowu kurugaji. Ika okorobadure pobo tabo, icare emorora amagadure pudabo.		
BOR-CORBO-BM-LUK-008-024	LUCAS	LUK	8	24	Du kodi icare ere tuburedo Jesusji, ere jetadudo, egore ji awu toiogwari tabo: - Cegimejera, cegimejera, pawogwagodu nure!  Ure turagojedo taci je, makore bakuruji, makore pobutoji butugugoduwo. Butugugodure rugadu. Boe motureu aregodure kuri je.		
BOR-CORBO-BM-LUK-008-025	LUCAS	LUK	8	25	"Kodi icare Jesus unoragodure ei: - Kaiba tameartoru jeture. Ere tudo nono iaboere, tuiebogodui jitu tabo, egore jice woje jice woje pui: - Ioguduba imedubao? Duba bakuru, pobo maereu emeartorure bataruji? 
Jesus ui ia Aroe pegareuge emedure tadawu imedu pemegagodu."		
BOR-CORBO-BM-LUK-008-026	LUCAS	LUK	8	26	Ere tuiodo ika kurireu keje Gerasa kejewuge eno moto kae padui Galiléia jokorato du kae.		
BOR-CORBO-BM-LUK-008-027	LUCAS	LUK	8	27	Jesus ui taredo moto kae du keje kuri je, nowu moto kejewu ia imedu uture jice togi  Aroe pegareuge emagaguragai tudada du tabo. Marigudu ukare aroia tugu pudui, ukare tuwuredo tuwuredo tuwai keje, aroe eiao keje rugadure rakoje rakojere.		
BOR-CORBO-BM-LUK-008-028	LUCAS	LUK	8	28	Nowu imedu tuiordui Jesus jitu keje, ure tubujodo jokorai, tui toiogwari rakaguragado du tabo, akore: - Jesus Aroe Eimejera Onaregedu, inoba akaidure arowo ii?		
BOR-CORBO-BM-LUK-008-029	LUCAS	LUK	8	29	Aroe pegareu akore oino, mare paga karega, Jesus makore ji utuwo nowu imedu piji kodi. Marigudu meture tada. Boe ere kogudo, boe ere buregogudo, mare ure rugadu kado kado, nowu Aroe pegareu re tuiodo tuiodo keje boe makodureuto.		
BOR-CORBO-BM-LUK-008-030	LUCAS	LUK	8	30	Jesus unoragodure ji, akore: - Inoba akiere?  Akore: - Makareboe, oinore ikiere. Akore oino mare paga karega,  Aroe pegareuge makaguragare tada du kodi.		
BOR-CORBO-BM-LUK-008-031	LUCAS	LUK	8	31	Enogwamagudure ji ukawo tuwarigu jewoduioto.		
BOR-CORBO-BM-LUK-008-032	LUCAS	LUK	8	32	Aró kode, ia jugoreuge makareuge eedure nono torekodu keje togwage tabo. Icare nowu  Aroe pegareuge enogwamagudure ji uwo tudo tudugu nowu jugoreugeto. Ure udo ino rugadu.		
BOR-CORBO-BM-LUK-008-033	LUCAS	LUK	8	33	Kodi icare  Aroe pegareuge ere tuiebu nowu imedu piji, ere turemo jugoreugeto. Aró, kode, kuri je nowu jugoreuge makareuge ere tuwarigu jice tori joki kurugato, ewogware poboto.		
BOR-CORBO-BM-LUK-008-034	LUCAS	LUK	8	34	Jeture nowu jogurewugeiwu ime, tuiordui nowu inodu jitu keje, eregodure, ereadodure inoduji bakurireu tada jice woje, jice woje, boe parugajeje jamedu.		
BOR-CORBO-BM-LUK-008-035	LUCAS	LUK	8	35	Kodi icare boe makareuge eture toro tuiorduwo inoba nowu boere duji. Etaregodure Jesus ae, eerdure nowu imedu mugui bure paru, tugudae metui pudui du tabo, tumeardae jetoro tabo, cewu ure  Aroe pegareuge ewarigu pijiwu imedu. Kodi Icare epagudugodu kuricigore.		
BOR-CORBO-BM-LUK-008-036	LUCAS	LUK	8	36	Jordureuge ereadodure ewiegai inoba cewu imedu pemegagodure duji.		
BOR-CORBO-BM-LUK-008-037	LUCAS	LUK	8	37	Kodi icare Gerasa kejewuge eiamedu boe enogwamagudure Jesusji utuwo tubiji, epagudugodu kuricigore du kodi. Icare Jesus ure taredo ikato tuwo tugirimi.		
BOR-CORBO-BM-LUK-008-038	LUCAS	LUK	8	38	Inodu tonaji, cewu Aroe pegareu dogere tudawuje pijiwu imedu makore Jesusji uwo tugodudo pudabo. Mare Jesus imadure apo, tagoi jitu tabo: -		
BOR-CORBO-BM-LUK-008-039	LUCAS	LUK	8	39	"Akirimi awai kae. Areadodudo Pao rore aiboe jamedu boeji. Uture rugadu, readodure bakurireu jamedu boe kao Jesus ro pemegareu kurire puduiwu jamedu boeji.
Jesus ure ia aredu, ia nogwaredurogu epemegago."		
BOR-CORBO-BM-LUK-008-040	LUCAS	LUK	8	40	Jesus ui tugirimi du keje, makareu boe epagare bogaidu eture togi tuiegare tabo.		
BOR-CORBO-BM-LUK-008-041	LUCAS	LUK	8	41	Sinagoga kejewu ia boe eimejera iei Jairo cedu, riture togi. Ure tubujodo bure paru, okwamagudure ji utuwo tuwai kae.		
BOR-CORBO-BM-LUK-008-042	LUCAS	LUK	8	42	Mare paga karega, ia onaregedu nogwaredurogu ure mito tu jedu ure tuwogwaiagu. Jesus ure tuburedo jice ji, boe eioi tuku puwugeje du tabo.		
BOR-CORBO-BM-LUK-008-043	LUCAS	LUK	8	43	Aró, kode, arire turopegado jiwu ia aredu, jorure ikera pudogidure pobe taci iwurekotodu roi jitu kejedu, ure tuiedure otoiwu toroe jamedu boe akedudo ona jorubokuru epage etai, mare ia ekare pemegago rugadu.		
BOR-CORBO-BM-LUK-008-044	LUCAS	LUK	8	44	Ure tuburedo jice Jesus kujeto, ure tugera to toi ukudae okwaji, du tonaji kuri je pemegagodure.		
BOR-CORBO-BM-LUK-008-045	LUCAS	LUK	8	45	Kodi icare Jesus unoragodure boei, akore: - Ioguduba iera jeture ii?  Nowu boe eiamedu boe egore pudumi kaegae du koia, Pedro mare jeture apowuge egore: - Cegimejera, awu boe makareuge eiore awugeje eiamedu boe jaogwai.		
BOR-CORBO-BM-LUK-008-046	LUCAS	LUK	8	46	Jesus akore pugeje: - Iaboe eedure ii, mare paga karega, ire boe pa ia iro rakareu padui ikajeje duji.		
BOR-CORBO-BM-LUK-008-047	LUCAS	LUK	8	47	Nowu aredu, tui boe pa boei boe pa pudui du keje, tamagadu tabo, ure tuburedo jice Jesusji, ure tubujodo bure paru, nono readodure ji, boe eiamedu boe eegai, inoba turedu koiaba ture tugera to toi jituji, icai tubemegagodure taci je duji.		
BOR-CORBO-BM-LUK-008-048	LUCAS	LUK	8	48	Icare Jesus akore ji: Itonaregedu rogu, ameartorure akinorudo. Toro: Boe puredumodukare ai pugeje.		
BOR-CORBO-BM-LUK-008-049	LUCAS	LUK	8	49	Mako kimo inodu tonaji, iaboe etaregodure mato, tumagoi sinagoga kejewuge eimejera jitu kae: - Akonaregedurogu bire. Amago kaba pagimejeraji pugeje.		
BOR-CORBO-BM-LUK-008-050	LUCAS	LUK	8	50	Mare Jesus meardure ewadaruji, akore Jairoji: - Apagudu kaba, ameartorudo tu rugadu, akonaregedu pemegagoduwo.		
BOR-CORBO-BM-LUK-008-051	LUCAS	LUK	8	51	Jesus aregodui uwai kae du keje, ukare boedo turemo uwaito pudabo, mare Pedro, Tiago, João, mare nogwaredurogu uo, uce tu rugadu.		
BOR-CORBO-BM-LUK-008-052	LUCAS	LUK	8	52	Ei turemo du tabo, eiamedu boe etoragudure tui togeado du tabo. Mare Jesus akore ei: - Tagoragudu kaba. Nogwaredurogu bika, mare unudu nure.		
BOR-CORBO-BM-LUK-008-053	LUCAS	LUK	8	53	Enogwarire ji eerduware bie rugadu kodi.		
BOR-CORBO-BM-LUK-008-054	LUCAS	LUK	8	54	Mare Jesus, tui tugera kogudo cewu nogwaredu iera kajeje du tabo, akore tumago raka tabo ji: - Nogwaredurogu, aragojedo.		
BOR-CORBO-BM-LUK-008-055	LUCAS	LUK	8	55	Jewodure. Ure turagojedo taci je. Icare Jesus akore eiagu okwagedo.		
BOR-CORBO-BM-LUK-008-056	LUCAS	LUK	8	56	Uo, uce eebogodure nowu inoduji, tubagudugodu tabo. Jesus akore ei emago kaiagu iaboe iaboe ewiegai nowu inoduji.		
BOR-CORBO-BM-LUK-009-HEAD-001	LUCAS	LUK	9		Jesus ure Apostolodoge ero raka maku etai.		Cabeçalho/subtítulo editorial da fonte.
BOR-CORBO-BM-LUK-009-001	LUCAS	LUK	9	1	Jesus tui ture jorduwadowuge edo pui pudabo du tabo, ure ero raka maku etai ewo  Aroe pegareuge ewarigu, ewo boe ekogodae okwado jamedu.		
BOR-CORBO-BM-LUK-009-002	LUCAS	LUK	9	2	Ure etudo ewo boe eerduwado Pao o boe pemegareuji, ewo kogodureuge epemegago jamedu.		
BOR-CORBO-BM-LUK-009-003	LUCAS	LUK	9	3	Akore ei: - Tagaba boe towuje tagabo awaraji. Tagaba taiododo, tagaba tagodobodo, tagaba amireu to, tagaba diiero to jamedu. Tagaba tagudaedo pobe jamedu.		
BOR-CORBO-BM-LUK-009-004	LUCAS	LUK	9	4	Tagaregodumode ia bai kae du keje, taedo nono jii tadumode nowu moto piji du kae.		
BOR-CORBO-BM-LUK-009-005	LUCAS	LUK	9	5	Boe emodukare tugeragu tai nowu tagaregodure pudae kejeboe keje du keje, tadudo nowu moto piji, tawure jukodo tawure uruguduji, ewiapagakare tai du kodi.		
BOR-CORBO-BM-LUK-009-006	LUCAS	LUK	9	6	"Eture rugadu, ekodure bakurireuge kugure boe oiagi, tui boe eerduwado bakaru pemegareu jitu tabo, tui kogodureuge epemegago boe jamedu boe keje du tabo.
Herodes aidure tuiorduwo Jesusji."		
BOR-CORBO-BM-LUK-009-007	LUCAS	LUK	9	7	Brae eimejera kurireu Herodes, tumeardui Jesus ro jamedu boe jitu keje, rore toku je. Mare paga karega, iage egore: - Nowure João rema, du jewodure bireuge epiji.		
BOR-CORBO-BM-LUK-009-008	LUCAS	LUK	9	8	Iage egore: - Elias reno, duwure ure towadudo pugeje. Iage egore: - Ia profeta mariguduwu jewodure bireuge epijidu reno.		
BOR-CORBO-BM-LUK-009-009	LUCAS	LUK	9	9	"Mare Herodes akore oino: - Ire João itoru kado, kode, kakoduwubao icare imeardure roboeji oino?  Jemarure inobadu kejeba tuiordumode Jesus jitu bogai.
Jesus ure amireu makaguragado."		
BOR-CORBO-BM-LUK-009-010	LUCAS	LUK	9	10	Nowu ure jorduwadowuge, tui tugirimi du tabo ereadodure turorewo jamedu boeji Jesus biegai. Icare ure ekodudo pudabo tuginoi, toro ia boe makodureuto, Betsaida jaogwai.		
BOR-CORBO-BM-LUK-009-011	LUCAS	LUK	9	11	Tui boe pa nowu inodu jitu keje, nowu boe makareuge ekodure rekodaji. Icare Jesus ure tubodo ebo, makore ei Pao o boe pemegareuji, ure kogodureuge epemegago jamedu.		
BOR-CORBO-BM-LUK-009-012	LUCAS	LUK	9	12	Meri rekodugodu nure, kodi icare nowu ure jorduwadowuge emagore ji: - Nowu boe etudo, etuwo bakurireu rogu boe kae puredui tu tu puidu boe kae, eemaruwo tuge rogu boe bogai, tubadumodewo boe bogai jamedu, mare paga karega, woe paedure boe makodureu tada.		
BOR-CORBO-BM-LUK-009-013	LUCAS	LUK	9	13	Jesus akore ewadaru jipagi: - Tagire tare enogwagedo rugadu. Egore ji: - Amireu rogure ikera awubodure tu cedabo, kare kugurere pobe tu je jamedu. Iarema cekana umode boe aru ekeje?		
BOR-CORBO-BM-LUK-009-014	LUCAS	LUK	9	14	Nowu ime ere cinco mil. Icare Jesus akore nowu ture jorduwadowugei: - Edo tumugudo, eiagu edo cinquenta tu tu tumugui.		
BOR-CORBO-BM-LUK-009-015	LUCAS	LUK	9	15	Erore ino. Eiamedure tumugudo.		
BOR-CORBO-BM-LUK-009-016	LUCAS	LUK	9	16	Du kodi icare Jesus ure tugeragu cewu amireui ikera awubodure tu je duji, cewu kare kugure ei pobe tu je duji jamedu, ure tuie aogado baruto, ure togwa kurido tabo, ure kado, ure maku nowu ture jorduwadowuge etai, ewo maku nowu boe etai.		
BOR-CORBO-BM-LUK-009-017	LUCAS	LUK	9	17	"Eiamedure kowuje, enogwa amogodure. Jeture tuiagejewu kododoge ei ikera pudogidure pobe taci iwurekoto du enogorobadure kobo boe tabo.
Pedro ure tumeartorae awadudo."		
BOR-CORBO-BM-LUK-009-018	LUCAS	LUK	9	18	Ia meri keje Jesus mugure tuginoigodu, nowu ture jorduwadowuge ebo, tumagoi baruto du tabo. Du keje icare unoragodure ei: - Ioguduba boe egore uie ure imi?		
BOR-CORBO-BM-LUK-009-019	LUCAS	LUK	9	19	Egore: - Iage egore João Batistaie ure aki. Iage egore Eliaie ure aki. Iage egore ia mariguduwu profeta jewoduie du ure aki.		
BOR-CORBO-BM-LUK-009-020	LUCAS	LUK	9	20	"Kodi icare Jesus unoragodure ei: - Kode tagi, inoba tagagore ioguduba uie ure imi?  Pedro akore: - Pao Aroe Eimejera o Cristo nure aki.
Jesus makoi tuwiji tuiewodu jitu."		
BOR-CORBO-BM-LUK-009-021	LUCAS	LUK	9	21	Jesus akore tumago okori tabo ei ekaiagu iaboe iabo ewie nowu inoduji.		
BOR-CORBO-BM-LUK-009-022	LUCAS	LUK	9	22	Akore jamedu: - Imedu Onaregedu jiwo kuricigomode rugadu; boe codureuge, baire eimejerage emode barigududo pudui rugadu. Cedodudodu rumode tuwidoduwo du kae, mare jewodumode merimode pobe ma awu metuia bokware du keje.		
BOR-CORBO-BM-LUK-009-023	LUCAS	LUK	9	23	Du otobiji makore eiamedu boei, akore: - Iaboe iaboe etaidumode tugoduwo itabo ma, emode tubijido, emode to cruz reko meri jameduji, du tabore ekodumode itabo.		
BOR-CORBO-BM-LUK-009-024	LUCAS	LUK	9	24	Mare paga karega, meardu kurimode puduiwu, bimode, mare ure tumagu iwugejewu, umode cinorudo.		
BOR-CORBO-BM-LUK-009-025	LUCAS	LUK	9	25	Imedu omode moto jamedu boece, boe kimowo, tuwo tuwogwado rabodu, iarema tuwo tagedudo rabodu ma, nowu inodu tabo inoba umode ai? Unure tuwogwado boe jamedu boe tabo.		
BOR-CORBO-BM-LUK-009-026	LUCAS	LUK	9	26	Iaboe iaboe emode tubogurudo ice, emode tubogurudo iwadaruce ma, Imedu Onaregedu umode tubogurudo ce jamedu, taregodui mato turugu tada, Tuo urugureboe tada, to tupadoge erugureboe tada, du tabo.		
BOR-CORBO-BM-LUK-009-027	LUCAS	LUK	9	27	"Boe jokodu jire inagomode oino tai: Awu jeture woewuge ewimodukare tuiordukai Pao o boe pemegareu jitu tabo.
Jesus ure tudo tuginoi ia apostolodoge eegai."		
BOR-CORBO-BM-LUK-009-028	LUCAS	LUK	9	28	Meri pobe puibiji mare pobe puibiji du keje, Jesus ure tugeragu Pedroji, Tiagoji, Joãoji pudabo, ruture ebo ia tori raireu ao kae tumagowo baruto.		
BOR-CORBO-BM-LUK-009-029	LUCAS	LUK	9	29	Tumagoi baruto du tonaji, jere tudo tuginoi, ukudae kigadu urugure.		
BOR-CORBO-BM-LUK-009-030	LUCAS	LUK	9	30	Boekarema, ia ime ei pobe tu jedu emagore ji. Boekarema, Moisés rabodu, Elias rabodu.		
BOR-CORBO-BM-LUK-009-031	LUCAS	LUK	9	31	Duwugere ere towadudo boe motureu aiai pudabo du tabo. Jerusalém tadadu bimodedu jire emagore pui.		
BOR-CORBO-BM-LUK-009-032	LUCAS	LUK	9	32	Nowu inodu tabo Pedro mare metage enudu nure. Tuiedadu kejere eerdure Jesus o boe motureu upoi apo duji, nowu ime ei pobedu eedui apo duji.		
BOR-CORBO-BM-LUK-009-033	LUCAS	LUK	9	33	Cewu ime ei pobedu ewogwai Jesus piji du tonaji, Pedro makore Jesusji: - Cegimejera, pemegare paeduwo woe. Pawo aroia baidogedo pobe ma jewu metuia bokware woe: iamode akai, iamode Moisés ai, iamode Elias ai.		
BOR-CORBO-BM-LUK-009-034	LUCAS	LUK	9	34	Mako kimo inodu tonaji, ia boetugu aregodure, ure tubodo ebo. Nowu ure jorduwadowuge tuiordui nowu ewogwai boetuguto du keje, epagudugodure.		
BOR-CORBO-BM-LUK-009-035	LUCAS	LUK	9	35	Du tonajire icare ia boe mako aregodure nowu boetugu piji, akore: - Awure imeardu kuricigore jiwu itonaregedu rema. Tawiapagado ji.		
BOR-CORBO-BM-LUK-009-036	LUCAS	LUK	9	36	"Nowu makoreu mako inodu rekodaji, eerdure Jesus rakojei tuginoi duji. Nowu ure jorduwadowuge emagokare iaboe iaboe ewiegai tuiordure jiboeji, nowu meri kodiboe keje.
Jesus ure iparedurogu Aroe pegareu meture tadawu pemegago."		
BOR-CORBO-BM-LUK-009-037	LUCAS	LUK	9	37	Rekodajiwu meriji, ei turawuje tori raireu joki du tonaji, ia boe makareuge eridure mato Jesus togi.		
BOR-CORBO-BM-LUK-009-038	LUCAS	LUK	9	38	Boekarema, etoiabiji ia imedu oiogwarire, akore: - Cegimejera, inogwamagudu nure ai. Akaiwodo itonaregedu roguji, ure mito tu inai.		
BOR-CORBO-BM-LUK-009-039	LUCAS	LUK	9	39	Ia Aroe pegareu re tudugu to, tudugu to, du keje oiogwari padu kigodure kajeje, ure to to motoji, ure amagadudodu makaguragado, ure ja otaro arego, tui kugudugodudo du tabo. Ukare tugera ra piji.		
BOR-CORBO-BM-LUK-009-040	LUCAS	LUK	9	40	Imagore awu are jorduwadowuge ei, ewo nowu Aroe pegareu  barigu piji, mare ero rakakare ji.		
BOR-CORBO-BM-LUK-009-041	LUCAS	LUK	9	41	Jesus akore: - Meartoru bokwareuge, boe pegareuge. Inoba boemodedu kejeba iragojemode jii tagabo? Ikiwa rakamode tagabo? Mato akonaregedu apo!		
BOR-CORBO-BM-LUK-009-042	LUCAS	LUK	9	42	Nowu Aroe pegareu  meture tadawu iparedu aregodure du keje, Aroe pegareu re to motoji, tui amagadudodu rakaguragado du tabo. Mare Jesus ure nowu Aroe pegareu  barigu piji, ure nowu iparedu rogu pemegago, ure maku tuo ai pugeje.		
BOR-CORBO-BM-LUK-009-043	LUCAS	LUK	9	43	"Boe eiamedu boe eebogodure Pao ro rakareuji.
Jesus makore tuwiji pugeje. Nowu boe eiamedu boe eebogodui Jesus ro jitu du tonaji, Jesus akore nowu ture jorduwadowugei:  -"		
BOR-CORBO-BM-LUK-009-044	LUCAS	LUK	9	44	Awu iwadaru mugu rakado tawabo tada: Imedu Onaregedu makududodumode ime ekera kai.		
BOR-CORBO-BM-LUK-009-045	LUCAS	LUK	9	45	"Mare emage ekare boe pawuje awu bataruto, boeco tadaboe nure ema eegai. Du kodire eroiwakare tuwo nowu inodu boe pawuje. Epagudugodure tunorawo ji nowu inodu kodiboeji.
Kakoduwu imeduba ema remawu umode ema."		
BOR-CORBO-BM-LUK-009-046	LUCAS	LUK	9	46	Ere tumeardaedo kakoduwu ia pudumiba ema remawu umode pudumi du bogai.		
BOR-CORBO-BM-LUK-009-047	LUCAS	LUK	9	47	Jesus tuiordui emeardaeji ewabo tada du keje, ure tugeragu ia negeduroguji, ure rakojedo tu pudabo, akore ei: -		
BOR-CORBO-BM-LUK-009-048	LUCAS	LUK	9	48	Cewu ure tugeragu awu negeduroguji ikie tabowuge eiamedu boe, iire ere tugeragu; ure tugeragu iiwuge, ere tugeragu ure irojaiwuji jamedu. Kode ukare boedo pudumiwu, emare kodumode tumedage ekori.		
BOR-CORBO-BM-LUK-009-049	LUCAS	LUK	9	49	João akore: - Cegimejera, ceerdure ia imedu ui Aroe pegareu  barigu akie tabo duji, cere ro kaiagu ino, mare paga karega, pameduia karega ure ema kodi.		
BOR-CORBO-BM-LUK-009-050	LUCAS	LUK	9	50	"Mare Jesus akore ji: - Tagaba ro kaiagu ino, mare paga karega, cewu onakare taiwuge eiamedu boe, tamedage nure emage.
Samaria kejewuge ekai tugeragu Jesus jitu."		
BOR-CORBO-BM-LUK-009-051	LUCAS	LUK	9	51	Boe puredugodui Jesus tawujedumode awu moto piji du kae du keje, meardae padure tugajeje taci, tuduwo Jerusalém kae.		
BOR-CORBO-BM-LUK-009-052	LUCAS	LUK	9	52	Icare ure iage erojai toro tododai. Awuge eture rugadu, ere turemo Samaria kejewu ia bakurireuto, tuwo padumodewo udo turugadu.		
BOR-CORBO-BM-LUK-009-053	LUCAS	LUK	9	53	Mare nowu samaritanodoge ewiapagakare ji, paga karega, Jerusalém kaeie ure tuduiagu kodi.		
BOR-CORBO-BM-LUK-009-054	LUCAS	LUK	9	54	João mare Tiago, tuiordui nowu inodu jitu keje, egore: - Cegimejera, akaidure cenogwamaguduwo joru aregoduwo baru piji ewugeje ma, etageduwo?		
BOR-CORBO-BM-LUK-009-055	LUCAS	LUK	9	55	Jesus ure tuie kirimi pai ei tugorigodu tabo, akore ie: - Taerduwakare kakoduwu boeba ure tagi. Itaregodure, mare iwo ime etaroe okwado karega, mare iwo einorudo du bogai.		
BOR-CORBO-BM-LUK-009-056	LUCAS	LUK	9	56	"Du pijire eture ia bakurireuroguto pugeje.
Iaboe etaidure tugoduwo Jesus apo."		
BOR-CORBO-BM-LUK-009-057	LUCAS	LUK	9	57	Ekodui toro du tonaji, ia imedu akore ji: Cegimejera, iko akabo akodumodewo boe kae.		
BOR-CORBO-BM-LUK-009-058	LUCAS	LUK	9	58	Jesus akore ji: - Okwadoge eiarire, kiege ewaradure, mare Imedu Onaregedu umode tuie jodo tu kejeboe bokwa.		
BOR-CORBO-BM-LUK-009-059	LUCAS	LUK	9	59	Du kodi icare akore ia imeduji: - Ako itabo!  Mare cewu imedu okwamagudure ji: - Ikimejera, ido ioga tugu mototo jao.		
BOR-CORBO-BM-LUK-009-060	LUCAS	LUK	9	60	Mare Jesus akore ji: - Bireuge edo to bireuge etugu mototo. Aki akoduwo awo boe ewie Pao o boe pemegareuji.		
BOR-CORBO-BM-LUK-009-061	LUCAS	LUK	9	61	Ia makore ji pugeje: - Ikimejera, ikodumode akabo, mare ido ikimadudo jeture iwai tadawuge ebo jao.		
BOR-CORBO-BM-LUK-009-062	LUCAS	LUK	9	62	Mare Jesus akore ji: - Ia maragodureu aiwomode tuibagi ma, ukare turugadu tumuguwo Pao o boe pemegareu tada.		
BOR-CORBO-BM-LUK-010-HEAD-001	LUCAS	LUK	10		Jesus ure ture jorduwadowuge ei 72 cedu erojai.		Cabeçalho/subtítulo editorial da fonte.
BOR-CORBO-BM-LUK-010-001	LUCAS	LUK	10	1	Nowu inodu rekodaji, Pagimejera ure nowu ture jorduwadowuge ia 72 etawuje pubiji pugeje, ure erojai, edo pobe, pobe tododai, tugodumode kaewu bakurireu jamedu boe kae, tuiedumodewo kae jamedu.		
BOR-CORBO-BM-LUK-010-002	LUCAS	LUK	10	2	Akore ei: - Boepa kurire, mare maragodureuge enowarore tu je. Tagogwamagududo ore boepa cewuji, uwo maragodureuge etudo to boepato.		
BOR-CORBO-BM-LUK-010-003	LUCAS	LUK	10	3	Ica, kode, toro. Igoiare ire tarojai tado nono ovelhadoge kugure emagai riedoge ekao du reore.		
BOR-CORBO-BM-LUK-010-004	LUCAS	LUK	10	4	Tagaba micigu to, tagaba tagodobodo, tawure tadawu kaba jamedu, tagimadu kaba boe ebo awara keje.		
BOR-CORBO-BM-LUK-010-005	LUCAS	LUK	10	5	Tamode taremo towu bai jamedu keje, tagagomode oino jao: - Boe pemegawo awu baiji.		
BOR-CORBO-BM-LUK-010-006	LUCAS	LUK	10	6	Ia imedu pemegareu rakojemode nono du keje, tawadaru pemegareu butumode keje; mare boekimomode ma, umode tugirimi tagae.		
BOR-CORBO-BM-LUK-010-007	LUCAS	LUK	10	7	Taedudo nowu bai tada, tagogwagedo enogwagere jiboeji, tagududo ekudure ceboece jamedu. Mare paga karega, maragodureu umaragodae moridodu nure. Tadukaba baidoge etae etae du kaba.		
BOR-CORBO-BM-LUK-010-008	LUCAS	LUK	10	8	Tamode taremo towu bakurireu jamedu boe emode tugeragu tai ma, emode maku tagaiboe kowuje.		
BOR-CORBO-BM-LUK-010-009	LUCAS	LUK	10	9	"Kogodumode nonowuge epemegago, tagagodo nowu boei: 
Pao o boe pemegareu puredugodu nure tai."		
BOR-CORBO-BM-LUK-010-010	LUCAS	LUK	10	10	Mare tamode taremo ia bakurireu boeto ma, emodukare tugeragu tai ma, tadumode ewororo oiagi tagagoi oino du tabo:		
BOR-CORBO-BM-LUK-010-011	LUCAS	LUK	10	11	Tago bakurireu tadawu moto urugudu jetui cewure todu, cemode jukodo tai. Mare paga karega, Pao o boe pemegareu aregodure tagai, takare tawiapagado ji.		
BOR-CORBO-BM-LUK-010-012	LUCAS	LUK	10	12	"Inagomode tai: Pao umode tugogado boe eiamedu boe jiwu meri keje, Sodoma bakurireu boe pemegareu umode ji, nowu bakurireu kori.
Mearutoru bokwareu bakurireuge. -"		
BOR-CORBO-BM-LUK-010-013	LUCAS	LUK	10	13	Ameardu awadudo ai Corozaim, ameardu awadudo ai Betsaida, boe onare tai. Mare paga karega, imode iro pemegareu kurireu towuje Tiro keje, Sidônia keje, iromagai woe tadoda du reore ma, etodorogamode pudui marigudu, tui beto rorido tuiogi du tabo, tui jorugudu tugu tudo du tabo.		
BOR-CORBO-BM-LUK-010-014	LUCAS	LUK	10	14	Du kodire boe ewaripomode Tiroji Sidoniaji tagori.		
BOR-CORBO-BM-LUK-010-015	LUCAS	LUK	10	15	Aki, Cafarnaum, are acedo jii baruto, du koia awududodumode aibagi jewaduioto.		
BOR-CORBO-BM-LUK-010-016	LUCAS	LUK	10	16	"Du kejere akore ture jorduwdowugei: - Biapagare taiwu, ii rugadu biapagare. Jamedu, ukare tugeragu taiwu, ii jamedure roino. Ukare tugeragu iiwu, ure irojaiwu jire roino jamedu.
 Cewu 72 ei tugirimidu."		
BOR-CORBO-BM-LUK-010-017	LUCAS	LUK	10	17	Nowu 72 reoreuge ere tugirimi tuiegare tabo, tagoi oino du tabo: - Cegimejera, akie tabore cere  Aroe pegareuge ewarigu jamedu.		
BOR-CORBO-BM-LUK-010-018	LUCAS	LUK	10	18	Jesus akore ei: - U! Iordure  Aroe pegareuge eimejera butui baru piji boe jeragudu reore duji.		
BOR-CORBO-BM-LUK-010-019	LUCAS	LUK	10	19	Icá kode, ire taro raka maku tagai tawo tawure jodo awague ewugeje, tawo tawure jodo betagadoge ewugeje, tawo tawure jodo ro raka jamedu keje, du ero pegamodukare tai.		
BOR-CORBO-BM-LUK-010-020	LUCAS	LUK	10	20	"Mare nowu inodu jamedu tabo, taegare kaba  Aroe pegareuge eedui taguda duji; mare taegaredo tagie padui baru tada duji.
Jesus jekareae."		
BOR-CORBO-BM-LUK-010-021	LUCAS	LUK	10	21	Nowu inodu keje Jesus jekare kuricigore Aroe Pemegareu koia, akore: - Ioga, baru moto jeonare jiwu Ioga, are awu inodu boe biado jorduwa mearduwa rakareuge epiji, are biegareuge edo nowu inodu boe pawuje. Du kodire ire tukutaido ai, mare paga karega, ure nono akaidu reore kodi.		
BOR-CORBO-BM-LUK-010-022	LUCAS	LUK	10	22	Iogare boe jamedu boe bu ikera keje. Iaboe iaboe eerduwakare Onaregeduji, mare Uo tu rugadu. Jamedu iaboe iaboe eerduwakare Uoji, mare tu Onaregedu, mare cewu Onaregedu aidure edo boe pa jiwuge tu rugadu jamedu.		
BOR-CORBO-BM-LUK-010-023	LUCAS	LUK	10	23	Ure tuie kirimi pai ture jorduwadowugei, akore: - Ema remawugere, boe pemegare jiwugere, eerdure taerdure jiboeji.		
BOR-CORBO-BM-LUK-010-024	LUCAS	LUK	10	24	"Mare paga karega, inagomode oino tai: Makareu profetadoge, brae eimejerage, etaidure tuiorduwo taerdure jiboeji, mare eerdukare ji; etaidure tumearduwo tameardure jiboeji, mare emeardukare ji.
Samaria kejewu imedu pemegareu."		
BOR-CORBO-BM-LUK-010-025	LUCAS	LUK	10	25	Icare ia jorduwa rakareu ure turagojedo, tui turokogado jitu tabo, akore ji: - Cegimejera, inoba iromode iragojewo jii je Pao o boe pemegareu tada du bogai?		
BOR-CORBO-BM-LUK-010-026	LUCAS	LUK	10	26	Jesus akore ji: - Inoba bapera atugore boe eroiagudu tabo? Inoba amagoi jitu ure?		
BOR-CORBO-BM-LUK-010-027	LUCAS	LUK	10	27	"Akore: -
Ameardu kurido Akimejera Aroe Eimejeraji awabo jamedu boe tabo, ameardae jamedu boe tabo. Ameardu kurimode ameduiaji ameardu kuri magai ai du reore."		
BOR-CORBO-BM-LUK-010-028	LUCAS	LUK	10	28	Jesus akore ji: - Amago pemegare rugadu. Arodino, aemode rugadu.		
BOR-CORBO-BM-LUK-010-029	LUCAS	LUK	10	29	Mare ema, tuwo inodu kado pudui du bogai, akore Jesusji: - Ioguduba imeduia rema?		
BOR-CORBO-BM-LUK-010-030	LUCAS	LUK	10	30	Kodi icare Jesus akore: - Ia imedu ure turawuje Jerusalém piji Jericó kae. Boekarema, jeture iwogu kigodureuge ekerato, duwuge eiwogure oroeji, turorerui jitu, tui okoridodu kuricigodo du keje, tui bitodu puredugodu du keje, eregodure piji.		
BOR-CORBO-BM-LUK-010-031	LUCAS	LUK	10	31	Boekarema, ia sacerdote ure turawuje nowu awaraji, jordure ji, mare ure tuwure otonado piji.		
BOR-CORBO-BM-LUK-010-032	LUCAS	LUK	10	32	Du reore ia Levita kodure nono jamedu, taregodui nowu kae du keje, jordure ji, mare ure tuwure otonado piji jamedu.		
BOR-CORBO-BM-LUK-010-033	LUCAS	LUK	10	33	Du kejere ia moto tuginoiwu imedu, ia Samaria kejewu, kodure nono jamedu. Aregodure nono cewu boere inowo kae, jordure ji, icare okudu kuricigore apo.		
BOR-CORBO-BM-LUK-010-034	LUCAS	LUK	10	34	Ure tuburedo ji, ure aroia kogudo nowu epae boe kajeje, tui boekaguru, tui parera kuru reko joki du tabo. Ure mugudo cewu tagu kawaru keje, ure reko meru kigodureuge ere tuwure tuwuredo kejewu ia bai kae; nono jeture ji, iogore ji.		
BOR-CORBO-BM-LUK-010-035	LUCAS	LUK	10	35	"Nowu meri rekodajiwuji, ure diierodo pobe nowu jeture nowu bai jiwu ai, tagoi oino du tabo: 
Aeto ji, ia mori okwa kimomode ma, imode mori makakai."		
BOR-CORBO-BM-LUK-010-036	LUCAS	LUK	10	36	Du kodi icare Jesus unorare cewu jorduwa rakareuji: - Nowuge ei pobe ma jewu metuia bokwaredu, kakoduwu ia emageba ameardaere metuiamode nowu buture iwogu kigodureuge ekera kejewu rema?		
BOR-CORBO-BM-LUK-010-037	LUCAS	LUK	10	37	"Nowu imedu akore: - Cewu ure togududo apowu. Kodi icare Jesus akore ji: - Toro. Arodo nono nowu imedu ro reore.



Jesus aregodui Maria, Marta, ewai kaedu."		
BOR-CORBO-BM-LUK-010-038	LUCAS	LUK	10	38	Jesus, tudui todobiji du tabo, aregodure ia bakurireu roguto, du ia aredu iere Marta cedu ure tugeragu ji tuwaito.		
BOR-CORBO-BM-LUK-010-039	LUCAS	LUK	10	39	Ia uwie iere Maria cedu, duwudo ure tumugudo Jesus bure paru tuwiapagawo bataruji.		
BOR-CORBO-BM-LUK-010-040	LUCAS	LUK	10	40	Nowu Marta, butugukai tuwai kao tumaragodae boe jitu, aregodure Jesus ae, akore ji: - Ikimejera, awiapagamodukare iwiei ido mitotu imaragodae jituji? Amagodo ji uwo tugerabraredo ii.		
BOR-CORBO-BM-LUK-010-041	LUCAS	LUK	10	41	Pagimejera akore ji: -Marta, Marta, amaragodu kiorokare, akere ai amaragodae kuricigoreu boeji.		
BOR-CORBO-BM-LUK-010-042	LUCAS	LUK	10	42	Nowu inodu boe tabo, boe ewiapaga kurimode jiwu ure mito tu je. Mariare tuieonado boe pemegareu remawuji, du iaboe iaboe emodukare aru piji.		
BOR-CORBO-BM-LUK-011-HEAD-001	LUCAS	LUK	11		Jesus ure boe eerduwado tumagowo Paoji.		Cabeçalho/subtítulo editorial da fonte.
BOR-CORBO-BM-LUK-011-001	LUCAS	LUK	11	1	Ia meriji Jesus rakojere turagojerewo keje tumagoi baruto du tabo. Nowu tumagoi baruto du akedu keje, nowu ure jorduwadowuge ia makore ji, akore: - Cegimejera, ceerduwado cemagowo baruto, nono João Batista magai ture jorduwadowuge eerduwado du reore.		
BOR-CORBO-BM-LUK-011-002	LUCAS	LUK	11	2	Kodi icare Jesus akore ei: - Tamagoi baruto du keje, tagagomode oino: Pao, boe eiamedu boedo akie pemegado, ako boe pemegareu arego cenai.		
BOR-CORBO-BM-LUK-011-003	LUCAS	LUK	11	3	Cege maku cenai tu tu meri jameduji.		
BOR-CORBO-BM-LUK-011-004	LUCAS	LUK	11	4	Awudugugo cei cero pegareuji, cewudugugodu magai ro pegare ceiwuge ei du reore. Cegaba cebiapagado Aroe pegareu  bataruji.		
BOR-CORBO-BM-LUK-011-005	LUCAS	LUK	11	5	Du inodu otobiji, akore pugeje: - Ia tagi ia tameduiamode ma, taemarumode bogai boecoji ma, tagagomode: Imeduia, amireudo pobe ma awu metuia bokware inai jao ka.		
BOR-CORBO-BM-LUK-011-006	LUCAS	LUK	11	6	Mare paga karega, ia imeduia aregodu nure iwai kae, awararei pudumi du tabo; ire makaiboe bokware.		
BOR-CORBO-BM-LUK-011-007	LUCAS	LUK	11	7	Nowu tameduia akomode tawadaru jipagi toro tuwai tada: Amago kaba ii, ire baiporo mi, ire iwu itore kugure ebo marigudu, imodukare iragojedo iwo amireu makakai, oino tawiegai ma, mare tamode tagera to baiporoji kimo ma,		
BOR-CORBO-BM-LUK-011-008	LUCAS	LUK	11	8	Inagomode tai: umodukare turagojedo tuwo amireu maku tagai tumeduiai tagi do koia, mare taro ko barika du koia, umode turagojedu tuwo tagaidure jiboe maku tagai.		
BOR-CORBO-BM-LUK-011-009	LUCAS	LUK	11	9	Inagomode oino tai jamedu: Tagogwamagududo, Pao umode boe maku tagai, taemarudo, taerdumode ji. Tagera to baiporoji, Pao umode baiporo jado tagai.		
BOR-CORBO-BM-LUK-011-010	LUCAS	LUK	11	10	Mare paga karega, cewu okwamagudureuge eiamedu boe, makudumode etai. Cewu jemarureu, jordumode ji. Cewu ure tugera to baiporo jiwu, jadodumode ai.		
BOR-CORBO-BM-LUK-011-011	LUCAS	LUK	11	11	Ia tagonaregedu makomode tai amireu bogai ma, kakoduwu ia uo tagiba tamode tori makai? Makomode karo bogai ma, awaguna tamode maku ai?		
BOR-CORBO-BM-LUK-011-012	LUCAS	LUK	11	12	Iarema makomode tai kogariga ba bogai ma, betaga kana tamode makai?		
BOR-CORBO-BM-LUK-011-013	LUCAS	LUK	11	13	"Kode icare, tabega inodu tabo, taerduware tawo boe pemegareu maku tagore etai, kode, Tao baru tadawu umode Aroe Pemegareu maku okwamagudure pudaiwuge etai.
Jesus mare Aroe pegareuge eimejera."		
BOR-CORBO-BM-LUK-011-014	LUCAS	LUK	11	14	Jesus ure ia Aro pegareu bataru bokwareu barigu. Nowu Aroe pegareu utu keje, nowu bataru bokwareu makore. Icare boe eebogodure makoji.		
BOR-CORBO-BM-LUK-011-015	LUCAS	LUK	11	15	Mare ia emage egore: - Aroe pegareuge eimejera koiare ure awu imedudo Aroe pegareuge ewarigu boe epiji.		
BOR-CORBO-BM-LUK-011-016	LUCAS	LUK	11	16	Iage, tui tagokogado jitu tabo, enogwamagudure ji uwo ia turo kurireu towuje.		
BOR-CORBO-BM-LUK-011-017	LUCAS	LUK	11	17	Icare Jesus, tuiordui emeardaeto du koia, akore ei: - Ia moto kejewuge emode tudaru pubiji tona tabo pui ma, emode tagedudo taobiji. Jamedu, ia boe emode tudo tuginoi tuginoi pui du tabo ma, emode tagedudo taobiji jamedu.		
BOR-CORBO-BM-LUK-011-018	LUCAS	LUK	11	18	Aroe pegareu onamode pudui rugadu ma, inoba umode todobiji? Kode, kodiba tagagore Aroe pegareuge eimejera koiaie ure ido  Aroe pegareuge ewarigu?		
BOR-CORBO-BM-LUK-011-019	LUCAS	LUK	11	19	Mare Aroe pegareuge eimejera koiamode ure ido Aroe pegareuge ewarigu ma, kode, ioguduba koiaba umode tagoredo Aroe pegareuge ewarigu? Du koiare emage rugadure emode tugogado tai.		
BOR-CORBO-BM-LUK-011-020	LUCAS	LUK	11	20	Mare Pao koiamode ure ido Aroe pegareuge ewarigu ma, kodi icare Pao o boe pemegareu aregodu nure tagai.		
BOR-CORBO-BM-LUK-011-021	LUCAS	LUK	11	21	Ia imedu ro rakareu iedumode tuwaigaji tuietu tabo tuwaiji ma, oroe jetu pemegare rugadu.		
BOR-CORBO-BM-LUK-011-022	LUCAS	LUK	11	22	Mare ia ro rakareu nowu imedu koriwu aregodumode ae, umode tumorido ji ma, umode tugeragu jeture otoiboe, umode oroe jamedu boe pedo toro boei.		
BOR-CORBO-BM-LUK-011-023	LUCAS	LUK	11	23	"Akore jamedu: - Rakojekare itabowu, ona nure ii; jamedu, ukare tugeragu boeji itabowu, unure boe barigu.
Aroe pegareu pegareu ui tugirimidu."		
BOR-CORBO-BM-LUK-011-024	LUCAS	LUK	11	24	"Jesus akore oino kimo: 
Ia Aroe pegareu pegareu umode tuiebu ia imedu piji du keje, jemarumode toro boe matadu tada tumuga bogai, tuiordukai ji tu keje, akomode pudui: Imode ikirimi iture pijiwu iwai kae."		
BOR-CORBO-BM-LUK-011-025	LUCAS	LUK	11	25	Taregodui kae du tabo, jordumode: boe akuruguduji, boe motuji.		
BOR-CORBO-BM-LUK-011-026	LUCAS	LUK	11	26	"Du keje icare utumode, umode tugeragu ia pega jokodure tugoriwu Aroe pegareuge ei ikera pudogidure pobe taci ikera awubowuto duji, emode turemo nono, emugumode. Du kodi icare, kodure boiwu nowu imedu jiwu, pega remawure boetojiwu kori.
Boe eegareae ema remawu."		
BOR-CORBO-BM-LUK-011-027	LUCAS	LUK	11	27	Nowu Jesus makoi oino du keje, ia aredu ure tumago rakado boe etoiabiji, akore ji: - Jiwo aidugirireudo tadare amedure, koiare ure akogwagirido.		
BOR-CORBO-BM-LUK-011-028	LUCAS	LUK	11	28	"Mare Jesus akore bataru jipagi: - Jiwo aidugiri remawureugere ewiapagare Pao bataruji, erore nono ui turoiagudu reore.
Jonas jiwu Pao ro kurireu."		
BOR-CORBO-BM-LUK-011-029	LUCAS	LUK	11	29	Boe eidodu remawu nure, du kodi icare Jesus akore: - Awu ro pegareu boe emago nure ia iro kurireu bogai. Mare iaboe iaboe todumodukare etai: tu Jonas jiwu Pao ro rakareu todumode etai.		
BOR-CORBO-BM-LUK-011-030	LUCAS	LUK	11	30	Mare paga karega, profeta Jonas magai Ninivitadoge etai du reore, Imedu Onaregedu umode awu boe etai jamedu.		
BOR-CORBO-BM-LUK-011-031	LUCAS	LUK	11	31	Pao umode tugogado boei jiwu meri keje, Sul jaogwaiwu brae eimejerago umode turagojedo cai tuwo awu boe ewarigu boe pegareuto. Mare paga karega, aregodure moto oto pa jamedu boe piji tumearduwo Salomão jorduwa mearduwa rakareuji. Aró, kode, ia jorduwa raka remawu rakojere woe, mare awu boe ewiapagakare ji.		
BOR-CORBO-BM-LUK-011-032	LUCAS	LUK	11	32	"Pao umode tugogado boei jiwu meriji, Ninivitadoge emode turagojedo tuwo tugogado awu boei, emode ewarigu boe pegareuto. Mare paga karega, etodorogare pudui, Jonas okituware jiboe kodi. Aró, kode, Jonas koriwu rakojere woe, okituware awu boei, mare etodorogakare pudui.
Boe eeku ure nono jorugure boe etai."		
BOR-CORBO-BM-LUK-011-033	LUCAS	LUK	11	33	Jesus akore pugeje: - Boe emodukare jorugudo tuwo mugudo boe biareu keje, iarema ira kuda rabodu. Mare mugumode jorugu tumuga keje uruguwo ure turemowugei.		
BOR-CORBO-BM-LUK-011-034	LUCAS	LUK	11	34	Ica, urugure boeiboere boe eeku rema. Aeku pemegamode ma, aiamedu boe urugu pemegamode jamedu. Mare aeku pemegamodukare ma, aiamedu boe meture boeco tada.		
BOR-CORBO-BM-LUK-011-035	LUCAS	LUK	11	35	Kode aeto ai, urugure atadaboe boeco kawo ema.		
BOR-CORBO-BM-LUK-011-036	LUCAS	LUK	11	36	"Awurema karega, amugumode urugureboe tada, ia boeco okomodukare kao ma, aiamedu urugumode, amedui ia jorugu kurukurureu kuda du reore.
Jesus makoi fariseudoge eidu."		
BOR-CORBO-BM-LUK-011-037	LUCAS	LUK	11	37	Jesus mako kimo keje, ia fariseu makore bogai okwagewo pudabo. Icare ure turemo, ure tumugudo ira keje.		
BOR-CORBO-BM-LUK-011-038	LUCAS	LUK	11	38	Nowu fariseu jerore ta... ukai tugabi icai togwagemodedu keje duji.		
BOR-CORBO-BM-LUK-011-039	LUCAS	LUK	11	39	"Pagimejera akore ji: - 
Tagi, fariseudoge, tagire tagoroe uporu kabi, mare tadoda tagorobadure tagiwogae tabo, tagarodae tabo."		
BOR-CORBO-BM-LUK-011-040	LUCAS	LUK	11	40	Aora bokwareuge, ure uporu biri towujewu, ure tadaboe to jamedu.		
BOR-CORBO-BM-LUK-011-041	LUCAS	LUK	11	41	Kode, akogududo boei akoroe tabo jao, atadaboe akudo boetoji, awu inodu tabo aiamedu boe akurugudumode.		
BOR-CORBO-BM-LUK-011-042	LUCAS	LUK	11	42	Boe pegamode tai, fariseudoge, tare tagoe jamedu boe tawuje pubuji tawo maku Pao ai, jii tagoe biegareu kae, jamedu tare bu dízimo keje. Mare tawiapagakare jetororeboeji, tawiapagakare tameardu kuriwo Paoji. Boro. Taemarudo jetororeboe bogai, tameardu kurido Paoji, takai nowuia pijido du tabo.		
BOR-CORBO-BM-LUK-011-043	LUCAS	LUK	11	43	Boe pegamode tai, fariseudoge, tagaidu barikare boetojiwu boe emuga iraji, tagaidure boewo tugurido tai ba oiagi.		
BOR-CORBO-BM-LUK-011-044	LUCAS	LUK	11	44	"Boe pegamode tai, tare nono bireuge eiaore ukai towadudo du reore, du jokire ime emerure tuiorduwa bokwa tabo.
Jesus makoi escribadogei."		
BOR-CORBO-BM-LUK-011-045	LUCAS	LUK	11	45	Icare ia boe eroiagudu epa makore ji, akore: - Cegimejera, akagoi oinono du tabo, are cedogorido jamedu.		
BOR-CORBO-BM-LUK-011-046	LUCAS	LUK	11	46	Jesus akore ji: - Boe pegamode tai jamedu, boe eroiagudu epage, tare ime enoredudo turo rakamodukare taboboe tabo, mare tagi tamodukare tagera pagado ji, tamodukare tagerako to toi ji.		
BOR-CORBO-BM-LUK-011-047	LUCAS	LUK	11	47	Boe pegamode tai, taomagere bitowu profetadoge tare eiao motudo.		
BOR-CORBO-BM-LUK-011-048	LUCAS	LUK	11	48	Nowu inodure tado boe jokodu jiie taomage erore jiboe rugadu, du tare boe jokodu rugaduie. Mare paga karega, ere ewido rugadu, tagi tare eiao motudo.		
BOR-CORBO-BM-LUK-011-049	LUCAS	LUK	11	49	Du koiare Pao jorduwa mearduwa rakareu akore: Imode profetadoge, imode apostolodoge erojai toro ewogai, mare emode iage ewido, etonamode iagei.		
BOR-CORBO-BM-LUK-011-050	LUCAS	LUK	11	50	Profetadoge eiamedu ewidodui moto paru towuje du pijidu koiawo koiare Pao umode tugogado awu boei.		
BOR-CORBO-BM-LUK-011-051	LUCAS	LUK	11	51	Abel bitodui jii Zacarias bitodudodu kae, duwure bitodure altar templo etoiadadoda. U! Imagomode tai: awu inodu okwamagudumode awu boe etai nowu inodu jamedu mori bogai.		
BOR-CORBO-BM-LUK-011-052	LUCAS	LUK	11	52	Boe pegamode tai, boe eroiagudu epage. Tare tageragu jorduwa rakarebaoe epa baiporo epaji, mare tagi remawuge takare taremo, takare iage edo turemo to jamedu. Nowu baiporo epa Pao bataru reno.		
BOR-CORBO-BM-LUK-011-053	LUCAS	LUK	11	53	Jesus uture nowu piji, du rekodaji, fariseudoge, escribadoge, ekare tumorora butugudo pudui tunorai jiboe bogai, tugodu kagiri jitu tabo.		
BOR-CORBO-BM-LUK-011-054	LUCAS	LUK	11	54	Etaidure tuwo tugeragu ji, ia bataru keje, tuwo pegado.		
BOR-CORBO-BM-LUK-012-HEAD-001	LUCAS	LUK	12		Boe epaguduiagu Paoji tu rugadu.		Cabeçalho/subtítulo editorial da fonte.
BOR-CORBO-BM-LUK-012-001	LUCAS	LUK	12	1	Nowu tonaji, boe emagaguragare du ere tudo pui Jesus oiei, du koia eiore puwugeje jice woje, jice woje. Icare Jesus makore ture jorduwadowugei boetoji akore ei: - Taeto tai fariseudoge emagore jiboeji: emagore iaboeji, du keje erore tuginoi.		
BOR-CORBO-BM-LUK-012-002	LUCAS	LUK	12	2	Mare boe rorire jokiboe, padu awadumode; padu biareboe, boe emode boe pa.		
BOR-CORBO-BM-LUK-012-003	LUCAS	LUK	12	3	Jamedu, tamagore boeco tadaboe, padu awadumode jorugu keje; tagogwa podure ji pu biagai bai tadaboe, padu awadumode bai aoji.		
BOR-CORBO-BM-LUK-012-004	LUCAS	LUK	12	4	Imago nure tai, imedage: Tabagudu kaba ure boe ewido boece, nowu inodu rekodaji ia eromode jiboe bokware pugeje.		
BOR-CORBO-BM-LUK-012-005	LUCAS	LUK	12	5	Imode taerdudo tabagudumode ceboeji: Tabagududo Paoce, du tawi rekodaji roiware tuwo tawarigu joru to duji. U! Awu cere tabagudumode rugadu.		
BOR-CORBO-BM-LUK-012-006	LUCAS	LUK	12	6	Tamodukare metugue ei ikera awuboduredu maku tumori biega tabo? Du inodu tabo, Pao biagodumodukare ia epiji.		
BOR-CORBO-BM-LUK-012-007	LUCAS	LUK	12	7	"Tabagudu kaba, tagodure kiege barege ekori. Pao jorduware inoba tagaore tagaora keje.
Meartorureuge, meartorukareuge."		
BOR-CORBO-BM-LUK-012-008	LUCAS	LUK	12	8	Inagomode tai: Cewu ure tuiorduwado ii ime eegaiwuge eiamedu boe, imi jamedu, imode iorduwado ei Pao o tupadoge eegai jamedu.		
BOR-CORBO-BM-LUK-012-009	LUCAS	LUK	12	9	Mare cewu ure tuiorduwa bokwado ii ime eegaiwu, imi jamedu imode iorduwa bokwado ji Pao o tupadoge eegai jamedu.		
BOR-CORBO-BM-LUK-012-010	LUCAS	LUK	12	10	"Cewu bataru pegare Imedu Onaregedu jiwuge eiamedu boe, nowu ewadaru pegareu jamedu boe pijimode, Pao butugugodumode ei. Mare cewu bataru pegare Aroe Pemegareu jiwugerema, Pao butugugodu modukare ei.
Aroe Pemegareu umode tuwadaru maku togei."		
BOR-CORBO-BM-LUK-012-011	LUCAS	LUK	12	11	Tajedodumode sinagogadoge etae, boe eroiagudu epage etae, brae eiemejerage etae, du keje, tamorora amagadu kaba tamode onado tai tawadaru taboboe bogai.		
BOR-CORBO-BM-LUK-012-012	LUCAS	LUK	12	12	"Paga karega, Aroe Pemegareu umode tagagomode jiboe mugudo tawabo tada, nowu du kodiwu keje.
Oroe kuricigoreu aora bokwareu imedu."		
BOR-CORBO-BM-LUK-012-013	LUCAS	LUK	12	13	Du keje icare boe etoiabijiwu ia imedu akore Jesusji: - Cegimejera, amagodo imanaji uwo ceore ieonado jiboe makinai.		
BOR-CORBO-BM-LUK-012-014	LUCAS	LUK	12	14	Mare Jesus akore ji: - Imedu, ioguduba ure boe eroiagudu epado imi tadoda?		
BOR-CORBO-BM-LUK-012-015	LUCAS	LUK	12	15	Du keje icare makore be eimedu boei, akore: - Taeto tai, tagagemo kaba akemo barikare toroe kuriwowu boe ereore. Mare paga karega, imedu toroe kuri koia karega bimodukare, mare bimode rugadu, toroe kuri inodu tabo.		
BOR-CORBO-BM-LUK-012-016	LUCAS	LUK	12	16	Kodi icare ure awu bakaru jeonado nowu inoduji, akore: - Ia imedu oroe kuricigoreu o boepa pijiboe kuricigore.		
BOR-CORBO-BM-LUK-012-017	LUCAS	LUK	12	17	Du keje icare ure tumeardaedo: Inoba iromode?. Mare paga karega, imode awu inoe jetuwo bokwa.		
BOR-CORBO-BM-LUK-012-018	LUCAS	LUK	12	18	Du kejere akore: Oinore iromode: Imode inoe ja butudo iwo ia kuri remawureu towuje; tore imode boepa tadaboe jamedu boe, inoroe pemegareu jamedu boe tugu.		
BOR-CORBO-BM-LUK-012-019	LUCAS	LUK	12	19	Icare inagomode itaroeji: Itaroe, akoroe kuricigore tuia tada, joru butu rakaguragamode ji. Akamudo, akogwagedo, akududo, arodo akaidu reore.		
BOR-CORBO-BM-LUK-012-020	LUCAS	LUK	12	20	Mare Pao akore ji: Aora bokwareu, awu boeco mitoduji akaroe arududodumode apiji. Are to puiwu akoeboe ioguduba oemode ema?		
BOR-CORBO-BM-LUK-012-021	LUCAS	LUK	12	21	"Oinore umode ure toroe kurido tu pudai mare Pao ai boe kimoreu imei.
Boe emorora amagadu kawo pudui awu moto kejeboeji."		
BOR-CORBO-BM-LUK-012-022	LUCAS	LUK	12	22	Jesus ure tuie kirimi pai nowu ture jorduwadowugei pugeje, akore ei: - Du kodire inagomode oino tai: Tagaba tamorora amagadu jokodudo tamode koboe bogai, tamode tugu tai boe bogai.		
BOR-CORBO-BM-LUK-012-023	LUCAS	LUK	12	23	Tagire tagodu remawure tamode koboe kori, metumode tai boe kori.		
BOR-CORBO-BM-LUK-012-024	LUCAS	LUK	12	24	Tagaiwodo kiege baregei: ekare boe tugu, ekare tugeragu boeji, eke ja bokwa, eke muga bokwa, mare du inodu tabo, Paore eedo rugadu. Kode, mare tagi, tagodu remawure kiege barege ekori.		
BOR-CORBO-BM-LUK-012-025	LUCAS	LUK	12	25	Kakoduwu ia tagiba, taro raka inodu tabo, tamode taragoje raido tagaobiji?		
BOR-CORBO-BM-LUK-012-026	LUCAS	LUK	12	26	Kode, taroiwakare tawo biegare tu je boe towuje, kode kodiba tameardaere iaboe tuginoiwuji?		
BOR-CORBO-BM-LUK-012-027	LUCAS	LUK	12	27	Tagaiwodo okureboe ricoduji: ekare ikureboe towuje, ekare enareboe towuje, du inodu tabo, inagomode tai: Salomão oroe kuricigore mare roiwakare tuwo tugudae pemegado pudui nowu okureboe reore.		
BOR-CORBO-BM-LUK-012-028	LUCAS	LUK	12	28	Kode, Paore boebutu oroedo oino du awuji jeture toro boe tada, barogwato barigudumode joruto, kode tagi kana, roiwamodukare turowo ino tai? Meartoru bokwareuge!		
BOR-CORBO-BM-LUK-012-029	LUCAS	LUK	12	29	Tamorora amagadu kaba tai tamode kowuje boe bogai, mare Tao jorduware tagogeai nowu inodu bogaiduji.		
BOR-CORBO-BM-LUK-012-030	LUCAS	LUK	12	30	Mare awu moto kejewu meartorukareuge, emorora amagadu amagadudo pudui awu inodu boe bogai.		
BOR-CORBO-BM-LUK-012-031	LUCAS	LUK	12	31	"Taemarudo tamuguwo Pao o boe pemegareu tada boetoji, du kejere icare nowu inodu jamedu boe itodumode tagai.
Baru tadawu boe enoroe kurireu."		
BOR-CORBO-BM-LUK-012-032	LUCAS	LUK	12	32	Tagowarore tu jedu ietui taidu, tabagudu kaba. Mare paga karega, Pao aidure tuwo to boe pemegareu maku tagai.		
BOR-CORBO-BM-LUK-012-033	LUCAS	LUK	12	33	Akirodo ure tagabo boe tabo, maku marenarue etai. Nowu inodu tabore tamode tagoroe mori ja kodoraborogu akedu bokwareu towuje, tamode tago boe pemegareu akedu bokware udo turugadu baru tada, iwogureu iwogumodukare ji, rogure umodukare pegado du kae.		
BOR-CORBO-BM-LUK-012-034	LUCAS	LUK	12	34	"Mare paga karega, tago boe pemegareu jeturewo kejere tawabo mugumode jamedu.
Utugare upagai cimejera bogaidu. -"		
BOR-CORBO-BM-LUK-012-035	LUCAS	LUK	12	35	Tado tarugadu jii je, tagudawu jetu pemegai tai du tabo, bukigu kogu pemegai tagajeje du tabo, tagedui tago jorugu jitu tabo.		
BOR-CORBO-BM-LUK-012-036	LUCAS	LUK	12	36	Tado nono upagare cimejera bogai utui peta kae umode tugirimi du bogaiwu ime ereore. Aregodumode ma, umode tugera to baiporoji ma, tuwo baiporo jado kuri aregodu keje.		
BOR-CORBO-BM-LUK-012-037	LUCAS	LUK	12	37	Jiwo aidugirireu utugaregere eimejera jordumode ei tudo turugadu tudogi duji. Boe jokodu jire inagomode oino tai: Umode tudo turugadu, umode edo tumugudo ira keje, umode enogwagedo.		
BOR-CORBO-BM-LUK-012-038	LUCAS	LUK	12	38	Aregodumode boeco oia keje rabodu, iarema ba aregodu tabo rabodu, eiwo aidugiri rumode.		
BOR-CORBO-BM-LUK-012-039	LUCAS	LUK	12	39	Mare taerduwado awu inoduji jamedu: ia uwaireu jorduwamode kakodiboe kejeba iwogu kigodureu aregodumode ma, umode tudo turugadu tuietu tabo, ukawo turemo tuwaito.		
BOR-CORBO-BM-LUK-012-040	LUCAS	LUK	12	40	"Nowu inodu koia, tado tarugadu. Mare paga karega, Imedu Onaregedu aregodumode tameardaekai tuwogai du keje.
Utugare pemegareu, utugare pegareu."		
BOR-CORBO-BM-LUK-012-041	LUCAS	LUK	12	41	Du kodi icare Pedro akore: - Cegimejera, tu ceina awu bakarure oino, iarema eiameduji jamedu kana?		
BOR-CORBO-BM-LUK-012-042	LUCAS	LUK	12	42	Pagimejera akore: - Utugare pemegareu jorduwareu awu rema: cewu ukimejerare jetudo toe jiboe, tuwo tumedage enogwagedo, boei turugadu du keje.		
BOR-CORBO-BM-LUK-012-043	LUCAS	LUK	12	43	Cewu roinowu cimejera aregodu keje, jiwo aidugirimode.		
BOR-CORBO-BM-LUK-012-044	LUCAS	LUK	12	44	Boe jokodu jire inagomode oino tai: Meartorumode ji toroe pemegareu jamedu boe tabo.		
BOR-CORBO-BM-LUK-012-045	LUCAS	LUK	12	45	Mare cewu jeture boe jiwu akomode: Icare ikimejera aregodumodukare kuri je, ino ma, okwagemode, kudumode tuwo tuioku bai baido ma, 46imejera aregodumode upagakai tuwogai du keje, umode rugadu kado, umode barigu pegareuge eedato.		
BOR-CORBO-BM-LUK-012-047	LUCAS	LUK	12	47	Cewu imedu jorduware cimejerai turoiagu jiboeji, mare tumeartru bokwa tabo ukare boedo turugadu, boe to du makaguragamode biri kajeje.		
BOR-CORBO-BM-LUK-012-048	LUCAS	LUK	12	48	"Mare cewu imedu jorduwa jokodukai cimejerai turoiagu jiboe jitu, umode turo pegareu towuje ma, boe to du awaromode tu biri kajeje. Mare paga karega, Paore boe makudu kurido aiwu, okwamagudu kurimode ji boe bogai pugeje.
Boei tudo tuginoi Jesus koiadu."		
BOR-CORBO-BM-LUK-012-049	LUCAS	LUK	12	49	Itaregodure iwo joru barigu moto joki, itaidure urugoduwo rugadu.		
BOR-CORBO-BM-LUK-012-050	LUCAS	LUK	12	50	Ia boe etaimodu tabore imode itaimo, itagemo remawu nure nowu inodu bogai.		
BOR-CORBO-BM-LUK-012-051	LUCAS	LUK	12	51	Tameardaere itaregoduie boe butugureu tabo moto kae duji? Boro, inagomode tai: iwo boe etawuje pubiji itaregodure.		
BOR-CORBO-BM-LUK-012-052	LUCAS	LUK	12	52	Mare paga karega, awu inodu otobiji, boe emode ikera awubodure tuwai tada, du eiamedu boe emode tudo tuginoi pui.		
BOR-CORBO-BM-LUK-012-053	LUCAS	LUK	12	53	Uomage etonamode torei, boe etore etonamode tuomagei; uce onamode tonaregedu areduji, onaregedu aredu onamode tujeji; ucarugo onamode turagoji, urago onamode tujarugoji.		
BOR-CORBO-BM-LUK-012-054	LUCAS	LUK	12	54	Jesus akore boei jamedu: Taerdumode ia boetugu ui tawogado meri butu jaogwaidu jitu keje, tagagomode kuri je: Bubutu aregodu nure. Nono umode ino rugadu.		
BOR-CORBO-BM-LUK-012-055	LUCAS	LUK	12	55	Taerdumode bakuru aregodui paribureadoge eiaogwaiboe piji du keje, tagagomode: Biaku butumode. Nono umode ino rugadu.		
BOR-CORBO-BM-LUK-012-056	LUCAS	LUK	12	56	"Boe biadudowuge, taerduware ure baru tadaboeji, ure moto kejeboeji. Kode kodiba taerduwakare umode oino kuri je boeji? 
Boe ero pemegawo onare puduiwuji."		
BOR-CORBO-BM-LUK-012-057	LUCAS	LUK	12	57	Kodiba tagare tameardae tugu tawo jetororeboe towuje?		
BOR-CORBO-BM-LUK-012-058	LUCAS	LUK	12	58	Atumode onare aiwu apo boe eroiagudu epa ae du tonaji, aroiwado awo apemegado ji, awudugugoduwo ji awaraji, ukawo acedo boe eroiagudu epa ae, boe eroiagudu epa ukawo amagu tugobaigarege etai, ekawo atugu baicoreuto.		
BOR-CORBO-BM-LUK-012-059	LUCAS	LUK	12	59	Inagomode oino ai: amodukare atawuje nowu piji jii, ai boigoduwu akiro rogu maku du kae.		
BOR-CORBO-BM-LUK-013-HEAD-001	LUCAS	LUK	13		Boewo tugera ra turo pegareu piji.		Cabeçalho/subtítulo editorial da fonte.
BOR-CORBO-BM-LUK-013-001	LUCAS	LUK	13	1	Nowu boe keje iaboe etaregodure Jesus ae tureadoduwo Pilatos roi ia galileudoge eiduji. Nowu galileudoge enure taguiee bito tuwo uredudu rutudo to aroe eimejera bogai. Du tabore Pilatos ure ewido, ei taguiee bito du tonaji.		
BOR-CORBO-BM-LUK-013-002	LUCAS	LUK	13	2	Kodi icare Jesus unoragodure ei: - Tameardaere nowu galileudogeie pega remawure tumedage ekori boei oinono ei du koia?		
BOR-CORBO-BM-LUK-013-003	LUCAS	LUK	13	3	Boro! Inagomode tai. Mare tamodukare taedorodo ma, taiamedu boe tawimode nono ewi reore.		
BOR-CORBO-BM-LUK-013-004	LUCAS	LUK	13	4	Jesus akore jamedu: - Tawiabutudo cewu ime ei 18 cedu, nowu Silo kejewu bai raireu buture ewugejedu, tui ewido duji. Tameardaekana epega remawure Jerusalém kejewuge eiamedu boe ekori?		
BOR-CORBO-BM-LUK-013-005	LUCAS	LUK	13	5	"Boro! Inagomode tai. Mare tamodukare taedorodo ma, tawimode nono ewi reore jamedu.
Figueira i tudu bokwareu."		
BOR-CORBO-BM-LUK-013-006	LUCAS	LUK	13	6	Akore ei jamedu nowu inodu reoreboeji: - Ia imedu ore figueirace tugudui o boepa tadadu, uture kae taiwo tabo tudu bogai mare jordukare ji.		
BOR-CORBO-BM-LUK-013-007	LUCAS	LUK	13	7	Du kodi icare makore nowu jeture to boepa jiwuji, akore ji: Ica, joru buture pobe ma awu metuia bokware awu figueiraji, itaiwoi tu tu ji tudu bogai duji, mare boe kimore. Kode, kado! Kodiba rakoje onare kimo woe?		
BOR-CORBO-BM-LUK-013-008	LUCAS	LUK	13	8	Mare nowu jeture nowu boepa jiwu akore: - ikimejera, rakoje rugadu tu awu joruji jao; iwaigodumode oiei, iwo ia moto pemegareu tugu oiei.		
BOR-CORBO-BM-LUK-013-009	LUCAS	LUK	13	9	"Du kejere tudu botumode rakudu. Umodukare ino ma, amode kadodudo rugadu.
Jesus ure ia aredu pemegago sabadore jiwu meriji."		
BOR-CORBO-BM-LUK-013-010	LUCAS	LUK	13	10	Jesus unure boe eerduwado sinagoga keje sabadore jiwu meriji.		
BOR-CORBO-BM-LUK-013-011	LUCAS	LUK	13	11	Ia aredu mugure nono, joru buture 18 cedu Aroe pegareu metui tadadu, iedure ji tui kogodudo du tabo, toia upo tabore merure; roiwakare tuwo tuiedorodo remawu rugadu.		
BOR-CORBO-BM-LUK-013-012	LUCAS	LUK	13	12	Jesus jordure ji, icare makore bogai, akore ji: - Aredu, akinorudodure akogodae piji.		
BOR-CORBO-BM-LUK-013-013	LUCAS	LUK	13	13	Ure tugera bu keje du tonaji ure tuiedorodo, tumago pemegai Pao jitu tabo.		
BOR-CORBO-BM-LUK-013-014	LUCAS	LUK	13	14	Mare nowu sinagoga kejewu brae eimejera korigodure tuiordui Jesus iogoi sabadore jiwu meri keje duji, icare akore boei: - Meri ikera awubodure mito taci ikera awubowuto, jire boe emaragodure. Kode mato tagiogowo nowu meri keje, mare sabadore jiwu meri keje karega.		
BOR-CORBO-BM-LUK-013-015	LUCAS	LUK	13	15	Icare Pagimejera akore: - Ro biadodureuge! Tamodukare ia tagagu tapira, ia tagagu jumento okwa iku kiwuje, tawo ekududo sabadore jiwu meriji?		
BOR-CORBO-BM-LUK-013-016	LUCAS	LUK	13	16	Mare awu Abraão onaregedu nogwaredu rogu, Aroe pegareui kogudo joru butui 18 cedu, inorudodumodukare sabadore jiwu meriji?		
BOR-CORBO-BM-LUK-013-017	LUCAS	LUK	13	17	"Tagoi awu bakaru jitu koia, nowu onare jiwuge eiamedu boe epogurugodure. Nowu boe makareuge eiamedu boe rema, tuiordui nowu ro kurireu jamedu jitu keje, eegare kuricigore.
Mostarda a."		
BOR-CORBO-BM-LUK-013-018	LUCAS	LUK	13	18	Jesus makore kimo: - Kakoduboeba umode nono Pao o boe pemegareu reore? Inoba ureuba imode udo nono reore?		
BOR-CORBO-BM-LUK-013-019	LUCAS	LUK	13	19	"Ure nono mostarda are, du biega remawure, ia imedu ui tugeragu jitu tuwo tugu to boepato du reore. Nowu mostarda a boture, ricodu kuricigore, baru tadawu kiege barege etaregodure tui tuwaradu bu itura boe keje du kae.
Amireu barododu epa."		
BOR-CORBO-BM-LUK-013-020	LUCAS	LUK	13	20	Jesus akore pugeje: - Inoba ureuba imode udo nono Pao o boe pemegareu reore?		
BOR-CORBO-BM-LUK-013-021	LUCAS	LUK	13	21	"Ure nono aredu ui tugeragu amireu barododu epaji tuwo tugu ruwoboe ei pobe ma jewu metuia bokware enogorobadui amireu kugu taboduto du reore, du koia nowu kugu jamedu boe barododumode.
Baiporo biegareu."		
BOR-CORBO-BM-LUK-013-022	LUCAS	LUK	13	22	Jesus, tugodu kimoi Jerusalém kae du tabo, ure tuwu bakurireuge ekajeje, bakurireu biegareu boe ekajeje, tui boe eerduwado du tabo.		
BOR-CORBO-BM-LUK-013-023	LUCAS	LUK	13	23	Iaboe enoragodure ji: - Cegimejera, awarore tu jewu ime kana emode cinorudo?		
BOR-CORBO-BM-LUK-013-024	LUCAS	LUK	13	24	Akore: - Taemarudo tawo taremo baiporo biegareu kajeje. Mare paga karega, inagomode tai: Makareuge etaidumode tuwo turemo to, mare eroiwamodukare.		
BOR-CORBO-BM-LUK-013-025	LUCAS	LUK	13	25	Boe etuo ui turemo tuwaito du keje, umode tuwaiporo mi tuberagajeje du keje, taedumode baawadu keje, tamode tagera to baiporoji, tagagoi oino du tabo: Cegimejera, cegimejera, baiporo jado. Mare akomode: Iorduwakare kaibawuge nure tagiba.		
BOR-CORBO-BM-LUK-013-026	LUCAS	LUK	13	26	Du tagagomode: Cenogwagere, cegudure akabo, are boe eerduwado ceeda boe keje jamedu.		
BOR-CORBO-BM-LUK-013-027	LUCAS	LUK	13	27	Mare akomode tai: Iorduwakare kaibawuge tagiba. Taiamedu boe taiaedo ii, mare paga karega, ro pegareuge tagi kodi.		
BOR-CORBO-BM-LUK-013-028	LUCAS	LUK	13	28	Jesus akore kimo: -Taerdumode Abraão, Isaac, Jacó, profetadoge eiamedu boe eedui Pao o boe pemegareu tada, tagi ma, tawarigududodui baawadu kae du keje, taerdumode boe etoragudu, boe eto akoi pui duji.		
BOR-CORBO-BM-LUK-013-029	LUCAS	LUK	13	29	Boe etaregodumode meri rutu piji, meri butu piji, emode tumugudo Pao o boe pemegareu keje.		
BOR-CORBO-BM-LUK-013-030	LUCAS	LUK	13	30	"Mare paga karega, ia boetojiwuge boiwugemode, ia boiwuge boetojiwugemode emage.
Jesus mearudu kurii Jerusalém jitu."		
BOR-CORBO-BM-LUK-013-031	LUCAS	LUK	13	31	Nowu meri mitoduji, ia fariseudoge etaregodure tagoi oino Jesus jitu tabo: - Atawuje, atudo awu piji, mare paga karega, Herodes tuiagu awido kodi.		
BOR-CORBO-BM-LUK-013-032	LUCAS	LUK	13	32	Jesus akore ei: - Toro, tamagodo nowu okwa reoreboeji: Ica, ire Aroe pegareuge ewarigu, ire kogodureuge epemegago, awuji, barogwato jamedu, rekodajiwu meri jire icare imode imagu.		
BOR-CORBO-BM-LUK-013-033	LUCAS	LUK	13	33	Mare imerumode kimo awuji, barogwato, rekodajiwuji jamedu: Mare paga karega, profeta bimode jaegiri Jerusalém jitu ukare turugadu kodi.		
BOR-CORBO-BM-LUK-013-034	LUCAS	LUK	13	34	Jerusalém, Jerusalém, are profetadoge ewido, are tori to Paore rojaiwugei. Imaragodu maere iwo tado pui, nono kogariga ro magai tore kugurei cidodu kuda du reore. Mare akaidukare!		
BOR-CORBO-BM-LUK-013-035	LUCAS	LUK	13	35	Ica, kode, tawai bioromode. Mare inagomode tai: Taerdumodukare ii pugeje jii boe egoi: Akaru pemegareu aregodui Pao ro raka tabo, oino du kae.		
BOR-CORBO-BM-LUK-014-HEAD-001	LUCAS	LUK	14		Jesus ure ia kogodureu pemegago sabadore jiwu meriji.		Cabeçalho/subtítulo editorial da fonte.
BOR-CORBO-BM-LUK-014-001	LUCAS	LUK	14	1	Ia sabadore jiwu meriji, Jesus ure turemo ia fariseu kurireu uwaito, togwagewo uwai tada. Boe enoebatodure ji.		
BOR-CORBO-BM-LUK-014-002	LUCAS	LUK	14	2	Ia imedu kogodureu, bokodu kigodureu, mugure nono.		
BOR-CORBO-BM-LUK-014-003	LUCAS	LUK	14	3	Du kejere icare Jesus ure turodo pai fariseudoge ewugeje, bakaru epage ewugeje, akore ei: - Boe ekiogodumodu kana sabadore jiwu meriji?		
BOR-CORBO-BM-LUK-014-004	LUCAS	LUK	14	4	Mare emagokare. Du kodi icare Jesus ure tugeragu nowu imeduji, ure pemegago taci je, imadure apo taci tuberabiji.		
BOR-CORBO-BM-LUK-014-005	LUCAS	LUK	14	5	Du kejere, ure turodo pai ewugeje pugeje, akore oino: - Kakoduwu ia tagiba, tagagu tapira, tagagu jumento butumode ia moto oiakoto ma, tamodukare tawuje kuri je sabadore jiwu meriji jamedu?		
BOR-CORBO-BM-LUK-014-006	LUCAS	LUK	14	6	"Nono eroiwakare tagowo ia tago.
Boe ei tuwiegadodu."		
BOR-CORBO-BM-LUK-014-007	LUCAS	LUK	14	7	Jesus jordure jamedu jeturudodure aewuge emode tumugudo boetojiwu boe emuga keje duji. Icare ure awu bakaru jeonado tu awu inoduji: -		
BOR-CORBO-BM-LUK-014-008	LUCAS	LUK	14	8	Jeturududomode akae boe ekera makudumode puaidu kae ma, akaba amugudo boetojiwu boe emuga keje. Paga karega, jeturudodumode ia kodure akoriwu ae ma, ia du keje, 9cewu ure jeturudo akaewu kodumode kuri akae, akomode: Akorodo oino, awu nono. Nowu inodu keje, apogurumode amedui boigoduwu boe emuga keje duji.		
BOR-CORBO-BM-LUK-014-010	LUCAS	LUK	14	10	Mare jeturudodumode akae du keje amode amugudo tu boigoduwu boe emuga keje. Du kodiwo nowu ure jeturudo akaewu akowo ai: Imeduia, ataru gu ceboje. Nowu inodu keje, boe ema remawumode akai, nowu jetorododure aewuge eiamedu boe jekai.		
BOR-CORBO-BM-LUK-014-011	LUCAS	LUK	14	11	Mare paga karega ure tuguridowu boe eiamedu boe ewiegamode; ure tuwiegado tu jewu boe eiamedu boe, ekurimode.		
BOR-CORBO-BM-LUK-014-012	LUCAS	LUK	14	12	Du kejere icare Jesus akore nowu ure jeturudo pudaewuji: - Ai boe eke parudo du keje, akaba jeturudo amedage etae, jamedu awobe etae, oroe kurireuge etae karega jamedu. Mare paga karega, aromode ino ma, emode jeturudo akae jamedu, nowu inodu tabo enure mori maku akai.		
BOR-CORBO-BM-LUK-014-013	LUCAS	LUK	14	13	Mare amode boe eke parudo du keje, jeturudo marenarue etae, pogora pegareuge etae, joku bokwareuge etae.		
BOR-CORBO-BM-LUK-014-014	LUCAS	LUK	14	14	"Du keje boe pemagaguragamode ai. Mare paga karega, ere morido tu emaboe bokware du koia, mare morimode akai pemegareuge eewodu keje.
Boe enogwage kurireu."		
BOR-CORBO-BM-LUK-014-015	LUCAS	LUK	14	15	Awu bataru inodu koiare, ia jeturudodure aewu makore Jesusji: - Boe pemegare jiwugere emode tumugudo Pao jeture jiwuge eno ira keje togwagewo.		
BOR-CORBO-BM-LUK-014-016	LUCAS	LUK	14	16	Mare Jesus akore ji: - Ia imedu ure boe enogwage kurireu parudo, ure jeturudo makareuge etae.		
BOR-CORBO-BM-LUK-014-017	LUCAS	LUK	14	17	Icai boe aregodui nowu boe enogwagemode du kae du keje ure ia utugaredo nowu ture jeturudo aewuge ewie: Mato, jamedu boe ure turugadu.		
BOR-CORBO-BM-LUK-014-018	LUCAS	LUK	14	18	Mare eiamedu boe ere turoiwa bokwado. Boetojiwu akore: Ire ia moto aru, du kodire itumode toro, iorduwo ji, kodire inogwamagudure oino ai: awudugugo ii.		
BOR-CORBO-BM-LUK-014-019	LUCAS	LUK	14	19	Ia akore: Ire akirodo tapiradoge ei ikera pudogidure duji, imode irokogado ei. Kodire inogwamagudure ai: awudugugoduwo ii.		
BOR-CORBO-BM-LUK-014-020	LUCAS	LUK	14	20	Ia metuia akore ino jamedu: Ire iwiredo, du kodire iroiwamodukare ituwo toro.		
BOR-CORBO-BM-LUK-014-021	LUCAS	LUK	14	21	Nowu utugare ure tugirimi, okwajeture nowu inodu jamedu boeji cimejera biegai. Kodi icare nowu boe etuo korigodure, akore nowu tudugareji: Toro kuri je pugeje boe oia jamedu boe kao: marenarue, pogora koboreuge, joku bokwareuge, pogora pegareuge, mato ebo.		
BOR-CORBO-BM-LUK-014-022	LUCAS	LUK	14	22	Du kejere utugare makore ji: Ikimejera, ure turugadu, ai boe eroiagudu reore, mare ia boe emuga kedo kimore.		
BOR-CORBO-BM-LUK-014-023	LUCAS	LUK	14	23	Icare nowu imejera akore: Atudo awara jameduji, awara uiamugu jameduji, apewudo boe eiameduji ewo turemo, duma, iwai okorobadoduwo.		
BOR-CORBO-BM-LUK-014-024	LUCAS	LUK	14	24	"Mare paga karega, inagomode tai: cewu ire jeturudo aewuge ia emage emodukare togwapagado ire boe ekedo emaboeji.
Boe ei tudo turugadu tugoduwo Jesus apo."		
BOR-CORBO-BM-LUK-014-025	LUCAS	LUK	14	25	Makareu boe ekodure Jesus apo. Ure tuie kirimi pai, tagoi oino du tabo: -		
BOR-CORBO-BM-LUK-014-026	LUCAS	LUK	14	26	Iaboe etaregodumode itae, tumeardu kurikai ii tuo kori, tuje kori, toreduje, tore, tumanamage, tuduiemage, tuwiemage ekori, pugori jamedu ma, ire jorduwadowu umodukare ema.		
BOR-CORBO-BM-LUK-014-027	LUCAS	LUK	14	27	Ukare to cruz reko itabowu, imeduiamodukare ema.		
BOR-CORBO-BM-LUK-014-028	LUCAS	LUK	14	28	Ia tagi, tagaidumode tawo ia bairaireu mugudo ma, tare tamugudo jao, tawo morimode remagu inobadu taboba akedumode du bogai.		
BOR-CORBO-BM-LUK-014-029	LUCAS	LUK	14	29	Tawo paru tawuje, tawo bure tugu du keje, akedumodukare ma, iaboe etaregodumode mato eerdumode ji ma, ekawo jarodo tai, tagoi:		
BOR-CORBO-BM-LUK-014-030	LUCAS	LUK	14	30	Awu imedu ure awu bai paru tugu mare roiwakare tuwo akedudo.		
BOR-CORBO-BM-LUK-014-031	LUCAS	LUK	14	31	Jamedu ia boe eimejera, tui turugoduiagu ia tumeduia brae eimejera jitu keje, umode tumugudo boetoji tuwo tumeardaedo tumode turugadu turugoduwo tudugarege ei dez mil cedu apo, tumeduia brae eimejera utugarege ei vinte mil ceduji.		
BOR-CORBO-BM-LUK-014-032	LUCAS	LUK	14	32	Jordumode tumodukae tumorido tumeduia jitu keje, umode iaboe emagodo ji turugodu kawo pui du bogai.		
BOR-CORBO-BM-LUK-014-033	LUCAS	LUK	14	33	"Kode oino, ia tagi ia tagi tamodukare tagoroe jamedu boe pijido ma, ire jorduwadowu umodukare ema.
Sal ro bokwareu."		
BOR-CORBO-BM-LUK-014-034	LUCAS	LUK	14	34	Boe pemegareu sal rema. Mare nowu ro akedumode ma, inoba boe eromode tuwo rodo pugeje?		
BOR-CORBO-BM-LUK-014-035	LUCAS	LUK	14	35	Pemegamodukare motoji, ukare turugadu tuwo moto pemegado: boe ere barigu baawadu kae. Biajare tumearduwowuge emeardumode.		
BOR-CORBO-BM-LUK-015-HEAD-001	LUCAS	LUK	15		OveIha okwaredu.		Cabeçalho/subtítulo editorial da fonte.
BOR-CORBO-BM-LUK-015-001	LUCAS	LUK	15	1	Publicanodoge, ro pegareuge ere tuburedo jice Jesusji tumearduwo bataruji.		
BOR-CORBO-BM-LUK-015-002	LUCAS	LUK	15	2	Fariseudoge, escribadoge ewadaru pegare, egore: - Awu imedu ure tugeragu pegareugei, okwage nure ebo.		
BOR-CORBO-BM-LUK-015-003	LUCAS	LUK	15	3	Du kodi icare Jesus makore awu bakaruji ei: -		
BOR-CORBO-BM-LUK-015-004	LUCAS	LUK	15	4	Kakoduwu ia imeduba, aku ovelhadoge emode 100 cedu, ia okwamode mito tu je epiji ma, umodukare tugera ra nowu makareuge epiji tuiemaruwo cewu okware mito tu jewu bogai jii tuiordui jitu kae?		
BOR-CORBO-BM-LUK-015-005	LUCAS	LUK	15	5	Du tuiordui jitu keje umode rogu bu cidorugajeje tuiegare kuricigo tabo.		
BOR-CORBO-BM-LUK-015-006	LUCAS	LUK	15	6	Tui tugirimi du keje, taregodui tuwai kae du tabo, umode tumedage eto pui ae, akomode ei: - Taegaredo itabo. Iordure inagu barogo rogu okware boetowu roguji.		
BOR-CORBO-BM-LUK-015-007	LUCAS	LUK	15	7	"Inagomode tai: Awu inodu reorere ia ro pegareu mito tu jedu umode tubemegadodu koiare, boe eegare kuricigomode baru tada, cewu ure 99 cewuge ekori, duwugere epemegare.
Diiero meriri okwaredu."		
BOR-CORBO-BM-LUK-015-008	LUCAS	LUK	15	8	Jesus akore jamedu awu bakaruji pugeje: - Kakoduwu ia areduba, ia diiero meriri ekureu ure ikera awubodure du, ia okwamode mito tu je ma, umodukare jorugo, umodukare bai akudo, tuiemaru tabo bogai akei pudumi du tabo, jii tuiordui jitu kae?		
BOR-CORBO-BM-LUK-015-009	LUCAS	LUK	15	9	Icare, tuiordui jitu keje, umode tumedage eto pui, umode puredure puduiwuge eto pui pudae, tagoi oino du tabo ei: Taegaredo itabo, iordure cewu okwareu ino diiero meriri ekureuji.		
BOR-CORBO-BM-LUK-015-010	LUCAS	LUK	15	10	"Kode, inagomode tai: Nowu inodu reorere Pao o tupadoge eegaremode ia ro pegareu ui mito tu jeu ui tubemegado duji.


























Ia onaregedu okwaredu."		
BOR-CORBO-BM-LUK-015-011	LUCAS	LUK	15	11	Jesus akore awu bakaruji kimo: - Ia imedu ore ere pobe.		
BOR-CORBO-BM-LUK-015-012	LUCAS	LUK	15	12	Uwiereu akore ino tuoji: Ioga, ieonare jiboe inoroe makinai. Du kodi icare enoroedo puibiji tu ei.		
BOR-CORBO-BM-LUK-015-013	LUCAS	LUK	15	13	Meri makakare du rekodaji, onaregedu uwiereu, tui tuionare jiwu toroe jamedu boe to pui du keje, uture ia moto padu jaegiriwo kae. Torore icare ure cewu toroe jamedu boe akedudo, turo tago jokodu kadu boe koia.		
BOR-CORBO-BM-LUK-015-014	LUCAS	LUK	15	14	Tui jamedu boe akedudo du keje, nowu moto keje boe eke boire tubodo du kuricigodo boe ebo. Nowu inodu keje, kiarigodure tu... tui boe pa marenaruie ure pudumi pugeje duji.		
BOR-CORBO-BM-LUK-015-015	LUCAS	LUK	15	15	Du kodi icare uture nowu moto kejewu ia imedu ae, tumaragoduwo ai, duwure utudo to boepa kae jetuwo tagu jugoreugei.		
BOR-CORBO-BM-LUK-015-016	LUCAS	LUK	15	16	Nowu iparedu aidure togwagewo jugoreuge enogwagere jiboeji, mare iaboe ekare boe maku ai.		
BOR-CORBO-BM-LUK-015-017	LUCAS	LUK	15	17	Du kodi icare aregodure pudae tu je, du kejere icare ure tumeardae tugu nowu inodu jamedu boeto. Du tabore icare akore: - E! Inoba ioga utugaregere uwai keje duwuge eke amireu makaguragare: ica, imi woe, iwigodu nure ike boi koia.		
BOR-CORBO-BM-LUK-015-018	LUCAS	LUK	15	18	Iwo iragojedo, ituwo ioga bogai, imagowo oino ji: Ioga, iro pegare Pao Aroe Eimejeraji, iro pegare ai jamedu.		
BOR-CORBO-BM-LUK-015-019	LUCAS	LUK	15	19	Ica, ikare irugadu akagowo akonaregeduie ure imi pugeje duji. Arodo nono aro magai atugaregei du reore ii.		
BOR-CORBO-BM-LUK-015-020	LUCAS	LUK	15	20	Du kejere icare ure turagojedo taci je, uture tuo bogai. Kodu jae kimo, jire tuo jordure. Kodi icare uo rekodure togi, togudu koia apo, ure taredo jice itoru kae, ure togwabi ji.		
BOR-CORBO-BM-LUK-015-021	LUCAS	LUK	15	21	Kodi icare onaregedu akore ji: Ioga, iro pegare Pao aroe Eimejeraji, iro pegare ai jamedu; ikare irugadu akagowo akonaregeduie ure imi pugeje.		
BOR-CORBO-BM-LUK-015-022	LUCAS	LUK	15	22	Mare uo akore tudugaregei: Ia aroia pemega remawureu reko mato, tugu ji; ia boe ekerako tadawu tugu ierakoto; bure tadawu tugu bureto.		
BOR-CORBO-BM-LUK-015-023	LUCAS	LUK	15	23	Ia tapira maiwu bararureu reko mato, bito jamedu: pawo kowuje, paegarewo.		
BOR-CORBO-BM-LUK-015-024	LUCAS	LUK	15	24	Mare paga karega, awu itonaregedurogu bire, icare jewodure; okware boeto, icare paerdure ji pugeje. Nonore icare ere tudo pui tureruwo, togwagewo tuiegare tabo.		
BOR-CORBO-BM-LUK-015-025	LUCAS	LUK	15	25	Nowu inodu tonaji, onaregedu codureu rakojere to boepa tada. Tui tugirimi du tabo, tuburedugodui baito du tabo, meardure nowu enogwa akoji, ererui tuiegare tabo duji.		
BOR-CORBO-BM-LUK-015-026	LUCAS	LUK	15	26	Du kejere icare makore ia tudugareji, unorare ji inoba rakuduie boere.		
BOR-CORBO-BM-LUK-015-027	LUCAS	LUK	15	27	Du ure bie: Awiere tugirimi, aore tudugaregedo ia tapira bararureu bito, mare paga karega, jordure ji pugeje, kogodukare, pemegare kodi.		
BOR-CORBO-BM-LUK-015-028	LUCAS	LUK	15	28	Onaregedu codureu korigodure tu je. Aidukare tuwo turemo. Mare uore tuiebu ae, akore uiagu turemo.		
BOR-CORBO-BM-LUK-015-029	LUCAS	LUK	15	29	Kodi icare nowu iparedu akore oino ji: Joru makaguragare imaragodui akabo duji, ikare imeartoru bokwado ia amagore jiboeji jii je du kare; du inodu tabo, akare ia barogo rogu makinai iwo ia boe enogwage parudo imedage ebo dukare.		
BOR-CORBO-BM-LUK-015-030	LUCAS	LUK	15	30	Macare oinore icare awu akonaregedu ure tugirimi, tui akoroe jamedu barigu ro pegareu areme ebo du rekodaji, du keje kuri je are atugaregedo tapira bararureu bito ai.		
BOR-CORBO-BM-LUK-015-031	LUCAS	LUK	15	31	Icare uore jorduwado, akore ji: Itonaregedu, amugure jii itabo, inoroere emaboe jamedu boe akoroe rema jamedu.		
BOR-CORBO-BM-LUK-015-032	LUCAS	LUK	15	32	Kode, ure turugadu pawo boe enogwage parudo paegare tabo, mare paga karega, awu awie bi nure, macare jewodure; okwa nure boeto, macare paerdure ji pugeje kodi		
BOR-CORBO-BM-LUK-016-HEAD-001	LUCAS	LUK	16		Jeture tugimejera oroe jiwu imedu pegareu.		Cabeçalho/subtítulo editorial da fonte.
BOR-CORBO-BM-LUK-016-001	LUCAS	LUK	16	1	Jesus akore jamedu nowu ture jorduwadowugei: - Ia du kodi ia imedu oroe kuricigoreu ure ia imedu jetudo nowu toroeji pudae. Duwu rokare turugadu nowu oroe tabo. Du kodi icare imejera biedure ji.		
BOR-CORBO-BM-LUK-016-002	LUCAS	LUK	16	2	Kodi icare nowu imejera makore bogai, akore ji: Inoba arore? Imeardure aro boeji. Akogado ai awo inoroe makudure akaiboe makinai; mare paga karega, aetumodukare inoroeji pugeje kodi.		
BOR-CORBO-BM-LUK-016-003	LUCAS	LUK	16	3	Kodi icare nowu imedu ure tumeardae tugu nowu inoduto, akore pudui taobiji: Inoba iromode? Iordu nure oino ikimejerai itawuje awu toroe piji duji. Iwo boepa bu? Mare iroiwamoduka. Inogwamagudu kigoduwo? Mare ipogurure ce.		
BOR-CORBO-BM-LUK-016-004	LUCAS	LUK	16	4	Iorduware inoba iromode boewo tugeragu ii tuwai kae du bogai, itui imaragodae piji du keje.		
BOR-CORBO-BM-LUK-016-005	LUCAS	LUK	16	5	Kodi icare makore mito mito ukare toroe mori akedudo cimejera aiwugei. Unoragodure boetojiwuji: Inoba amode maku ikimejera aidu ure kimo?		
BOR-CORBO-BM-LUK-016-006	LUCAS	LUK	16	6	Akore: Boekaguru ja mode 100. Icare akore ji: Amara tabo, amugudo awo amode maku kimoboe tabo bapera atugodo: 50, oino ji.		
BOR-CORBO-BM-LUK-016-007	LUCAS	LUK	16	7	Du kejere icare makore iaji pugeje: Aki pugeje, inoba amode maku kimo boemode? Akore: Trigo jamode 100. Nowu jeture cimejera oroe jiwu akore: Akeragu ako baperaji, atugodo 80, oino ji.		
BOR-CORBO-BM-LUK-016-008	LUCAS	LUK	16	8	Nowu ukimejera je rore ta... ji, jorduwa monoreuji. Du koiare Jesus akore: - Awu moto kejewuge eerduware inoba tuwo tudo duji, jorugu tadawuge ekori, turoi tumedage ei duji.		
BOR-CORBO-BM-LUK-016-009	LUCAS	LUK	16	9	Inagomode tai: tagogududo boebo awu moto kejewu tagoroe tabo ma, Paowo tugeragu tai tuwai akedumodukareuto.		
BOR-CORBO-BM-LUK-016-010	LUCAS	LUK	16	10	Pemegare biegareboe jiwu imedu pemegamode kurireboeji jamedu. Jamedu, pegare biegareboe jiwu pegamode kurireboeji jamedu.		
BOR-CORBO-BM-LUK-016-011	LUCAS	LUK	16	11	Kode, tabemegamodukare awu moto kejeboeji du keje, ioguduba umode tumeartorudo tai Pao o boe pemegareu tabo?		
BOR-CORBO-BM-LUK-016-012	LUCAS	LUK	16	12	Jamedu, tabemegamodukare ia boe enoroeboeji ma, ioguduba umode tumeartorudo tai tagoroe boe tabo.		
BOR-CORBO-BM-LUK-016-013	LUCAS	LUK	16	13	"Ia boe etugare umodukare tudo puibiji ia cimejeraji. Iadukare kodu kagirimode iaji, tumeardu kuriwo metuiaji, iarema umode tumagu boetojiwu ai, tui boe redugodudo metuia jitu tabo. Tameardu kurimodukare Paoji tameardu kurii moto kejeboe jitu tabo.
Jesus makoi ia bakaru rogudogei pugejedu."		
BOR-CORBO-BM-LUK-016-014	LUCAS	LUK	16	14	Aró, kode, nowu fariseudoge, enogwakidu ierikadu, tumeardui akoinodu jitu keje, ere jarodo ji, ere boe eredugodudo ji.		
BOR-CORBO-BM-LUK-016-015	LUCAS	LUK	16	15	Icare Jesus akore ei: - Tagi tare taedorogodudo tai ime eegai. Mare Pao jordure tawaboji. Mare paga karega, cewu ure turugadu ime eegaiboe, barigudureboere, jaroreboere ema Pao jekai.		
BOR-CORBO-BM-LUK-016-016	LUCAS	LUK	16	16	Boe eroiagudu, profetadoge ewadaru, ekodure jii João ae. Du inodu piji mato Pao o boe pemegareu jiwu bakaru pemegareu awadudodure. Ime eiamedu boe ere tubewudo pudui tuwo tugeragu ji.		
BOR-CORBO-BM-LUK-016-017	LUCAS	LUK	16	17	Du inodu tabo, awu moto, awu baru akedumode, mare boe eroiagudu jiwu ia bapera atugorogu okwamodukare mito tu je.		
BOR-CORBO-BM-LUK-016-018	LUCAS	LUK	16	18	"Cewu ure tugera ra toreduje pijiwuge eiamedu boe tuwo tugeragu ia areduji pugeje, ero pega nure; cewu ure tumugudo aredu barigudodureudo apowu, ro pega nure jamedu.
Oroe kurireu imedu mare Lázaro marenaru."		
BOR-CORBO-BM-LUK-016-019	LUCAS	LUK	16	19	Jesus akore pugeje: - Ia imedu oroe kuricigoreu, ukudae kurukurureu, kujagureu, kigadureu, okwagere tuge pemegareuji meri jameduji, ocaro amogodure inodu tabo.		
BOR-CORBO-BM-LUK-016-020	LUCAS	LUK	16	20	Ia okwamagudu kigodureu ia marenaru ure jamedu, du padure nowu oroe kuricigoreu uwai poro okwai, moci kuricigore joki.		
BOR-CORBO-BM-LUK-016-021	LUCAS	LUK	16	21	Du akemore tuwo nowu oroe kurireu uke gigudurogu butui moto kaedu kowuje tuge boi koia. Arigaodoge enogwabidure nowu epaeji jamedu.		
BOR-CORBO-BM-LUK-016-022	LUCAS	LUK	16	22	Boekarema, nowu marenaru bire, cedodure tupadoge eigoia toro Abraão ae. Nowu oroe kurireu bire jamedu, icare tugududodure joruto.		
BOR-CORBO-BM-LUK-016-023	LUCAS	LUK	16	23	Tumedui tujebae pegareu kurireu tada, joru tada, du tabo, aiwore baruto ma, jordure Lázaro mugui Abraão apo duji.		
BOR-CORBO-BM-LUK-016-024	LUCAS	LUK	16	24	Du koiare oiogwarire, akore: Ioga Abraão, akogududo itabo, Lazarodo tugerako otorogu to co poboto, uwo ia butudo mato ikeru keje, uwo ikeru akodudo, mare paga karega, awu icebae roreru kuricigore ii awu joru tada.		
BOR-CORBO-BM-LUK-016-025	LUCAS	LUK	16	25	Mare Abraão akore: Itonaregedu, awiajetu moto kejewu boe pemegareu jamedu boe makudui akai duji; mare Lázaro rema, boe pegareu makudure ai. Du koia jekarere, aidure woe, akirema amedure acebae pegareu tada.		
BOR-CORBO-BM-LUK-016-026	LUCAS	LUK	16	26	Jamedu boe oiako raicigoreu kodure pagoiagi, du kodire ia woewuge etaidumode tuwo pagado toro tagae ma, eroiwamodukare; torowuge eroiwamodukare tuwo pagado mato jamedu.		
BOR-CORBO-BM-LUK-016-027	LUCAS	LUK	16	27	Nowu oroe kurireu akore: Kodi icare, ioga, inogwamaguduwo ai, awo Lázaro utudo ioga uwai kae, mare paga karega, iwiemagere ikera awubodure.		
BOR-CORBO-BM-LUK-016-028	LUCAS	LUK	16	28	Makowo ei ma, egurukawo iaogwai awu boe pegareu jeta kae.		
BOR-CORBO-BM-LUK-016-029	LUCAS	LUK	16	29	Abração akore: Moisés, profetadoge, ewadaru padui bapera kejedu padure toro ebo, ewiapagamode ji.		
BOR-CORBO-BM-LUK-016-030	LUCAS	LUK	16	30	Nowu oroe kurireu akore pugeje: Boro, ioga Abraão, mare ia bireuge etumode etae tuwo ewie ma, emode tubemegado.		
BOR-CORBO-BM-LUK-016-031	LUCAS	LUK	16	31	Abração akore ji: Ewiapagamodukare Moisés, profetadoge, ewadaruji ma, jamedu ia bireu jewodumode, mare emeartorumodukare rugadu.		
BOR-CORBO-BM-LUK-017-HEAD-001	LUCAS	LUK	17		Boe ero pegareu okwadodu.		Cabeçalho/subtítulo editorial da fonte.
BOR-CORBO-BM-LUK-017-001	LUCAS	LUK	17	1	Jesus akore nowu ture jorduwadowugei jamedu: - Iaboe ekigodure boe erego turo pegareuto rugadu, mare cewu ro rore oinowuge, boe korimode ei.		
BOR-CORBO-BM-LUK-017-002	LUCAS	LUK	17	2	Ure turugadu boewo ia tori motudu kurireu kogudo nowuge eidoru kajeje, ewariguduwo toro pobo maereuto, mare tuwo awu ia pitori rogu reko boe pegareuto dure ema karega.		
BOR-CORBO-BM-LUK-017-003	LUCAS	LUK	17	3	Tagi, taeto tai: awie ro pegamode ma, amagodo ji. Umode tuiedorodo ma, awudugugo ji.		
BOR-CORBO-BM-LUK-017-004	LUCAS	LUK	17	4	"Ro pegamode ai ikera awubodure pobe taci ikera awubowuto, meri jameduji, du aregodumode akae ikera awubodure pobe taci ikera awubowuto meri jameduji jamedu, tagoi oino du tabo: Ire iro pegareu pijido oino ma, awudugugodumode ji.
Boe emeartorae."		
BOR-CORBO-BM-LUK-017-005	LUCAS	LUK	17	5	Apostolodoge emagore pagimejeraji: - Cegimejera cemeartoru ko tao kae.		
BOR-CORBO-BM-LUK-017-006	LUCAS	LUK	17	6	"Pagimejra akore: - Tameartoru umode nono ia mostarda a rogu biega tu je du reore ma, tamagomode awu oko iji: Atawuje toro pobo maereuto. Ema meartorumode tawadaruji rugadu.
Ia boe etugare romodedu."		
BOR-CORBO-BM-LUK-017-007	LUCAS	LUK	17	7	Jesus akore awu bakaruji ei jamedu: - Ia imedu utugarere ia, du ure jetudo to boepaji tagu tapiradogei jamedu. Meri rekodu tabo, nowu utugare ui tugirimi tapiradoge epiji du keje, ukimejera makokare kuri ji: Mato, awo amugudo ira keje.		
BOR-CORBO-BM-LUK-017-008	LUCAS	LUK	17	8	Mare paci oino, akomode ji: Ike mugudo ira keje inai, inogwagewo, ikuduwo jao; du kejere akogwagemode, akudumode. Oino ji.		
BOR-CORBO-BM-LUK-017-009	LUCAS	LUK	17	9	Cewu utugare pagamodukare iaboe iaboe bogai pugeje nowu inodu morice.		
BOR-CORBO-BM-LUK-017-010	LUCAS	LUK	17	10	"Awu inodu reorere tamode jamedu: tai taroiagudu jamedu boe akedudo du keje, tagagomode: Cerore nono boe etugarege ereore. Ceroro nono ceroiagudu reore tu je. 
Jesus ui ia moci bare jiwuge ei ikera pudogiduredu pemegago."		
BOR-CORBO-BM-LUK-017-011	LUCAS	LUK	17	11	Tumeru kimoi Jerusalém kae du tabo, Jesus kodure Samaria, Galiléia enogwa joi pugajejedu oiagi.		
BOR-CORBO-BM-LUK-017-012	LUCAS	LUK	17	12	Tuioi ia baboturoguto du keje, ia moci bare jiwuge ei ikera pudogiduredu etaregodure togi, ere tuwuredo du jaedo ji, enoiogwarire mato, tagoi oino du tabo: -		
BOR-CORBO-BM-LUK-017-013	LUCAS	LUK	17	13	Cegimejera Jesus, akogududo cedabo.		
BOR-CORBO-BM-LUK-017-014	LUCAS	LUK	17	14	Jesus jordure ei, akore ei: - Toro! Tawo sacerdote jordudo tai. Ekodui toro du tonaji, epemegagodure.		
BOR-CORBO-BM-LUK-017-015	LUCAS	LUK	17	15	Icare ia mito tu jedu, tuiordui tubemegagodu jitu keje, ure tugirimi, tui tumago rakado, tuiegarei Pao jitu tabo.		
BOR-CORBO-BM-LUK-017-016	LUCAS	LUK	17	16	Ure tubujodo Jesus bure paru tui tuie bu moto keje du tabo, tuiegarei jitu tabo. Boekarema, ia Samaria pijiwu imedu rabodu.		
BOR-CORBO-BM-LUK-017-017	LUCAS	LUK	17	17	Jesus akore ji: - Pemegagodureuge ekare ikera pudogidure? Kaiba nowu amedage ei ikera pudogidure awogai mitotu epijidu ekodure?		
BOR-CORBO-BM-LUK-017-018	LUCAS	LUK	17	18	Awu ia moto tuginoiwu pijiwu ure tugirimi mito tu je, tuwo Pao akaru kurido?		
BOR-CORBO-BM-LUK-017-019	LUCAS	LUK	17	19	"Du kodi icare Jesus akore ji: - Aragojedo! Toro! Ameartoraere akinorudo.
Pao o boe pemegareu aregodu."		
BOR-CORBO-BM-LUK-017-020	LUCAS	LUK	17	20	Fariseudoge enoragodure Jesusji: - Inoba boemode du kejeba Pao o boe pemegareu aregodumode?  Jesus akore ei: - Pao o boe pemegareu aregodumodukare nono ia boe eerdure jiboe reore.		
BOR-CORBO-BM-LUK-017-021	LUCAS	LUK	17	21	Boe egomodukare: Emareo, emarice, inodu umodukare, mare paga karega, Pao o boe pemegareu mugure tadoda marigudu.		
BOR-CORBO-BM-LUK-017-022	LUCAS	LUK	17	22	Ia boi pugeje, ure inodu kogado nowu ture jorduwadowuge ewiegai: - Boe aregodumode tagaidumode taerduwo Imedu Onaregedu o meriji, mare taerdumodukare ji.		
BOR-CORBO-BM-LUK-017-023	LUCAS	LUK	17	23	Du kejere boe egomode: Emareo, emarice. Tagaba taebu. Jamedu tadu kaba eregodaji.		
BOR-CORBO-BM-LUK-017-024	LUCAS	LUK	17	24	Mare paga karega, boe jeragudu ro magai boe jamedu boeto du reorere Imedu Onaregedu o merijiwu umode jamedu.		
BOR-CORBO-BM-LUK-017-025	LUCAS	LUK	17	25	Mare boetoji jiwo kuricigomode, barigududodumode pudui awu boe eigoia.		
BOR-CORBO-BM-LUK-017-026	LUCAS	LUK	17	26	Imedu Onaregedu aregodu umode nono Noé upagai pobo maereu bogai du reore.		
BOR-CORBO-BM-LUK-017-027	LUCAS	LUK	17	27	Boe enogwagere, ekudure, ere tuwiredo, ere tugogedo jii Noé ui turemo to ika kurireuto du kae. Du kejere butao maereu aregodure du pore eeda kedodo.		
BOR-CORBO-BM-LUK-017-028	LUCAS	LUK	17	28	Lot kodiwu kejedu kodiboe reore jamedu: Ime eegarere pudui, ere akirodo boeji, ere akirodo boe tabo, ere boe a tugu, ere baidoge emugudo jamedu.		
BOR-CORBO-BM-LUK-017-029	LUCAS	LUK	17	29	Lot utui Sodoma piji jiwu meriji, joru mare enxofre buture baru piji, ure boe eiamedu boe eeda kedodo.		
BOR-CORBO-BM-LUK-017-030	LUCAS	LUK	17	30	Du reorere Imedu Onaregedu umode towadudo jiwu meri umode.		
BOR-CORBO-BM-LUK-017-031	LUCAS	LUK	17	31	Nowu meri keje, ia boe eedumode tuwai boareu aogeje, enoroe pemegareu jetumode ewai tada ma, emodukare turemo tuwaito tuwo tugeragu ji; rakojere to boepa tadawuge emodukare tugirimi tuwai kae jamedu.		
BOR-CORBO-BM-LUK-017-032	LUCAS	LUK	17	32	Tawiabutudo boere Lot oreduje jitu kae.		
BOR-CORBO-BM-LUK-017-033	LUCAS	LUK	17	33	Meardaere tu puduiwuge ewogwamode, mare biagodure tubijiwugerema, Pao umode edo cinorudo.		
BOR-CORBO-BM-LUK-017-034	LUCAS	LUK	17	34	Inagomode tai: Nowu boe kodiwu boecoji, iage emode pobe tuba keje: ia tawujedumode, ia pijidodumode.		
BOR-CORBO-BM-LUK-017-035	LUCAS	LUK	17	35	Areme emode pobe tugaiborigodu tabo: iarodo tawujedumode, iarodo pijidodumode.		
BOR-CORBO-BM-LUK-017-036	LUCAS	LUK	17	36	Ime emode pobe boepa tada: ia tawujedumode, ia pijidodumode.		
BOR-CORBO-BM-LUK-017-037	LUCAS	LUK	17	37	Nowu ure jorduwadowuge enoragodure ji: - Cegimejera, kaiba nowu inodu umode tudowuje?  Akore ei: - Ia bireu padumodewo keje, pobureuge emode tudo pui ae.		
BOR-CORBO-BM-LUK-018-HEAD-001	LUCAS	LUK	18		Boe enogwamagudae.		Cabeçalho/subtítulo editorial da fonte.
BOR-CORBO-BM-LUK-018-001	LUCAS	LUK	18	1	Jesus ure ia bakarudo oino, tuwo ture jorduwadowuge eerduwado enogwamaguduwo tu tu tubaru tabo, ekawo nowu inodu pijido.		
BOR-CORBO-BM-LUK-018-002	LUCAS	LUK	18	2	Ia bakurireu tada ia brae eimejera rakojere, du pagudukare Paoce, meartorukare iaboeji iaboeji jamedu.		
BOR-CORBO-BM-LUK-018-003	LUCAS	LUK	18	3	Nowu bakurireu mitodu tada, ia aredu oredu bokware pijiwudo rakojere jamedu, duwudo aregodu kigodure kuri kuri ae tagowo oino jitu bogai: Aeto ii onare iiwu piji.		
BOR-CORBO-BM-LUK-018-004	LUCAS	LUK	18	4	Mare boe raire aidukai tuwiapagawo akoi pudui duji; du inodu oto keje ure tumeardae tugu nowu inoduto, akore: Ipagudukare Aroe Eimejerace, imeartorukare imei.		
BOR-CORBO-BM-LUK-018-005	LUCAS	LUK	18	5	Mare awu aredu re maere itae, du koia iwiapagamode ji; umodukare ino ma, umodukare togwa ra turoi itae du piji.		
BOR-CORBO-BM-LUK-018-006	LUCAS	LUK	18	6	Pagimejera akore jamedu: - Tameardure awu brae eimejera akoi oino duji?		
BOR-CORBO-BM-LUK-018-007	LUCAS	LUK	18	7	Aró, kode, Pao biapagamodukare toge enogwamagudu maei puduiwugei? Umodukana tugerabraredo ei kuri je?		
BOR-CORBO-BM-LUK-018-008	LUCAS	LUK	18	8	"Inagomode oino tai: Pao umode tugerabraredo ei kuri je rugadu. Mare Imedu Onaregedu aregodumode du keje, jordumodukana boe emeartoraeji awu moto keje? 
Fariseu mare publicano."		
BOR-CORBO-BM-LUK-018-009	LUCAS	LUK	18	9	Jesus makore ia bakaruji pugeje. Awu tagoino du tabo makomode cewu ure tojarodo pudui tubemegaiedu jiwuge, ei turodo tuwo ia boe ewarigodudo pudui du bogai,		
BOR-CORBO-BM-LUK-018-010	LUCAS	LUK	18	10	Akore: - Ia ime ei pobedu erudure Pao uwai kae tumagowo baruto. Fariseure ia, publicanore ia.		
BOR-CORBO-BM-LUK-018-011	LUCAS	LUK	18	11	Fariseu makore Paoji turagoje tabo, akore oino tudada: Inure tukutaido ai, Ioga, mare paga karega, ikare nono ia ime ereore kodi, duwugere iwogu kigodureuge, jetorokare pudumiwuge, jerebari kigodureugere; jamedu ikare nono jewu mugure oinowu publicano reore jamedu.		
BOR-CORBO-BM-LUK-018-012	LUCAS	LUK	18	12	Itodorogare pobe semanaji; ire inoroe jamedu boe mori bu tuwugeje ikera pudogidu reore tu tu je.		
BOR-CORBO-BM-LUK-018-013	LUCAS	LUK	18	13	Publicanorema, rakoje jaere woje du, kidakare tuwo tuie awogado baruto, mare ure tugera to tumoji, akore: Ikimejera Aroe Eimejera, akogududo itabo, mare paga karega, ro pegareu nure imi?		
BOR-CORBO-BM-LUK-018-014	LUCAS	LUK	18	14	"Inagomode tai: Awu imedu ure tugirimi tuwai kae tubemegare du tabo, mare cewu metuia karega. Mare paga karega, cewu ure tuguridowuge eiamedu boe, ewiega toridodumode. Mare cewu ure tuwiegado tu jewuge ekuridodumode.
Jesus mare boe etore kugure."		
BOR-CORBO-BM-LUK-018-015	LUCAS	LUK	18	15	Du kejere icare iaboe etaregodure mato Jesus ae boe etore kugure ebo, iera jetuwo ei du bogai. Mare ure jorduwadowuge, tuiordui nowu inodu jitu keje, ekorigodure ei.		
BOR-CORBO-BM-LUK-018-016	LUCAS	LUK	18	16	Mare Jesus makore etae, akore: - Boe etore kugure etudo itae rugadu, tagaba etu bokwado itae. Mare paga karega, aidure Pao orewo pudumiwuge, emode tudo nono awu boe etore kugure ereore.		
BOR-CORBO-BM-LUK-018-017	LUCAS	LUK	18	17	"Boe jokodu jire imode awu inodu awadudo tawiegai: meartorukare nono boe etore kugure emeartoru reoreuge, emodukare turemo Pao o boe pemegareuto.
Imedu oroe kurireu."		
BOR-CORBO-BM-LUK-018-018	LUCAS	LUK	18	18	Du kodi icare ia imedu, kodure tumedage ekoriwu ia judeu, makore Jesusji, akore: - Cegimejera pemegareu, inoba iromode iragojewo jii Pao o boe pemegareu tada du bogai?		
BOR-CORBO-BM-LUK-018-019	LUCAS	LUK	18	19	Jesus akore ji: - Kodiba akagore ipemegaie? Iaboe iaboe epemegakare mare tu Aroe Eimejera rugadu.		
BOR-CORBO-BM-LUK-018-020	LUCAS	LUK	18	20	Aerduware boe eroiaguduji: - Aerebarimodukare, amodukare boe ewido, akiwogumodukare, amodukare boe ewadaraodo, ameardu kurimode aoji, aceji.		
BOR-CORBO-BM-LUK-018-021	LUCAS	LUK	18	21	Nowu imedu akore: - Nowu inodu jamedu boe irore ino ikodui mai du tabo jii oino.		
BOR-CORBO-BM-LUK-018-022	LUCAS	LUK	18	22	Nowu bataru keje, Jesus akore ji: - Iaboe okwa kimore mito tu je akai kimo: akirodo akoroe jamedu boe tabo, maku marenarue etai, nowu inodu keje akoroe pemegareu mugumode baru tada. Du keje, mato itabo.		
BOR-CORBO-BM-LUK-018-023	LUCAS	LUK	18	23	Tumeardui nowu inodu jitu keje, nowu imedu kiarigodu kuricigore, mare paga karega, oroe kuricigore du kodi.		
BOR-CORBO-BM-LUK-018-024	LUCAS	LUK	18	24	Tuiordui kiarigodu jitu keje, Jesus akore: - Oinoia oroe kurireuge bia remawure etai ewo turemo Pao o boe pemegareuto.		
BOR-CORBO-BM-LUK-018-025	LUCAS	LUK	18	25	Camelo uwo turemo meriricira pororoguto du biare; mare bia remawure ia oroe kuricigoreu uwo turemo Pao o boe pemegareuto du rema.		
BOR-CORBO-BM-LUK-018-026	LUCAS	LUK	18	26	Nowu biapagareuge enoragodure ji: - Kode, ioguduba umode cinorudo?		
BOR-CORBO-BM-LUK-018-027	LUCAS	LUK	18	27	Jesus akore ei: - Ime eroiwakare jiboe, Pao roiware ji.		
BOR-CORBO-BM-LUK-018-028	LUCAS	LUK	18	28	Kodi icare Pedro akore: - Akaiwodo, cere boe jamedu boe pijido cegoduwo akabo.		
BOR-CORBO-BM-LUK-018-029	LUCAS	LUK	18	29	"Jesus akore: - Inagomode tai: Cewu ure tuwai, toreduje, tuwiemage, tumanamage, tuomage, tore, epijido, tumeardu kuri koia Pao jiwuge eiamedu boe, 30makudu kurimode etai woe awu moto keje, du keje, baru tada, boe pemegareu akedu bokwareu makudumode e0tai jamedu.
Jesus makore tuwimode, tuiewodumode pugeje duji."		
BOR-CORBO-BM-LUK-018-031	LUCAS	LUK	18	31	Du inodu otobiji, Jesus ure tugeragu ure ikera pudogidure pobe taci ikera awubowutowuge, akore ei: - Icare parudumode Jerusalém bakurireuto du kejere profetadoge ere bapera atugodo Imedu Onaregedu jiboe jamedu boe umode tudowuje rugadu.		
BOR-CORBO-BM-LUK-018-032	LUCAS	LUK	18	32	Makudumode pegareuge etai, erorerumode ji, egorerumode ji, emode barigududo pudui.		
BOR-CORBO-BM-LUK-018-033	LUCAS	LUK	18	33	Emode iwara to ji, emode bito. Mare merimode pobe ma wu metuia bokware du keje jewodumode.		
BOR-CORBO-BM-LUK-018-034	LUCAS	LUK	18	34	"Mare ure jorduwadowuge ekare awu inodu jamedu boe pawuje. Nowu bataru ure nono boe emodukare pawujeboe reore eegai, du nowu bataru kodiboe eroiwakare tuwo pawuje rugadu.
Jericó kejewu joku bokwaru."		
BOR-CORBO-BM-LUK-018-035	LUCAS	LUK	18	35	Jesus ure tuburedo ia bakurireu iei Jericó cedu kae. Ia joku boekwareu mugure awara okwai togwamagudu tabodu, 36tumeardui boe makareuge ekudururu kodui nono du keje, unoragodure inoba raboduie boere.		
BOR-CORBO-BM-LUK-018-037	LUCAS	LUK	18	37	Egore ji: - Jesus, Nazaré pijiwu, kodure oino.		
BOR-CORBO-BM-LUK-018-038	LUCAS	LUK	18	38	Du kodi icare nowu joku bokwareu oiogwarire, akore: - Jesus, Davi Onaregedu, akogududo itabo.		
BOR-CORBO-BM-LUK-018-039	LUCAS	LUK	18	39	Kodure otodaiwuge ere tumago okorido ji, egore mako kaiagu. Mare oiogwarire nowu egoi puduidu ao kae: - Davi Onaregedu, akogududo itabo!		
BOR-CORBO-BM-LUK-018-040	LUCAS	LUK	18	40	Jesus ure tuwuredo ca je, akore eiagu cedo mato pudae. Aregodui pudae du keje, Jesus unoragodure ji,		
BOR-CORBO-BM-LUK-018-041	LUCAS	LUK	18	41	Akore: - Inoba akaidure irowo ai?  Akore: - Ikimejera, iokuwo tuiado.		
BOR-CORBO-BM-LUK-018-042	LUCAS	LUK	18	42	Jesus akore ji: - Aerdudo. Apemegagodure ameartoru kodi.		
BOR-CORBO-BM-LUK-018-043	LUCAS	LUK	18	43	Nowu inodu tonaji kuri je, nowu imedu jordure. Kodi icare kodure Jesus apo, tuiegarei Pao jitu tabo. Tuiordui nowu inodu jitu keje, boe eiamedu boe ewadaru jerebarire Pao apo.		
BOR-CORBO-BM-LUK-019-HEAD-001	LUCAS	LUK	19		Jesus utui Zaqueu uwai kaedu.		Cabeçalho/subtítulo editorial da fonte.
BOR-CORBO-BM-LUK-019-001	LUCAS	LUK	19	1	Jesus ure turemo Jericó bakurireuto. Padui nowu bakurireu kajeje du keje, 2ia imedu oroe kuricigoreu iei Zaqueu cedu, mugure nono; boere tumuga toroe mori maku makai boe eimejera nure ema.		
BOR-CORBO-BM-LUK-019-003	LUCAS	LUK	19	3	Aidure tuiorduwo ioguduba Jesus rema. Mare roiwakare, boe enowarokare kodi, mare paga karega, rico koborigodure kodi.		
BOR-CORBO-BM-LUK-019-004	LUCAS	LUK	19	4	Du kodi icare rekodure boe makareuge etododai, ruture ia ito tuiorduwo ji nono, kodui nono du keje.		
BOR-CORBO-BM-LUK-019-005	LUCAS	LUK	19	5	Jesus taregodui nono du keje, ure tuie awogado ma, jordure ji, akore ji: - Zaqueu, arawuje, amara tabo, awuji ure turugadu imuguwo awai keje.		
BOR-CORBO-BM-LUK-019-006	LUCAS	LUK	19	6	Zaqueu ure turawuje tui tumara tabo du tabo, icare ure tugeragu Jesusji tuwaito tuiegare tabo.		
BOR-CORBO-BM-LUK-019-007	LUCAS	LUK	19	7	Jordure nowu inodu jiwuge eiamedu boe ewadaru pegare, egore: - Awu imedu ure tagurudo ro pegareuge ewai keje.		
BOR-CORBO-BM-LUK-019-008	LUCAS	LUK	19	8	Nowu inodu boe oiado, Zaqueu ure turagojedo Pagimejera jokorai, akore: - Ikimejera, awu inodu otobiji, imode ikera bu taci inoroe pemegareu oiado marenarue etai. Jamedu, ire iaboe enoroe roto u je du keje, imode makudu kurido pobe puibiji etai pugeje.		
BOR-CORBO-BM-LUK-019-009	LUCAS	LUK	19	9	"Jesus akore ji: 
Awuji Pao ure awu bai tadawuge ero pegareu okwado, mare paga karega, emeartorure jamedu kodi."		
BOR-CORBO-BM-LUK-019-010	LUCAS	LUK	19	10	Awurema karega, Imedu Onaregedu aregodure tuiemaruwo okware boetowuge ewogai, tuwo einorudo.		
BOR-CORBO-BM-LUK-019-011	LUCAS	LUK	19	11	Tuiedu puredui Jerusalém kaedu keje, biapagare akoinodu jiwuge emeardaere Pao o boe pemegareu umoduie towadudo kuri je duji. Du kodi icare Jesus ure awu bakaru oto tawuje pugeje: -		
BOR-CORBO-BM-LUK-019-012	LUCAS	LUK	19	12	Ia boe kurire emawu ia imedu uture boe eeda moto jaereu kae boe eimejera kurireuwo pudumi du bogai, du kejere tuwo tugirimi pugeje.		
BOR-CORBO-BM-LUK-019-013	LUCAS	LUK	19	13	Makore ia tudugarege ei pobe ma jewu metuia bokware, ure diierodo ikera pudogidure etai, tagoi oino ei du tabo: Akirodo boe tabo jii ii ikirimi du kae.		
BOR-CORBO-BM-LUK-019-014	LUCAS	LUK	19	14	Nowu ia boe eeda kejewu ime ekodu kagirire ji. Ere ia ime etudo pudae egowo:  Cedaidukare cegimejerawo ema.		
BOR-CORBO-BM-LUK-019-015	LUCAS	LUK	19	15	Nowu boe eimejerai pudumi du keje, ure tugirimi, makore cewu ture diiero makaiwu tudugarege ewogai, tuiorduwo inoba ere itodudo nowu inodu otobiji du bogai.		
BOR-CORBO-BM-LUK-019-016	LUCAS	LUK	19	16	Boetojiwu aregodure, akore: Ikimejera, ako diiero itodure ikera pudogidure pugeje.		
BOR-CORBO-BM-LUK-019-017	LUCAS	LUK	19	17	Akore ji: Pemega remawu nure, itugare pemegareu, aedorogodure boe biegareu du koiare, boe eimejeramode akidu makudumode akai, aetuwo bakurireuge ei ikera pudogidu reore duji.		
BOR-CORBO-BM-LUK-019-018	LUCAS	LUK	19	18	Rekodajiwu aregodure, akore. Ikimejera, ako diiero itodure ikera awubodure tu todobiji.		
BOR-CORBO-BM-LUK-019-019	LUCAS	LUK	19	19	Akore awuji: Aki jamedu, aetumode bakurireuge ei ikera awubodure duji.		
BOR-CORBO-BM-LUK-019-020	LUCAS	LUK	19	20	Ia aregodure pugeje, akore: Ikimejera, ako diiero meture woe, ire jetu otorogado aroia rogu tada.		
BOR-CORBO-BM-LUK-019-021	LUCAS	LUK	19	21	Mare paga karega, ipagudure ace, boe kori barikare ai kodi, are akeragu akare bu nono boeji, are akeragu akare tugu boeji.		
BOR-CORBO-BM-LUK-019-022	LUCAS	LUK	19	22	Akore bataru jipagi: Itugare pegareu, awadaru koia irorerumode ai; aerduware boe kori barikai ii duji, iie ikeragu ikare bu nono boe jituji, iie ikeragu ikare tugu boe jituji.		
BOR-CORBO-BM-LUK-019-023	LUCAS	LUK	19	23	Kode, kodiba akare ino diiero jetu diiero jeta keje? Ii ikirimi du tabo makududodumode inai cidodu tabo.		
BOR-CORBO-BM-LUK-019-024	LUCAS	LUK	19	24	Du keje makore nowu jeture nonowugei, akore: O diiero aru piji, maku ore ikera pudogidureu ai.		
BOR-CORBO-BM-LUK-019-025	LUCAS	LUK	19	25	Egore ji: Cegimejera, awu ore ikera pudogidure marigudu, kodiba makudumode ai pugeje?		
BOR-CORBO-BM-LUK-019-026	LUCAS	LUK	19	26	Cewu eimejera akore: Cewu orewuge eiamedu boe, ia makudumode etai pugeje, cewu ure tu eboboe rogu jamedu boe arudumode epiji jamedu.		
BOR-CORBO-BM-LUK-019-027	LUCAS	LUK	19	27	"Akore jamedu: Cewu kodu kagirire iiwuge eiamedu boe, aidukare boe eimejerawo imiwuge, erego mato, boe peagirido ekujiagi iegai.
Jesus ui turemo Jerusalém todu."		
BOR-CORBO-BM-LUK-019-028	LUCAS	LUK	19	28	Nowu tuwadaru rekodaji, Jesus uture etododai Jerusalém kaewu awaraji.		
BOR-CORBO-BM-LUK-019-029	LUCAS	LUK	19	29	Tuburedugodui Betfajé Betânia kae du keje, puredu tu torekodu iei Oliveira tadawu torekudu cedu jitu keje, Jesus ure ia ture jorduwadowuge ei pobe tu je du erojai, akore ei: -		
BOR-CORBO-BM-LUK-019-030	LUCAS	LUK	19	30	Tadudo jewu bakurireu rogu padui tadogidu kae. Tai taremo to du keje, aerdumode ia jumento rogu okwa iku kogui nono duji, du iaboe iaboe ekare tumugudo keje roga; okwa iku kiwuje, reko mato itae.		
BOR-CORBO-BM-LUK-019-031	LUCAS	LUK	19	31	Iaboe egomode kodiba rakuduie tare okwa iku kiwuje ma, tagagomode oino ei: Cegimejera aidure ji kodi.		
BOR-CORBO-BM-LUK-019-032	LUCAS	LUK	19	32	Cewu ure jorduwadowuge ei pobe tu jedu eture toro rugadu, eerdure Jesus akore tuiordumoduie jiboe jameduji rugadu.		
BOR-CORBO-BM-LUK-019-033	LUCAS	LUK	19	33	Ei tugeragu nowu jumento rogu jitu keje, aku remawuge enoragodure ei: - Kodiba taroino?		
BOR-CORBO-BM-LUK-019-034	LUCAS	LUK	19	34	Egore: - Cegimejera aidure ji kodi.		
BOR-CORBO-BM-LUK-019-035	LUCAS	LUK	19	35	Ere nowu jumento rugu arego mato Jesus ae tu je. Du aogejere ere tugudae aroia bu, ere Jesusdo tumugudo keje.		
BOR-CORBO-BM-LUK-019-036	LUCAS	LUK	19	36	Boe ere aroia baado Jesus kodumodewo awaraji otodai.		
BOR-CORBO-BM-LUK-019-037	LUCAS	LUK	19	37	Icai tuburedugodui torekodu iei Oliveira cedu, mugu puredui tu bakurireu jitu keje, nowu ure jorduwadowuge makareuge ekodure apo, ere iogwarido Paoji tuiegare kuricigoreu tabo, tuiordui boe pemegareu kurireu jitu koia.		
BOR-CORBO-BM-LUK-019-038	LUCAS	LUK	19	38	Egore: - Akaru pemegado Boe Eimejera aregodui Pao ie tabo; boe eegaredo baru tada, boe ewadaru ocarodo Paoji.		
BOR-CORBO-BM-LUK-019-039	LUCAS	LUK	19	39	Nowu inodu tonaji kuri je ia fariseudoge enoragodure Jesusji nowu boe makareuge etoiado, egore: - Cegimejera, amago korido are jorduwadowugei emago kawo.		
BOR-CORBO-BM-LUK-019-040	LUCAS	LUK	19	40	"Jesus akore: - Inagomode tai: Awuge emagomodukare ma, toridogere enoiogwarimode.
Jesus oragudure Jerusalém joki."		
BOR-CORBO-BM-LUK-019-041	LUCAS	LUK	19	41	Jesus, tui tuburedo Jerusalemji pugeje du keje, aiwore tu... okudure apo toragudu tabo du tabo, akore: -		
BOR-CORBO-BM-LUK-019-042	LUCAS	LUK	19	42	Jerusalém, Jerusalém, itaidure aerduwawo umode akinorudodu boeji. Macare aerdumodukare ji.		
BOR-CORBO-BM-LUK-019-043	LUCAS	LUK	19	43	Ia kodiboe keje, onare aiwuge emode bakuredo ai, emode taiado akabo, tui tubodo akabo jice woje jice woje du tabo.		
BOR-CORBO-BM-LUK-019-044	LUCAS	LUK	19	44	"Emode apegado, emode akore eedui atadadu rugadu eeda kedodo, emodukare ia tori mugudo puaogeje du umodukare. Mare paga karega, akare boe pa Pao aregodui tuwo akinorudo du bogai duji.
Jesus rakojei Pao uwai tadadu."		
BOR-CORBO-BM-LUK-019-045	LUCAS	LUK	19	45	Du keje icare Jesus ure turemo Pao uwaito, ure boe kado ure boe akirodo toroe tabowugei.		
BOR-CORBO-BM-LUK-019-046	LUCAS	LUK	19	46	Akore: - Bapera atugododure oino: Iwaire boe emagowo iidu epare iwai rema. Mare tare udo nono arodureuge, okwarigudureuge eiaore.		
BOR-CORBO-BM-LUK-019-047	LUCAS	LUK	19	47	Meri jameduji Jesus ure boe eerduwado Pao uwai tada. Mare sacerdotedoge eimejerage, escribadoge, boe eiemejerage eemarure tuwo bito.		
BOR-CORBO-BM-LUK-019-048	LUCAS	LUK	19	48	Mare eroiwakare inoba turowo ji, mare paga karega, boe eiamedu boe erore ta... tumeardui mako jitu keje kodi.		
BOR-CORBO-BM-LUK-020-HEAD-001	LUCAS	LUK	20		Jesus ro raka.		Cabeçalho/subtítulo editorial da fonte.
BOR-CORBO-BM-LUK-020-001	LUCAS	LUK	20	1	Nuwuia meriji, Jesus ure boe eerduwado Pao uwai tada, ure boe ewie bakaru maiwu pemegareuji. Du kejere sacerdotedoge eimejerage, escribadoge, boe codudoge etaregodure.		
BOR-CORBO-BM-LUK-020-002	LUCAS	LUK	20	2	Egore ji: - Amagodo cei kakoduwu ia ro rakareu koiaba ure arodo ino? Ioguduba ure aro rakareu makakai?		
BOR-CORBO-BM-LUK-020-003	LUCAS	LUK	20	3	Jesus akore ei: - Inoramode tai iaboeji jamedu.		
BOR-CORBO-BM-LUK-020-004	LUCAS	LUK	20	4	Tamagodo ii: João Batista o boe etao pegododu, Pao pijiboe na? iarema ime enoe na?		
BOR-CORBO-BM-LUK-020-005	LUCAS	LUK	20	5	Emagore jice woje pui: - Inoba pamagomode ji? Pagagomode Pao pijie ma, akomode: Kode, kodiba tameartorukare ji?		
BOR-CORBO-BM-LUK-020-006	LUCAS	LUK	20	6	Mare pamagomode ime enoeie ma, boe eiamedu boe emode tori to pai; mare paga karega, emeartorure profetaie ure Joãoce rugadu.		
BOR-CORBO-BM-LUK-020-007	LUCAS	LUK	20	7	Du kodi icare egore: - Ceerduwakare kakoduwuge epijiboeba.		
BOR-CORBO-BM-LUK-020-008	LUCAS	LUK	20	8	"Jesus akore ei: - Jamedu, imodukare inogiegi kakoduwu ro rakareu koiaba ure irodo ino.
Boepa epage pegareuge."		
BOR-CORBO-BM-LUK-020-009	LUCAS	LUK	20	9	Du kodi icare Jesus ure awu bakaru bu oino ei, akore: - Ia imedu ure boepa bu, ure ia ime eetudo ji, uture piji ia boe eeda jaegiriwu kae; boe raicigore ji toro.		
BOR-CORBO-BM-LUK-020-010	LUCAS	LUK	20	10	Boe aregodui pudae tuwo kado du keje, ure ia tudugare rojai toro ture jetudo boepa jiwuge ewogai, ewo ture tugeragu jiboe ia maku tuwogai. Mare jeture boepa jiwuge erugodure ji, ere okorido ji, ere udo tugirimi tugera kedo tabo.		
BOR-CORBO-BM-LUK-020-011	LUCAS	LUK	20	11	Icare ure ia tudugare utudo toro pugeje. Ere nowu okorido jamedu, erorerure ji, ere udo tugirimi tugera kedo tabo jamedu.		
BOR-CORBO-BM-LUK-020-012	LUCAS	LUK	20	12	Ure ia utudo toro pugeje: Ere nowu okorido jamedu, ere utudo.		
BOR-CORBO-BM-LUK-020-013	LUCAS	LUK	20	13	Kodi icare nowu ore boepa cewu akore: Inoba iromode? Imode imeardu kurire jiwu itnaregedu utudo toro; emodukare tugera amagadudo ji.		
BOR-CORBO-BM-LUK-020-014	LUCAS	LUK	20	14	Mare nowu boepa epage, tuiordui jitu keje, emagore pui: Awure jeonamode tuo oroe jamedu boeji. Kode, pawo bito, pagoroewo nowu oroece.		
BOR-CORBO-BM-LUK-020-015	LUCAS	LUK	20	15	Ere barigu boepa piji, ere bito. Kode, inoba awu ore boepa cewu romode ei?		
BOR-CORBO-BM-LUK-020-016	LUCAS	LUK	20	16	Aregodumode, umode jeture nowu boepa jiwuge ewido. Umode maku iage etai pugeje. Tumeardui awu bakaru jitu keje egore: - Pao koiare ukado ino!		
BOR-CORBO-BM-LUK-020-017	LUCAS	LUK	20	17	Mare Jesus, tui tuioku kidudo tu ei du tabo, akore ei: - Bapera atugo akore: Ure bai mugudowuge ere pijidowu torire icare ema remawu rema.		
BOR-CORBO-BM-LUK-020-018	LUCAS	LUK	20	18	"Buture nowu tori kejewu boe eiamedu boe, epeagiridodumode; nowu tori buture kejewuge, epeagiridodumode jamedu.
Boe enoragodui boe enoroe mori jiboeji."		
BOR-CORBO-BM-LUK-020-019	LUCAS	LUK	20	19	Nowu inodu keje kuri je, sacerdotedoge eimejerage, escribadoge, eemarure tuwo tugeragu ji, mare epagudure boece, ere boe pa pudui raboduie akoinoduji, akoi nowu bakaru jitu keje.		
BOR-CORBO-BM-LUK-020-020	LUCAS	LUK	20	20	Du kodi icare enoebatodure ji, tui tudo nono tubemegaiedu kodiwore, tuwo tugeragu Jesusji ia bataru boeji ma, tuwo maku brae eimejera ae.		
BOR-CORBO-BM-LUK-020-021	LUCAS	LUK	20	21	Nowu ime enoragodure ji: - Cegimejera, ceerduware amago jetoroie duji, aie ure boe eerduwa jetorogodudo duji, aie ure boe eerduwado Pao aewu awaraji, akai boe etawuje pubiji du tabo.		
BOR-CORBO-BM-LUK-020-022	LUCAS	LUK	20	22	Amagodo cei: cemodukana boe mori maku brae eimejera ai, iarema boro kana?		
BOR-CORBO-BM-LUK-020-023	LUCAS	LUK	20	23	Jesus, tui boe pa emeardae pegareu jitu keje, akore ei: -		
BOR-CORBO-BM-LUK-020-024	LUCAS	LUK	20	24	Iordudo ia diiero mito tu je duji ka. Ioguduba padure awu diiero meriri keje awu atugoreboe tabo?  Egore: -  César oroe reno.		
BOR-CORBO-BM-LUK-020-025	LUCAS	LUK	20	25	Kodi icare akore ei: - Kode, César oere emaboe maku César ai; Pao oere emaboe maku Pao ai jamedu.		
BOR-CORBO-BM-LUK-020-026	LUCAS	LUK	20	26	Nowu inodu tabo eroiwakare tuwo tugeragu Jesusji ia bataru boe keje, boe eegai. Mare erore ta... makore jiboe jitu koia. Eroiwakare tumagowo pugeje.		
BOR-CORBO-BM-LUK-020-027	LUCAS	LUK	20	27	Ia judeudoge emedage epadui pumekejedu eiei saduceudoge cedu, emeartorukare bireuge ewodumode duji, du ia emage ere tuburedo Jesusji, enoragodure ji: -		
BOR-CORBO-BM-LUK-020-028	LUCAS	LUK	20	28	Cegimejera, Moisés ure bapera atugodo cenai awu inoduji: Ia uwirereu imedu bimode toreduje piji, tukai toredo ai du tabo ma, uwie mugumode oreduje apo, duwuwo orere tumana bireu mugato.		
BOR-CORBO-BM-LUK-020-029	LUCAS	LUK	20	29	Aró, kode, umanamage ere ikera awubodure pobe taci ikera awubowuto, du boetojiwu mugure ia aredu apo, mare bire piji ore bokwa tabo.		
BOR-CORBO-BM-LUK-020-030	LUCAS	LUK	20	30	Rekodajiwu mugure apo pugeje, mare bire piji pugeje, tore bokwa tabo.		
BOR-CORBO-BM-LUK-020-031	LUCAS	LUK	20	31	Du keje icare pobe ma jewu metuia bokwaredu mugure apo pugeje. Du oinore icare ere puregodaji rugadu, duwuge ewire piji, tukai ia tonaregedu botudo ai du piji.		
BOR-CORBO-BM-LUK-020-032	LUCAS	LUK	20	32	Inodu otobiji, nowu aredu bire jamedu.		
BOR-CORBO-BM-LUK-020-033	LUCAS	LUK	20	33	Kode boe eewodu keje, kakoduwuba oreduje umode ema? Mare paga karega, ei ikera awubodure pobe taci ikera awubowutodu etoredujere ema.		
BOR-CORBO-BM-LUK-020-034	LUCAS	LUK	20	34	Jesus akore: - Awu moto kejewu ime ere tuwiredo, areme ere tugogedo.		
BOR-CORBO-BM-LUK-020-035	LUCAS	LUK	20	35	Mare cewu Paore jewodudowuge, umode tugeragu ei baru towuge duwugere etuwiremodukare, etugogemodukare toro.		
BOR-CORBO-BM-LUK-020-036	LUCAS	LUK	20	36	Mare paga karega, ere nono tupadoge ereore, du ewimodukare tu pugeje. Pao ore nure emage, Paore ewodudo kodi.		
BOR-CORBO-BM-LUK-020-037	LUCAS	LUK	20	37	Moisés ure bireuge eewodumodedu awadudo, makore botoguru mugui turugu tabo duji du keje, ure awu inodu bu bapera keje tagoi: Abraão o Aroe Eimejera, Isaac o Aroe Eimejera, Jacó o Aroe Eimejera.		
BOR-CORBO-BM-LUK-020-038	LUCAS	LUK	20	38	Awu inodu ure pado boe pa, jereuge enore Aroe Eimejera rema, biereuge eno Aroe Eimejera karega. Mare paga karega, eiamedu boe eere Pao Aroe Eimejera ai.		
BOR-CORBO-BM-LUK-020-039	LUCAS	LUK	20	39	Du kodire ia escribadoge egore: - Cegimejera, amago pemegare rugadu.		
BOR-CORBO-BM-LUK-020-040	LUCAS	LUK	20	40	"Kodi icare erigikare tunora kigoduwo ji pugeje.
Jesus unoragodui boeidu."		
BOR-CORBO-BM-LUK-020-041	LUCAS	LUK	20	41	Du kejere icare Jesus unoragodure ei: - Inoba ure du koiaba boe egomode Davi onaregeduie Cristo, cewu Pao umode rojaiwu?		
BOR-CORBO-BM-LUK-020-042	LUCAS	LUK	20	42	Mare paga karega, Davi mitodu, nowu Salomão o bapera keje akore: Cegimejera akore ikimejeraji: Amugudo ikana pemegareu jaogwai		
BOR-CORBO-BM-LUK-020-043	LUCAS	LUK	20	43	Jii ii onare aiwuge ewu awure kuda du kae		
BOR-CORBO-BM-LUK-020-044	LUCAS	LUK	20	44	"Davi akore tugimejeraie ema, kodiba onaregedu umode ema? 
Jesus mare escribadoge."		
BOR-CORBO-BM-LUK-020-045	LUCAS	LUK	20	45	Boe eiamedu boe emeardure Jesus akoinoduji. Du kejere akore ture jorduwadowugei: -		
BOR-CORBO-BM-LUK-020-046	LUCAS	LUK	20	46	Tameardu awadudo tai escribadogei. Duwuge etaidure tumeruwo tugudae raireu tabo, boe eerduwo pudui, etaidure boe ekimaduwo pudui ba oiagi, etaidure tumuguwo sinagoga tadawu boe emuga pemegareu keje, boe emuga boetojiwu keje boe enogwagerewo keje.		
BOR-CORBO-BM-LUK-020-047	LUCAS	LUK	20	47	Duwugere ukoge bire pijiwu areme enoroe akedudo, tui tumago raicigodo baruto tuiaki du tabo. Du kodi icare Pao umode eiwo pega kuricigodo ei.		
BOR-CORBO-BM-LUK-021-HEAD-001	LUCAS	LUK	21		Oroe kurireuge eno mea, marenarue eno mea.		Cabeçalho/subtítulo editorial da fonte.
BOR-CORBO-BM-LUK-021-001	LUCAS	LUK	21	1	Tui tuioku awagado du tabo, Jesus jordure oroe kurireu boe ei ia toroe jetu Pao uwai tadawu diiero ja tada duji.		
BOR-CORBO-BM-LUK-021-002	LUCAS	LUK	21	2	Jordure jamedu ia marenaru oredu bokwareu aredu ui diiero meriri biegareu ui pobe tu jedu rogu tugu to jamedu duji.		
BOR-CORBO-BM-LUK-021-003	LUCAS	LUK	21	3	Kodi icare akore: - Boe jokodu jire inagomode oino tai: Awu marenaru aredu ukoge bokwareudo ure bu torowu kodure nowu iage ekori.		
BOR-CORBO-BM-LUK-021-004	LUCAS	LUK	21	4	"Mare paga karega, eiamedu boe ere toroe gigudu bu toro Pao ai, mare awudorema ure turoiwamode tu tabo pudaiboe jamedu boe maku toro.
Jesus akore Pao uwai pegadodumode duji."		
BOR-CORBO-BM-LUK-021-005	LUCAS	LUK	21	5	Boe egoi aiwoiagu Pao uwai todui tori motureu tabo duji, ia boe enoroe motureu mori kurireu taboduji, du keje Jesus akore: -		
BOR-CORBO-BM-LUK-021-006	LUCAS	LUK	21	6	"Ia meri aregodumode du kejere awu tagaiwore oino jiboe ia ri mugumodukare puaogeje; jamedu boe butudodumode .
Boe ekorii boeidu, boe etonai boeidu."		
BOR-CORBO-BM-LUK-021-007	LUCAS	LUK	21	7	Kodi icare enoragodure ji: - Cegimejera, inoba boemode du kejeba nowu inodu umode tudowuje? Inoba boe emode tudo nowu inodu umode tudowuje du kae?		
BOR-CORBO-BM-LUK-021-008	LUCAS	LUK	21	8	Jesus akore: - Tamearudu awadudo tai, taekuri pagadodu kawo. Makareuge etaregodumode ikie tabo, tagoi: Imireo, iarema: Boe puredugodu nure. Mare tadu kaba eregodaji.		
BOR-CORBO-BM-LUK-021-009	LUCAS	LUK	21	9	Tamearudumode boe emagoi boe erugodumode pui duji, boei tudo puapo duji du keje, tabagudugodu kaba. Mare paga karega, nowu inodu umode ino jao, mare moto akedumodedu aregodukare kuri je.		
BOR-CORBO-BM-LUK-021-010	LUCAS	LUK	21	10	Akore ei jamedu: - Moto padui boe ebo tu tu jedu erugodumode pui.		
BOR-CORBO-BM-LUK-021-011	LUCAS	LUK	21	11	Moto amagadumodedu rakaguragareu umode jice woje, jice woje; boe eke boimode boei; jorubo pegareu umode boei. Ia boe epagudae emode tudowuje baru kajeje.		
BOR-CORBO-BM-LUK-021-012	LUCAS	LUK	21	12	Mare nowu inodu otodai, emode tugeragu tai, erorerumode tai, tui tadugu baicoreuto, tui tarego brae eimejerage etae iwugeje du tabo.		
BOR-CORBO-BM-LUK-021-013	LUCAS	LUK	21	13	Nowu inodu umode tudowuje taroiwawo tawo bakaru pemegareu kogado du bogai.		
BOR-CORBO-BM-LUK-021-014	LUCAS	LUK	21	14	Awu inodu metu rakado tadoda tamorora amagadu kawo tagagomode tabaru tabo du keje.		
BOR-CORBO-BM-LUK-021-015	LUCAS	LUK	21	15	Mare paga karega, imode ia iwadaru ro rakareu maku tagai, du onare taiwuge ero rakamodukare ji.		
BOR-CORBO-BM-LUK-021-016	LUCAS	LUK	21	16	Ica, kode, taomage, tamanamage, tawobe, tamedage emode ia tawido du makaguragado.		
BOR-CORBO-BM-LUK-021-017	LUCAS	LUK	21	17	Boe eiamedu boe ekodu kagirimode tai iwugeje.		
BOR-CORBO-BM-LUK-021-018	LUCAS	LUK	21	18	Mare nowu inodu jamedu boe tabo, ia tagao ira okwamodukare tagaora piji.		
BOR-CORBO-BM-LUK-021-019	LUCAS	LUK	21	19	"Nowu tabewui tai du koia tagaregodumode tai taginorudo du kae.
Jesus akore Jerusalém pegamode duji. -"		
BOR-CORBO-BM-LUK-021-020	LUCAS	LUK	21	20	Icai taerdumode utorigaraidoge ei bakuredo Jerusalém tabo du keje, taerduwado boe pegareu puredugoduie ure duji.		
BOR-CORBO-BM-LUK-021-021	LUCAS	LUK	21	21	Nowu inodu boe keje, Judéia kejewuge eregodumode tori raireu boeto; jeture bakurireu tadawuge emode turodo oino piji; jeture boepa tadawuge ekaba turemo bakurireuto.		
BOR-CORBO-BM-LUK-021-022	LUCAS	LUK	21	22	Mare paga karega, boe ero pegareu koiawu kodiwo meri reno, oinonowo jamedu boere bapera atugo du reore.		
BOR-CORBO-BM-LUK-021-023	LUCAS	LUK	21	23	Nowu kodiwu meri keje, cewu kuiarureu areme, tore enogwagiri kimoreu areme, eerdumode boe okori kuricigoji. Mare paga karega boe epagudugodu kuricigoreu umode tudowuje moto keje. Pao umode eiwo pega kuricigodo awu boei.		
BOR-CORBO-BM-LUK-021-024	LUCAS	LUK	21	24	"Makareuge ewimode toriga raireu tabo, iage eregodudodumode boe etugarei pudumi du tabo moto padui tu tu boe etai du reore du kae. Ia moto kejewuge ewure jomode Jerusalém keje jii boe aregodui boeidu kae.
Imedu Onaregedu aregodumode."		
BOR-CORBO-BM-LUK-021-025	LUCAS	LUK	21	25	Jesus akore kimo: - Ia boe tuginoiwu padumode pugajeje meri joku keje, ari joku keje, kuiejedoge eeku keje. Woe moto keje boe ekiarigodae, boe epagudugodae umode tubodo moto jamedu boe tabo, pobo maereu o pobuto jaruru koia.		
BOR-CORBO-BM-LUK-021-026	LUCAS	LUK	21	26	Ime emode nono tagedugoduiedu kodiwore tubagudugodu koia. Boe pegareu, boe monoreu jogodui moto jamedu boe keje du koia, baru romode toku je jamedu.		
BOR-CORBO-BM-LUK-021-027	LUCAS	LUK	21	27	Kode, du kejere icare boe eerdumode Imedu Onaregedu ui turawuje boetugu aogeje turo rakareu tabo duji.		
BOR-CORBO-BM-LUK-021-028	LUCAS	LUK	21	28	"Nowu inodu jamedu boe umode tubaru towuje du keje, tadugu tado tagaora aogado, mare paga karega, Pao umode taginorudo kuri je.
Figueira i."		
BOR-CORBO-BM-LUK-021-029	LUCAS	LUK	21	29	Ure awu bu oto keje pugeje, jeonawo nowu inoduji: - Tagaiwodo figueira iji, ia igurudogei jamedu.		
BOR-CORBO-BM-LUK-021-030	LUCAS	LUK	21	30	Nowu iguru aru aka botu keje tamode boe pa butao puredugoduie ure duji.		
BOR-CORBO-BM-LUK-021-031	LUCAS	LUK	21	31	Oino jamedu, taerdumode nowu inodu ui tudowujedu jitu keje, taerduwado Pao o boe pemegareu remawu puredugoduie ure duji.		
BOR-CORBO-BM-LUK-021-032	LUCAS	LUK	21	32	Boe jokodu jire inagomode oino tai: Awu boe oinowuge ewogwamodukare awu inodu jamedu boe ukai tudowuje du otodai.		
BOR-CORBO-BM-LUK-021-033	LUCAS	LUK	21	33	"Baru, moto, akedumode, mare iwadarurema akedumodukare.
Boe emearudu awaduiagu puduidu."		
BOR-CORBO-BM-LUK-021-034	LUCAS	LUK	21	34	Tagire tamode tameardu awadudo tai tamorora amagadu kawo tagogwage kuri koia, taeku bai bai okori koia, awu moto kejewu tamaragodae koia, duma nowu meri ukawo tugeragu tai tae paga inoduji.		
BOR-CORBO-BM-LUK-021-035	LUCAS	LUK	21	35	Nowu meri aregodumode nono bukigu barigudu magai moto jamedu kejewuge etaoto du reore.		
BOR-CORBO-BM-LUK-021-036	LUCAS	LUK	21	36	Kode, tagoebatodudo, tamagodo baruto meri jamedu boeji, duma tawo taginorudo nowu boe pegareu jamedu boemode du piji, taragojewo tabagudu bokwa tabo Imedu Onaregedu jekai.		
BOR-CORBO-BM-LUK-021-037	LUCAS	LUK	21	37	Merijire Jesus ure boe eerduwado tu tu Pao uwai tada; boeco tabo utu uture torekodu iei Oliveira cedu kae, nonore padu padure nono jii barogwa kododu kae.		
BOR-CORBO-BM-LUK-021-038	LUCAS	LUK	21	38	Ba aregodu jamedu boe ereore, boe eiamedu boe etu eture Pao uwaito tumearduwo Jesus bataruji.		
BOR-CORBO-BM-LUK-022-HEAD-001	LUCAS	LUK	22		Brae etaidui tuwo Jesus bitodu.		Cabeçalho/subtítulo editorial da fonte.
BOR-CORBO-BM-LUK-022-001	LUCAS	LUK	22	1	Nowu amireu barigodu kejewu peta iei Páscoa cedu puredugodu nure.		
BOR-CORBO-BM-LUK-022-002	LUCAS	LUK	22	2	"Du kejere icare sacerdotedoge eimejerage, escribadoge, eemarure tuwo Jesus bito du bogai, mare epagudu nure boece.
Judas ui Jesus maku."		
BOR-CORBO-BM-LUK-022-003	LUCAS	LUK	22	3	Mare nowu inodu tonaji, Aroe pegareure taredo ia iei Judas Iscariote cedu, cewu ure jorduwadowuge ei ikera pudogidure pobe taci iwurekotodu ia mitoduto.		
BOR-CORBO-BM-LUK-022-004	LUCAS	LUK	22	4	Judas jemarure sacerdotedoge eimejerage, torigaraidoge eimejerage ewogai, tunorawo ei inoba turomode tuwo tugeragu Jesusji tuwo maku etai du bogai.		
BOR-CORBO-BM-LUK-022-005	LUCAS	LUK	22	5	Eegarere nowu inoduji, egore diieroie tumode makai.		
BOR-CORBO-BM-LUK-022-006	LUCAS	LUK	22	6	"Ema jamedu akore uie, kode nono rugaduie turomode rugadu. Du kodi icare jemarure inoba turomode tuwo maku du bogai, tukai boedo boe pa du tabo.
Ei tugera pemegado Páscoa jidu."		
BOR-CORBO-BM-LUK-022-007	LUCAS	LUK	22	7	Nowu barodureboe metukare tadawu amireu o meri aregodure. Nowu meri keje judeudoge emode cordeiro bito tuwo kowuje Páscoa keje.		
BOR-CORBO-BM-LUK-022-008	LUCAS	LUK	22	8	Du kodi icare Jesus ure Pedro mare João erojai, tagoi oino ei du tabo: - Toro, tagera pemegado page Pascoaji.		
BOR-CORBO-BM-LUK-022-009	LUCAS	LUK	22	9	Enoragodure ji: - Kaiba akaidure cewo cegera pemegado ji?		
BOR-CORBO-BM-LUK-022-010	LUCAS	LUK	22	10	Akore ei: - Tai taremo bakurireuto du keje, taerdumode ia imedu ui pobo reko pori tabo duji. Tago apo jii umode turemo towu bai kae.		
BOR-CORBO-BM-LUK-022-011	LUCAS	LUK	22	11	Tagagomode nowu uwaire nowu baicewuji: Cegimejera unorare awogai: kaiba bai tadaba imode Páscoa ko ire jorduwadowuge ebo?		
BOR-CORBO-BM-LUK-022-012	LUCAS	LUK	22	12	Umode taerdudo ia toe meture tadawu puaogajejewu bai boareuji. Nonore tamode boedu turugadu.		
BOR-CORBO-BM-LUK-022-013	LUCAS	LUK	22	13	"Du kodi icare eture, eerdure Jesus akore umoduiedu reore duji. Nonore icare ere tugera pemegado Pascoaji.
Páscoa kejewu boe enogwage."		
BOR-CORBO-BM-LUK-022-014	LUCAS	LUK	22	14	Boe aregodui pudae du kejere icare, Jesus ure tumugudo tu ira keje, nowu ture jorduwadowuge ebo.		
BOR-CORBO-BM-LUK-022-015	LUCAS	LUK	22	15	Icare akore ei: - Itaidu rakaguragare iwo awu Páscoa kowuje tagabo, iwomodedu otodai.		
BOR-CORBO-BM-LUK-022-016	LUCAS	LUK	22	16	Mare paga karega, inagomode tai: imodukare awu inodu kowuje pugeje, jii ui tudo turugadu Pao o muga keje du kae.		
BOR-CORBO-BM-LUK-022-017	LUCAS	LUK	22	17	Tui tugeragu parera kuru ja porigabo rogu jitu du tabo, ure togwa kurido, du kejere akore: - Tageragu ji, pedo toro pui.		
BOR-CORBO-BM-LUK-022-018	LUCAS	LUK	22	18	Mare paga karega, inagomode tai: ikudumodukare parera kuruce pugeje jii Pao o boe pemegareu aregodumode du kae.		
BOR-CORBO-BM-LUK-022-019	LUCAS	LUK	22	19	Du kejere icare ure tugeragu amireuji, ure togwa kurido pugeje, du keje ure amireu kado, ure maku etai tagoi oino du tabo: - Ikodu reo, dure makudumode tawugeje. Oinore taromode tawiabutuwo iwugeje.		
BOR-CORBO-BM-LUK-022-020	LUCAS	LUK	22	20	"Du reorere, tui kowuje ebo du rekodaji, ure tugeragu parera kuru ja roguji, ure maku etai, tagoi oino du tabo: - Pao ro maiwu ime etaidu kodiwu iku reo. Paore turo maiwu krucado iku tabo du redodumode tabaru tabo.
Jesus akore ia ture jorduwadowu umoduie tumagu duji."		
BOR-CORBO-BM-LUK-022-021	LUCAS	LUK	22	21	Aró, kode, ieramode imaguwu mugu nure ira keje itabo.		
BOR-CORBO-BM-LUK-022-022	LUCAS	LUK	22	22	Imedu Onaregedu utumode, uwo nono Pao uiagu du reore, mare marenaru nure nowu umode imaguwu.		
BOR-CORBO-BM-LUK-022-023	LUCAS	LUK	22	23	"Kodi icare nowu ure jorduwadowuge enorare jice woje pui ioguduba umode maku du bogai.
Kakoduwuba boe ema remawu rema."		
BOR-CORBO-BM-LUK-022-024	LUCAS	LUK	22	24	Du keje icare nowu ure jorduwadowuge enogwakorire pui kakoduwu ia pudumiba tugodumode tumedage ekori.		
BOR-CORBO-BM-LUK-022-025	LUCAS	LUK	22	25	Jesus akore ei: - Ao pegokareu boe eimejerage erore nono boe eimejeragei pudumidu ero reore. Kodi icare boe eimejerage egore pudumie ro pemegareugere pudumi.		
BOR-CORBO-BM-LUK-022-026	LUCAS	LUK	22	26	Du tagaba udo ino tadoda, mare cewu kurire tadodawu, umode tugo boi. Jamedu cewu ure boe eroiagududowu, umode nono boe enogwa kuridodaeie pudumi du reore.		
BOR-CORBO-BM-LUK-022-027	LUCAS	LUK	22	27	Mare paga karega: kakoduwu kurire: cewu mugure ira keje karega? Iarema cewu ure boe eke pedo boe eiwu kana? Du tabo, iragojere tadoda nono cewu ure boe eke pedo boeiwu reore.		
BOR-CORBO-BM-LUK-022-028	LUCAS	LUK	22	28	Icá, tagire taedu kigodure itabo icebae boe keje.		
BOR-CORBO-BM-LUK-022-029	LUCAS	LUK	22	29	Du kodi icare Ioga magai ure boe eimejarodo imi du reorere, imode boe eimejeragedo tagi du maku tagai.		
BOR-CORBO-BM-LUK-022-030	LUCAS	LUK	22	30	"Tagogwagemode, tagudumode ira keje itabo, tamugumode boe eimejerage emuga keje tawo tagogado Israeldoge ei ikera pudogidure pobe taci iwurekotodu jiwugei.
Jesus ure Pedro bie."		
BOR-CORBO-BM-LUK-022-031	LUCAS	LUK	22	31	Jesus akore oino jamedu: - Simão, Simão, awiapaga pemegado iwadaruji: Ica, Aroe pegareu okwamagudure tuwo bakujukodo tai boe magai bakujukodo trigo jitu reore.		
BOR-CORBO-BM-LUK-022-032	LUCAS	LUK	22	32	Mare imagore aparu tabo duma ameartoru bokwa kawo. Kode, ai akirimi iwogai du keje, are aiodo awiemage ewugeje, ekidawo pudui du bogai.		
BOR-CORBO-BM-LUK-022-033	LUCAS	LUK	22	33	Pedro akore: - Ikimejera, ire ido irugadu ituwo baicoreuto akabo, iarema iwimode akabo jamedu.		
BOR-CORBO-BM-LUK-022-034	LUCAS	LUK	22	34	"Jesus akore ji: - Pedro, inagomode ai: Kogariga akogodumodedu otodai, amode aerduwa bokwado ii pobe ma jewu metuia bokware.
Jesus ure ture jorduwadowuge ewie."		
BOR-CORBO-BM-LUK-022-035	LUCAS	LUK	22	35	Du kejere unoragodure ei: - Cewu ii tarojai tagodorabo bokwa tabo, tamijigu bokwa tabo, tawurekia kejewu bokwa tabo du kodi, iaboe boe okware tagai?  Egore: - Boro.		
BOR-CORBO-BM-LUK-022-036	LUCAS	LUK	22	36	Akore ei: - Mare oino, cewu umijigoreu, akeragu ji, ukodoraboreu, umode tugeragu ji jamedu; cewu utoriga raireu bokwareu, udo tugudawu bubutu epa maku uwo ia toriga raireu aru.		
BOR-CORBO-BM-LUK-022-037	LUCAS	LUK	22	37	Mare paga karega, inagomode tai: ure turugadu profetadoge emagore jiboe uwo pudumi kimo ii rugadu: Boe egore ia ro pegareuie ure ema. Kode, cewu jeonare iiboe puredugodu nure tuwo tudowuje.		
BOR-CORBO-BM-LUK-022-038	LUCAS	LUK	22	38	"Emagore ji: - Cegimejera, ica, toriga raidoge ere pobe woe. Akore ei: - Urugadu.
Jesus rakojei Oliveira kejewu torekodu kejedu."		
BOR-CORBO-BM-LUK-022-039	LUCAS	LUK	22	39	Cewu turoia reore, ure tudawuje turagoja piji, uture toro Oliveira kejewu torekodu kae. Nowu ure jorduwadowuge ekodure apo.		
BOR-CORBO-BM-LUK-022-040	LUCAS	LUK	22	40	Taregodui nowu kae du keje akore ei: - Tamagodo tabaru tabo tawudu kawo Aroe pegareu jaogwai boeto.		
BOR-CORBO-BM-LUK-022-041	LUCAS	LUK	22	41	Du kejere ure tudaru epiji boe magai ia tori barigu jece du oto pa du reore; ure tubujodo, makore baruto.		
BOR-CORBO-BM-LUK-022-042	LUCAS	LUK	22	42	Akore: - Ioga, umode turugadu akaidu reore du keje, awo boe ekori iidu barigu ipiji; mare umodukare itaidu reore, mare udo akaidu reore rugadu.		
BOR-CORBO-BM-LUK-022-043	LUCAS	LUK	22	43	Du kodi icare, ia tupa aregodure baru piji tuwo mearudu awadudo pudui du bogai.		
BOR-CORBO-BM-LUK-022-044	LUCAS	LUK	22	44	Tugiarigodu kuricigo tabo, mako kimore baruto tubewui pudui du tabo. Biri akurure nono boe ekure joki moto kae.		
BOR-CORBO-BM-LUK-022-045	LUCAS	LUK	22	45	Nowu tumagoi baruto du akedu keje, ure turagojedo, uture nowu ture jorduwadowuge etae pugeje, boe karema, jeture pa ei enudui tugiarigodu kori koia duji.		
BOR-CORBO-BM-LUK-022-046	LUCAS	LUK	22	46	"Akore ei: - Kodiba tanudure? Taragojedo. Tamagodo baruto, tawudu kawo Aroe pegareu o boe pegareuto.
Boei tugeragu Jesus jitu."		
BOR-CORBO-BM-LUK-022-047	LUCAS	LUK	22	47	Emarema, mako kimore du kaere ia boe makareuge etaregodure. Boekarema, eimejerare cewu ure jorduwadowu, du iere Judas cedu, aregodure Jesus ae tuwo togwabi jeto.		
BOR-CORBO-BM-LUK-022-048	LUCAS	LUK	22	48	Jesus akore ji: - Judas, kodiba akaidure awo imagu akogwabidui ii du tabo?		
BOR-CORBO-BM-LUK-022-049	LUCAS	LUK	22	49	Nowu jeture oieiwuge, tuiordui nowu inodu jitu du keje, enoragodure: - Cegimejera, cemodukana cedaredo ei toriga raireu tabo?		
BOR-CORBO-BM-LUK-022-050	LUCAS	LUK	22	50	Ia emage ui mito tu jedu, ure sacerdotedoge eimejera ia utugare okorido tui kana pemegareu jaogwaiwu bia paru kado toriga rairewu tabo du tabo. 51. Kodi icare Jesus akore: - Urugadu. Aro kaba ino. Icare, tui tugera bu nowu imedu biaja keje du tabo, ure pemegago.		
BOR-CORBO-BM-LUK-022-052	LUCAS	LUK	22	52	Tui tuiekirimi bai sacerdotedoge eimejeragei, jeture Pao uwai tadawugei, boe codudogei, duwugere etaregodure icai tonagodui jitu kae du, akore ei: - Tagire tare tarodo nono tawo tageragu iwogu kigodureu imeduji taroi toriga raireu tabo, ipo tabo, tawo tageragu jitu reore, mato itae.		
BOR-CORBO-BM-LUK-022-053	LUCAS	LUK	22	53	"Kode, iragojere Pao uwai tada boe jameduji tagabo, mare tagare tageragu ii. Mare awu makudure tagaiwu meri reo; awu Aroe pegareu o meri reo tarowo ino ii.
Pedro ure tuiorduwa bokwado Jesus jitu."		
BOR-CORBO-BM-LUK-022-054	LUCAS	LUK	22	54	Du keje ere tugeragu tu ji, ere reko sacerdotedoge eimejera uwai kae. Pedro kodure rekodaji, mare ure tuiedu jaedo ji.		
BOR-CORBO-BM-LUK-022-055	LUCAS	LUK	22	55	Boe ere jorugo nowu uwai bororo keje, ere taiado, ere tumugudo uru okwai. Pedro kodure etae, ure tumugudo nono ebo.		
BOR-CORBO-BM-LUK-022-056	LUCAS	LUK	22	56	Ia boe etugareredo ure pawuje mugui nono joru okwai duji, ure tuie puredo tu ji, akore: - Awu imedu rakojere Jesus apo jamedu.		
BOR-CORBO-BM-LUK-022-057	LUCAS	LUK	22	57	Mare Pedro ure tuiorduwa bokwado bogai, tagoi oino du tabo: - Aredu, iorduwakare ji		
BOR-CORBO-BM-LUK-022-058	LUCAS	LUK	22	58	Inodu rekodaji, ia imedu jordure ji pugeje, akore ji: - Ia emage akireo jamedu. Pedro akore: - Boro. Imi karega.		
BOR-CORBO-BM-LUK-022-059	LUCAS	LUK	22	59	Du pugeje, ia aregodure pugeje, akore: - Boe jokodu, awu imedu rakojere apo jamedu, mare paga karega, Galiléia kejewu nure ema jamedu.		
BOR-CORBO-BM-LUK-022-060	LUCAS	LUK	22	60	Mare Pedro akore: - Imedu, iorduwakare akagoino jiboeji. Mako kimo inodu tonaji, kogariga akogodure.		
BOR-CORBO-BM-LUK-022-061	LUCAS	LUK	22	61	Pagimejera, tui tuiekirimi pai je du tabo, aiwore tu Pedroji. Du kejere Pedro biabuture Pagimejera bataru keje: - Awuji, kogariga akogodumodedu otodai, amode aerduwa bokwado ii pobe ma jewu metuia bokwa reore.		
BOR-CORBO-BM-LUK-022-062	LUCAS	LUK	22	62	"Du kodi icare Pedro uture nowu piji, oragudu kuricigore.
Tugobaigarege ere boe to Jesusji."		
BOR-CORBO-BM-LUK-022-063	LUCAS	LUK	22	63	Nowu inodu jamedu boe tada, jeture Jesus jiwu ime ewadarurerure ji, ere tugera to ji.		
BOR-CORBO-BM-LUK-022-064	LUCAS	LUK	22	64	Ere boe bu je keje, egore ji: - Akogiegi ure tugera to aiboei.		
BOR-CORBO-BM-LUK-022-065	LUCAS	LUK	22	65	"Erorerure ji taidu reore pugeje.
Jesus rakojei judeudoge eimejerage eegoraidu."		
BOR-CORBO-BM-LUK-022-066	LUCAS	LUK	22	66	Barogwa kododu tabore, boe codudoge, sacerdotedoge eimejerage, escribadoge, ere tudo pui, ere Jesus reko jice ture tudo puiwo kae.		
BOR-CORBO-BM-LUK-022-067	LUCAS	LUK	22	67	Enoragodure ji: - Amagodo cei: Cewu Cristo nure aki?  Akore ei: - Imagomode tawiegai ma, tameartorumodukare.		
BOR-CORBO-BM-LUK-022-068	LUCAS	LUK	22	68	Jamedu, inoramode tai iaboeji jamedu ma, tamodukare iwie jamedu, tamodukare itudo jamedu.		
BOR-CORBO-BM-LUK-022-069	LUCAS	LUK	22	69	Mare awu inodu otobiji, Imedu Onaregedu mugumode Pao ro rakareu kana pemegareu keje.		
BOR-CORBO-BM-LUK-022-070	LUCAS	LUK	22	70	Kodi icare eiamedu boe enoragodure ji: - Kode, Pao Onaregedu nure aki?  Akore ei: -U! Imi rugadu.		
BOR-CORBO-BM-LUK-022-071	LUCAS	LUK	22	71	Kodi icare ere tumago rakado, egore: - Panoramode iage ei pugeje? Kode pameardu nure oino jabiji.		
BOR-CORBO-BM-LUK-023-HEAD-001	LUCAS	LUK	23		Jesus rakojei Pilato jokoraidu.		Cabeçalho/subtítulo editorial da fonte.
BOR-CORBO-BM-LUK-023-001	LUCAS	LUK	23	1	Icare emagoi puidu akedu kejere icare, ere Jesus reko Pilato ae.		
BOR-CORBO-BM-LUK-023-002	LUCAS	LUK	23	2	Ereadodu pegare biegai ji, tagoi oino du tabo: - Ceerdure awu imedu ui tuiagu boe erugo pui duji, ukai tuiagu boedo mori maku César ai duji, tagoi pudumie Cristore boe eimejeraie pudumi duji		
BOR-CORBO-BM-LUK-023-003	LUCAS	LUK	23	3	Kodi icare Pilato unoragodure ji: - Akina judeudoge eimejera kurireu nure aki?  Jesus akore: - U!		
BOR-CORBO-BM-LUK-023-004	LUCAS	LUK	23	4	Du kodi icare Pilato akore sacerdotedoge eiemejeragei, nowu boe makareugei: - Iordukare awu imedu ia ro ako pegareuji.		
BOR-CORBO-BM-LUK-023-005	LUCAS	LUK	23	5	"Mare ere tuiodo keje tubeu tabo rugadu pugeje, tagoi oino du tabo: - Ure boe erugo pui, tui boe eerduwado Judéia jamedu keje du tabo, jii Galiléia piji woe.
Jesus rakojei Herodes jokoraidu."		
BOR-CORBO-BM-LUK-023-006	LUCAS	LUK	23	6	Tumeardui nowu ewadaru jitu keje, Pilato unoragodure nowu boei Galiléia kejewu umode ema du bogai.		
BOR-CORBO-BM-LUK-023-007	LUCAS	LUK	23	7	Kodi icare, tuiorduwai Herodes jeture jiwuge ia raboduie du keje, ure edo reko toro Herodes ae. Boekarema, nowu meri keje rakoje rabodu nowu Jerusalém keje.		
BOR-CORBO-BM-LUK-023-008	LUCAS	LUK	23	8	Herodes jekare kuricigore tuiordui Jesus jitu keje. Marigudu aidure tuiorduwo ji rugadu, tumeardu makaguragai ro raka jitu koia: upagare bogai tuiorduwo ia ro kurireu toduwo tuiegai duji.		
BOR-CORBO-BM-LUK-023-009	LUCAS	LUK	23	9	Unorare ji bogaiboe makaguragare. Mare Jesus makokare.		
BOR-CORBO-BM-LUK-023-010	LUCAS	LUK	23	10	Nono, sacerdotedoge eimejerage, escribadoge eedure nonodu, ere roiaododu kuricigodo tugorigodu tabo.		
BOR-CORBO-BM-LUK-023-011	LUCAS	LUK	23	11	Kodi icare Herodes ure tuwadaru pega kuricigodo ji, ure barigodudo pudui, utugarege erore ino jamedu. Ure boedo aroia kigadureu tugu ji, ure edo reko Pilato ae pugeje.		
BOR-CORBO-BM-LUK-023-012	LUCAS	LUK	23	12	"Pilato mare Herodes epemegakare pui, du karega, ere tubemegado pui nowu meriji pugeje.
Jesus bitodu rumode."		
BOR-CORBO-BM-LUK-023-013	LUCAS	LUK	23	13	Du kodi icare Pilato ure sacerdotedoge eimejerage edo tudo pui, akore ei: -		
BOR-CORBO-BM-LUK-023-014	LUCAS	LUK	23	14	Tare awu imedu reko itae, tagagoi koiaie ure boe erokowo pui du tabo. Mare inoragodure ji taegai, mare iordukare nowu tagagore ro ako pegaie kodiboeji.		
BOR-CORBO-BM-LUK-023-015	LUCAS	LUK	23	15	Jamedu Herodes, jordukare rogu biegaji jamedu. Mare paga karega, ure boedo reko mato pagae pugeje. Nowu inodu jamedu boe koia, bitodumode koiawo ia ro ako bokwa.		
BOR-CORBO-BM-LUK-023-016	LUCAS	LUK	23	16	Du koia imode edo barogo biri to jitu rekodaji, imode utudo.		
BOR-CORBO-BM-LUK-023-017	LUCAS	LUK	23	17	Boekarema, eroiare Páscoa jiwu meri keje, ure ia meture baicoreu tadawu tawuje etai.		
BOR-CORBO-BM-LUK-023-018	LUCAS	LUK	23	18	Du kodi icare boe eiamedu boe enoiogwarire tuiamedu tabo: - Awu bito. Barrabás tawuje baicoreu piji cenai.		
BOR-CORBO-BM-LUK-023-019	LUCAS	LUK	23	19	Marigudu ere awu imedu tugu baicoreuto, ui boe erugo pui, ure ia bito du koia.		
BOR-CORBO-BM-LUK-023-020	LUCAS	LUK	23	20	Mare Pilato aidure tuwo Jesus inorudo. Du kodi icare makore ei pugeje.		
BOR-CORBO-BM-LUK-023-021	LUCAS	LUK	23	21	Mare enoiogwarire pugeje: - Bu i keje, bu i keje!		
BOR-CORBO-BM-LUK-023-022	LUCAS	LUK	23	22	Pobe ma awu metuia bokware Pilato makore ei pugeje: - Kode inoba ro pegareure? Iordukare bitodumode koiawu ia ro ako boeji. Du koiare imode edo barogo biri to ji, du keje imode utudo.		
BOR-CORBO-BM-LUK-023-023	LUCAS	LUK	23	23	Mare ere tubewudo tumago rakareu tabo pugeje, padudoduwo i padui pugajejedu keje rugadu. Enoiogwari itodu remawure pugeje.		
BOR-CORBO-BM-LUK-023-024	LUCAS	LUK	23	24	Kodi icare Pilato aidure etaidu reore.		
BOR-CORBO-BM-LUK-023-025	LUCAS	LUK	23	25	"Ure cewu emagore jiwu metui baicoreu tadawu ui boe erugo puiwu, ui ia bitodu koiawu iere Barrabás cedu, tawuje etai; ure Jesus maku tu etai, etaidu reore.
Jesus padui i padui pugajejedu keje."		
BOR-CORBO-BM-LUK-023-026	LUCAS	LUK	23	26	Du keje icare tugobaigarege ere Jesus reko. Tugodui apo du tonaji, eerdure ia imedu iei Simão cedu, Cirene moto kejewu, aregodui boepa piji duji. Ere tugeragu ji, ere i padui pugajejedu bu keje, oreduwo tabo Jesus rekodaji.		
BOR-CORBO-BM-LUK-023-027	LUCAS	LUK	23	27	Boe makareuge ekodure apo, areme makareuge ekodure apo tui tugera to tumoji, toragudui joki du tabo.		
BOR-CORBO-BM-LUK-023-028	LUCAS	LUK	23	28	Jesus, tui tuiekirimi tu ei du tabo, akore ei: - Jerusalém kejewuge areme, tagoragudu kaba iiogi, mare tagoragududo taiogi, tagore eiogi. Mare paga karega, boe pega kuricigomode tai kodi.		
BOR-CORBO-BM-LUK-023-029	LUCAS	LUK	23	29	Ica, meri aregodumode, boe egomode: Ore bokwareu areme eiwa pemegare, ukare boe enogwagiridowu areme eiwa aidugirire jamedu.		
BOR-CORBO-BM-LUK-023-030	LUCAS	LUK	23	30	Meri aregodumode boe egomode toridogei: Tawududo cewugeje. Emagomode boe aoporudoge ei: Tarorido ceiogi.		
BOR-CORBO-BM-LUK-023-031	LUCAS	LUK	23	31	Mare paga karega, taerdu nure eroi oino ii duji, kode, tagirema, inoba eromode tai?		
BOR-CORBO-BM-LUK-023-032	LUCAS	LUK	23	32	Ere ia ro pegareuge iwogu kigodureuge ei pobedu reko Jesus apo, ewidoduwo apo jamedu.		
BOR-CORBO-BM-LUK-023-033	LUCAS	LUK	23	33	Etaregodure ia egore Calvário ino jiboe kae du keje, ere Jesus bu i keje nono. Jamedu ere nowu iwogu kigodureuge ere ewu i keje, ere ia okwacedo Jesus kana pemegareu jaogwai, ere ia okwacedo kana koboreu jaogwai.		
BOR-CORBO-BM-LUK-023-034	LUCAS	LUK	23	34	Du keje icare Jesus akore: - Ioga, awudugugo ei, eerduwakare turoino jiboeji. Tugobaigarege ere Jesus ukudae pedo pui. Ere cewu ewoadu ewoadure tabowu ira koborogu atugo atugoredu ere barigu, tuiorduwo kakoduwuba ukudae umode cewu Jesus ukudaece du bogai. Boe makareuge eedure nono taiwo tabo. Sacerdotedoge eiemejerage ere tuwadaru pegado Jesusji, tagoi oino du tabo: -		
BOR-CORBO-BM-LUK-023-035	LUCAS	LUK	23	35	Ure iage einorudo. Kode, Cristo, Paore tugeragu ji pudaiwu rema du keje, umode cinorudo taobiji.		
BOR-CORBO-BM-LUK-023-036	LUCAS	LUK	23	36	Du reorere tugobaigarege egore ji jamedu tui togwa amado jitu tabo. Ere tuburedo ji, ere ia pobo pagodureu makai, 37tagoi oino du tabo: - Judeudoge eimejera aki du keje, kode, akinorudo akaobiji.		
BOR-CORBO-BM-LUK-023-038	LUCAS	LUK	23	38	Aora bukejere ere awu bapera atugo bararedo: “Judeudoge eimejera kurireu”.		
BOR-CORBO-BM-LUK-023-039	LUCAS	LUK	23	39	Cewu iwogu kigodureuge ei pobedudoge ewararedui nono i padui pugajejedu jitu, ia mitodu, ure tuie tugu tuwadaru pegareu boeto, akore ji: - Cristomode aki rugadu du keje, akinorudo akobiji, ceginorudo jamedu.		
BOR-CORBO-BM-LUK-023-040	LUCAS	LUK	23	40	Mare metuia akore oino ji: - Apagudu bokwa remawu nure Aroe Eimejerace, aki aiwore nono jiwo reore?		
BOR-CORBO-BM-LUK-023-041	LUCAS	LUK	23	41	Pagai, awu inodu ure turugadu, paro pegareu mori makudu nure pagai; mare awu rema, ia ro pegareu bokwa.		
BOR-CORBO-BM-LUK-023-042	LUCAS	LUK	23	42	Ure oto tawuje pugeje, akore: - Jesus, awia jeto ii, akaregodui aetumode jiboe kae du keje.		
BOR-CORBO-BM-LUK-023-043	LUCAS	LUK	23	43	"Icare Jesus akore ji: - Boe jokodu jire inagomode ai: Awuji rugadure aragojemode itabo baru tada.
Jesus bi."		
BOR-CORBO-BM-LUK-023-044	LUCAS	LUK	23	44	Meri aregodu puregodure baru oia kae du keje, boeco rorire moto jamedu boe joki jii meri jogodu kae.		
BOR-CORBO-BM-LUK-023-045	LUCAS	LUK	23	45	Meri joku core. Pao uwai tada aroia boa kurireu ure tuwowuje oiagi.		
BOR-CORBO-BM-LUK-023-046	LUCAS	LUK	23	46	Kodi icare Jesus mako rakareu padure kajeje, akore: - Ioga, akera kejere ire itaroe bu. Tagoi oino du tabo, akurure.		
BOR-CORBO-BM-LUK-023-047	LUCAS	LUK	23	47	Tugobaigarege eimejera, tuiordui nowu inodu jitu keje, ure Pao ie kurido tumago pemegai jitu tabo, tagoi oino du tabo: - Boe jokodu rugadu radu, awu imedu pemegare rugadu rabodu.		
BOR-CORBO-BM-LUK-023-048	LUCAS	LUK	23	48	Nowu boe makareuge eiamedu boe eedure nono taiwo tabodu, eerdure nowu inodu jamedu boeji, du kejere eture tui tugera to tumo jitu tabo.		
BOR-CORBO-BM-LUK-023-049	LUCAS	LUK	23	49	"Jesus metage mare ia areme ekodure apo Galiléia pijiwuge, eedu jaere taiwo tabo, toebatodu tabo nowu inodu jamedu boei tudowuje du kae.
Jesus tugudui moto todu."		
BOR-CORBO-BM-LUK-023-050	LUCAS	LUK	23	50	Ia imedu jetororeu, pemegareu, iei José cedu, judeudoge eimejerage ia mitodu.		
BOR-CORBO-BM-LUK-023-051	LUCAS	LUK	23	51	Jokare tumedage emeardae keje, jokare erore jiboe keje, Arimatia kejewu, Judéia kejewu nure ema, du upagare Pao o boe pemegareu bogai.		
BOR-CORBO-BM-LUK-023-052	LUCAS	LUK	23	52	Awu imedu pemegareu, uture Pilato ae, okwamagudure ji tuwo Jesus rawuje i padui pugajejedu piji.		
BOR-CORBO-BM-LUK-023-053	LUCAS	LUK	23	53	Ure rawuje piji, ure ia aroia kigadureu upodo apo ure tugu ia ture porodowu torito, du boe emedukare tada kimo roga.		
BOR-CORBO-BM-LUK-023-054	LUCAS	LUK	23	54	Sexta feira meri rekodu tabo, sabadore tuiagu turemo du tabo, awu inodu ure tudowuje.		
BOR-CORBO-BM-LUK-023-055	LUCAS	LUK	23	55	Kodure Galiléia piji Jesus apowuge areme, ekodure José apo, eerdure Jesus meture tadawu toriji.		
BOR-CORBO-BM-LUK-023-056	LUCAS	LUK	23	56	Du kejere icare ere tugirimi tuwai kae, ere tugera pemegado ia roreboeji, ia boekaguru roreuji. Mare sabadore jiwu meriji ere tamudo, judeudoge eroiagudu reore.		
BOR-CORBO-BM-LUK-024-HEAD-001	LUCAS	LUK	24		Jesus jewoduidu.		Cabeçalho/subtítulo editorial da fonte.
BOR-CORBO-BM-LUK-024-001	LUCAS	LUK	24	1	Semana jiwu boetojiwu meriji, kuri boeco kimoto, Maria Madalena mare metage eture Jesus meturewo kae, cewu ture pemegadowu to roreboe tabo.		
BOR-CORBO-BM-LUK-024-002	LUCAS	LUK	24	2	Eerdure cewu tori padure je kejewu padukai je keje duji.		
BOR-CORBO-BM-LUK-024-003	LUCAS	LUK	24	3	Ere turemo to, mare eerdukare Pagimejera Jesus bi padui tada duji.		
BOR-CORBO-BM-LUK-024-004	LUCAS	LUK	24	4	Eerduwakare inoba tumeardaewo. Du tonajire ia boe ei pobedu ere towadudo eegai tugudae kigadu kurukurureu tabo.		
BOR-CORBO-BM-LUK-024-005	LUCAS	LUK	24	5	Du kejere areme epagudugodure, ere tuie jodo mototo. Du kodi icare cewu boe ei pobedu eegore ei: - Kodiba taemarure bireuge ekao cewu jereu bogai?		
BOR-CORBO-BM-LUK-024-006	LUCAS	LUK	24	6	Padukare woe; jewodure. Tawia jetudo cewu akore tai, taragojei Galiléia tadadu kodiwoji.		
BOR-CORBO-BM-LUK-024-007	LUCAS	LUK	24	7	Imedu Onaregedu makududodumode pegareuge ekera kae, padumode i keje, mare jewodumode meri pobe ma jewu metuia bokware du keje.		
BOR-CORBO-BM-LUK-024-008	LUCAS	LUK	24	8	Du kodire ewia jeture nowu Jesus bataruji.		
BOR-CORBO-BM-LUK-024-009	LUCAS	LUK	24	9	Ere tugirimi nowu meturewo piji, ereadodure Apostolodoge ewiegai, ia boe eiamedu ewiegai, inodu jamedu boeji.		
BOR-CORBO-BM-LUK-024-010	LUCAS	LUK	24	10	Cewu ereadodure inoduji Apostolodoge ewiegaiwu areme reo: Maria Madalena, Joana, Tiago uce Maria, ia metage jamedu.		
BOR-CORBO-BM-LUK-024-011	LUCAS	LUK	24	11	Mare nowu ereadodaere ure nono ia aora bai baireuge ereadodaere eegai. Kodire emeartorukare.		
BOR-CORBO-BM-LUK-024-012	LUCAS	LUK	24	12	"Mare Pedro rekodure toro meturewo kae, icare tui tuie jodo taiwo tabo, jordure tu aroia kigadureuji moto keje. Du rekodajire ure turodo oino, uture tuwai kae tuieroi ta... nowu inodu jamedu boe ui tudo oinono duji.
Emaús kaewu awara."		
BOR-CORBO-BM-LUK-024-013	LUCAS	LUK	24	13	Nowu meri mitoduji, ia ure jorduwadowuge ei pobe tu je du, eture ia bakurireu rogu iei Emas cedu padu puredure Jerusalém bakurireu jitu du kae.		
BOR-CORBO-BM-LUK-024-014	LUCAS	LUK	24	14	Emagore pui nowu ure tudoboe jamedu boe.		
BOR-CORBO-BM-LUK-024-015	LUCAS	LUK	24	15	Emagoi pui nowu inodu jitu tonaji, Jesus mitodu ure tuburedo jice ei, kodure ebo.		
BOR-CORBO-BM-LUK-024-016	LUCAS	LUK	24	16	Eerdure ji, mare ukare edo boe pa pudui.		
BOR-CORBO-BM-LUK-024-017	LUCAS	LUK	24	17	Kodi icare unoragodure ei: - Kaba jiba tagagoino tagodui? Kodiba tagiarigodure?		
BOR-CORBO-BM-LUK-024-018	LUCAS	LUK	24	18	Ia emage iei Cleofas cedu, akore ji: - Ia moto tuginoiwu kejewu mitodu aki kanao? Du kodi kana aerduwakare boei maigodu Jerusalém tada duji?		
BOR-CORBO-BM-LUK-024-019	LUCAS	LUK	24	19	Unoragodure ei: - Inoba?  Egore: - Jesus Nazaré pijiwu jiboe. Cewu profeta ro rakareu turo tuwadaru tabowu Pao jore keje, boe eiore keje jamedu du.		
BOR-CORBO-BM-LUK-024-020	LUCAS	LUK	24	20	Ceno sacerdotedoge eiemejerage, boe eimejerage ere maku bitoduwo, du ere bu i keje.		
BOR-CORBO-BM-LUK-024-021	LUCAS	LUK	24	21	Cegi cebagare emamode umode Israeldoge einorudo du bogai. Macare merire pobe ma awu metuia bokware nowu inodu jamedu boe rekodaji.		
BOR-CORBO-BM-LUK-024-022	LUCAS	LUK	24	22	Mare inodu tabo, ia pamedage areme ere cebagududo, mare paga karega, eture toro meturewo kae, meri rutumodedu otodai, 23tuiordukai bi metui nonodu jitu koia, ere tugirimi tagoi boe jokodu jitu tabo, tuiorduie tupadogei, duwuge egoe jeie.		
BOR-CORBO-BM-LUK-024-024	LUCAS	LUK	24	24	Ia cemedage eture toro meturewo kae, eerdure nono areme egore uie du reore, mare remawuji eerdukare ji.		
BOR-CORBO-BM-LUK-024-025	LUCAS	LUK	24	25	Kodi icare Jesus akore ei: - Tawabo raka remawu nure tameartoruwo profetadoge emagore jiboe jamedu beoji.		
BOR-CORBO-BM-LUK-024-026	LUCAS	LUK	24	26	Ica, Cristo epaemode nowu tujebaere emaboe jamedu boece rugadu ma Aroe Eimejare uwo kurido.		
BOR-CORBO-BM-LUK-024-027	LUCAS	LUK	24	27	Du kodi icare ure Moisés makore jiboe, profetadoge eiamedu emagore jiboe jamedu boe padui bapera kejedu kogado ewiegai.		
BOR-CORBO-BM-LUK-024-028	LUCAS	LUK	24	28	Ei tuburedo nowu baboturogu ekodumode kaewu jitu keje, ure turodo nono taidui tugoduwo gu pugeje.		
BOR-CORBO-BM-LUK-024-029	LUCAS	LUK	24	29	Mare ere tubewudo ji, ere buredo, tagoi oino du tabo: - Aragoje rugadu cedabo. Meri rekodu nure, boecodu nure. Du kodi icare ure turemo ebo.		
BOR-CORBO-BM-LUK-024-030	LUCAS	LUK	24	30	Boekarema, tumugui ira keje ebo du tabo, ure tugeragu amireuji, imadure Paoji, ure nowu amireu kado, ure pedo toro ei.		
BOR-CORBO-BM-LUK-024-031	LUCAS	LUK	24	31	Inodu kejere eekure tuiado, ere pawuje emaraboduie. Mare ema okware pi tuku je.		
BOR-CORBO-BM-LUK-024-032	LUCAS	LUK	24	32	Kodi icare emagore pui: - Du kodia nowu akoino awara jiboere pawabo jekaredo, tagoi pawiegai bapera atugo pemegareu jituji.		
BOR-CORBO-BM-LUK-024-033	LUCAS	LUK	24	33	Du keje kuri je, ere turagojedo, ere tugirimi Jerusalém kae. Nono eerdure Apostolodoge enogwa padui nono duji, cewu jeture ebowuge eedui nono jamedu duji.		
BOR-CORBO-BM-LUK-024-034	LUCAS	LUK	24	34	Eiamedu boe egore oino: Boe jokoduji rugadure Pagimejera jewodure, ure towadudo Simão jekai.		
BOR-CORBO-BM-LUK-024-035	LUCAS	LUK	24	35	"Kodi icare emage ereadodure boere tuiegai awara jiwoji, jamedu tuie boe pa ji ui amireu pedo du keje duji.
Jesus ui towadudo ture jordwuadowuge eegaidu."		
BOR-CORBO-BM-LUK-024-036	LUCAS	LUK	24	36	Emago kimoi nowu jitu tonaji, Jesus ure towadudo etoiadoda, akore ei: - Boe butugureu jetuwo tagabo.		
BOR-CORBO-BM-LUK-024-037	LUCAS	LUK	24	37	Erore poku, epagudugodure emeardaere tuiorduie ure ia aroe jitu du koia.		
BOR-CORBO-BM-LUK-024-038	LUCAS	LUK	24	38	Mare akore ei: - Kodiba tarore poku je? Kodiba tagidakare tawabo tada?		
BOR-CORBO-BM-LUK-024-039	LUCAS	LUK	24	39	Tagaiwodo ikeraji, tagaiwodo iwureji. Cewu imireo. Tagera pagado ii, tagaiwodo ii: Aroe kodu bokwa, ra bokwa. Imirema, teardu nure ii oinoduji.		
BOR-CORBO-BM-LUK-024-040	LUCAS	LUK	24	40	Tagoi oino du tabo, ure eerdudo tugeraji, tuwureji.		
BOR-CORBO-BM-LUK-024-041	LUCAS	LUK	24	41	Mare emeartorukare roga, egurure tuiegare kurireu jaogwai. Du kodi icare Jesus unoragodure: - Ia tagerogure nono tagabo iwo kowuje?		
BOR-CORBO-BM-LUK-024-042	LUCAS	LUK	24	42	Du keje icare ere ia karo kobo barigudui joradu ao kejedu makai, ia moiawe ewori kobo tabo.		
BOR-CORBO-BM-LUK-024-043	LUCAS	LUK	24	43	Kodi icare ure tugeragu ji, ure kowuje eegai.		
BOR-CORBO-BM-LUK-024-044	LUCAS	LUK	24	44	Du kejere akore ei: - Marigudu iragojei kimo tagabo du tabo, imagore tai: cewu padure Moisés o bapera kejedu, cewu padure profetadoge eno bapea kejedu, cewu padure salmodoge etadadu ii boe jamedu boe umoduie ino rugadu.		
BOR-CORBO-BM-LUK-024-045	LUCAS	LUK	24	45	Du kejere ure edo pawuje bapera atugo pemegareuji.		
BOR-CORBO-BM-LUK-024-046	LUCAS	LUK	24	46	Akore ei: - Cewu padure bapera kejedu reo: Cristo jiwomoduie, mare meri pobe ma jewu metuia bokware du keje jewodumoduie bireuge epiji.		
BOR-CORBO-BM-LUK-024-047	LUCAS	LUK	24	47	Ie taboie boe enogituwamode boei tuwo tumeradae kirimi Pao ai, Pao butugugoduwo ei tui boe ero pegareu okwado duji, Jerusalém keje boetoji, du rekodaji moto padui pumekejedu jamedu boe keje.		
BOR-CORBO-BM-LUK-024-048	LUCAS	LUK	24	48	Tagire tamode awu inodu jamedu kogado boe ewiegai.		
BOR-CORBO-BM-LUK-024-049	LUCAS	LUK	24	49	"Imode cewu ioga akore tuiagu maku tawogaiwu rojai tawogai. Nowu inodu tonaji, tawudugudo jao bakurireu tada, jii baru tadawu ro rakareboe umode turawuje tawugeje du kae.
Jesus rutui baru todu."		
BOR-CORBO-BM-LUK-024-050	LUCAS	LUK	24	50	Du kejere Jesus ure erego bakurireu piji, ia bakurireurogu iei Betânia cedu kae, ure tugera aogado ewugeje, ure tuwadaru pemegareu bu ewugeje.		
BOR-CORBO-BM-LUK-024-051	LUCAS	LUK	24	51	Tui tuwadaru pemegareu bu ewugeje du keje, ure turodo oino taci epiji, ruture gu gu gu baruto.		
BOR-CORBO-BM-LUK-024-052	LUCAS	LUK	24	52	Ere tubujodo ji, du kejere ere tugirimi Jerusalém kae, tuiegare kuricigoreu tabo.		
BOR-CORBO-BM-LUK-024-053	LUCAS	LUK	24	53	Eedure jii nono Pao uwai tada, tumago pemegai Pao jitu tabo.		
