id	book	book_code	chapter	verse	source	reviewed	editorial_note
BOR-CORBO-BM-MRK-001-HEAD-001	MARCOS	MRK	1		João Batista uwadodae.		Cabeçalho/subtítulo editorial da fonte.
BOR-CORBO-BM-MRK-001-001	MARCOS	MRK	1	1	Pao baru tadawu Onaregedu Jesus Cristo o bakaru maiwu pemegareu paru. Profeta Isaias o bapera keje atugododure oino:		
BOR-CORBO-BM-MRK-001-002	MARCOS	MRK	1	2	"""Ica, inure ino tupa utudo akododai, emare umode akawara pemegado."		
BOR-CORBO-BM-MRK-001-003	MARCOS	MRK	1	3	Iaboe mako padure boe matadu kajeje, akore: Pagimejera utawara jetorodo, moto aoporu boe kororogodudo” (Mal 3,1; Is 40,3).		
BOR-CORBO-BM-MRK-001-004	MARCOS	MRK	1	4	Kodi icare João Batista je padure boe matadu kajeje tokituwai boei ewo tao pegodo ma, epemegawo, ero pegareu pijidoduwo.		
BOR-CORBO-BM-MRK-001-005	MARCOS	MRK	1	5	Du kodi icare, Judéia kejewuge eiamedu boe, Jerusalém kejewuge eiamedu boe etu eture ae tumagowo ji; emagore turo pegareuji, du kejere ure etao pegodo Jordão po tada.		
BOR-CORBO-BM-MRK-001-006	MARCOS	MRK	1	6	João merure camelo biri metui pudui du tabo, ia kogure kajeje, okwagere bokokuadogei, moiawoei jamedu.		
BOR-CORBO-BM-MRK-001-007	MARCOS	MRK	1	7	Icare uwadodure, akore: - Ia kodu remawure ikoriwu imedu aregodumode iregodaji, duwu otoji icekare iwo bure tadawu iku kiwuje.		
BOR-CORBO-BM-MRK-001-008	MARCOS	MRK	1	8	"Ire tagao pegodo pobo tabo, emarema, umode tagao pegodo Aroe Pemegareu tabo.
João Batistare Jesus ao pegodo."		
BOR-CORBO-BM-MRK-001-009	MARCOS	MRK	1	9	Boekimorema, nowu ia meri keje Jesus aregodure padure Galiléia kejewu bakurireu iei Nazaré cedu piji. Icare ao pegododure João koia, Jordão po tada.		
BOR-CORBO-BM-MRK-001-010	MARCOS	MRK	1	10	Icare ui tudawuje pobo piji du tonajire icare jordure barui tuiado, Aroe Pemegareu ui turawuje tui nono metugu reore du tabo bukeje duji.		
BOR-CORBO-BM-MRK-001-011	MARCOS	MRK	1	11	Boe emeardure ia boe mako aregodui baru piji duji, akore:  - Akire imeardu kurire jiwu itonaregedure aki: Awugejere ire imeardu kuriae jamedu boe bu.		
BOR-CORBO-BM-MRK-001-012	MARCOS	MRK	1	12	Awu inodu otobiji, Aroere utudo toro boe mataduto.		
BOR-CORBO-BM-MRK-001-013	MARCOS	MRK	1	13	"Merire ikera pudogidure, iwure pudogidure, ikera pudogidure, iwure pudogidure ji nono, Aroe pegareu  podure ji nono, barege eedure apo, tupadoge eedure ji.
Jesus uwadodae."		
BOR-CORBO-BM-MRK-001-014	MARCOS	MRK	1	14	Icare braere João tugu baicoreuto, du rekodajire icare Jesus uture Galiléia kae. Ure Pao o bakaru maiwu pemegareu kuo, tagoi: -		
BOR-CORBO-BM-MRK-001-015	MARCOS	MRK	1	15	"Icare boe aregodure pudae, Pao o boe pemegareu aregodu nure, icare tagodorogado tai, tameartorudo Pao o bakaru maiwu pemegareuji.
Jesus ure jorduwadowu boetojiwuge ei pobe puibijidu."		
BOR-CORBO-BM-MRK-001-016	MARCOS	MRK	1	16	Tumerui Galiléia kejewu kuruga kurireu okwai du tabore icare, jordure Simãoji, uwie Andréji, ei buke barigu poboto duji, boekarema, kare ecebage rabodure emage.		
BOR-CORBO-BM-MRK-001-017	MARCOS	MRK	1	17	Icare Jesus akore ei: - Tago itabo! Iwo tuwugerurudo imeiwugedo tagi.		
BOR-CORBO-BM-MRK-001-018	MARCOS	MRK	1	18	Kuri je ere tugera ra tuwuge piji, ekodure apo.		
BOR-CORBO-BM-MRK-001-019	MARCOS	MRK	1	19	Ekodure gu... je du keje, jordure Tiago, Zebedeu onaregeduji, uwie Joãoji, eedui ia ika tada duji, enure tugare pemegado tuwugeji.		
BOR-CORBO-BM-MRK-001-020	MARCOS	MRK	1	20	"Makore kuri etai. Eture tuo Zebedeu mugui tudugarege ebodu piji, ekodure apo.
Jesus ui  Aroe pegareuge ewarigu ia imedu pijidu."		
BOR-CORBO-BM-MRK-001-021	MARCOS	MRK	1	21	Ere turemo Cafarnaum bakurireuto, icare, Sábado okwabiji, Jesus ure turemo sinagogato. Kejere ure boe eerduwado.		
BOR-CORBO-BM-MRK-001-022	MARCOS	MRK	1	22	Eerdu moture nowu uwadodaeji, paga karega, ure eerduwado nono ia boe eimejerare boe eerduwadodu reore, mare escribadoge ereore karega.		
BOR-CORBO-BM-MRK-001-023	MARCOS	MRK	1	23	Ica, nowu sinagoga tada ia Aroe pegareu  pegareu metui tadawu imedu rakojere nono, du oiogwarire, 24akore: - Inoba aromode cei, Jesus Nazaré kejewu? Akaregodure awo cewarigu boeto? Iorduware ai: Aroe Eimejera o imedu pemegareu nure aki.		
BOR-CORBO-BM-MRK-001-025	MARCOS	MRK	1	25	Mare Jesus akore ji: - Amago urugadu, atawuje nowu imedu piji!		
BOR-CORBO-BM-MRK-001-026	MARCOS	MRK	1	26	Aror pegareure nowu imedu amagadudodu kuricigodo, tui toiogwari rakaguragado, tui tudawuje piji du tabo.		
BOR-CORBO-BM-MRK-001-027	MARCOS	MRK	1	27	Boe eiamedu boe erore ta... je, enorare jice woje, jice woje pui, egore: - Kabobao? Uwadodure boe maiwuji tui nono boe eimejerai pudumidu reore! Roiware tuwo  Aroe pegareuge ewarigu jamedu, duwugere emeartorure bataruji!		
BOR-CORBO-BM-MRK-001-028	MARCOS	MRK	1	28	"Kuri je, akarure taodo moto jamedu boe kao, Galiléia oiei.
Jesus ui Pedro ucarugo pemegagodu."		
BOR-CORBO-BM-MRK-001-029	MARCOS	MRK	1	29	Ure tudawuje nowu sinagoga piji du keje, uture Tiago apo, João apo, nowu Simão, André mage ewai kae.		
BOR-CORBO-BM-MRK-001-030	MARCOS	MRK	1	30	Nowu Simão ucarugo padure tuba kamoreu keje tuwiri uru tabo. Icare emagore kuri ji inoba ure duji.		
BOR-CORBO-BM-MRK-001-031	MARCOS	MRK	1	31	"Ure tuburedo gu jice ji, ure tugeragu ieraji, ure tuera awogado iera tabo. Nowu inodu tonaji, biri uru akedure pi tuku je, du kejere ure enogwagedo.
Jesus ui ia kogodureuge epemegagodu."		
BOR-CORBO-BM-MRK-001-032	MARCOS	MRK	1	32	Meri rekodu tabo, meri butu rekodaji, ere kogodureuge eiamedu boe,  Aroe pegareuge emedure tadawuge eiamedu boe, eto pui ae.		
BOR-CORBO-BM-MRK-001-033	MARCOS	MRK	1	33	Nowu bakurireu tadawuge eiamedu boe ere tudo pui nowu baiporo kae.		
BOR-CORBO-BM-MRK-001-034	MARCOS	MRK	1	34	Ure makareuge epemegago tugogodae jamedu boe piji, ure  Aroe pegareuge ewarigudu makaguragado: ukare egodo ia tago, eerduware ji kodi. Barogwatore icare jetadure barogwa kododumodedu otodai, icare ure tuiebu, uture boe makodureuto, nonore icare ure togwa kurido.		
BOR-CORBO-BM-MRK-001-036	MARCOS	MRK	1	36	Du tonajire icare Simão jemarure bogai tumedage ebo.		
BOR-CORBO-BM-MRK-001-037	MARCOS	MRK	1	37	Eerdure ji du kejere icare, egore ji: - Boe eiamedu boe eemarure awogai.		
BOR-CORBO-BM-MRK-001-038	MARCOS	MRK	1	38	Icare akore ei: - Paduwo bakurireu rogudoge etae, bakurireu padu puredureuge etae, iwadoduwo toro jamedu; paga karega, nowu inodu bogaire itaregodure.		
BOR-CORBO-BM-MRK-001-039	MARCOS	MRK	1	39	"Kodure toro rugadu, uwadodure eno sinagogadoge etada, nowu Galiléia jamedu boe kao, tui  Aroe pegareuge ewarigu du tabo.
Jesus ure ia moci bare jiwu imedu pemegago."		
BOR-CORBO-BM-MRK-001-040	MARCOS	MRK	1	40	Ia moci bare jiwu imedu uture ae, ure tubujodo ji, togwamagudui jitu du tabo, akore: - Akaidu keje, amode ikabi.		
BOR-CORBO-BM-MRK-001-041	MARCOS	MRK	1	41	Jesus okudure apo, ure tugera raido jice ae, ure tugera bu keje, akore ji: - Itaidure. Kode, apemegago.		
BOR-CORBO-BM-MRK-001-042	MARCOS	MRK	1	42	Nowu akoinodu tonaji kuri je, moci okware pi tuku je. Akurugudure taci je.		
BOR-CORBO-BM-MRK-001-043	MARCOS	MRK	1	43	Jesus imadure kuri apo, akore ji tumago okori tabo: -		
BOR-CORBO-BM-MRK-001-044	MARCOS	MRK	1	44	Amago kaba boe ewiegai, mare, toro! Sacerdote jordudo ai, ia akomearogu maku apemegagodu morice, Moisés bataru reore, apemegagodu koiaboe reore.		
BOR-CORBO-BM-MRK-001-045	MARCOS	MRK	1	45	Mare nowu imedu uture kuri je, ure nowu inodu boedo taodo, du kodi icare Jesus roiwakare tuwo turemo tui towadudo du tabo bakurireuto. Rakojere bakujei, boe eragojekarewo keje. Boe eiamedu etu eture ae tu tu tubiji.		
BOR-CORBO-BM-MRK-002-HEAD-001	MARCOS	MRK	2		Jesus ure ia meru bokwareu imedu pemegago.		Cabeçalho/subtítulo editorial da fonte.
BOR-CORBO-BM-MRK-002-001	MARCOS	MRK	2	1	Du kejere icare, Jesus ure turemo Cafarnaum bakurireuto pugeje, icare boe eerduware mugui tuwai kejeduji.		
BOR-CORBO-BM-MRK-002-002	MARCOS	MRK	2	2	Kodi icare boe ere tudo pui du makaguragare ae, kodi icare boe eroiwakare pu kujiagi nowu baiporoto. Icare uwadodure ewiegai.		
BOR-CORBO-BM-MRK-002-003	MARCOS	MRK	2	3	Icare boere ia meru bokwareu imedu arego nono ae, oredure apowu ime ere pobe puibiji.		
BOR-CORBO-BM-MRK-002-004	MARCOS	MRK	2	4	Mare eroiwakare boe ekujiagi apo jice ae. Boekarema ere ia tugoda pawuje jice bai aoji, Jesus bukajeje. Ere bai ao jado, du poro jire ere nowu kogodureu pa kamoreu rawuje apo baito.		
BOR-CORBO-BM-MRK-002-005	MARCOS	MRK	2	5	Icare Jesus, tuiordui nowu emeartorae rakareu jitu keje, makore nowu pogora bokwareuji, akore: - Itonaregedu, iwudugugodure ai aro pegareu jamedu boeji.		
BOR-CORBO-BM-MRK-002-006	MARCOS	MRK	2	6	Boekarema, ia escribadoge emugure nonodu egore pui: -		
BOR-CORBO-BM-MRK-002-007	MARCOS	MRK	2	7	Kodiba awu imedu akomode oino? Mako pega nure! Ioguduba umode boe ero pegareu okwado? Pao baru tadawu tu je karega?		
BOR-CORBO-BM-MRK-002-008	MARCOS	MRK	2	8	Mare Jesus, tui emeardae pawuje du keje, akore ei: - Kodiba tameardaere oino tawabo tada?		
BOR-CORBO-BM-MRK-002-009	MARCOS	MRK	2	9	Inoba ureuba biamodukare: imagowo awu pogora pegareuji: Iwudugugodure aro pegareu jamedu boeji, oino ji, iarema inagowo ji: Aragojedo, akeragu apa komoreuji, amerudo, oino ji?		
BOR-CORBO-BM-MRK-002-010	MARCOS	MRK	2	10	Aro, kode, taerduwawo Imedu Onaregedu ro rakareu makudui aiduji (akore nowu pogora pegareuji). -		
BOR-CORBO-BM-MRK-002-011	MARCOS	MRK	2	11	Imire inagoino: Aragojedo! Akeragu apa kamoreuji, toro awai kae!		
BOR-CORBO-BM-MRK-002-012	MARCOS	MRK	2	12	"Icare ure turagojedo kuri je, ure tugeragu tuba kamoreuji, uture boe eegai rugadu. Nowu boe eiamedu boe eebogodure, ere Pao akaru kurido tuiegare tabo, tagoi oino du tabo: - Paerdu kigodukare awu inodu reoreboeji.
Jesus mare Levi."		
BOR-CORBO-BM-MRK-002-013	MARCOS	MRK	2	13	Icare uture pugeje pobo maereu okwa kae pugeje. Nowu boe makareuge ere tudo pui ae, ure eerduwado.		
BOR-CORBO-BM-MRK-002-014	MARCOS	MRK	2	14	Boekarema, tumerui nono du tabore icere jordure Levi, Alfeu onaregedu, mugui braei toe moridodu ja ira kejeduji. Icare akore ji: - Ako itabo! Icare ure turagojedo taci je, kodure apo.		
BOR-CORBO-BM-MRK-002-015	MARCOS	MRK	2	15	Du kejere icare, ia meri keje, Jesus ure tumugudo togwagewo nowu Levi uwai tada. Boere toe mori maku aiwu makareuge, mare ro pegareuge makareuge ere tumugudo apo, mugui nowu tudugarege ebodu apo, paga karega, kodure pudabowuge emagaguragare.		
BOR-CORBO-BM-MRK-002-016	MARCOS	MRK	2	16	Icare fariseudoge eno escribadoge, tuiordui okwagei ro pegareuge ebo, ure tugeragu brae emori jiwuge ebo duji du keje, egore ure jorduwadowuge ei: - Kodi icare, okwage nure ropegareuge ebo, publicanodoge ebo!		
BOR-CORBO-BM-MRK-002-017	MARCOS	MRK	2	17	Icare Jesus tumerdui egoinodu jitu du keje, akore: - Pemegareuge ewiapagakare jorubo kuru epa bogai mare kogodureuge u. Paga karega, itaregodure, mare imagowo pemegareuge ewogai karega, mare pegareuge ewogai.		
BOR-CORBO-BM-MRK-002-018	MARCOS	MRK	2	18	Ia meri keje pugeje, João ure jorduwadowuge mare fariseudoge etodoroga nure pudui. Du kodire boe etaregodure ae tunorawo ji, egore: - Kodiba João ure jorduwadowuge mare fariseudoge etodorogare pudui, are jorduwadowuge rema, etodorogakare pudui?		
BOR-CORBO-BM-MRK-002-019	MARCOS	MRK	2	19	Icare Jesus akore ei: - Kode, kodiba bakaru makudure aiwuge etodorogamode pudui, tugodui nowu iera makudure toreduje aiwu apo du tonaji? Nowu tugodui apo du tonaji etodorogamodukare pudui.		
BOR-CORBO-BM-MRK-002-020	MARCOS	MRK	2	20	Ia meri aregodumode nowu tawujedumode epiji du kae, du keje etodorogamode pudui.		
BOR-CORBO-BM-MRK-002-021	MARCOS	MRK	2	21	Boe emodukare aroia maiwu kobo bu aroia codureu poro keje; paga karega, aroia kobo maiwu umode aroia codureu ia okwa rawuje piji, du keje nowu mega pega jokodumode.		
BOR-CORBO-BM-MRK-002-022	MARCOS	MRK	2	22	"Boe emodukare parera kuru maiwu tugu pori codureuto. Boe eromode ino ma, nowu kuru umode nowu pori bowuje ma, rugadu okwamode. Mare parera kuru maiwu jamode pori maiwuce.
Jesus ore Sábado rema."		
BOR-CORBO-BM-MRK-002-023	MARCOS	MRK	2	23	Sabadore jiwu meriji, Pagimejera meru nure boepadoge ekao, du tabore, kodure apowu ure jorduwadowuge ere tugeragu ia trigo enari boeji.		
BOR-CORBO-BM-MRK-002-024	MARCOS	MRK	2	24	Icare fariseudoge egore ji: - Akaiwodo! Kodiba erore oinono sabadore jiwu meriji, boe eromodukare ino jiwu meriji?		
BOR-CORBO-BM-MRK-002-025	MARCOS	MRK	2	25	Jesus akore ewadaru jipagi: - Tamagokare Davi jiwu bapera atugoji, cewu tuge boire puduidu kodiboe keje, ema mare nowu metage?		
BOR-CORBO-BM-MRK-002-026	MARCOS	MRK	2	26	Kode, ure turemo Pao uwaito, Pao bure joiage eimejera iei Abiatar cedu kodiwu keje, ure enogwa kuridodure tabowu amireu kowuje, du tu Pao burejoiage emode kowuje, ure maku tumedage etai jamedu?		
BOR-CORBO-BM-MRK-002-027	MARCOS	MRK	2	27	Icare akore ei pugeje: - Du kodire Imedu Onaregedu ore Sábado rema jamedu.		
BOR-CORBO-BM-MRK-003-HEAD-001	MARCOS	MRK	3		Jesus ui ia iera bireu imedu pemegagodu.		Cabeçalho/subtítulo editorial da fonte.
BOR-CORBO-BM-MRK-003-001	MARCOS	MRK	3	1	Ia kodiboe keje pugeje, Jesus ure turemo sinagogato pugeje; nonore ia imedu iera bireu muguradu nono.		
BOR-CORBO-BM-MRK-003-002	MARCOS	MRK	3	2	Icare (onare jiwuge) enoebatodure ji tuiorduwo iogomode ji sabadore jiwu meri keje du bogai, togiru pegawo jitu bogai.		
BOR-CORBO-BM-MRK-003-003	MARCOS	MRK	3	3	Icare akore nowu iera bireuji: - Mato boiado.		
BOR-CORBO-BM-MRK-003-004	MARCOS	MRK	3	4	Icare unoragodure ei, akore: - Boe ero pemegamodukana, iarema boe ero pegamodukana sabadore jiwu meri keje? Boekana umode pu inorudo, iarema boekana umode pu bito?  Mare emagokare.		
BOR-CORBO-BM-MRK-003-005	MARCOS	MRK	3	5	Du koiare ure tuioku okorido jice eiogi, kiarigodure tuiordui ewabo kugudukaduji, du keje icare akore nowu imeduji: - Akera inogido. Ure tugera inogido, du tonaji, iera pemegagodure.		
BOR-CORBO-BM-MRK-003-006	MARCOS	MRK	3	6	"Icare fariseudoge ere tudawuje nowu piji tumagowo herodianodogoei inoba turomode tuwo bito.
Jesus uwadodui ika tadadu pijidu."		
BOR-CORBO-BM-MRK-003-007	MARCOS	MRK	3	7	Jesus ure tudawuje ture jorduwadowuge ebo nowu kuruga kae. Ia boe makareuge etaregodui Galiléia pijidu ekodure apo.		
BOR-CORBO-BM-MRK-003-008	MARCOS	MRK	3	8	Judéia piji, Jerusalém piji, Idumeia piji, Jordão okwa bakoboe piji, Tiro, Sidão oieiboe piji, ia boe makareuge etaregodure ae, tumeardui roboe jitu koia.		
BOR-CORBO-BM-MRK-003-009	MARCOS	MRK	3	9	Icare ure nowu ture jorduwadowuge eiagu ika kurireu udo turugadu, nowu boe makareuge eiokawo tu tuwugeje.		
BOR-CORBO-BM-MRK-003-010	MARCOS	MRK	3	10	Ure iage epemegagodu makaguragado, du kodire kogodureuge eiamedu boe ere tuburedo jice ji, tugera jetuwo ji.		
BOR-CORBO-BM-MRK-003-011	MARCOS	MRK	3	11	Aror pegareudoge eerdui jitu du keje ere tubujodo jokorai toiogwari tabo: - Aroe Eimejera Onaregedu nure aki.		
BOR-CORBO-BM-MRK-003-012	MARCOS	MRK	3	12	"Mako maere ei tumago okori tabo, ekawo boedo boe pa pudui.
Jesus ui tugeragu ture jorduwadowuge ei pagera pudogidure pobe taci iwurekoto duji pudaedu."		
BOR-CORBO-BM-MRK-003-013	MARCOS	MRK	3	13	Du kejere Jesus ruture ia torekodu ao kae, makore taidure jiwuge ewogai. Eture ae.		
BOR-CORBO-BM-MRK-003-014	MARCOS	MRK	3	14	Ure togiegi etoiado jetumode pudabowugei, du ere ikera pudogidure pobe taci iwurekoto.		
BOR-CORBO-BM-MRK-003-015	MARCOS	MRK	3	15	Umode etudo boe etae, ewadoduwo boei, tui ero raka maku etai ewo  Aroe pegareuge ewarigu du bogai.		
BOR-CORBO-BM-MRK-003-016	MARCOS	MRK	3	16	Ure togiegi awugei ikera pudogidure pobe taci iwurekotowugei: Simão iei Pedro cedu.		
BOR-CORBO-BM-MRK-003-017	MARCOS	MRK	3	17	"Nowu Zebedeu onaregedu iei Tiago cedu, mare uwie João, duwugere ure eiedo 
Boiaruru Ore oino ei."		
BOR-CORBO-BM-MRK-003-018	MARCOS	MRK	3	18	André, Filipe, Bartolomeu, Mateus, Tiago nowu Alfeu onaregedu, Tadeu, Simão Aiworeu.		
BOR-CORBO-BM-MRK-003-019	MARCOS	MRK	3	19	Mare Judas Iscariote, duwu koiare ure maku.		
BOR-CORBO-BM-MRK-003-020	MARCOS	MRK	3	20	Du kejere, ere tuiodo tuwugeje taci tuwai kae. Du kaere ia boe makareuge ere tudo pui ae pugeje, du koiare eroiwakare tuwo boe kowuje jamedu.		
BOR-CORBO-BM-MRK-003-021	MARCOS	MRK	3	21	Icare uwobe emeardui nowu inoduji du keje, eture jice ae, tuwo tugeragu ji, paga karega, egore: - Aora bai bai nure.		
BOR-CORBO-BM-MRK-003-022	MARCOS	MRK	3	22	Jamedu, cewu ure turawuje Jerusalém pijiwu escribadoge egore: - Aroe pegareu  meture tada.  Aroe pegareuge eimejera koiare ure  Aroe pegareuge ewarigu.		
BOR-CORBO-BM-MRK-003-023	MARCOS	MRK	3	23	Jesus rema, ure edo tudo pui puae, icare makore ei awu bakaru tabo: - Inoba Aroe pegareu  romode tuwo Aroe pegareu  barigu?		
BOR-CORBO-BM-MRK-003-024	MARCOS	MRK	3	24	Kode, ia jeture to moto kejewuge emode tudo tuginoi ma, eragoje raimodukare.		
BOR-CORBO-BM-MRK-003-025	MARCOS	MRK	3	25	Jamedu, ia boe etuwobe emode tudo tuginoi ma, umode tudo pubiji, eragoje raimodukare jamedu.		
BOR-CORBO-BM-MRK-003-026	MARCOS	MRK	3	26	Aror pegareu umode tawogado pudui ma, umode tudo puibiji, du utumodukare todobiji, mare akedu rumode.		
BOR-CORBO-BM-MRK-003-027	MARCOS	MRK	3	27	Iaboe iaboe eroiwamodukare tuwo turemo ia ro rakare imedu uwaito ciwoguwo ia oroeji tukai kogudo du keje. Mare tui kogudo du kejere, eiwogumode oroeji uwai piji.		
BOR-CORBO-BM-MRK-003-028	MARCOS	MRK	3	28	Boe jokodu jire inagomode oino tai: Ime ero pegareu jamedu boe butugugodaemode, jamedu ewadaru pegareu jamedu boe jamedu.		
BOR-CORBO-BM-MRK-003-029	MARCOS	MRK	3	29	Mare cewu bataru pegare Aroe Pemegareu jiwuge, butugugodaemodukare ji jii je, mare nowu ero pegareu okwamodukare epiji jii je.		
BOR-CORBO-BM-MRK-003-030	MARCOS	MRK	3	30	"Jesus akore oino, mare paga tu je karega, egore: - Aroe pegareu  meture tada. oino ji, du koiare akoino.
Jesus uwobe remawuge."		
BOR-CORBO-BM-MRK-003-031	MARCOS	MRK	3	31	Uce aregodure uwiemage ebo, eedure toro baawadu keje, du pijire ere boe emagodo bogai.		
BOR-CORBO-BM-MRK-003-032	MARCOS	MRK	3	32	Boekarema, boe makareuge eedure nono tumago tabo oiei du egore ji: - Ace rakojere nono baawadu keje awiemage ebo, eemaru nure awogai.		
BOR-CORBO-BM-MRK-003-033	MARCOS	MRK	3	33	Icare akore ei: - Ioguduba imuga rema, ioguduba mageba iwiemagere emage?		
BOR-CORBO-BM-MRK-003-034	MARCOS	MRK	3	34	Icare tui tuioku maedo nowu jeture pudabowuge eiogi du keje, akore: - Imuga reo, iwiemage reo.		
BOR-CORBO-BM-MRK-003-035	MARCOS	MRK	3	35	Cewu rore nono Pao aidu reoreu, nowu iwie nure ema, ituie nure ema, imuga nure ema.		
BOR-CORBO-BM-MRK-004-HEAD-001	MARCOS	MRK	4		Ure boe a tuguwu jiwu bakaru.		Cabeçalho/subtítulo editorial da fonte.
BOR-CORBO-BM-MRK-004-001	MARCOS	MRK	4	1	Jesus ure boe eerduwado pugeje kuruga kurireu jipa keje. Boe makareuge ere tudo pui apo pugeje, du koia ure taredo ika kurireuto, nowu pobo maereu tada. Nowu boe makareuge eiamedu boe eedure nono moto keje pobo okwai.		
BOR-CORBO-BM-MRK-004-002	MARCOS	MRK	4	2	Ure kogado ewiegaiboe kuricigo, bakaru tabo.		
BOR-CORBO-BM-MRK-004-003	MARCOS	MRK	4	3	Akore: - Tawiapagado. Ure boe a tuguwu uture to boepato tuwu boe a tugu.		
BOR-CORBO-BM-MRK-004-004	MARCOS	MRK	4	4	Ui boe a tugu du tonaji, ia boe a buture awara okwai; kiege barege etaregodure, ere kowuje.		
BOR-CORBO-BM-MRK-004-005	MARCOS	MRK	4	5	Ia a buture toripegato, moto okwatorukareu keje. Du a boture kuri je, paga karega, moto okwatorukare jitu kodi.		
BOR-CORBO-BM-MRK-004-006	MARCOS	MRK	4	6	Mare meri joku aregodure kuri je, kowudure, kidure kuri je ukwa bokware du kodi.		
BOR-CORBO-BM-MRK-004-007	MARCOS	MRK	4	7	Ia a buture botoguru, du botoguruto boture, ure cewu a boturedu bito, du enari bokware.		
BOR-CORBO-BM-MRK-004-008	MARCOS	MRK	4	8	Ia a buture moto pemegareuto. Ricodure, ure turugadu, enari boture, du ia aregodure trinta kae, ia aregodure sessenta kae, ia aregodure cem kae.		
BOR-CORBO-BM-MRK-004-009	MARCOS	MRK	4	9	Icare akore: - Biajareu, meardumode.		
BOR-CORBO-BM-MRK-004-010	MARCOS	MRK	4	10	Du keje icare, tuiedui tuginoi du keje, nowu jeture oieiwuge, mare ure jorduwadowuge enoragodure ji inoba nowu bakaru jiba akoino.		
BOR-CORBO-BM-MRK-004-011	MARCOS	MRK	4	11	Icare akore ei: - Taire boe biareu Pao o boe pemegareu kogadodure, mare okwacere awu inodu pijiwuge eire boe emagore awu inodu jameduji bakaru tabo.		
BOR-CORBO-BM-MRK-004-012	MARCOS	MRK	4	12	Awu inodu tabo, etaiwore tuiorduka du tabo, emeardure tukai pawuje du tabo, tukai tubemegado, du koiare ero pegareu butugugodae bokware.		
BOR-CORBO-BM-MRK-004-013	MARCOS	MRK	4	13	Icare akore ei pugeje: - Takare awu bakaru pawuje?		
BOR-CORBO-BM-MRK-004-014	MARCOS	MRK	4	14	Ure boe a tuguwu ure nono ure Pao bataru aododureu rema.		
BOR-CORBO-BM-MRK-004-015	MARCOS	MRK	4	15	Cewu ia a buture awara kejedu ure nono cewu meardure Pao bataru jiwu, mare meardui jitu keje kuri je, Aroe pegareu  aregodure, ure tawuje piji.		
BOR-CORBO-BM-MRK-004-016	MARCOS	MRK	4	16	Iage ere nono cewu a buture toripegatowu reore, tumeardui jitu keje ere tugeragu ji tuiegare tabo.		
BOR-CORBO-BM-MRK-004-017	MARCOS	MRK	4	17	Mare ukwa bokware du koia, ukwa rekare kao du koiare, eroiwakare pudabo, icare ia boe pegareu, boe etonare puiwu aregodure nowu bakaru koia ma, erore domi domi je.		
BOR-CORBO-BM-MRK-004-018	MARCOS	MRK	4	18	Iage pugeje, a makudure etai botoguru tada: emeardure Pao bataruji.		
BOR-CORBO-BM-MRK-004-019	MARCOS	MRK	4	19	Mare awu moto kejewu boe ero boe ego boe, boe ewiapagai toroe kurireu bogaidu, boe emeardae pegareu boe, ure inodu okwadu, du koia otojiwu boe pemegareu bokware.		
BOR-CORBO-BM-MRK-004-020	MARCOS	MRK	4	20	"Cewu a buture moto pemegareu kejewu ure nono meardure bataru jiwuge, ere tugeragu ji, duwu otojiwu boe pemegareu ure trinta, ure sessenta, ure cem tubemega tabo.
Jorugu jiwu bakaru."		
BOR-CORBO-BM-MRK-004-021	MARCOS	MRK	4	21	Akore ei jamedu: - Boe emodukana jorugu mugudo ruwobo kuda, iarema kamoreu kuda? Kode mugudodumodukare jorugu tumuga keje karega?		
BOR-CORBO-BM-MRK-004-022	MARCOS	MRK	4	22	Ia jetu biadodureu jamedu boe, jetu biadodumodukare. Nowu boe enogwa podure jiboe jamedu boe, awadudodumode jamedu.		
BOR-CORBO-BM-MRK-004-023	MARCOS	MRK	4	23	Biajareu meardumode.		
BOR-CORBO-BM-MRK-004-024	MARCOS	MRK	4	24	Akore pugeje: - Tameardu awadudo tai nowu tameardure jiboeji. Tago boe remagudu reorere taremagudodumode jamedu, du kodumode gu tugori.		
BOR-CORBO-BM-MRK-004-025	MARCOS	MRK	4	25	"Oroereu, ia makudumode pemega ai pugeje; ia boekare apowu, ure tu apoboe arudumode piji.
Boe a boturedu jiwu bakaru."		
BOR-CORBO-BM-MRK-004-026	MARCOS	MRK	4	26	Akore jamedu: - Pao o boe pemegareu ure nono cewu imedu magai boe a roto ja ja toro moto joki reore.		
BOR-CORBO-BM-MRK-004-027	MARCOS	MRK	4	27	Boecodure, undure, barogwa kododu tabore ure turagojedo. Nowu inodu tonaji, cewu ure tuguboe boture, ukadui boe pa du tabo.		
BOR-CORBO-BM-MRK-004-028	MARCOS	MRK	4	28	Paga karega moto taobiji rugadure ure botudo, ure ira botudo, du a makaguragare cirato.		
BOR-CORBO-BM-MRK-004-029	MARCOS	MRK	4	29	"Icare, kidure du keje, ure jepara to ji, mare paga karega, boe aregodure boewo tugeragu ji du kae du kodi. 
Mostarda a jiwu bakaru."		
BOR-CORBO-BM-MRK-004-030	MARCOS	MRK	4	30	Akore jamedu: Kakoduwuba pamode remagu Pao o boe pemegareuji? Iarema kakoduwu bakaruba pamode jebato nowu inoduji?		
BOR-CORBO-BM-MRK-004-031	MARCOS	MRK	4	31	Ure nono mostarda a biega reore du, tugudure du keje, a biega rogu remawure areboe jamedu boe kori.		
BOR-CORBO-BM-MRK-004-032	MARCOS	MRK	4	32	Mare a tugudu rekodaji, ricodure, kurire nowu tugudure nono boe jamedu boe kori, iturare tumaedo, du inodu koia, kiege barege ere tamudo utugu tada.		
BOR-CORBO-BM-MRK-004-033	MARCOS	MRK	4	33	Ure Pao bataru kogado ei makareu bakaru tabo, awuge ekodaji rugadu, uwo nono eroiwa reore bogai.		
BOR-CORBO-BM-MRK-004-034	MARCOS	MRK	4	34	"Makore ei, mare tu bakaru tabo. Mare nowu ture jorduwadowuge ei, ure jamedu boe kogadu tu tuginoi.



Jesus ure pobo bakuru maereu butugugo."		
BOR-CORBO-BM-MRK-004-035	MARCOS	MRK	4	35	Nowu meri rekodu tabo, akore ei: - Pawo pagado toro bakowuto.		
BOR-CORBO-BM-MRK-004-036	MARCOS	MRK	4	36	Boe eedui nono du piji ere Jesus kodudo pudabo, nono tumagai du reorere, ika kurireu tada. Ia ikadoge ekodure meji.		
BOR-CORBO-BM-MRK-004-037	MARCOS	MRK	4	37	Nowu inodu tonaji, ia boe pegareu ure tudowuje. Du kodiwu koia ure pobo barigu ika kurireuto, du koia okorobadugodure pobo tabo.		
BOR-CORBO-BM-MRK-004-038	MARCOS	MRK	4	38	Jesusrema padure ika kurireu opo jaogwai, tunu tabo, tao kudawu keje. Ere jetadudo, egore ji: - Cegimejera, aromodukare gara gara cai pawogwagodure duji?		
BOR-CORBO-BM-MRK-004-039	MARCOS	MRK	4	39	Icare ure turagojedo, makore bakuruji, makore pobo maereuji, akore:  - Ieripo! Urugadu!  Icare bakuru akedure, boe motureu nure pugeje.		
BOR-CORBO-BM-MRK-004-040	MARCOS	MRK	4	40	Icare akore ei: Mure, tabagudu remawu radure. Tameartoru bokwa kimo rabodu!		
BOR-CORBO-BM-MRK-004-041	MARCOS	MRK	4	41	Enogorobadure tubagudu koia, egore jice woje pui: - Kakoduwu imedubao? Duwu bakuru, pobo maereu emeartorure bataruji?		
BOR-CORBO-BM-MRK-005-HEAD-001	MARCOS	MRK	5		Aroe pegareuge emedure tadawu imedu.		Cabeçalho/subtítulo editorial da fonte.
BOR-CORBO-BM-MRK-005-001	MARCOS	MRK	5	1	Ere pagado kuruga okwa bakowu kae, Gerasa kejewuge eno moto kae.		
BOR-CORBO-BM-MRK-005-002	MARCOS	MRK	5	2	Ei turawuje ika kurireu piji du keje kuri je, ia imedu Aroe pegareu  metui tadadu ure tuiebu bireuge eiao piji, kodure jice Jesus togi.		
BOR-CORBO-BM-MRK-005-003	MARCOS	MRK	5	3	Mugu mugure aroe eiao kao, boe eroiwakare tuwo ieragogudo, jamedu meriri iku tabo karega jamedu.		
BOR-CORBO-BM-MRK-005-004	MARCOS	MRK	5	4	Ica, boe erore ino ji, mare ure rugadu kado kado, iaboe iaboe eroiwakare ji.		
BOR-CORBO-BM-MRK-005-005	MARCOS	MRK	5	5	Boe jameduji, meri jameduji meru merure bireuge eiao kao, tori raireu boe kao, toiogwari tabo, tui togorido tori boe tabo.		
BOR-CORBO-BM-MRK-005-006	MARCOS	MRK	5	6	Boekarema, tuiordui Jesusji jaegiri du keje, rekodure jice togi, ure tubujodo ji, makore ji toiogwari rakareu tabo.		
BOR-CORBO-BM-MRK-005-007	MARCOS	MRK	5	7	Akore: - Kaba jiba akaidure ii, Jesus, Aroe Eimejera baru tadawu Onaregedu? Inogwamagudu nure ai Pao ie tabo, arokaba ia aro ii!		
BOR-CORBO-BM-MRK-005-008	MARCOS	MRK	5	8	Paga karega, Jesus akore ji: - Aroe pegareu  pegareu, atawuje nowu imedu piji.		
BOR-CORBO-BM-MRK-005-009	MARCOS	MRK	5	9	Du kejere Jesus unoragodure ji: - Inoba akiere?  Akore: - Ikiere makareuge, oinodu rema, cemagaguragare kodi.		
BOR-CORBO-BM-MRK-005-010	MARCOS	MRK	5	10	Enogwamagudure ji ukawo tuwarigu nowu tumugurewo piji.		
BOR-CORBO-BM-MRK-005-011	MARCOS	MRK	5	11	Boekarema, jugoreuge enogwagere nono torekodu parugajeje.		
BOR-CORBO-BM-MRK-005-012	MARCOS	MRK	5	12	Icare nowu  Aroe pegareuge emagore ji, enogwamagudure ji, egore: - Cedudo jewu jugoreuge etae, cewo cedugu eto.		
BOR-CORBO-BM-MRK-005-013	MARCOS	MRK	5	13	Jesus udo ino rugadu. Kodire  Aroe pegareuge ere tudawuje, ere tudugu jugoreuge eto. Nowu makareuge ei 2.000 cedu, ere tuwarigu pobo maereuto, ewogware poboto, ewire.		
BOR-CORBO-BM-MRK-005-014	MARCOS	MRK	5	14	Icare cewu jeture nowu jugoreuge eiwuge, eregodure, ereadodure nowu boerewoji nowu bakurireu tada, oiei jamedu.		
BOR-CORBO-BM-MRK-005-015	MARCOS	MRK	5	15	Icare ere tuburedo jice Jesusji, eerdure cewu Aroe pegareu  meture tadawu mugui tu, ukudawu aroia padui kejeduji, du kioroi tu je duji, emaia cewu Aroe pegareu  makareuge emedure tada. Icare epagudugodu ure tubodo ebo.		
BOR-CORBO-BM-MRK-005-016	MARCOS	MRK	5	16	Jordureuge enogwa jeture nowu Aroe pegareu  meture tadawu jiboeji, nowu jugoreuge eiboeji jamedu.		
BOR-CORBO-BM-MRK-005-017	MARCOS	MRK	5	17	Kodi icare nowu boe enogwamagudure ji uwo turodo oino nowu eno moto piji.		
BOR-CORBO-BM-MRK-005-018	MARCOS	MRK	5	18	Ui taredo ika kurireuto du tonaji, cewu ure  Aroe pegareuge etawuje pijiwu imedu aregodure mato ae, togwamaguduwo ji umode tugodudo apo du bogai.		
BOR-CORBO-BM-MRK-005-019	MARCOS	MRK	5	19	Mare Jesus akore ji: - Umodukare ino. Atumode awai kae, toro awobe etae, areadoduwo Pao ro pemegareu kurireuji, inoba okudure akabo duji ewiegai.		
BOR-CORBO-BM-MRK-005-020	MARCOS	MRK	5	20	"Kodi icare uture, icare readodure nowu bakurireuge etada Jesus ro pemegare puduiboe jamedu boeji. Kodi icare nowu boe erore ta... je.
Jairo okwamagudae."		
BOR-CORBO-BM-MRK-005-021	MARCOS	MRK	5	21	Jesus ure pagado bakowu kae pugeje, du keje boe makereuge ere tudo pui ae pugeje.		
BOR-CORBO-BM-MRK-005-022	MARCOS	MRK	5	22	Mugure pobo maereu okwai, du keje, sinagoga kejewuge ia eimejera iei Jairo cedu, kodure ae, ure tuwarigu jice bure paru.		
BOR-CORBO-BM-MRK-005-023	MARCOS	MRK	5	23	Okwamagudure ji, akore: - Itonaregedu aredu okwa puredugodu. Mato, awo akera bu keje ma, bi kawo, mare jewo pugeje.		
BOR-CORBO-BM-MRK-005-024	MARCOS	MRK	5	24	Jesus kodure apo, boe makareuge ekodure apo tuioi tu keje du tabo.		
BOR-CORBO-BM-MRK-005-025	MARCOS	MRK	5	25	Kode, arire turopegado ia aredu jitu, jorui ikera pudogidure iwurekoto pobe taci jedu, muguradu nono.		
BOR-CORBO-BM-MRK-005-026	MARCOS	MRK	5	26	Jiwo kuricigore jorubokuru epage brae ekera keje, tui toroe jamedu maku etai du tabo, tuiordukai tu tugiwaripomodedu bogai, mare tubegagodui gu gu je duji.		
BOR-CORBO-BM-MRK-005-027	MARCOS	MRK	5	27	Tumeardui Jesus akaru jitu keje, kodure jice rekodaji, boe makareuge ekao, icare iera jeture ukudaeji.		
BOR-CORBO-BM-MRK-005-028	MARCOS	MRK	5	28	Akore pudui taobiji: - Ikera jetumode ukudae okwa roguji ma, ipemegagodumode.		
BOR-CORBO-BM-MRK-005-029	MARCOS	MRK	5	29	Nowu inodu tonaji kuri je, nowu epae akedure taci je, ure boe pa tuie turugadu duji.		
BOR-CORBO-BM-MRK-005-030	MARCOS	MRK	5	30	Du tabore icare Jesus ure boe pawuje kuri ia turo rakareuie tudawuje tubiji duji. Ure tuie kirimi nowu boei, akore: - Ioguduba iera jeture ikudaeji?		
BOR-CORBO-BM-MRK-005-031	MARCOS	MRK	5	31	Nowu ure jorduwadowuge egore ji: - Aerudu nure oino awu boe makareuge eioi tu awugeje duji, mare du inodu tabo anorare: - Ioguduba iera jeture ii?		
BOR-CORBO-BM-MRK-005-032	MARCOS	MRK	5	32	Icare ure tuiemaedo toiei tuiorduwo ioguduba roinodu bogai.		
BOR-CORBO-BM-MRK-005-033	MARCOS	MRK	5	33	Kode, nowu aredu tamagadui tubagudu koia du tabore, jorduware inoba boeie pudui duji, ure tuwarigu jice bure paru kae, icare readodure biegai boe jokoduboe remawu jameduji.		
BOR-CORBO-BM-MRK-005-034	MARCOS	MRK	5	34	Icare Jesus akore ji: -Itonaregedu, ameartoraere akinorudo. Toro boe pemegai ai du tabo. Akogodae jamedu boere tuwuredo.		
BOR-CORBO-BM-MRK-005-035	MARCOS	MRK	5	35	Mako kimo oinodu otoi, ia aregodure sinagoga kejewuge eimejera uwai piji, tagoi: - Akonaregedu nogwaredu rogu bire; kode kodiba amagomode pagimejeraji kimo?		
BOR-CORBO-BM-MRK-005-036	MARCOS	MRK	5	36	Jesus, tumeardui inodu jitu keje, makore sinagoga kejewuge eimejeraji, akore: - Apagudu kaba, mare ameartorudo tu je.		
BOR-CORBO-BM-MRK-005-037	MARCOS	MRK	5	37	Ukare iaboe iaboe ekodudo pudabo, mare Pedro, Tiago, uwie João, tu je.		
BOR-CORBO-BM-MRK-005-038	MARCOS	MRK	5	38	Taregodui sinagoga kejewuge eimejera uwai kae du keje, jordure boe ekodui jice woje, jice woje, toragudu tabo, tui maidodu tabo duji.		
BOR-CORBO-BM-MRK-005-039	MARCOS	MRK	5	39	Icare ure tuiodo eto, akore ei: - Kodiba awu boe enoiogwarire oino? Etoragudure oino? Nogwaredu rogu bika, unudu nure.		
BOR-CORBO-BM-MRK-005-040	MARCOS	MRK	5	40	Mare enogwarigodure ji. Icare ure boe eiamedu boedo tudawuje nowu piji, ure tugeragu uoji, uceji, ure tugeragu cewu pudabowugei, ure turemo ebo.		
BOR-CORBO-BM-MRK-005-041	MARCOS	MRK	5	41	Ure tugera kogudo nowu nogwaredu rogu iera kajeje, akore ji: - Talita kum. Nowu akoinodu ure oino: - Nogwaredu rogu, inagore ai: Aragojedo.		
BOR-CORBO-BM-MRK-005-042	MARCOS	MRK	5	42	Nowu inodu keje kuri je, nowu nogwaredu rogure turagojedo, icare merure (O joru buture ikera pudogidure iwure awubowuto pobe). Nowu jeture apowu boe epagudugodu kuricigore.		
BOR-CORBO-BM-MRK-005-043	MARCOS	MRK	5	43	Ure tumago okorido nowu boei akore ei emago kaiagu iaboe iaboe ewiegai. Icare akore eiagu okwagedo.		
BOR-CORBO-BM-MRK-006-HEAD-001	MARCOS	MRK	6		Jesus rakojei Nazaré kejedu.		Cabeçalho/subtítulo editorial da fonte.
BOR-CORBO-BM-MRK-006-001	MARCOS	MRK	6	1	Du kejere uture nowu piji to moto kae, ure jorduwadowuge ekodure apo.		
BOR-CORBO-BM-MRK-006-002	MARCOS	MRK	6	2	Sabadore jiwu meri aregodure du keje, ure sinagoga kejewuge eerduwado pugeje. Makareuge ewiapagare du eebogodu kurire tuieroi ta je du tabo, egore: - Kaiba awu inoduboe aregodure ae? Inoba kodiba awu ro pemegareu kurireu padure iera keje?		
BOR-CORBO-BM-MRK-006-003	MARCOS	MRK	6	3	Cewu ira epa onaregedu karega? Uce karega Maria rema? Tiago, José, Judas, Simão etuwie karegao? Utuiemage emugukare woe cedabo?  Ekare boe pawuje kakoduwuba.		
BOR-CORBO-BM-MRK-006-004	MARCOS	MRK	6	4	Mare Jesus akore ei: - Ia bakaru pemegareu epa, barigudure pudui to moto keje, tuwobe etada, tuwai keje tu rugadu.		
BOR-CORBO-BM-MRK-006-005	MARCOS	MRK	6	5	Roiwakare tuwo ia turo pemegareu kurireu kuo nono. Ure ia kogodureuge enowaroi tu je du epemegago, tui tugera bu ewugeje du tabo.		
BOR-CORBO-BM-MRK-006-006	MARCOS	MRK	6	6	"Jerore ta, emeartoru bokware duji. Kodure jice, kodure woje, tui boe eerduwado du tabo.
Apostolodoge emaragodae."		
BOR-CORBO-BM-MRK-006-007	MARCOS	MRK	6	7	Nowu kodi, makore ture jorduwadowugei, ure edo pobe tu tu tu, ure ero raka maku etai Aroe pegareu dogei.		
BOR-CORBO-BM-MRK-006-008	MARCOS	MRK	6	8	Akore ekaiagu iaboe iaboe reko awaraji, mare tu ioto rugadu. Amireu karega, kodorabo karega, diiero metui tugajejewu tadadu karega jamedu.		
BOR-CORBO-BM-MRK-006-009	MARCOS	MRK	6	9	Ewure tadawu kaiagu jamedu, mare ewurekia kejewu tu rugadu. Ekaiagu tugudaedo pobe pudui.		
BOR-CORBO-BM-MRK-006-010	MARCOS	MRK	6	10	Akore ei jamedu: - Tamode taremo ia baito du keje, taedu rugadu tu nono jii tadu kae.		
BOR-CORBO-BM-MRK-006-011	MARCOS	MRK	6	11	Ia boe eeda keje boe emodukare tugeragu tai, ewiapagamodukare tai ma, tadudo nowu piji, tawure jukodo moto uruguduji, uwo nono inodu padui eporu kejedu kodiwore.		
BOR-CORBO-BM-MRK-006-012	MARCOS	MRK	6	12	Icare eture, enogituware boei boe etodorogawo pudui.		
BOR-CORBO-BM-MRK-006-013	MARCOS	MRK	6	13	"Ere makareu  Aroe pegareuge ewarigu, ewarigu, eiogore makareu kogodureugei boe kaguru tabo, du ere epemegago.
João Batista biredu."		
BOR-CORBO-BM-MRK-006-014	MARCOS	MRK	6	14	Brae eimejera Herodes meardure boe emagoi Jesus jituji, du ie kurigoduie ure duji. Icare akore pudui: - João Batista jewodure bireuge epiji, nowu inodu koia, ure turo pemegareu kurireu towuje.		
BOR-CORBO-BM-MRK-006-015	MARCOS	MRK	6	15	Iage egore: -Elias reno. Iage egore: - Ia tumedage ereoreo profeta reno.		
BOR-CORBO-BM-MRK-006-016	MARCOS	MRK	6	16	Herodes, tumeardui nowu inodu jitu keje, akore pugeje: - João, cewu ire itoru kadowu reno, duwu jewodure.		
BOR-CORBO-BM-MRK-006-017	MARCOS	MRK	6	17	Paga karega, emare ure João ieragogudo meriri tabo baicoreu tada, Herodiades tuwie Filipe oreduje, du apore mugure, du koia.		
BOR-CORBO-BM-MRK-006-018	MARCOS	MRK	6	18	João makore Herodeji: - Ukare turugadu amuguwo awie oreduje apo.		
BOR-CORBO-BM-MRK-006-019	MARCOS	MRK	6	19	Du kodire Herodades kodu kagirire ji, aidure tuwo bito, mare roiwakare.		
BOR-CORBO-BM-MRK-006-020	MARCOS	MRK	6	20	Paga karega, Herodes meartorure Joãoji kodi, jordure imedu pemegareuie ure ema duji, iera brarere ji, meardui mako jitu keje uredugodure pudui, mare du inodu tabo biapagare ji taidu tabo.		
BOR-CORBO-BM-MRK-006-021	MARCOS	MRK	6	21	Mare ia meriji o joru buture jiwu aregodure du jire Herodes ure tuwai kejewu brae eimejerage, mare Galiléia kejewu brae kurireuge enogwagedo tuwai tada.		
BOR-CORBO-BM-MRK-006-022	MARCOS	MRK	6	22	Herodíades onaregedu aredu aregodure mato turerui nono du kae. Herodes mare metage eegare kuricigore roinoduji. Icare nowu brae eimejera akore: - Akogwamagududo ii akaidumode jiboe bogai, imode maku akai rugadu.		
BOR-CORBO-BM-MRK-006-023	MARCOS	MRK	6	23	Ure tuwadaru maku oino: - Akogwamagudumode ii bogaiboe jamedu imode makai, ino moto umode jamedu du keje, imode kado oiado akai.		
BOR-CORBO-BM-MRK-006-024	MARCOS	MRK	6	24	Ure tudawuje tunorawo tujeji: - Kaba bogaiba inogwamagudumode?  Uce akore: - Akogwamagududo João Batista aora bogai.		
BOR-CORBO-BM-MRK-006-025	MARCOS	MRK	6	25	Tui turemo kuri je du keje, ure bie taidure jiboeji, akore: - Itaidure kuri je awo João Batista aora makinai.		
BOR-CORBO-BM-MRK-006-026	MARCOS	MRK	6	26	Icare brae eimejera kiarigodure tu je, mare tui tuwadaru maku du koia, jamedu nowu tumedage eigoia, aidukare tuwo turodo oino nowu inodu piji.		
BOR-CORBO-BM-MRK-006-027	MARCOS	MRK	6	27	Kuri je ure ia utugare torigarai utudo toro João Batista aora bogai. Du uture tui João Batista itoru kado baicoreu tada du kae.		
BOR-CORBO-BM-MRK-006-028	MARCOS	MRK	6	28	Ure aora reko mato upe eworeu tabo, ure jodo tuku nowu aredu rogu keje.		
BOR-CORBO-BM-MRK-006-029	MARCOS	MRK	6	29	"Nowu Joãore jorduwadowuge emeardure inodu akaruji, du kejere eture toro bogai. Ere tugu ia aroe eiaoto.
	Jesus ui boe makareuge enogwagedo."		
BOR-CORBO-BM-MRK-006-030	MARCOS	MRK	6	30	Apostolodoge ere tugirimi jice Jesus ae, ereadodure biegai tuiordure jiboe jamedu boejei, ture boe eerduwado jiboe jamedu boeji.		
BOR-CORBO-BM-MRK-006-031	MARCOS	MRK	6	31	Akore ei: - Mato, nowu boe epiji, tagamudo tu jao. Mare paga karega, boe eture toro, ekodure mato du emagaguragare, du koia apostolodoge eroiwakare tuwo iaboe rogu boe kowuje.		
BOR-CORBO-BM-MRK-006-032	MARCOS	MRK	6	32	Icare eture ika kurireu tabo ia boe biareu kae epiji.		
BOR-CORBO-BM-MRK-006-033	MARCOS	MRK	6	33	Mare boe eerdure etuieduji, du koiare ia makereugere boe pawuje kaiba ekodumodewoji, du kodi icare bakurireu jamedu boe piji boe eture tuwure tabo cewu ekodurewo kae, etaregodure boetoji etododai.		
BOR-CORBO-BM-MRK-006-034	MARCOS	MRK	6	34	Icare, tui tudawuje ika kurireu piji du keje, Jesus jordure nowu boe makareugei, okudugodure tu ebo, mare paga karega, ere nono boe eetukare jiwu ovelhadogere kodi. Ure eerduwa makaguragado.		
BOR-CORBO-BM-MRK-006-035	MARCOS	MRK	6	35	"Meri jogodu remawu kejere, nowu ure jorduwadowuge etaregodure ae, egore ji: 
Boe eedukare woe, meri rekodu nure."		
BOR-CORBO-BM-MRK-006-036	MARCOS	MRK	6	36	Akimadudo ebo, etuwo, ewo iaboe rogu aru tugeje, ia boe emugu puredure boe kae, ia bakurireu mugu puredure boe kae.		
BOR-CORBO-BM-MRK-006-037	MARCOS	MRK	6	37	Emarema, akore ei: - Tagi rugadure tamode enogwagedo. Icare egore ji: - Kode, kakoduwu meriri tabo cemode akirodo amireuji ekeje?		
BOR-CORBO-BM-MRK-006-038	MARCOS	MRK	6	38	Icare unoragodure ei: - Inoba amireure tagabo? tagado bogai. Eerdure ia roguji dukeje egore ji: - Ure ikera awubodure, kare kugure ere pobe tu je jamedu.		
BOR-CORBO-BM-MRK-006-039	MARCOS	MRK	6	39	Makore emagoiagu boei ewo tumugudo boebutu keje etodui pui tu tu tu je du tabo.		
BOR-CORBO-BM-MRK-006-040	MARCOS	MRK	6	40	Etodure pui, epadure cem keje, cinquenta keje tu tu tu je.		
BOR-CORBO-BM-MRK-006-041	MARCOS	MRK	6	41	Icare ure tugeragu cewu amireu rogui ikera awubodure tu je duji, mare cewu kare kugurei pobe tu je duji, icare tui tuioku awogado baruto, ure togwa kurido tabo, ure tugera bu taci keje, ure maku nowu ture jorduwadowuge etai ewo pedo toro boe etai, ure kare kugure ei pobe tu je du pedo boe eiamedu boe etai jamedu.		
BOR-CORBO-BM-MRK-006-042	MARCOS	MRK	6	42	Eiamedu boe enogwagere, enogwa amogodure.		
BOR-CORBO-BM-MRK-006-043	MARCOS	MRK	6	43	Jetu ona kimore amireu kobo, kare kobo, ure kododoge ei ikera pudogidure pobe taci ikera awubowutodu enogorobadudo.		
BOR-CORBO-BM-MRK-006-044	MARCOS	MRK	6	44	"Ure nowu amireu kowujewu ime ere cinco mil.
Jesus merui pobo aoji."		
BOR-CORBO-BM-MRK-006-045	MARCOS	MRK	6	45	Nowu inodu akedu keje kuri je, ure cewu ture jorduwadowuge edo taredo kuri ika kurireuto etaregoduwo jice pobo bakowu kae tododai, Betsaida jokorai. Eiagejere icare unure cimadudo boe ebo.		
BOR-CORBO-BM-MRK-006-046	MARCOS	MRK	6	46	Cimadui boe ebodu akedu keje kuri je, ure turodo oino ia torekodu ao kae, nonowo ture togwakurido.		
BOR-CORBO-BM-MRK-006-047	MARCOS	MRK	6	47	Boecoji ika kurireu mugure kuruga oiadoda, ema mugure tuginoigodu woje moto keje.		
BOR-CORBO-BM-MRK-006-048	MARCOS	MRK	6	48	Tuiordui icai emedugodui traiga tabo, bakuru okwace pega du koia, utue etae boeco oia keje, tumerui pobo maereu aoji du tabo. Ure turodo nono ure tugodumodedudo jice emegi jice ekori.		
BOR-CORBO-BM-MRK-006-049	MARCOS	MRK	6	49	Emagerema, tuiordui Jesus merui pobo aoji du keje, emeardaere ia aroeie ure ema duji, icare enoiogwarire.		
BOR-CORBO-BM-MRK-006-050	MARCOS	MRK	6	50	Paga karega, eiamedu boe eerdure ji, du koia epagudugodure. Mare kuri je makore ei, akore: - Tamorora amagadu kaba, tabagudu kaba, imire iroino.		
BOR-CORBO-BM-MRK-006-051	MARCOS	MRK	6	51	Ure taredo etae ika kurireuto. Icare bakuru akedure. Icare jamedu boe epagudugodu rakaguragare.		
BOR-CORBO-BM-MRK-006-052	MARCOS	MRK	6	52	"Paga karega, ekare boe pa cewu amireu kodiboe jitu koia, ewabo raka remawu nure du kodi.
Jesus ure boe epemegago Genesaré moto keje."		
BOR-CORBO-BM-MRK-006-053	MARCOS	MRK	6	53	Ere ika kurireu jodo jice bakowuto, etaregodure Genesaré moto kae.		
BOR-CORBO-BM-MRK-006-054	MARCOS	MRK	6	54	Ui taredo ika piji du keje kuri je, ere boe pawuje ji.		
BOR-CORBO-BM-MRK-006-055	MARCOS	MRK	6	55	Kodure nowu moto jamedu boeji, du tonaji, boe ere kogodureuge erego erego jice boe egore rakojemodewo kae.		
BOR-CORBO-BM-MRK-006-056	MARCOS	MRK	6	56	Cewu kodumodewu jamedu boe kae, baboturogu rabodu, bakurireuge kugure rabodu, bakurireuge rabodu, boe ere kogodureuge ewu ewu toro ba oiagi, enogwamagudure ji uwo tudo tugera jeto toi ukudae okwaji tu je. Kode, nowu iera jeture Jesus ukudae okwajiwuge eiamedu boe epemegagodure.		
BOR-CORBO-BM-MRK-007-HEAD-001	MARCOS	MRK	7		Judeudoge ero.		Cabeçalho/subtítulo editorial da fonte.
BOR-CORBO-BM-MRK-007-001	MARCOS	MRK	7	1	Fariseudoge mare ia escribadoge etaregodure mato Jerusalém piji, ere tudo pui Jesus oiei.		
BOR-CORBO-BM-MRK-007-002	MARCOS	MRK	7	2	Eerdure ia ure jorduwadowuge ei amireu kowuje tukai tugera kabi du tabo duji.		
BOR-CORBO-BM-MRK-007-003	MARCOS	MRK	7	3	Paga karega, nowu fariseudoge, judeudoge eiamedu, ekedu kimoi mariguduwuge eroia jitu koia, enogwagemodukare tukai tugera kabidu pemegado du keje.		
BOR-CORBO-BM-MRK-007-004	MARCOS	MRK	7	4	Jamedu, tui tugirimi boe enoroe epa bororo piji du keje, enogwagemodukare tukai taimo du keje. Ekedure kimo ia turo makareu padui pumekeje duji, tui ruwobo meriri, atu meriri kabi jamedu.		
BOR-CORBO-BM-MRK-007-005	MARCOS	MRK	7	5	Du kodire fariseudoge, escribadoge enoragodure ji, egore: - Kodiba awu are jorduwadowuge ekedukare mariguduwuge eroji, mare ere amireu kowuje tukai tugera kabi du tabo?		
BOR-CORBO-BM-MRK-007-006	MARCOS	MRK	7	6	Icare Jesus akore ei: - Boe jokodu jire Isaias akoino tai, ro biadodureuge! Akore. Awu boere ikurido mare togwa tobo mitotu rugadu, mare ewaborema mugu jaegirire ii.		
BOR-CORBO-BM-MRK-007-007	MARCOS	MRK	7	7	Paga tu je ere ikurido, tui boe eerduwado boe eroji boe egoji tu je du tabo.		
BOR-CORBO-BM-MRK-007-008	MARCOS	MRK	7	8	Tare Pao ui boe eroiagudu perodudo pudui, tagedui taomage eroia jitu tabo.		
BOR-CORBO-BM-MRK-007-009	MARCOS	MRK	7	9	Jesus ure oto tawuje gu gu pugeje, akore: - Boe jokodure tare Pao o boe eroiagudu pijido, tawo taroia udo pudumi tuku je du bogai.		
BOR-CORBO-BM-MRK-007-010	MARCOS	MRK	7	10	Kode, Moisés akore: Ao kurido, ace kurido. Akore jamedu: Cewu mako pegare tuo jiwuge, tuje jiwuge eiamedu boe bitodumode.		
BOR-CORBO-BM-MRK-007-011	MARCOS	MRK	7	11	Mare tagi tagagore: Ia boe egomode tuoji, tujeji: Imode ikerabraredo tai taboboe, ire maku Pao ai.		
BOR-CORBO-BM-MRK-007-012	MARCOS	MRK	7	12	Kode nowu inodu kejere icare takare udo tugerabraredo tuoji tujeji pugeje.		
BOR-CORBO-BM-MRK-007-013	MARCOS	MRK	7	13	Tanure Pao bataru okwado tagedui taro jaoboe jitu tabo. Du inodu reorere tare ia taro makado kimo.		
BOR-CORBO-BM-MRK-007-014	MARCOS	MRK	7	14	Icare makore nowu boe makareuge ewogai pugeje, akore ei: - Tawiapagado ii taiamedu tabo, tado boe pa.		
BOR-CORBO-BM-MRK-007-015	MARCOS	MRK	7	15	Iaboe iaboe remodumodukare imeduto tuwo imedu rorogodudo.		
BOR-CORBO-BM-MRK-007-016	MARCOS	MRK	7	16	Jorduwa rakareu ure boe pa boe ewadaru kajeje.		
BOR-CORBO-BM-MRK-007-017	MARCOS	MRK	7	17	Du keje icare, tui nowu boe etudo nowu piji, ure turemo baito. Du keje nowu ure jorduwadowuge enoragodure ji inobadu jiba akoino nowu bakaruji.		
BOR-CORBO-BM-MRK-007-018	MARCOS	MRK	7	18	Akore ei: - Tagi jamedu taerduwa bokwa remawu radure? Takare pawuje ure turemo imedu toboe umodukare rorogodudo duji?		
BOR-CORBO-BM-MRK-007-019	MARCOS	MRK	7	19	Paga karega, remodukare uwaboto kodi, mare kodumode toro oiado, nowu piji utumode tudawaraji. Nowu inodu tabo, ure boe edo boe pawuje boere koboe jamedu boe pemegaie.		
BOR-CORBO-BM-MRK-007-020	MARCOS	MRK	7	20	Icare akore pugeje: - Kode, ure tudawuje imedu pijiboe, koiare ure imedu rorogodudo.		
BOR-CORBO-BM-MRK-007-021	MARCOS	MRK	7	21	Paga karega, ime ewabo oia pijire, eerudae, emeardae pegareu ure tudawuje, ime ero pegareu, eiwogu, ei pu bitodu, 22eerebari, etagemo pegareu, ekodu kagirii puidu, ei pu je kuri pagado, imedu redugodui puidu, imedu kori barikare tumedageidu, imedu mako pega kigodure tumedageidu, ocaro barikare puduidu, imedu aora okwa kigodure boeto boe,		
BOR-CORBO-BM-MRK-007-023	MARCOS	MRK	7	23	"Awu boe pegareu jamedu boe ure tudawuje imedu piji, du koiare ure imedu rorogodudo.
SiroFenícia kejewu aredu."		
BOR-CORBO-BM-MRK-007-024	MARCOS	MRK	7	24	Du keje icare, tui tugera ra nowu moto piji du keje, uture toro Tiro, Sidnia kae. Ure turemo ia baito, aidukare boe eerduwawo taregodui nono duji, mare roiwakare tuwo tuwiado.		
BOR-CORBO-BM-MRK-007-025	MARCOS	MRK	7	25	Paga karega, ia aredu, Aroe pegareu  meture onaregedu tadadu, kuri tumeardui rakojei nono duji du keje, ure turemo, buture bure paru.		
BOR-CORBO-BM-MRK-007-026	MARCOS	MRK	7	26	Awu aredu jodeurodo karega ure ema; SiroFencia kejewudo nure ema. Icare okwamagudure ji uwo Aroe pegareu  barigu tonaregedu nogwaredu rogu piji.		
BOR-CORBO-BM-MRK-007-027	MARCOS	MRK	7	27	Jeus akore ji: - Boe etorere boere enogwagedo jao, mare paga karega, boewo amireu aru tore epiji bariguduwo arigaodoge etaedu ukare turugadu.		
BOR-CORBO-BM-MRK-007-028	MARCOS	MRK	7	28	"Mare nowu aredu akore: 
- Boe jokodu, ikimejera, mare jamedu arigaodoge kugure eedui ira kudadu, ere boe etore eke amireu koborogu butui moto kaedu kowuje jamedu."		
BOR-CORBO-BM-MRK-007-029	MARCOS	MRK	7	29	Icare Jesus akore ji: - Awu awadaru koia, toro! Aroe pegareu re tudawuje akonaregedu piji.		
BOR-CORBO-BM-MRK-007-030	MARCOS	MRK	7	30	"Icare ure tugirimi tuwai kae, jordure tonaregedu aredu rogu padui tuba kamoreu keje duji. Aroe pegareu radu tudawuje piji marigudu.
Jesus ure ia imedu biaja bokwareu bataru bokwareu pemegago."		
BOR-CORBO-BM-MRK-007-031	MARCOS	MRK	7	31	Icare Jesus uture pugeje moto okwa joi Tiro keje du piji, kodure Sidônia kori taci Galiléia kejewu pobo maereu kae, Decápole o moto oiado.		
BOR-CORBO-BM-MRK-007-032	MARCOS	MRK	7	32	Icare ere ia biaja bokwareu bataru bokware imedu reko toro ae, togwamagudu tabo ji uwo tugera bu keje.		
BOR-CORBO-BM-MRK-007-033	MARCOS	MRK	7	33	Icare Jesus ure tugeragu ji mato boe epiji, ure tugerako tugu biajato, tui todoguru to tugerakoto du keje, ure tugerako bu eru keje todoguru tabo.		
BOR-CORBO-BM-MRK-007-034	MARCOS	MRK	7	34	Ure tuioku awogado baruto, ure ake tawuje, akore: - Éfata!  Nowu akoinodu ako nure oino: “Aiado!”		
BOR-CORBO-BM-MRK-007-035	MARCOS	MRK	7	35	Nowu inodu tonaji kuri je, biajare tuiado, eru ure tugiwuje, icare mako pemegare.		
BOR-CORBO-BM-MRK-007-036	MARCOS	MRK	7	36	Icare Jesus akore boei emago kaiagu iaboe ewiegai. Mare akoi boe emago kaiagu du reore inodu tonaji, ereadodu kuri remawure inoduji.		
BOR-CORBO-BM-MRK-007-037	MARCOS	MRK	7	37	Tuiebogodu kuri gu gu je du tabo egore: - Ro pemega remawu nure boe eiamedu boeji. Ure biaja bokwareuge emeardudo, ure bataru bokwareuge emagodo jamedu.		
BOR-CORBO-BM-MRK-008-HEAD-001	MARCOS	MRK	8		Jesus ui boei 4.000 cedu enogwagedo.		Cabeçalho/subtítulo editorial da fonte.
BOR-CORBO-BM-MRK-008-001	MARCOS	MRK	8	1	Nowu du kodi boe makareuge ere tudo pui apo pugeje, mare emode ko boe bokware. Du kodi icare Jesus makore ture jorduwadowuge ewogai, akore ei: -		
BOR-CORBO-BM-MRK-008-002	MARCOS	MRK	8	2	Inogudure awu boe ebo, icare merire pobe ma jewu metuia bokware eroi itabo du keje, mare eke bokware.		
BOR-CORBO-BM-MRK-008-003	MARCOS	MRK	8	3	Imode etudo tuwai kae tukai boe ekowuje du tabo ma, ekugudugodumode awara kajeje. Ica, kode, iage etaregodure jaegiriboe piji.		
BOR-CORBO-BM-MRK-008-004	MARCOS	MRK	8	4	Icare nowu ure jorduwadowuge egore ji: -Kode, inoba ioguduba umode ekuredudo amireu tabo woe boe matadu tada?		
BOR-CORBO-BM-MRK-008-005	MARCOS	MRK	8	5	Icare unoragodure ei: - Inoba amireu rogure tagabo?  Egore. - Ure ikera awubodure pobe taci ikera awubowuto.		
BOR-CORBO-BM-MRK-008-006	MARCOS	MRK	8	6	Kodi icare akore boe eiagu tumugudo moto keje. Ure tugeragu nowu amireu roguji, ure togwakurido tabo, ure tugera bu kajeje taci je, ure maku toro nowu ture jorduwadowuge etai, emagewo ere pedo toro boei, ere maku boe etai.		
BOR-CORBO-BM-MRK-008-007	MARCOS	MRK	8	7	Ia kare kugurere tu jamedu, du ure togwakurido tabo, ure edo pedo toro boei jamedu.		
BOR-CORBO-BM-MRK-008-008	MARCOS	MRK	8	8	Icare boere kowuje, ekuredure, enogwa amogodure, jetu kimore tuiagejewu ure kododoge enogorawu ikera awubodure pobe taci ikera awubowuto.		
BOR-CORBO-BM-MRK-008-009	MARCOS	MRK	8	9	"Okwagereuge emode quatro mil. Nowu inodu akedu keje, Jesus imadure ebo.
Fariseudoge. Du kejere icare ure taredo ika kurireuto nowu ture jorduwadowuge ebo, uture Dalmanuta moto kae."		
BOR-CORBO-BM-MRK-008-011	MARCOS	MRK	8	11	Fariseudoge etaregodure ae tui tagokogado jitu tabo, enogwamagudure ji uwo ia turo kurireu kuo.		
BOR-CORBO-BM-MRK-008-012	MARCOS	MRK	8	12	Jesus rema, tui ake ta tuwabo tada, akore: - Kodiba oinowu boe enogwamagudure nowu inodu bogai? Boe jokodu jire inagomode oino tai: umodukare ino etai.		
BOR-CORBO-BM-MRK-008-013	MARCOS	MRK	8	13	Icare uture epiji ika kurireu tabo toro pobo maereu okwa bakowu kae.		
BOR-CORBO-BM-MRK-008-014	MARCOS	MRK	8	14	Boekarema, ewiagodu radu tuwo amireu towuje pudabo du piji. Ika kurireu tada, amireu rogu rabodu mito tu je.		
BOR-CORBO-BM-MRK-008-015	MARCOS	MRK	8	15	Jesus akore ei: - Taerdu rakado, taeku jado, tameardu awadudo tai fariseudoge eno barodudodae boeji, Herodes o barodudodae boeji.		
BOR-CORBO-BM-MRK-008-016	MARCOS	MRK	8	16	Icare emagore jice woje pui oinoie akoe amireu bokware kodi.		
BOR-CORBO-BM-MRK-008-017	MARCOS	MRK	8	17	Jesus ure boe pawuje, akore ei: - Kodiba tameardaere imagoie oinoduji amireu bokware du koia? Takaradu taeku tugu, takare inodu pawuje? Kode, tawabo raka remawu rabodu ure!		
BOR-CORBO-BM-MRK-008-018	MARCOS	MRK	8	18	Taekure taerduwo, mare taerdukare? Tawiajare tamearduwo, mare tameardukare?		
BOR-CORBO-BM-MRK-008-019	MARCOS	MRK	8	19	Cewu ii amireu ikera awubodure tu jedu pedo boei cinco mil cedu jidu, inoba kodore tare tageragu jiwu jetu onare kimo tuiagejewu tabo? Egore. - Ure ikera pudogidure pobe taci iwurekoto. -		
BOR-CORBO-BM-MRK-008-020	MARCOS	MRK	8	20	Ica, kode, cewu ii amireu ikera awubodure pobe taci ikera awubowutodu pedo toro boei quatro mil ceduji du keje, inoba kodore tare awogado jetu onareu tabo?  Egore: - Ikera awubodure pobe taci ikera awubowuto.		
BOR-CORBO-BM-MRK-008-021	MARCOS	MRK	8	21	"Jesus akore ei: - Mure, kodiba takare boe pawuje roga? 
Jesus ure ia Betsaida kejewu joku bokware pemegago."		
BOR-CORBO-BM-MRK-008-022	MARCOS	MRK	8	22	Jesus aregodure Betsaida kae, du kejere brae etaregodure mato ae ia joku bokwareu apo, enogwamagudure ji uwo tugera jetudo ji.		
BOR-CORBO-BM-MRK-008-023	MARCOS	MRK	8	23	Icare ure tugeragu nowu joku bokwareu ieraji, ure reko toro ewororo piji, ure todoguru bu joku keje, du tabore icare unoragodure ji: - Aerdure iaboe boeji?		
BOR-CORBO-BM-MRK-008-024	MARCOS	MRK	8	24	Ure tuioku awogado, akore: - Iordure ime emerui nono iguru meru reore duji.		
BOR-CORBO-BM-MRK-008-025	MARCOS	MRK	8	25	Du keje icare, Jesus ure tugera bu joku keje, du tabore icare kuri je jordure, pemegagodure. Du kodire aiwo pemegare jaegiri.		
BOR-CORBO-BM-MRK-008-026	MARCOS	MRK	8	26	"Ure utudo toro tuwai kae, tagoi oino ji du tabo: - Akaba aremo bakurireu roguto.
Pedro meartorae."		
BOR-CORBO-BM-MRK-008-027	MARCOS	MRK	8	27	Jesus uture ture jorduwadowuge ebo toro Cesaria kejewu baboturogu boe kae. Awara keje unoragodure ei: - Ioguduba boe egore uie imi?		
BOR-CORBO-BM-MRK-008-028	MARCOS	MRK	8	28	Nowu ure jorduwadowuge egore ji: - Iage egore João Batistaie ure aki, iage egore Eliaie ure aki, iage egore ia profeta boeie ure aki.		
BOR-CORBO-BM-MRK-008-029	MARCOS	MRK	8	29	Kodi icare Jesus unoragodure ei: - Kode, tagi, inoba tagagore ii?  Icare Pedro akore: - Akire Cristore aki.		
BOR-CORBO-BM-MRK-008-030	MARCOS	MRK	8	30	"Icare makore ei, tumago okori tabo, emago kaiagu boe ewiegai kakoduwuboeba ure pudumi duji.
Jesus akoi tuwiji, tuiewudu jidu."		
BOR-CORBO-BM-MRK-008-031	MARCOS	MRK	8	31	Icare makore ei, akore: - Imedu Onaregedu jiwododu kuricigo rumode; boe codudoge, sacerdotedoge, escribadoge, erumode barigududo pudui, bitodudodu rumode, mare meri pobe ma awu metuia bokware du keje, jewodumode.		
BOR-CORBO-BM-MRK-008-032	MARCOS	MRK	8	32	Makore ei tuwadaru awadu tabo rugadu. Kodi icare Pedrore turodo gu woje apo tuginoi, akore ji, ukawo ino.		
BOR-CORBO-BM-MRK-008-033	MARCOS	MRK	8	33	Mare tui tugirimi du tabo, aiwore nowu ture jorduwadowugei, du tabore makore Pedroji, akore: -Aiaedo ii, Aroe pegareu , mare paga karega, nowu ameardaere jiboe ukare nono Pao jiboere, mare ime eiboe.		
BOR-CORBO-BM-MRK-008-034	MARCOS	MRK	8	34	Du keje icare, makareu boere tudo pui apo, nowu ure jorduwadowuge ebo. Icare akore ei: - Iaboe etaidumode tugoduwo itabo du keje, emode tubijido toro, enoredumode to cruz tabo, itabo.		
BOR-CORBO-BM-MRK-008-035	MARCOS	MRK	8	35	Icá kode, cewu aidure tuwo cinorudo tuwimodedu pijiwu, okwamode rugadu, mare cewu bimode iwugejewu, ino bataru kejewu, umode cinorudo, jemode rugadu.		
BOR-CORBO-BM-MRK-008-036	MARCOS	MRK	8	36	Paga karega, imedu omode moto jameduce, mare bimode piji ma, inoba umode?		
BOR-CORBO-BM-MRK-008-037	MARCOS	MRK	8	37	Kaboba imedu umode maku tuiedodu jipagi?		
BOR-CORBO-BM-MRK-008-038	MARCOS	MRK	8	38	"Paga karega, umode tubogurudo ice, awu iwadaru cewuge awu ropegareu boe eegai ma, jamedu Imedu Onaregedu umode tubogorudo ece taregodui Tuo o boe pemegareu keje to tupadoge ebo du keje.

9."		
BOR-CORBO-BM-MRK-008-001	MARCOS	MRK	8	1	"Akore jamedu: - Boe jokodu jire inagomode oino tai: Awu jeture oino woewuge ia tagi tawimodukare taerdukai Pao o boe pemegareu ro rakareu jitu keje.
Jesus ui tudo tuginoidu."		
BOR-CORBO-BM-MRK-008-002	MARCOS	MRK	8	2	Meri ikera awubodure mito taci ikera awubowuto du keje, Jesus ure tugeragu Pedroji, Joãoji, Tiagoji, pudabo, uture ebo ia torekodu raireu kae.		
BOR-CORBO-BM-MRK-008-003	MARCOS	MRK	8	3	Du kejere icare ure tudo tuginoi eegai. Ukudae jeragudure, woe awu moto kejewu iaboe iaboe kigadumodukare nono ukudae kigadu reore.		
BOR-CORBO-BM-MRK-008-004	MARCOS	MRK	8	4	Elias, Moisés, ere towadudo eegai tumagoi Jesus jitu tabo.		
BOR-CORBO-BM-MRK-008-005	MARCOS	MRK	8	5	Icare, Pedro akore: - Cegimejera, pemegare pagai paeduwo woe. Cemode baido pobe ma awu metuia bokware: Awaimode ia, Moisés uwaimode ia, Elias uwaimode ia.		
BOR-CORBO-BM-MRK-008-006	MARCOS	MRK	8	6	Mare jorduwakare tumagore jiboeji, epagudu kuricigore du koia.		
BOR-CORBO-BM-MRK-008-007	MARCOS	MRK	8	7	Icare ia boetugu ure tudowuje, tugure ei. Icare nowu boetugu piji ia boe bataru aregodure: - Imeardu kurire jiwu itonaregedu reo: Tawiapagado ji.		
BOR-CORBO-BM-MRK-008-008	MARCOS	MRK	8	8	Du kodi icare ere tuiemaedo toiei, mare eerdukare boeji, mare tu Jesusji tu rugadu.		
BOR-CORBO-BM-MRK-008-009	MARCOS	MRK	8	9	Icare ere turawuje nowu torekodu joki, du tabore icare Jesus akore ei emago kaiagu boe ewiegai tuiordure jiboeji jii Imedu Onaregedu jewodui bireuge epiji du kae.		
BOR-CORBO-BM-MRK-008-010	MARCOS	MRK	8	10	Ekedu rakare nowu bataruji tunorai pui du tabo inoba jiba rakuduie boe ewodui bireuge epiji du rema.		
BOR-CORBO-BM-MRK-008-011	MARCOS	MRK	8	11	Du kejere icare enoragodure ji, egore: - Kodiba fariseudoge, escribadoge egore Eliaie aregodumode boetoji?		
BOR-CORBO-BM-MRK-008-012	MARCOS	MRK	8	12	Akore ei: - Elias aregodumode boetoji tuwo boe jamedu boe edo turugadu du bogai. Kode, kodiba bapera atugododure: Imedu Onaregedu jiwo kuricigomode, barigududodumode pudui duji?		
BOR-CORBO-BM-MRK-008-013	MARCOS	MRK	8	13	"Mare inagomode oino tai jamedu: Elias aregodure marigudu, erorerure ji taidu reore, nowu bapera atugoi jitudu reore.
Jesus ure ia negedurogu pemegago."		
BOR-CORBO-BM-MRK-008-014	MARCOS	MRK	8	14	Inodu rekodaji, ure tuburedo jice ture jorduwadowugei, icare jordure boe makareuge, escribadoge, emagoi jice woje jice woje eiduji.		
BOR-CORBO-BM-MRK-008-015	MARCOS	MRK	8	15	Nowu boe eiamedu boe tuiordui taci Jesus jitu keje, eregodure togi, tugimaduwo ji.		
BOR-CORBO-BM-MRK-008-016	MARCOS	MRK	8	16	Icare unorare ei, akore: - Kaboba jiba tagagoino ei?		
BOR-CORBO-BM-MRK-008-017	MARCOS	MRK	8	17	Du keje icare ia nowuia imedu makore ji, akore: - Cegimejera, ire ia Aroe pegareu  bataru bokwareu meture tadawu ia itonaregedu arego mato awogai.		
BOR-CORBO-BM-MRK-008-018	MARCOS	MRK	8	18	Tui tubodo apo du keje, ure barigu motoji, ja otaro aregodure, o akore kr kr kr pui, ure jamedu boe rakaguragado. Imagore awu are jorduwadowuge ei ewo barigu, mare ero rakakare ji.		
BOR-CORBO-BM-MRK-008-019	MARCOS	MRK	8	19	Icare Jesus akore: - U! awu maiwu boe tameartoru bokwa. Inoba boemode jii iragojei tagabo duji? Inoba boemode jii ikiwa rakamode tagabo du kae? Reko mato!		
BOR-CORBO-BM-MRK-008-020	MARCOS	MRK	8	20	Ere arego. Nowu negedurogu, tuiordui Jesus jitu keje, Aroe pegareu re amagadu rakaguragado, buture moto keje tuia otaro tabo.		
BOR-CORBO-BM-MRK-008-021	MARCOS	MRK	8	21	Icare Jesus unoragodure uoji, akore: - Inoba boere ui oinoduji?  Akore: - Kodu kimoi mai du tabo kuri je.		
BOR-CORBO-BM-MRK-008-022	MARCOS	MRK	8	22	Ukigodu barigu joruto, poboto, tuwo bito du bogai. Aroiwamode iaboeji ma, akerabraredo cei, akogududo cedabo.		
BOR-CORBO-BM-MRK-008-023	MARCOS	MRK	8	23	Icare Jesus akore ji: - Aroiwamode iaboeji ma... cewu meartorureu, meartorure jiboe umode tudowuje rugadu.		
BOR-CORBO-BM-MRK-008-024	MARCOS	MRK	8	24	Kuri je nowu negedurogu uo akore ji: - Imeartorure, ikimejera, akerabraredo ii imeartoru bokwaji.		
BOR-CORBO-BM-MRK-008-025	MARCOS	MRK	8	25	Icare Jesus tuiordui boe eidodui, boei tudo pui pudae du keje, makore nowu Aroe pegareu ji akore: - Aroe pegareu  bataru bokwareu, inagore ai: Atudo awu negedurogu piji, akaba atugu to pugeje.		
BOR-CORBO-BM-MRK-008-026	MARCOS	MRK	8	26	Icare ure tudawuje piji toiogwari pegareu tabo, turoreru kuricigoi jitu tabo. Nowu negedurogu ure nono tuwire du kodiwore. Du koiare makareu boe egore: - Bire!		
BOR-CORBO-BM-MRK-008-027	MARCOS	MRK	8	27	Mare Jesus ure tugeragu ieraji, ure aogado. Icare ure turagojedo rugadu.		
BOR-CORBO-BM-MRK-008-028	MARCOS	MRK	8	28	Ei turemo tuwaito du keje, nowu ure jorduwadowuge enoragodure ji tuginoi tu je, egore: - Kodiba cero rakakare cewo barigu?		
BOR-CORBO-BM-MRK-008-029	MARCOS	MRK	8	29	"Akore ei: - Awu ure inowu Aroe pegareu doge, boe emodukare ewarigu, mare tu boe emagoi baruto du tabo.
Jesus makoi tuwiji, tuiewoduji pugejedu."		
BOR-CORBO-BM-MRK-008-030	MARCOS	MRK	8	30	Tudui nowu piji du keje, ere tuwu Galiléia kajeje, mare aidukare boe eerduwawo.		
BOR-CORBO-BM-MRK-008-031	MARCOS	MRK	8	31	Ure nowu ture jorduwadowuge eerduwado, akore: - Imedu Onaregedu makudumode ime ekera kai, emode bito, mare jewodumode tuwi piji pugeje merimode pobe ma jewu metuia bokware du keje.		
BOR-CORBO-BM-MRK-008-032	MARCOS	MRK	8	32	Mare ekare nowu bataru pawuje, mare epagudure ce tunorawo ji jamedu.		
BOR-CORBO-BM-MRK-008-033	MARCOS	MRK	8	33	Du kejere icare ere tugirimi Cafarnaum bakurireu kae. Tuiedui tuwai tada du keje, unorare ei: - Kaboba jiba tamagore mato awaraji?		
BOR-CORBO-BM-MRK-008-034	MARCOS	MRK	8	34	Mare emagokare, paga karega, awaraji enorare pui kakoduwu ia pudumiba tugurimode pugori du bogai.		
BOR-CORBO-BM-MRK-008-035	MARCOS	MRK	8	35	Icare ure tumugudo, makore ei, akore: - Cewu aidure tugoduwo boetojiwu, umode tugo boi, romode nono tumedage emagore jiboe jamedu boeji.		
BOR-CORBO-BM-MRK-008-036	MARCOS	MRK	8	36	Icare ure tugeragu ia negeduroguji, ure rakojedo boe etoiadoda, ure todomo ji, akore ei: -		
BOR-CORBO-BM-MRK-008-037	MARCOS	MRK	8	37	"Ure tugeragu awu ia negeduroguji ikie tabowu boe eiamedu boe, iire roino jamedu, ure tugeragu iiwuge, mare ii karega eroino, mare cewu ure itaregowu jire eroino.
Cewu onakare paiwu, pameduia nure ema."		
BOR-CORBO-BM-MRK-008-038	MARCOS	MRK	8	38	João akore ji: Cegimejera, ceerdure ia cemeduiakare emawu ui Aroe pegareu  barigu akie tabo duji, icare cemagore ji ro kaiagu ino.		
BOR-CORBO-BM-MRK-008-039	MARCOS	MRK	8	39	Mare Jesus akore ji: - Tagago kaba ro kaiagu ino. Paga karega, iaboe iaboe umodukare turo kurireu towuje ikie tabo, du keje tumago pegawo ii.		
BOR-CORBO-BM-MRK-008-040	MARCOS	MRK	8	40	Paga karega, cewu onakare paiwu, rore pagaidu reore.		
BOR-CORBO-BM-MRK-008-041	MARCOS	MRK	8	41	Cewu ure pobo maku tagai, tameduiai Cristo cedu kodi, boe jokodu jire inagomode tai: mori pijidodumodukare ai.		
BOR-CORBO-BM-MRK-008-042	MARCOS	MRK	8	42	Mare cewu ure awuia biegare tu oinowu rogu meartorui iidu butudo turo pegareuto ma, ema remawure umode bukigu kogudo cidoru kajeje tori kurireu tabo, dure umode tuwarigu pobo maereuto.		
BOR-CORBO-BM-MRK-008-043	MARCOS	MRK	8	43	Akera koiamode umode awududo ma, kado, ema remawure atumode baruto akana kobo tabo, mare atuwo joru akedu bokwareuto akana pemega tabodu ema karega.		
BOR-CORBO-BM-MRK-008-044	MARCOS	MRK	8	44	Nono ate ewimodukare, joru bitumodukare jamedu.		
BOR-CORBO-BM-MRK-008-045	MARCOS	MRK	8	45	Awure koiamode umode awududo du keje, kado, barigu. Ema remawure amode aremo boe eeda pemegareu akedu bokwareuto awure kobo tabo du rema, mare awuremode pobe du tabore awarigudumode joru akedu bokwareuto dure ema karega.		
BOR-CORBO-BM-MRK-008-046	MARCOS	MRK	8	46	Nono ate ewimodukare, joru bitumodukare jamedu.		
BOR-CORBO-BM-MRK-008-047	MARCOS	MRK	8	47	Aeku koiamode umode awududo ma, tawuje. Ema remawure amode aremo Pao o boe pemegareuto aekui mito tu je du tabo du rema, mare awarigudumode joruto aekui pobe du tabo du rema, ema karega.		
BOR-CORBO-BM-MRK-008-048	MARCOS	MRK	8	48	Nono ate ewimodukare, joru bitumodukare jamedu.		
BOR-CORBO-BM-MRK-008-049	MARCOS	MRK	8	49	Mare paga karega, ime eiamedu boe ekodu boe emode kagirido sal tabo, joru keje.		
BOR-CORBO-BM-MRK-008-050	MARCOS	MRK	8	50	Iaboe pemegareu sal rema, mare ro akedumode piji ma, kode inoba turomode tuwo ro maku pudai pugeje? Du kodi icare, sal jetu tagabo, tabemegado pui pudabo.		
BOR-CORBO-BM-MRK-010-HEAD-001	MARCOS	MRK	10		Jesus makoi boei tugera ra pubijiduji.		Cabeçalho/subtítulo editorial da fonte.
BOR-CORBO-BM-MRK-010-001	MARCOS	MRK	10	1	Tudui nowu piji du keje, uture Judéia kejewu boe etae, toro Jordão kujebiji. Boe makareuge ekodure apo awaraji. Ure eerduwado pugeje, cewu turoia mitoduji.		
BOR-CORBO-BM-MRK-010-002	MARCOS	MRK	10	2	Icare fariseudoge etaregodure, enoragodure ji, tui tagokogado jitu tabo, pemegarakuduie imedui toreduje barigu du rema.		
BOR-CORBO-BM-MRK-010-003	MARCOS	MRK	10	3	Akore ei: - Inoba Moisés akore taroiagu?		
BOR-CORBO-BM-MRK-010-004	MARCOS	MRK	10	4	Egore ji: - Moisés akore ime emoduie bapera atugodo tuwire etai tui epijido du tabo.		
BOR-CORBO-BM-MRK-010-005	MARCOS	MRK	10	5	Jesus akore ei pugeje: - Tawabo kuguduka du koia Moisés akore oinono.		
BOR-CORBO-BM-MRK-010-006	MARCOS	MRK	10	6	Mare boei tudowuje du paru keje Paore imedu towuje aredu apo.		
BOR-CORBO-BM-MRK-010-007	MARCOS	MRK	10	7	Kodire imedu umode tuo pijido, tuje pijido, mugumode toreduje apo.		
BOR-CORBO-BM-MRK-010-008	MARCOS	MRK	10	8	Nowu inodu tabo emodukare pobe pugeje tui pobe du tabo, mare emode mito tu rugadu.		
BOR-CORBO-BM-MRK-010-009	MARCOS	MRK	10	9	Nowu inodu koia, imedu umodukare Paore maku puaiboe ewarigu pubiji.		
BOR-CORBO-BM-MRK-010-010	MARCOS	MRK	10	10	Etaregodui tuwai kae du keje nowu Jesus ure jorduwadowuge enorare ji inobadu jiba rakuduie akore oinono.		
BOR-CORBO-BM-MRK-010-011	MARCOS	MRK	10	11	Akore ei: - Ure toreduje bariguwu, umode tumagu iarodo ai pugeje ma, ro pega nure.		
BOR-CORBO-BM-MRK-010-012	MARCOS	MRK	10	12	"Jamedu ia aredu umode tugera ra toredu piji, umode tumagu ia ai pugeje ma, ro pega nure jamedu.












Jesus mare boe etore kugure."		
BOR-CORBO-BM-MRK-010-013	MARCOS	MRK	10	13	Du keje icare ere boe etore kugure etaru jice ae uwo tugera bu ewugeje du bogai, mare nowu ure jorduwadowuge enogwa korire nowu ure boe etore kugure etarego nonowugei.		
BOR-CORBO-BM-MRK-010-014	MARCOS	MRK	10	14	Icare Jesus, tuiordui nowu inoduji, rore ja tuiogi, akore ei: - Nowu pitoridoge kugure etudo mato itae, tagaba tagera jodo ewugeje ipiji. Paga karega, Pao o boe pemegareu jeonare nowu ure nono nowuge kugure ereoreugei.		
BOR-CORBO-BM-MRK-010-015	MARCOS	MRK	10	15	Boe jokodu jire inagomode oino tai: Pao o boe pemegareu makudumodukare boe etai, boe emeardae kadui nono awuia pitorirogu meardae reore du keje.		
BOR-CORBO-BM-MRK-010-016	MARCOS	MRK	10	16	"Nowu inodu keje, ure todomo ei, tui tugera bu etaogeje du tabo, ure tuwadaru pemegareu bu ewugeje.
Oroe kurireu imedu."		
BOR-CORBO-BM-MRK-010-017	MARCOS	MRK	10	17	Icare ure tuiebu tuduwo, du keje ia imedu aregodure ture tabo ae, ure tubujodo jokorai, akore: - Cegimejera pemegareu, inoba iromode itaregoduwo Pao o boe pemegareu kae, iwi rekodaji?		
BOR-CORBO-BM-MRK-010-018	MARCOS	MRK	10	18	Jesus akore ji: -Kodiba akagore ipemegaie? Pao pemegare tu rugadu.		
BOR-CORBO-BM-MRK-010-019	MARCOS	MRK	10	19	Aerduware Paoi boe eroiaguduji: Akaba boe ewido, akera keadu kaba, akaba boe ewadaraodo, akaba boe eekuri pagado, ado nono iaboere aoji, aceji.		
BOR-CORBO-BM-MRK-010-020	MARCOS	MRK	10	20	Akore ji: - Ikimejera, nowu inodu jamedu boe irore ino ikodu kimoi mai du tabo jii awu ii inodu kae.		
BOR-CORBO-BM-MRK-010-021	MARCOS	MRK	10	21	Icare Jesus ure tuioku remo to tu je, meardu kurire ji, akore ji: - Okware akaiboere mito tu je: Toro, ure akaboboe jamedu boe akirodo tabo, maku marenarue etai, nowu inodu tabo akoroe kuricigoreu mugumode baru tada akai. Du keje, mato itae, akodudo itabo.		
BOR-CORBO-BM-MRK-010-022	MARCOS	MRK	10	22	Nowu bataru keje, kiarigodure tu je, uture tugiarigodu tabo, paga karega, oroe kuricigore kodi.		
BOR-CORBO-BM-MRK-010-023	MARCOS	MRK	10	23	Icare Jesus, taiwoi toiei du keje, akore nowu ture jorduwadowugei: - Oinore boe biare oroe kurireboe etumode Pao o boe pemegareuto du rema.		
BOR-CORBO-BM-MRK-010-024	MARCOS	MRK	10	24	Icare nowu ure jorduwadowuge epagudugodure tu, nowu bataru keje. Mare Jesus akore ei pugeje: - Itore kugure, boe biare cewu ure tuiodo toroe kuri inodu otoidu umode turemo Pao o boe pemegareu kaedu rema.		
BOR-CORBO-BM-MRK-010-025	MARCOS	MRK	10	25	Ia camelo uwo tuiebu taci meriricira pororogu kajejedu biare, mare ia oroe kurireu uwo turemo Pao o boe pemegareuto dure bia remawure.		
BOR-CORBO-BM-MRK-010-026	MARCOS	MRK	10	26	Eebogodu kurire nowu inoduji, emagore jice woje pui: - Kode, ioguduba umode cinorudo?		
BOR-CORBO-BM-MRK-010-027	MARCOS	MRK	10	27	Jesus, taiwoi tu ei du tabore akore: - Awu inodu, ime eroiwamodukare, Pao ai rema, ukare ino. Paga karega, Pao roiware boe jameduji.		
BOR-CORBO-BM-MRK-010-028	MARCOS	MRK	10	28	Icare Pedro makore ji, akore: - Ica, cere cegera ra boe jamedu boe piji cegoduwo akabo.		
BOR-CORBO-BM-MRK-010-029	MARCOS	MRK	10	29	Jesus akore ji: - Boe jokodu jire inagomode oino tai: Nowu ure tugera ra tuwai piji, iarema tumanamage epiji, tuduiemage epiji, tuwiemage epiji, tuo piji, tuje piji, tore epiji, iarema to moto piji iiwugeje, iarema ino bakaru pemegareu koia ma, mori makudumode etai woe moto keje,		
BOR-CORBO-BM-MRK-010-030	MARCOS	MRK	10	30	Awu ewaidoge, etumanamage, etuduiemage, etuwiemage, etujemage, etuomage, etore, eno moto boe, itodu makamode tugori, onare eiwuge etonamode ei jamedu. Nowu inodu jamedu boe umode ei woe moto keje, mare ewi rekodaji eedumode baru tadawu Pao o boe pemegareu akedu bokwareu keje.		
BOR-CORBO-BM-MRK-010-031	MARCOS	MRK	10	31	"Boetojiwu makareuge ekodumode boi, boiwu makareuge ekodumode boetoji.
Jesus makore tuwiji tuiewoduji pobe ma jewu metuia bokware pugeje."		
BOR-CORBO-BM-MRK-010-032	MARCOS	MRK	10	32	Ekodure Jerusalém kaewu awaraji. Jesus kodure etododai. Epagudugodure, ekodure rekodaji tubagudu koia. Icare ure nowu ture jorduwadowuge edo tudo pui paci woje pudabo pugeje. Icare makore ei ure ewie boemode pudui duji.		
BOR-CORBO-BM-MRK-010-033	MARCOS	MRK	10	33	Akore: - Icare parudu nure Jerusalemto, du kejere Imedu Onaregedu makudumode brae eimejerage etai, escribadoge etai, emode bitoduiagu, emode maku boe etai, 34erorerumode ji, emode todoguru to ji, emode boe to ji, emde bito. Mare meri pobe ma awu metuia bokware du keje, jewodumode.		
BOR-CORBO-BM-MRK-010-035	MARCOS	MRK	10	35	Icare Tiago, João, nowu Zebedeu ore, ere tuburedo jice Jesusji, egore ji: - Cegimejera, cedaidure awo cenogwamagudumode bogaiboe jamedu boe maku tu cenai.		
BOR-CORBO-BM-MRK-010-036	MARCOS	MRK	10	36	Akore: - Inoba tagaidure irowo tai?		
BOR-CORBO-BM-MRK-010-037	MARCOS	MRK	10	37	Cedo cemugudo paci puibiji akana pemegareu keje, akana kobore keje, amugui arugu keje du keje.		
BOR-CORBO-BM-MRK-010-038	MARCOS	MRK	10	38	Icare Jesus akore ei: - Taerduwakare tagogwamagudure bogaiboeji. Tagudumode ikudumode cewu icebaeji, iarema tagao pegododumode itao pegododumode taboboe tabo?		
BOR-CORBO-BM-MRK-010-039	MARCOS	MRK	10	39	Egore ji: - Ceroiwamode. Jesus akore ei pugeje: - Boe jokodure tagudumode icebaemode ceboece rugadu, tagao pegododumode itao pegododumode taboboe tabo jamedu.		
BOR-CORBO-BM-MRK-010-040	MARCOS	MRK	10	40	Mare nowu tamugui ikana pemegareu jaogwai, iarema ikana koboreu jaogwaidu, nowu inodu jeonakare ii, nowu inodu jeonare jeonare puduiwugei.		
BOR-CORBO-BM-MRK-010-041	MARCOS	MRK	10	41	Tumeardui nowu inodu jitu keje, nowuge ei ikera pudogiduredu ekorigodure Tiagoji, Joãoji.		
BOR-CORBO-BM-MRK-010-042	MARCOS	MRK	10	42	Icare Jesus makore etae, ure eerduwado, akore ei: - Taerduware jeture to moto jiwu brae eimejerage eeture jituji.		
BOR-CORBO-BM-MRK-010-043	MARCOS	MRK	10	43	Mare tadoda umodukare ino, mare ia tagi tagaidumode taguriwo pugori ma, nowure tadugaremode ema.		
BOR-CORBO-BM-MRK-010-044	MARCOS	MRK	10	44	Cewu aidure tugoduwo boetojiwu ia tagi ma, tumedage eiamedu boe etugaremode ema.		
BOR-CORBO-BM-MRK-010-045	MARCOS	MRK	10	45	"Mare paga karega, Imedu Onaregedu aregodure, mare boewo tugurido pudui karega, mare tuwo boe ekurido du bogai. Jamedu tuwo tumagu tuwidoduwo tuwo makareuge einorudo. 
 Jesus ure Bartimeu joku bokwareu pemegago."		
BOR-CORBO-BM-MRK-010-046	MARCOS	MRK	10	46	Icare etaregodure Jericó bakurireu kae. Icare Jesus ure tudawuje nowu bakurireu piji nowu ture jorduwadowuge ebo, ia boe makareuge ebo, du tabore ia imedu joku bokwareu iei Bartimeu cedu (Timeu onaregedu), mugure awara okwai, tumagowo ia boe enogudugodure taboboe bogai.		
BOR-CORBO-BM-MRK-010-047	MARCOS	MRK	10	47	Tumeardui Jesus Nazaré pijiwu raboduie du keje, ure toiogwari rakaguragado, akore: - Jesus, Davi onaregedu, akogududo itabo.		
BOR-CORBO-BM-MRK-010-048	MARCOS	MRK	10	48	Makore jiwuge emagaguragare uwo togwa rawuje, du kodi karega, ure toiogwari rakaguragado remawu kimo, tagoi oino du tabo: - Davi Onaregedu, akogududo itabo!		
BOR-CORBO-BM-MRK-010-049	MARCOS	MRK	10	49	Jesus ure tuburedo ca je, akore: - Tamagodo bogai. Emagore nowu joku bokwareu bogai, egore ji: - Atugu ato! Aragojedo! Mako nure awogai.		
BOR-CORBO-BM-MRK-010-050	MARCOS	MRK	10	50	Icare nowu joku bokwareu, tui tugudae boareu barigu tubiji du tabo, ure turagojedo, ure taredo taci je, uture toro ae.		
BOR-CORBO-BM-MRK-010-051	MARCOS	MRK	10	51	Icare Jesus akore ji: - Inoba akaidure irowo ai?  Nowu joku bokwareu akore: - Ikimejera, itaidure awo itaiwodo.		
BOR-CORBO-BM-MRK-010-052	MARCOS	MRK	10	52	Jesus akore ji: - Toro! Amearturaere akinorudo.		
BOR-CORBO-BM-MRK-010-053	MARCOS	MRK	10	53	Nowu inodu tonaji kuri je, joku aiwore rugadu, icare kodure Jesus apo awaraji.		
BOR-CORBO-BM-MRK-011-HEAD-001	MARCOS	MRK	11		Jesus ui turemo Jerusalém bakurireu todu.		Cabeçalho/subtítulo editorial da fonte.
BOR-CORBO-BM-MRK-011-001	MARCOS	MRK	11	1	Jesus mare ture jorduwadowuge, icai tuburedo Jerusalém jitu keje, etaregodure Betfajé, Betânia enogwato, puredu tu Oliveira kejewu torekoduji. Nowu piji Jesus ure nowu ture jorduwadowuge ei pobe tu jedu etudo.		
BOR-CORBO-BM-MRK-011-002	MARCOS	MRK	11	2	Akore ei: - Tadudo mugure taegoraiwu ba boturoguto. Kuri tai taremo to du keje, taerdumode ia jumento rogu okwa iku kogui ipo tabo nono du boe ekai tumugudo keje roga duji. Okwa iku kiwuje, mato apo.		
BOR-CORBO-BM-MRK-011-003	MARCOS	MRK	11	3	Iaboe enoramode tai, akomode: - Inoba taroino?  oino tai ma, tagagomode ji: - Cegimejera okeare bogai, mare biega tu je du keje umode maku tuibagi.		
BOR-CORBO-BM-MRK-011-004	MARCOS	MRK	11	4	Icai tudui toro du keje, eerdure nowu jumento rogu okwa iku kogui baiporo jetugae, ia awara uia mugu keje duji.		
BOR-CORBO-BM-MRK-011-005	MARCOS	MRK	11	5	Ei okwa kiwuje du tonaji, ia jeture nonowuge enoragodure ei: - U! Kaboba jiba taroino? Kodiba tare jumento rogu okwa iku kiwuje?		
BOR-CORBO-BM-MRK-011-006	MARCOS	MRK	11	6	Enogwa kodure Jesus tagoiagudu rekodaji. Icare ere edo reko rugadu.		
BOR-CORBO-BM-MRK-011-007	MARCOS	MRK	11	7	Ekodure jumento rogu apo Jesus ae, ere tugudae bu keje, icare Jesus ure tumugudo keje.		
BOR-CORBO-BM-MRK-011-008	MARCOS	MRK	11	8	Makareuge ere tugudae baado awara oiagi, iagere iwara, aru boe, ere kado, ere roto ja ja ja moto joki.		
BOR-CORBO-BM-MRK-011-009	MARCOS	MRK	11	9	Kodure boetojiwuge, mare kodure rekodajiwuge ere iogwarido ji tagoi oino du tabo: - Paegarewo! Pawo awu Imedu aregodui Aroe Eimejera ie tabodu kurido.		
BOR-CORBO-BM-MRK-011-010	MARCOS	MRK	11	10	Pao jetui boeidu aregodui paedoga Davi pijidu pemegare. Paegarewo ji toro baru oto mitodu kae!		
BOR-CORBO-BM-MRK-011-011	MARCOS	MRK	11	11	"Du tonajire icare Jesus ure turemo Jerusalemto, uture Pao uwai kae, aiwore jeture nonoboe jamedu boeji. Du kejere, meri rekodure du koiare ure tudawuje bakurireu piji, kodure Betânia kae nowu ture jorduwadowuge ebo.
Jesus mako pegare figueira iji."		
BOR-CORBO-BM-MRK-011-012	MARCOS	MRK	11	12	Barogwato, ei tudawuje Betânia piji du keje, Jesus uke boire ji.		
BOR-CORBO-BM-MRK-011-013	MARCOS	MRK	11	13	Jordure jaegiri ia figueira iji aru tugui keje duji. Kodure tu kae tuiorduwo tu ia tudu rogumodedu bogai. Ure tuburedo nowu iji, mare jordure tu aruji tu rugadu; boe aregodukare pudae tuduwo roga kodi.		
BOR-CORBO-BM-MRK-011-014	MARCOS	MRK	11	14	"Makore nowu figueira iji, akore: - Boe emodukare atudu kowuje tu rugadu. Nowu ure jorduwadowuge emeardure nowu ui tuwadaru pegado duji.
Jesus ui ure akirodo Pao uwai tadawuge ewarigu pijidu."		
BOR-CORBO-BM-MRK-011-015	MARCOS	MRK	11	15	Etaregodure Jerusalemto. Kodi icare Jesus ure turemo Pao uwaito. Boekarema, ure nowu ure akirodo toroe tabowuge, ure akirodo pu oroe jiwuge ewarigu Pao uwai piji. Ure akiro makudui puibagidu emage eno ira butudo jamedu.		
BOR-CORBO-BM-MRK-011-016	MARCOS	MRK	11	16	Aidukare boe ekoduwo iaboe tabo jice woje Pao uwai kajeje.		
BOR-CORBO-BM-MRK-011-017	MARCOS	MRK	11	17	Ure eerduwado nowu tuwadaru tabo: - Atugododure oino: “Iwai iemode moto jamedu kejewuge enogwamaguduwo tubaru tabodu reno” (Jer 7,11).		
BOR-CORBO-BM-MRK-011-018	MARCOS	MRK	11	18	Sacerdotedoge eimejerage, escribadoge, tumeardui inodu jitu keje, eemarure inoba turowo tuwo bito. Mare epagudure ce, boe eiamedu boe jebogodure o bataruji kodi.		
BOR-CORBO-BM-MRK-011-019	MARCOS	MRK	11	19	"Boekarema, meri rekodu tabo, Jesus ure tudawuje bakurireu piji ture jorduwadowuge ebo.
Boe enogwamogudae ro raka."		
BOR-CORBO-BM-MRK-011-020	MARCOS	MRK	11	20	Barogwato pugejewuji, meri rutu tabo, tugodui cewu figueira i rakojerewo kori pugeje du tabo, eerdure kicarui jii tugwa kae duji.		
BOR-CORBO-BM-MRK-011-021	MARCOS	MRK	11	21	"Pedro meardure inodu okea kodiboe keje, icare makore Jesusji, akore: 
Cegimejera, akaiwodo cewu awadaru pegare jiwu figueira i biji."		
BOR-CORBO-BM-MRK-011-022	MARCOS	MRK	11	22	Jesus akore ei: - Tameartorudo Paoji.		
BOR-CORBO-BM-MRK-011-023	MARCOS	MRK	11	23	Boe jokodu jire imode awadudo oino tai: iaboe emagomode awu torekoduji: Akorodo oino, awarigu pobo maereuto, akore inowu meartoru bokwamodukare tuwabo tada, mare meartorumode tumagore jiboe jamedu boe umode ino rugadu duji ma, nowu ro pemegareu kurireu umode tudowuje rugadu.		
BOR-CORBO-BM-MRK-011-024	MARCOS	MRK	11	24	Kodire imagore oino tai: Tagogwamagudumode iaboe bogai du keje, tagogwamagudure bogaiboe jamedu boe tameartorudo makudumoduie tagai rugadu duji du keje, makudumode tagai.		
BOR-CORBO-BM-MRK-011-025	MARCOS	MRK	11	25	Mare taragojemode tagogwamaguduwo du keje, tawudugugo ia jetu pegare taiwu ia tamedage eroji, duma Tao baru tadawu butugugoduwo taro pegareuji jamedu.		
BOR-CORBO-BM-MRK-011-026	MARCOS	MRK	11	26	"Mare tawudugugugodumodukare boei ma, jamedu Tao baru tadawu umodukare taro pegareu butugugodaedo jamedu.
Jesus ro raka."		
BOR-CORBO-BM-MRK-011-027	MARCOS	MRK	11	27	Icare Jesus mare ture jorduwadowuge ere tugirimi Jerusalém kae pugeje. Icare Jesus merui Pao uwai oiagi du keje, nowu sacerdotedoge eimejerage, escribadoge, boe codudoge ere tuburedo jice ae.		
BOR-CORBO-BM-MRK-011-028	MARCOS	MRK	11	28	Icare enoragodure ji, egore: - Kodiba aroino? Kakoduwu boe eimejera koiaba ure arodo ino?		
BOR-CORBO-BM-MRK-011-029	MARCOS	MRK	11	29	Icare Jesus akore ei: - Kode, inorawo tai iaboeji jamedu: Tamode tagogiegi ji ii du keje, inagomode tai kodiba iroino.		
BOR-CORBO-BM-MRK-011-030	MARCOS	MRK	11	30	João o boe etao pegododu baru piji na aregodure, iarema ime epiji na aregodure? Tamagodo ii.		
BOR-CORBO-BM-MRK-011-031	MARCOS	MRK	11	31	Icare enorare pui jice woje jice woje, tagoi oino du tabo: - Pagagomode baru pijie ma, akomode: Kode, kodiba tameartorukare ji? Inodu umode.		
BOR-CORBO-BM-MRK-011-032	MARCOS	MRK	11	32	Mare pagagomode: Ime epiji ma, pabagudure boece jamedu. Epagudure boece rugadu, paga karega, boe eiamedu boe emeartorure profeta remawuie ure Joãoce kodi.		
BOR-CORBO-BM-MRK-011-033	MARCOS	MRK	11	33	Egore Jesusji: - Ceerduwakare. Icare Jesus akore ei: Imi jamedu imagomodukare tai kodiba iroino.		
BOR-CORBO-BM-MRK-012-HEAD-001	MARCOS	MRK	12		Boepa tadawu ime pegareuge.		Cabeçalho/subtítulo editorial da fonte.
BOR-CORBO-BM-MRK-012-001	MARCOS	MRK	12	1	Icare makore ei awu ia bakaru tabo: - Ia imedu ure ia boepa mugudo, ure boe aiado ji, ure ia parera kurudodure taboboe towuje ji. Ure ia bairaireu mugudo keje, ure iaboe emaragodudo ji du kejere uture nowu moto piji.		
BOR-CORBO-BM-MRK-012-002	MARCOS	MRK	12	2	Boe aregodure du keje, ure ia tudugare utudo toro etae, ewo nowu boepa tadaboe ia maku ai pudae.		
BOR-CORBO-BM-MRK-012-003	MARCOS	MRK	12	3	Aró kode, erugodure ji ere tubodo apo, ere okorido, ere udo tugirimi tugera kedo tabo.		
BOR-CORBO-BM-MRK-012-004	MARCOS	MRK	12	4	Icare ure ia tudugare utudo toro etai pugeje. Nowu jamedu ere okorido aora keje, ere okorawu turo tuwadaru pegareu tabo.		
BOR-CORBO-BM-MRK-012-005	MARCOS	MRK	12	5	Nowu ore emawu, ure ia tudugare utudo etae pugeje, mare ere bito. Du kejere ure ia makareuge etudo etudo etae pugeje, duwugere ere iage etogorido, ere iage ewido.		
BOR-CORBO-BM-MRK-012-006	MARCOS	MRK	12	6	Iare mugu kimodu Onaregedu meardu kurire jiwu rema. Icare ure utudo etae jamedu boigodu, tagoi pudui du tabo: Ekera amagadumodukare itonaregeduji.		
BOR-CORBO-BM-MRK-012-007	MARCOS	MRK	12	7	Mare nowu ime egore pui: Awure jeonare awu jamedu boeji. Mato, pawo bito, pagiwo pagoere omode emaboece.		
BOR-CORBO-BM-MRK-012-008	MARCOS	MRK	12	8	Icare ere tubodo apo, ere bito, ere barigu toro boepa piji.		
BOR-CORBO-BM-MRK-012-009	MARCOS	MRK	12	9	Kode, inoba nowu ore boepa cewu romode pugeje. Aregodumode ma, umode nowu jeture jiwuge etagedudo, umode nowu boepa maku iage etae.		
BOR-CORBO-BM-MRK-012-010	MARCOS	MRK	12	10	Tamagokare awu bakaru atugododui bapera keje duji: Ure baimugudowuge ere ia tori pijido toro, boekarema, nowu torire icare ema remawure ema?		
BOR-CORBO-BM-MRK-012-011	MARCOS	MRK	12	11	Nowu inodu jamedu boe Pao maragodae rema, dure pagaiwore ji ma, paebogodure ji  (Sl 117,2223)		
BOR-CORBO-BM-MRK-012-012	MARCOS	MRK	12	12	"Etaidure tuwo tugeragu ji, mare epagudure boece. Ere boe pa ui nowu bakarudo oinowu jeonaie puduiduji. Mare ere pijido, eture piji.
Boe enorai boe enoroe mori jidu."		
BOR-CORBO-BM-MRK-012-013	MARCOS	MRK	12	13	Du kejere icare ere ia fariseudoge, ia herodianodoge erojai toro bogai, ewo tugeragu ji ia bataru keje.		
BOR-CORBO-BM-MRK-012-014	MARCOS	MRK	12	14	Icare ere tuburedo jice ji, egore ji: - Cegimejera, ceerduware amagore jiboe boe rugaduie duji, akare iaboe ko pugori, akaiwokare ure nono boe eiboe jitu kodi, mare are boe eerduwado Pao o awara pemegareuji. Boe emodukana tuwai kejewu tumaragodae, toroe ia mori maku César ai, iarema umodukare ino kana?		
BOR-CORBO-BM-MRK-012-015	MARCOS	MRK	12	15	Tuiordui ia boe pagadoduie emage du koia, akore ei: - Kodiba tare taro jokodu kodaedo awara kajeje iwuduwo du bogai? Iorduwo ia diieroji ka.		
BOR-CORBO-BM-MRK-012-016	MARCOS	MRK	12	16	Ere makai. Icare unoragodure ei: - Ioguduba padure awu diiero meriri keje, awu ia bataru tabo?  Egore ji: - César reno.		
BOR-CORBO-BM-MRK-012-017	MARCOS	MRK	12	17	"Du kodi icare Jesus akore ei: - Kode, César aiboe maku César ai, Pao aiboe maku Pao ai jamedu. Icare erore ta... ji.
Boe enorai boe eewodumodedu jitu."		
BOR-CORBO-BM-MRK-012-018	MARCOS	MRK	12	18	Icare saduceudoge, duwuge egore jewodureboe bokwaie, eture mato ae, enoragodure ji: -		
BOR-CORBO-BM-MRK-012-019	MARCOS	MRK	12	19	Cegimejera, Moisés akore cei: iaboe etumana bimode toreduje piji tore bokwa tabo ma, uwie mugumode apo emawo orere tumana ai.		
BOR-CORBO-BM-MRK-012-020	MARCOS	MRK	12	20	Aró, kode, ia boe keje ia uwiemagere ikera awubodure pobe taci ikera awubowuto. Boetojiwu uwiredodure, mare bire nowu toreduje piji tukai ia tore towuje ai du tabo.		
BOR-CORBO-BM-MRK-012-021	MARCOS	MRK	12	21	Rekodajiwu mugure apo pugeje. Bire piji jamedu tukai iaboe boedo apo du piji. Du inodu reorere rekodajiwure pugeje.		
BOR-CORBO-BM-MRK-012-022	MARCOS	MRK	12	22	Du reorere nowu ei ikera awubodure pobe taci ikera awubowutodu emugure apo, mare etorekare ai. Eregodajire icare nowu aredu bire jamedu.		
BOR-CORBO-BM-MRK-012-023	MARCOS	MRK	12	23	Eewodumode pugeje ma, kakoduwuba jeonamode nowu areduji? Paga karega, eiamedu boe emugure apo.		
BOR-CORBO-BM-MRK-012-024	MARCOS	MRK	12	24	Jesus akore ei: - Tawogware boeto, takare bapera atugo pawuje, takare Pao ro rakareu pawuje jamedu.		
BOR-CORBO-BM-MRK-012-025	MARCOS	MRK	12	25	Boe eewodui tuwi piji du keje, ime etuwiremodukare, areme etugogemodukare jamedu. Mare erumode nono Pao o tupadoge ereore baru tada.		
BOR-CORBO-BM-MRK-012-026	MARCOS	MRK	12	26	Nowu boe eewodumode pugejedu, tamagokare bapera atugododu padui Pao ui tuwadaru maku botoguru kajeje Moisés aiduji: “Imire Abraão, Isaac, Jacó eno Aroe Eimejera nure imi?” (Ex 3,6).		
BOR-CORBO-BM-MRK-012-027	MARCOS	MRK	12	27	"Bireuge eno Aroe Eimejera karega ure ema, mare jereuge tu rugadu. Du kodire tawogwa kuricigore boeto.
Boe eroiagudu remawu."		
BOR-CORBO-BM-MRK-012-028	MARCOS	MRK	12	28	Ia escriba meardure egoi pui duji, icare ure tuburedo jice ji, jordui mako pemegai ewadaru jipagi du koiare, unoragodure ji: Kakoduwu boe eroiagu inoduwuba kodure boetoji?		
BOR-CORBO-BM-MRK-012-029	MARCOS	MRK	12	29	Icare Jesus akore ji: - Boe eroiagudu jamedu boe duwu boetojiwu reo: Tawiapagado, Israeldoge, Pagimejera pago Aroe Eimejera ure Boe Eimejera mito tu jewu rema.		
BOR-CORBO-BM-MRK-012-030	MARCOS	MRK	12	30	Ameardu kurido Akimejera Aroe Eimejeraji, awabo jamedu tabo, akaroe jamedu tabo, ameardae jamedu tabo, aro raka jamedu boe tabo.		
BOR-CORBO-BM-MRK-012-031	MARCOS	MRK	12	31	Ica, rekodajiwu reo: Ameardu kurimode ameduiaji, ameardu kurimagai ai du reore. Ia boe eroiagudu kurireu ukare awu piji pugeje.		
BOR-CORBO-BM-MRK-012-032	MARCOS	MRK	12	32	Nowu escriba akore: - Pemega remawu nure, ikimejera, amago pemegare. Akagore Aroe Eimejera mito tu je, kodie ia kae pugeje.		
BOR-CORBO-BM-MRK-012-033	MARCOS	MRK	12	33	Kodie boe emeardu kuriiagu ji tuwabo jamedu tabo, tumeardae jamedu tabo, tudaroe jamedu tabo; jamedu boe emeardu kuriiagu tumeduiaji, nono tumeardu kuri magai pudui du reore, awu inodure pemega remawuie boere maku Pao aiboe jamedu boe kori.		
BOR-CORBO-BM-MRK-012-034	MARCOS	MRK	12	34	"Icare Jesus tuiordui akoi tuiorduwa pemegareu tabo duji du keje, akore ji: Aiaekare Pao o boe pemegareuji. Nowu inodu otobiji, iaboe iaboe ekidakare tunorawo ji pugeje.
Jesus makoi boe eroiagudu epage eidu."		
BOR-CORBO-BM-MRK-012-035	MARCOS	MRK	12	35	Jesus uwadodure Pao uwai tada, du keje akore ei: - Kodiba escribadoge egore Davi onaregeduie ure Cristoce?		
BOR-CORBO-BM-MRK-012-036	MARCOS	MRK	12	36	Mare paga karega, Aroe Pemegareu koiare ure Davi akodo oino: Pao akore Ikimejeraji: ”Amugudo ikana pemegareu jaogwai jii ii onare ewu awure kuda du kae” (Sl 109,1).		
BOR-CORBO-BM-MRK-012-037	MARCOS	MRK	12	37	Aró, kode, Davi akore cimejeraie ema, kodiba icare onaregedu umode ema?  Boekimorema, nowu boe makareuge emeardure ji taidu tabo tuiegare tabo.		
BOR-CORBO-BM-MRK-012-038	MARCOS	MRK	12	38	Makore ei, ure eerduwado: - Tameardu awadudo tai escribadogei, duwuge etaidure tumeruwo tugudae rai tabo duji.		
BOR-CORBO-BM-MRK-012-039	MARCOS	MRK	12	39	Etaidu barikare tui boe eimadudo pudui ba oiagi duji, etaidure tui tumugudo boetojiwu boe emuga keje, sinagoga tadaduji, boetojiwu boe emuga togwage kejewo keje duji.		
BOR-CORBO-BM-MRK-012-040	MARCOS	MRK	12	40	"Ekigodure ukoge bireu areme enoroe boe akedudo epiji, ere boe eerdudo togwa kuridodu raicigoie ure duji. Nowu inoduwugere Pao umode tugogadodu kurido.
Oredu bire pijiwu aredu ui toroe makudu."		
BOR-CORBO-BM-MRK-012-041	MARCOS	MRK	12	41	Ia boe keje, Jesus ure tumugudo boere tubaru kejewu emawu diiero meriri tugu tugudure towu ira jokorato, oebatodure inoba boere diiero bu bu tada duji. Boekarema o diiero kurireuge ere diiero makudu kuricigore.		
BOR-CORBO-BM-MRK-012-042	MARCOS	MRK	12	42	Ia marenaru aredu oredu bire pijiwudo aregodure, ure ia diiero meriri rogu ui pobe tu jedu tugu to.		
BOR-CORBO-BM-MRK-012-043	MARCOS	MRK	12	43	"Icare Jesus makore ture jorduwadowuge ewogai, akore ei: - 
Boe jokodu jire inagomode oino tai: Awu marenaru aredu ure diiero makado nowu o makareuge eno diiero kori irato."		
BOR-CORBO-BM-MRK-012-044	MARCOS	MRK	12	44	Mare paga karega, eiamedu boe ere to diiero kuri inodu gigudurogu ere tugu. Mare awudorema, ure diiero bu marenarui pudumi du tabo, jeture pudabowu jamedu boe ure maku.		
BOR-CORBO-BM-MRK-013-HEAD-001	MARCOS	MRK	13		Jesus makoi boe pegamoduie Pao uwai jitudu.		Cabeçalho/subtítulo editorial da fonte.
BOR-CORBO-BM-MRK-013-001	MARCOS	MRK	13	1	Ere tuiebu Pao uwai piji, du keje ure jorduwadowuge ia makore Jesusji, akore: - Cegimejera, akaiwodo awu tori awu bai cedu motuji.		
BOR-CORBO-BM-MRK-013-002	MARCOS	MRK	13	2	Icare Jesus akore ji: - Ica, aerdure awu bai kuri oinoduji? Awu kuri inodu ia ri padumodukare puaogeje.		
BOR-CORBO-BM-MRK-013-003	MARCOS	MRK	13	3	Icare ure tumugudo Oliveira kejewu torekodu aogeje, Pao uwai jokorato, du keje icare Pedro, João, André, enoragodure ji tu tuginoi.		
BOR-CORBO-BM-MRK-013-004	MARCOS	MRK	13	4	Egore: - Amagodo cei, inoba boemodedu kejeba nowu inodu umode tudowuje? Inoba boemode tudo tuwo boe pawuje nowu inodu umode tudowuje du keje duji?		
BOR-CORBO-BM-MRK-013-005	MARCOS	MRK	13	5	Icare Jesus akore ei: - Taeto tai, takawo boedo taekuri pagado.		
BOR-CORBO-BM-MRK-013-006	MARCOS	MRK	13	6	Makareuge etaregodumode ikie tabo, tagoi oino du tabo: - Imireo. Emode makareuge eekuri pagado.		
BOR-CORBO-BM-MRK-013-007	MARCOS	MRK	13	7	Tameardumode boe erugodumode puidu padui boekajeje duji ma, tabagudu kaba; paga karega, nowu inodu umode tudowuje rugadu, mare oto pa rugadu karega roga.		
BOR-CORBO-BM-MRK-013-008	MARCOS	MRK	13	8	Moto padui pudabowuge erugodumode pui jice woje, jice woje; moto amagadumode makareu boe eeda joki, boe eke boimode boei; nowu inodu okorimodeboe boe paru rema.		
BOR-CORBO-BM-MRK-013-009	MARCOS	MRK	13	9	Taeto tai, boe emode tumugudo tawugeje brae eimejerage etoiagi, boe emode boe to tai sinagogadoge etada, tajedodumode brae eimejerage etae igoia, tamagowo iiboe jokoduji eegai.		
BOR-CORBO-BM-MRK-013-010	MARCOS	MRK	13	10	Mare ema remawure Pao o bakaru maiwu pemegareu kuodumode moto jamedu boe keje boe akedumodedu otodai.		
BOR-CORBO-BM-MRK-013-011	MARCOS	MRK	13	11	Tajedodumode tajebage etae du keje, tameardaekaba tamagomode jiboe bogai, mare tamagomode padure cai tagajejewu tawadaruji. Mare paga karega, tagi karega tagagomode oinono, mare Aroe Pemegareure makomode taiabiji.		
BOR-CORBO-BM-MRK-013-012	MARCOS	MRK	13	12	Umanareboe umode tuwie bito, uoreboe umode tonaregedu bito. Boe etore etonamode tuomagei tuwo ewido.		
BOR-CORBO-BM-MRK-013-013	MARCOS	MRK	13	13	Boe eiamedu boe ekodu kagirimode tai ikie koia. Mare iedu rakamode pudui jii nowu inodu oto kaewu, inorudodumode.		
BOR-CORBO-BM-MRK-013-014	MARCOS	MRK	13	14	Taerdumode boe pegareu remawu jetui boe pemegareu muga keje (makomode awu atugododure jiwu umode pawuje), kode, jeture Judéia kejewuge eregodudo torekare boeto.		
BOR-CORBO-BM-MRK-013-015	MARCOS	MRK	13	15	Jeture bai aogejewuge ekaba turawuje tuwo turemo baito tuwo iaboe reko piji.		
BOR-CORBO-BM-MRK-013-016	MARCOS	MRK	13	16	Jeture toro boe tadawuge ekaba tugirimi tuwai kae tugudae bogai.		
BOR-CORBO-BM-MRK-013-017	MARCOS	MRK	13	17	Jiwo pegamode cewu kuiarureu areme, cewu ure tore kugure enogwagirido kimowuge!		
BOR-CORBO-BM-MRK-013-018	MARCOS	MRK	13	18	Tagogwamagududo nowu inodu ukawo tudowuje biaku butu tabo.		
BOR-CORBO-BM-MRK-013-019	MARCOS	MRK	13	19	Paga karega, nowu kodiwu keje boe ecebae kuricigomode. Pao ui boe etowujedu paru piji jii oino, umodukare ino pugeje jamedu.		
BOR-CORBO-BM-MRK-013-020	MARCOS	MRK	13	20	Pao umodukare boe koborido ma, iaboe iaboe umodukare cinorudo. Mare umode boe koborido, tuwiapaga tabo ture tugeragu pudaewu pemegareugei.		
BOR-CORBO-BM-MRK-013-021	MARCOS	MRK	13	21	Du kodi care, iaboe egomode: - Cristo reo. Emarice!  oino tai ma, tameartorukaba ji.		
BOR-CORBO-BM-MRK-013-022	MARCOS	MRK	13	22	Paga karega, makareuge emode Cristodo pudumi paga tu je, emode profetadogedo pudumi paga tu je, emode ia turo kurireu towuje tuwo pemegareuge eekuri pagado jamedu, turoiwamode du keje.		
BOR-CORBO-BM-MRK-013-023	MARCOS	MRK	13	23	"Tagirema, tameardu awadudo tai. Ica, inure taiagu tado tarugadu.
Imedu Onaregedu aregodomodedu."		
BOR-CORBO-BM-MRK-013-024	MARCOS	MRK	13	24	Nowu kodiwu keje, nowu boe ecebae rekodaji, meri joku urugumodukare, ari urugumodukare.		
BOR-CORBO-BM-MRK-013-025	MARCOS	MRK	13	25	Kuiejedoge ewudumode baru piji, baru tadawu ro rakareboe akedumode.		
BOR-CORBO-BM-MRK-013-026	MARCOS	MRK	13	26	Kode, du kejere icare boe eerdumode Imedu Onaregedu aregodui boetugu aogeje duji, turo rakareu tabo, turugu motu rakaguragareu tabo.		
BOR-CORBO-BM-MRK-013-027	MARCOS	MRK	13	27	Umode to tupadoge etarego tuwo baru paru jamedu jiwu pemegareuge eiamedu boe edo tudo pui.		
BOR-CORBO-BM-MRK-013-028	MARCOS	MRK	13	28	Tado boe pa awu inodu remagudui figueira i jitu duji: itura boe kugudure du keje, aru botugodure du keje, taerduware butao oto aregoduie ure duji.		
BOR-CORBO-BM-MRK-013-029	MARCOS	MRK	13	29	Du reorere taerdumode icai inodu ui tudowuje du keje, taerduwamode Imedu Onaregedu puredugoduie ure baiporo kae duji.		
BOR-CORBO-BM-MRK-013-030	MARCOS	MRK	13	30	Boe jokodu jire inagomode oino tai: Awu inodu kodumodukare awu maiwu boe ekori.		
BOR-CORBO-BM-MRK-013-031	MARCOS	MRK	13	31	Moto, baru akedumode, mare iwadaru rema okwamodukare.		
BOR-CORBO-BM-MRK-013-032	MARCOS	MRK	13	32	Mare nowu inodu umode tudowuje jiwu meri iaboe iaboe eerduwakare ji, jamedu baru tadawu tupadoge eerduwakare jamedu; ica, Imedu Onaregedu jorduwakare ji jamedu, mare tu Pao tu rugadu.		
BOR-CORBO-BM-MRK-013-033	MARCOS	MRK	13	33	Tado nono iaboere nowu bakaruji, tameardu awadudo tai, mare paga karega, taerduwakare inoba boemodedu kejeba.		
BOR-CORBO-BM-MRK-013-034	MARCOS	MRK	13	34	Umode nono ia imedu utumode tuwai pijidu, umode tudugarege eetudo tuwaiji, tui pu jorduwado tumaragodae boe jitu umode ia baiporo epa jetudo ei du reore.		
BOR-CORBO-BM-MRK-013-035	MARCOS	MRK	13	35	Kode, tagoebatodudo, paga karega, taerduwakare inoba boemodedu kejeba nowu cimejera aregodumode tuwai kae duji: meri rekodu tabo rabodu, iarema boecoji rakudu, iarema kogorigadoge egogodumode du keje rabodu, barogwa kododu tabo rabodu.		
BOR-CORBO-BM-MRK-013-036	MARCOS	MRK	13	36	Paga karega, aregodumode du keje, jetukawo pa je tanu padu pagaji.		
BOR-CORBO-BM-MRK-013-037	MARCOS	MRK	13	37	Imagore tai boe jamedu boe imagomode ino boe eiamedu boei: Tameardu awadudo tai.		
BOR-CORBO-BM-MRK-014-HEAD-001	MARCOS	MRK	14		Boe emeardaere tuwo Jesus bito.		Cabeçalho/subtítulo editorial da fonte.
BOR-CORBO-BM-MRK-014-001	MARCOS	MRK	14	1	Meri pobe du rekodaji, petamode Pascoaji, amireu rokareuji jamedu. Boekarema, sacerdotedoge eimejerage, mare escribadoge eemarure tuwo tugeragu ji, je paga inoduji, tuwo bito du bogai.		
BOR-CORBO-BM-MRK-014-002	MARCOS	MRK	14	2	"Mare egore nowu peta keje kaegae, boe jokodukare kare boe erugodukawoe pui nowu inodu koia.
Jesus rakojei Betânia kejedu."		
BOR-CORBO-BM-MRK-014-003	MARCOS	MRK	14	3	Jesus rakojere Betânia keje, Simão moci bare jiwu uwai tada. Mugure ira keje du kaere ia aredu ure turemo mato ia ruwobo motureu tabo okorobadui nardo oku roreu awadu tabo, mori kuricigore du tabo; ure nowu ruwobo motureu bowuje, ure nowu roreboe redo Jesus aoto.		
BOR-CORBO-BM-MRK-014-004	MARCOS	MRK	14	4	Boekarema, ia emage ekorigodure, egore tudada: - Kodiba ure awu roreboe roto ja je?		
BOR-CORBO-BM-MRK-014-005	MARCOS	MRK	14	5	Uia umode akirodo diieroi 300 cedu tabo uwo maku maku marenarue etai. Ekorigodure ji.		
BOR-CORBO-BM-MRK-014-006	MARCOS	MRK	14	6	Mare Jesus akore ei: - Piji, kodiba tagagoino ji? Unure turu pemegareudo ii.		
BOR-CORBO-BM-MRK-014-007	MARCOS	MRK	14	7	Paga karega, marenarue emode tu tu tadoda; tagaidukeje taro pemegamode ei, mare imirema, imodukare jii oino tagabo.		
BOR-CORBO-BM-MRK-014-008	MARCOS	MRK	14	8	Rore roiware tu jiboeji. Ure boekaguru roreu reko iiogi imedumode moto tadawu paru kae.		
BOR-CORBO-BM-MRK-014-009	MARCOS	MRK	14	9	"Boe jokodu jire inagomode oino tai: Pao o bakaru maiwu kogadodumode kejewu moto jamedu boe, reorere awu roi iidu kogadodumode jamedu, boe ewia jetuwo ji.
Judas ui Jesus makudu."		
BOR-CORBO-BM-MRK-014-010	MARCOS	MRK	14	10	Nowu ure jorduwadowuge iai mito tu je du, iere Judas cedu, uture jice sacerdotedoge eimejera ae tuwo Jesus maku ai.		
BOR-CORBO-BM-MRK-014-011	MARCOS	MRK	14	11	"Awu inodu akaru koiare icare eegare kuricigore, egore tumoduie ia diiero maku ai. Icare jeemarure kakoduwu ia kodiboe kejeba tumode maku etai du bogai.
Jesus ui Páscoa towujedu."		
BOR-CORBO-BM-MRK-014-012	MARCOS	MRK	14	12	Amireu rokare jiwu boetojiwu meri nowu ure jorduwadowuge enoragodure ji: - Kaiba akaidumode cewo cegera pemegado pagogwagewo Pascoaji.		
BOR-CORBO-BM-MRK-014-013	MARCOS	MRK	14	13	Icare ure nowu ture jorduwadowuge edo pobe tagoi ei oino du tabo: - Toro bakurireuto. Nono ia imedu kodumode tadogi pori tabo, pobo tabo.		
BOR-CORBO-BM-MRK-014-014	MARCOS	MRK	14	14	Tagodumode apo. Ure turemo baitowu keje tamagomode nowu uwaire nowu bai cewu imeduji: Cegimejera unorare ai kakoduwu bai tadaba inogwagemode ire jorduwadowuge ebo Pascoaji?		
BOR-CORBO-BM-MRK-014-015	MARCOS	MRK	14	15	Umode taerdudo tu ia bai mugui puaogejedu ema remawuji ui turugadu duji. Nono tamode boedo turugadu nono.		
BOR-CORBO-BM-MRK-014-016	MARCOS	MRK	14	16	Icare cewu ure jorduwadowuge ei pobedu eture toro bakurireuto rugadu. Eerdure Jesus akoi umoduie duji rugadu, nonore icare ere Pascoamodedu udo turugadu nono.		
BOR-CORBO-BM-MRK-014-017	MARCOS	MRK	14	17	Meri rekodu tabore icare uture toro nowu ture jorduwadowuge eiamedu apo.		
BOR-CORBO-BM-MRK-014-018	MARCOS	MRK	14	18	Emugui ira keje togwage tabo du keje, Jesus akore: - Boe jokodu jire inagomode oino tai: Ia tai mito tu jedu, okwagere itabowu, koiare umode imagu.		
BOR-CORBO-BM-MRK-014-019	MARCOS	MRK	14	19	Ekiarigodure tu je, enoragodure tu ji puregodaji, egore: - Imi kana?		
BOR-CORBO-BM-MRK-014-020	MARCOS	MRK	14	20	Akore ei: - Tai ikera pudogiduredu pobe taci iwurekotowuge ia tagi, okwage nure iprato mitoduto itabowu.		
BOR-CORBO-BM-MRK-014-021	MARCOS	MRK	14	21	"Imedu Onaregedu kodumode, bapera atugoi pudui du reore. Mare jiwo pegamode nowu imedu ro koia ure Imedu Onaregedu makududodumode tuwidoduwo. Ema remawuia botumodukare du rema.
Jesus ui boe ekedo pudumidu."		
BOR-CORBO-BM-MRK-014-022	MARCOS	MRK	14	22	Enogwage tonaji, Jesus ure tugeragu amireuji, ure togwakurido tu je, du kejere ure tugera bu kajeje, ure maku etai, tagoi oino du tabo: - Emareo, kowuje, ikodu reo.		
BOR-CORBO-BM-MRK-014-023	MARCOS	MRK	14	23	Du kejere ure tugeragu parera kuru ja roguji, ure togwa kurido tabo pugeje, ure maku etai, eiamedu kudure ce.		
BOR-CORBO-BM-MRK-014-024	MARCOS	MRK	14	24	Akore ei: - Awu ikureo, bakaru maiwu jiwu iku, dure redodumode makareuge etai.		
BOR-CORBO-BM-MRK-014-025	MARCOS	MRK	14	25	"Boe jokodu jire inagomode oino tai: Ikudumodukare parera kuruce pugeje jii, ikudumode ce pugeje Pao o boe pemegareu keje du kae.
Jesus ure Pedro bie."		
BOR-CORBO-BM-MRK-014-026	MARCOS	MRK	14	26	Turagodui tugeroia jitu akedu keje, eture toro Oliveira kejewu torekodu kae.		
BOR-CORBO-BM-MRK-014-027	MARCOS	MRK	14	27	Icare Jesus akore ei: - Taiamedu boe meardae begamode, mare paga karega, atugododure oino: Imode jeture nowu barege kugure eiwu korido, dukeje eromode ja tuku je (Zac 8,7).		
BOR-CORBO-BM-MRK-014-028	MARCOS	MRK	14	28	Mare iewodumode du rekodaji ipagamode tawogai Galiléia keje.		
BOR-CORBO-BM-MRK-014-029	MARCOS	MRK	14	29	Mare Pedro akore ji: - Boe eiamedu boe emeardae begamode ai ma, imodukare ino rugadu.		
BOR-CORBO-BM-MRK-014-030	MARCOS	MRK	14	30	Icare Jesus akore ji: - Boe jokodu jire inagomode oino ai: Awu boeco rugadu jire kogariga akogodumode pobe du otodai, amode aerduwa bokwado ii pobe ma jewu metuia bokware.		
BOR-CORBO-BM-MRK-014-031	MARCOS	MRK	14	31	"Mare Pedro akore ji pugeje: - Iwidodumode akabo, mare iwo iorduwa bokwado ai du umodukare. Eiamedu boe egore oinoduji jamedu.
Jesus makoi tuoji Getsmani kejedu."		
BOR-CORBO-BM-MRK-014-032	MARCOS	MRK	14	32	Du kejere eture ia boe eeda iei Getsmani cedu kae. Nonore icare Jesus akore ture jorduwadowugei: - Tamugudo tu woe jao imagoi baruto du tonaji.		
BOR-CORBO-BM-MRK-014-033	MARCOS	MRK	14	33	Ure Pedro, Tiago, João eko pudabo. Icare kugudugodure tu pudabo, kiarigodure tu je.		
BOR-CORBO-BM-MRK-014-034	MARCOS	MRK	14	34	"Icare akore ei: -
Itaroe kiarigodure iwimodedu kae, taedo woe, tagurodudo tu je."		
BOR-CORBO-BM-MRK-014-035	MARCOS	MRK	14	35	Icare ure tuwure taru tu epiji, nonore ure tubujodo kuri tuku mototo, makore Paoji, akore uia turugadu awu boemode inowu koduia tugori.		
BOR-CORBO-BM-MRK-014-036	MARCOS	MRK	14	36	Akore: - Ioga, aroiware boe jameduji, awu icebae roto oino ipiji, mare ukaba itaidu reore, mare udo nono akaidu reore.		
BOR-CORBO-BM-MRK-014-037	MARCOS	MRK	14	37	Du kejere uture nowu ture jorduwadowuge etae, boekarema jeture pa enu padu pagaji.		
BOR-CORBO-BM-MRK-014-038	MARCOS	MRK	14	38	Akore Pedroji: Simão, anudu nure? Akurodumodukare tu jao. Tagurodudo, tamagodo tabaru tabo, tameardae pegareu butu kawo tawugeje, mare paga karega, boe etaroere turugadu, mare boe ekodu rema kugudugodu nure.		
BOR-CORBO-BM-MRK-014-039	MARCOS	MRK	14	39	Ure turodo boku ei pugeje, makore Paoji pugeje, tumagoi cewu tuwadaru mitodu jitu tabo.		
BOR-CORBO-BM-MRK-014-040	MARCOS	MRK	14	40	Tui tugirimi du tabo, jordure enu padu biji pugeje. Paga karega nore kori remawu nure eeku jitu kodi. Eerduwakare inoba tagomode duji.		
BOR-CORBO-BM-MRK-014-041	MARCOS	MRK	14	41	Boekarema, ure tugirimi pugeje, tagoi ei du tabo: - Tanududo, tagamudo. Urugadu. Boe aregodure pudae. Imedu Onaregedu makudumode ro pegareuge ekera kai.		
BOR-CORBO-BM-MRK-014-042	MARCOS	MRK	14	42	"Taragojedo, marigu paduwo! Cewu umode imaguwu puredugodure. 
- Boei tugeragu Jesus jidu."		
BOR-CORBO-BM-MRK-014-043	MARCOS	MRK	14	43	Mako kimoredu kaere, Judas Iscarite, nowu ia ure jorduwadowu, aregodure. Apore ia makareuge ekodure, tugedui toriga jitu tabo, ipo jitu tabo. Baire eimejerage, escribadoge, boe codudoge, eigoiare ere erodo ino.		
BOR-CORBO-BM-MRK-014-044	MARCOS	MRK	14	44	Boekare, cewu umode edo turugadu jiwu ure bakarudo turugadu ei, akore: - Cewu imode inogwabi jiwu, ema reno, tageragu ji, reko toro, mare butugu tabo.		
BOR-CORBO-BM-MRK-014-045	MARCOS	MRK	14	45	Icare tui tuburedo Jesus jitu tabo, akore ji: - Ikimejera. Ure togwabi ji tu je.		
BOR-CORBO-BM-MRK-014-046	MARCOS	MRK	14	46	Icare ere taredo ai, ere tugeragu ji.		
BOR-CORBO-BM-MRK-014-047	MARCOS	MRK	14	47	Icare nowu ia rakoje puredure nono jiwu, ure tariga raireu tawuje, ure nowu baire eimejera ia utugare bia kado.		
BOR-CORBO-BM-MRK-014-048	MARCOS	MRK	14	48	Icare Jesus akore ei: - Tare tarodo nono boe ero magai ia ropegareu jitu reore taroi tariga raireu tabo, ipo tabo iwogai duji.		
BOR-CORBO-BM-MRK-014-049	MARCOS	MRK	14	49	Mare nowu inodu boe tada, iragojere tagabo meri jameduji, ii boe eerduwado Pao uwai tada du tabo, mare takare tageragu ii. Mare oino awu inodu ure tudowuje, uwo nono bapera atugo pemegareu reore.		
BOR-CORBO-BM-MRK-014-050	MARCOS	MRK	14	50	Nonore icare eiamedu boe ere pijido, eregodure piji.		
BOR-CORBO-BM-MRK-014-051	MARCOS	MRK	14	51	Ia iparedu kodure rekodaji aroia kigadu upoi tu pudabo. Boekarema, ere tugeragu ji.		
BOR-CORBO-BM-MRK-014-052	MARCOS	MRK	14	52	"Mare ure tugera ra nowu opore pudabowu aroia piji, rekodure tuwiri kedo tabo.
Jesus rakojei judeudoge eimejerage ei tudo puidu eegoraidu."		
BOR-CORBO-BM-MRK-014-053	MARCOS	MRK	14	53	Ekodure Jesus apo baire eimejerage ewai kae. Cewu baire, escribadoge, boe codudoge ere tudo puiwo kae.		
BOR-CORBO-BM-MRK-014-054	MARCOS	MRK	14	54	Pedro kodure rekodaji, tui tuiedu jaedo jitu tabo kuri tuku ewororo kae. Nonore ure tumugudo tu oebatodureuge ebo, joru okwai, ure towarudo tu je.		
BOR-CORBO-BM-MRK-014-055	MARCOS	MRK	14	55	Baire eimejerage, nowu jeture nonowuge eiamedu boe eemarure pui kakoduwu ia puba readodumode roji tuwo maku bitoduwo du bogai. Mare eerdukare iaboeji iaboeji.		
BOR-CORBO-BM-MRK-014-056	MARCOS	MRK	14	56	Makareuge enogiru pegare ji, mare nowu egoi jitu ukare turugadu pui.		
BOR-CORBO-BM-MRK-014-057	MARCOS	MRK	14	57	Icarema iagere turagojedo tuwadararodui jitu tabo.		
BOR-CORBO-BM-MRK-014-058	MARCOS	MRK	14	58	Egore: - Cemeardure akoi: Imode awu Pao uwai todui ime ekera tabodu butudo, mare meri pobe ma jewu metuia bokware du keje, imode ia to pugeje, mare ime ekera tabowu karega, oinoduji		
BOR-CORBO-BM-MRK-014-059	MARCOS	MRK	14	59	Mare nowu egoi jitu jetukare ji.		
BOR-CORBO-BM-MRK-014-060	MARCOS	MRK	14	60	Icare baire eimejera ure turagojedo taci tumedage etoiabiji, unoragodure Jesusji, akore ji: - Inoba ure? Amagomodukare iaboeji iaboeji? Kakodiboe jiba egore oino ai?		
BOR-CORBO-BM-MRK-014-061	MARCOS	MRK	14	61	Mare Jesus ukare tagodo ia tago. Icare baire eimejera unoragodure ji pugeje: - Akina Cristore aki? Aroe Eimejera Pemegareu Onaregedu nure aki?		
BOR-CORBO-BM-MRK-014-062	MARCOS	MRK	14	62	Jesus akore: - U! Imi rugadu. Taerdumode Imedu Onaregedu mugui Pao ro rakareu kana pemegareu jaogwai duji, aregodui baru pijiwu boetugu aogeje duji.		
BOR-CORBO-BM-MRK-014-063	MARCOS	MRK	14	63	Du kodi icare nowu baire eimejera, ure tugerado ja... tugudae keje. Icare tumago raka tabo akore: - Kodiba paemarumode ia boe readodui ro pegareuji du bogai pugeje?		
BOR-CORBO-BM-MRK-014-064	MARCOS	MRK	14	64	Tameardure bataru pegareuji oino. Inoba ure taegai?  Eiamedu boe egore uie turugadu bitoduwo.		
BOR-CORBO-BM-MRK-014-065	MARCOS	MRK	14	65	"Kodi icare iagere todoguru to ji, ere aroia upodo je tabo, ere tugimori to ji, egore ji: - Roinowu pawuje.
Pedro ui tuiorduwa bokwado Jesus jitu."		
BOR-CORBO-BM-MRK-014-066	MARCOS	MRK	14	66	Pedro mugui toro comoroi ewororo keje du kejere, nowu baire eimejera ia utugare aredu aregodure.		
BOR-CORBO-BM-MRK-014-067	MARCOS	MRK	14	67	Ure tuioku kidudo Pedroji tu... ui towarudo duji, akore: - Aki jamedu aragojere Jesus Nazaré kejewu apo.		
BOR-CORBO-BM-MRK-014-068	MARCOS	MRK	14	68	Akore: - Iorduwakare akagoino jiboeji. Ikare akagoino jiboe pawuje. Ure tuiebu ewororo kaewu baiporoji. Du kejere icare kogariga akogodure.		
BOR-CORBO-BM-MRK-014-069	MARCOS	MRK	14	69	Cewu jordure jiwu aredu akore nonowugei: - Awu meture ecewuge etada.		
BOR-CORBO-BM-MRK-014-070	MARCOS	MRK	14	70	Icare Pedrore tuiorduwa bokwado pobe ji. Inodu rekodaji kuri je, nowu jeture nonowuge egore Pedroji pugeje: - Boe jokodu ecewuge etumeduia akireo. Paga karega, Galiléia pijiwu nure aki.		
BOR-CORBO-BM-MRK-014-071	MARCOS	MRK	14	71	Du kejere icare bataru pegare, akore: - Iorduwakare nowu tagagoino jiwu imeduji. Oinore akore tugorigodu pegareu tabo.		
BOR-CORBO-BM-MRK-014-072	MARCOS	MRK	14	72	Nowu inodu keje kuri je, kogariga akogodure pugeje pobe. Icare Pedro biabuture cewu Jesus akore puduiwo keje: - Kogariga akogodumode pobe du otodai, amode aerduwa bokwado ii pobe ma awu metuia bokware. Boekare akore kui... toragudu tabo.		
BOR-CORBO-BM-MRK-015-HEAD-001	MARCOS	MRK	15		Jesus rakojei Pilato jokoraidu.		Cabeçalho/subtítulo editorial da fonte.
BOR-CORBO-BM-MRK-015-001	MARCOS	MRK	15	1	Kuri barogwa kododu tabo, baire eimejerage, codureu boe, escribadoge, ere tudo pui. Ere Jesus ieragogudo, ere reko Pilato ae ere maku ai tu je.		
BOR-CORBO-BM-MRK-015-002	MARCOS	MRK	15	2	Icare Pilato unorare ji: - Akina judeudoge eimejera kurireure aki?  Akore: - U!		
BOR-CORBO-BM-MRK-015-003	MARCOS	MRK	15	3	Du tonajire icare baire eimejerage ere roiaododu kuricigodo.		
BOR-CORBO-BM-MRK-015-004	MARCOS	MRK	15	4	Pilato unoragodure ji pugeje, akore: - Amagomodukare? Awiapagakare awuge egoi aro pegareu boe jituji?		
BOR-CORBO-BM-MRK-015-005	MARCOS	MRK	15	5	Mare Jesus makokare iaboeji iaboeji pugeje. Du koiare Pilato je rore ta je.		
BOR-CORBO-BM-MRK-015-006	MARCOS	MRK	15	6	Boekarema, roiare tui ia meture baicoreu tadawuge ia tawuje petare tu tu jiwu meriji, cewu enogwamagudumode jiwuji.		
BOR-CORBO-BM-MRK-015-007	MARCOS	MRK	15	7	Ia iei Barrabás cedu mugure nono du ere tugeragu ji ia metage pegareuge ebo, ure ia tumeduia bito du kodi.		
BOR-CORBO-BM-MRK-015-008	MARCOS	MRK	15	8	Boe erudure toro ae, enogwamagudure ji nowu roia bogai.		
BOR-CORBO-BM-MRK-015-009	MARCOS	MRK	15	9	Pilato akore ei: - Tagaidukana iwo judeudoge eimejera inorudo?  10(Jorduware baire eimejerageie maku tugori koia jitu duji, du koiare akoino).		
BOR-CORBO-BM-MRK-015-011	MARCOS	MRK	15	11	Mare baire eimejerage egore boei boe enogwamaguduwo Barrabás ema remawuie tawujedumode dure ema.		
BOR-CORBO-BM-MRK-015-012	MARCOS	MRK	15	12	Icare Pilato akore: - Inoba tagaidure irowo tagagore judeudoge eimejeraie emawuji?		
BOR-CORBO-BM-MRK-015-013	MARCOS	MRK	15	13	Icare ere toiogwarido pugeje, egore: - Bu i keje!		
BOR-CORBO-BM-MRK-015-014	MARCOS	MRK	15	14	Pilato akore: - Kode inoba ro pegareu ure?  Ere toiogwari rakado pugeje, egore: - Bu i keje!		
BOR-CORBO-BM-MRK-015-015	MARCOS	MRK	15	15	"Pilato aidure tuwo nowu boe eegaredo, du kodire icare ure Barrabás inorudo etai, ure Jesus maku etai ewo bu i keje, tui boe to jitu rekodaji.
Tugobaigaregere turo tago amado Jesus jitu."		
BOR-CORBO-BM-MRK-015-016	MARCOS	MRK	15	16	Utorigaraidoge ere Jesus reko toro ia boiadowu ewororo kae, nowu tugobaigarege ewaito, nono ere tugobaigarege epadui pumekejedu boe eto pui nono.		
BOR-CORBO-BM-MRK-015-017	MARCOS	MRK	15	17	Ere aroia urugureu tugu tu Jesusji, ere boto enado ere udo nono boe etaogajejewu reore, du ere to coku aoto.		
BOR-CORBO-BM-MRK-015-018	MARCOS	MRK	15	18	Icare ere cimadudo apo tagoi oino du tabo: - Aegaredo, judeudoge eimejera kurireu!		
BOR-CORBO-BM-MRK-015-019	MARCOS	MRK	15	19	Ere tugeragu ia ipoji, ere to aoraji, ere todoguru to ji, ere tubujodo ji, tui turo amado jitu tabo.		
BOR-CORBO-BM-MRK-015-020	MARCOS	MRK	15	20	"Tui turorerudo jitu akedu keje, ere cewu aroia urugureu tawuje piji, ere cewu ukudae maku ai pugeje, ere tuiebu apo tuwo bu i padui pugajejedu keje.
Jesus padui i padui pugajejedu keje."		
BOR-CORBO-BM-MRK-015-021	MARCOS	MRK	15	21	Cirene pijiwu ia imedu, kodure nonodu, iei Simão cedu, aregodui boepa pijidu, Alexandre, Rufo etuo, ere udo tudugu nowu Jesus o i padui pugajeje duji.		
BOR-CORBO-BM-MRK-015-022	MARCOS	MRK	15	22	Ere Jesus reko ia iere Gólgota, ino jiboe kae. Awu iere oinowu ure oino “Boe etaora ra jeta”.		
BOR-CORBO-BM-MRK-015-023	MARCOS	MRK	15	23	Ere kududo kuru jirireboe metui parera kuru tadaduce. Mare aidukare ji.		
BOR-CORBO-BM-MRK-015-024	MARCOS	MRK	15	24	Tui bu i padui pugajejedu keje, ere ukudae pedo pui, kakoduwu, ia pudumiba jeonamode jitu bogai.		
BOR-CORBO-BM-MRK-015-025	MARCOS	MRK	15	25	Meri jetui baru oiadoda, ere bu i padui pugajejedu keje.		
BOR-CORBO-BM-MRK-015-026	MARCOS	MRK	15	26	Nowu padure kejewu i ao keje ere bapera atugo bu, akore: “Judeudoge Eimejera Kurireu”		
BOR-CORBO-BM-MRK-015-027	MARCOS	MRK	15	27	Ere ia ro pegareuge ewu i keje apodu ere pobe: ia okwacere kana pemegareu jaogwai, ia okwacere kana koboreu jaogwai.		
BOR-CORBO-BM-MRK-015-028	MARCOS	MRK	15	28	Oinore bapera atugo kodui pudui dure oino: “Iegidodure boe pegareuge ebo”.		
BOR-CORBO-BM-MRK-015-029	MARCOS	MRK	15	29	Cewu kodure nono koriwu boe erorerure ji, ere taora roto bai bai, tagoi oino du tabo: - Aró! Kode, akire Pao uwai butudo, pemegadoduwo meri pobe ma jewu metuia bokware du keje.		
BOR-CORBO-BM-MRK-015-030	MARCOS	MRK	15	30	Kode akinorudo akaobiji. Arawuje nowu i piji.		
BOR-CORBO-BM-MRK-015-031	MARCOS	MRK	15	31	Du reorere baire eimejerage, escribadoge egore pui tui togorido jitu tabo, egore : - Ure iaboe einorudo, pudumire icare roiwakare tuwo cinorudo.		
BOR-CORBO-BM-MRK-015-032	MARCOS	MRK	15	32	"Kode Israeldoge eimejera kurireu nure ema, kode udo turawuje i piji ma, paerduwo, pameartoruwo. Nowu padure i keje apowuge emago pegare ji jamedu.
Jesus biredu."		
BOR-CORBO-BM-MRK-015-033	MARCOS	MRK	15	33	Meri jetui baru oia keje du piji jii meri jogodu kae, boeco kurireu mugure moto jamedu boe keje.		
BOR-CORBO-BM-MRK-015-034	MARCOS	MRK	15	34	Meri jogodu kejere, Jesusre toiogwari rakaguragado tagoi oino du tabo: - Eloi, Eloi, lamma sabactani  Dure oino: - Ioga, Ioga, kodiba are ipijido?		
BOR-CORBO-BM-MRK-015-035	MARCOS	MRK	15	35	Icare ia jeture nonowuge, tumeardui nowu inodu jitu keje, egore: - Mako nure Elias bogai.		
BOR-CORBO-BM-MRK-015-036	MARCOS	MRK	15	36	Nowu ia mito tu jedu rekodure, ure boe otogugudu tugu ia pagodureboe kuruto, ure bu tu ia ipobigodu oto keje, ure kududo ce, tagoi oino du tabo: - Pawo pagado tu Eliasmode turawuje du bogai.		
BOR-CORBO-BM-MRK-015-037	MARCOS	MRK	15	37	Jesus oiogwari rakareu padure boe kajeje.		
BOR-CORBO-BM-MRK-015-038	MARCOS	MRK	15	38	Inodu tonaji, Pao uwai tadawu aroia boareu ure tuwowuje togwa cobojewu piji ja tuku woje moto kae. Kodi icare megare pobe tu je.		
BOR-CORBO-BM-MRK-015-039	MARCOS	MRK	15	39	Torigaraidoge eimejera rakojere Jesus jokorai toebatodu tabo ji, tuiordui akurui toiogwari rakareu tabodu jitu keje, akore: - Awu imedu boe jokoduradu Pao Onaregedu rema.		
BOR-CORBO-BM-MRK-015-040	MARCOS	MRK	15	40	Ia areme eedure nonodu etaiwore ae turagoje jaei jitu tabo. Du etada Maria Madalenare, Maria, Tiago biegareu mare José etujere, Salomere,		
BOR-CORBO-BM-MRK-015-041	MARCOS	MRK	15	41	"Duwugere ekodure apo, eeture ji, rakojei Galiléia tada du keje. Iage emagare pugeje, duwugere ekodure apo Jerusalém kae.
Jesus tugudui tori todu."		
BOR-CORBO-BM-MRK-015-042	MARCOS	MRK	15	42	Icare, meri rekodure du keje, (nowu meri jire boere tugera pemegado petaji, sabadore jiwu okea keje).		
BOR-CORBO-BM-MRK-015-043	MARCOS	MRK	15	43	Icare José Arimatia pijiwu, jorduwa rakareu imedu, upagare jamedu Pao o boe pemegareu bogaidu, aregodure, ure tugidado pudui taci Pilato ae, okwamagudure ji uwo Jesus maku pudai.		
BOR-CORBO-BM-MRK-015-044	MARCOS	MRK	15	44	Pilato jerore ta... Jesus akuru marigudui kuri je duji. Kodi icare, Pilato makore torigaraidoge eimejera bogai, unoragodure ji marigudu rakuduie Jesus akurure du bogai.		
BOR-CORBO-BM-MRK-015-045	MARCOS	MRK	15	45	Nowu torigaraidoge eimejera akore uie, boe rugaduie. Kodi icare akore uiagu maku cewu okwamagudure bogaiwu ai.		
BOR-CORBO-BM-MRK-015-046	MARCOS	MRK	15	46	Josere ia aroia kigadureu aru, icare ure rawuje i padui pugajejedu piji, ure aroia upodo apo, ure tugu ia aroe eiao mugui tori poroto duto. Kodi icare ure ia tori roto kororo jice tuwo bu je keje du bogai.		
BOR-CORBO-BM-MRK-015-047	MARCOS	MRK	15	47	Maria Madalena, mare José uce Maria, enoebatodure jice ure tuguwo kae.		
BOR-CORBO-BM-MRK-016-HEAD-001	MARCOS	MRK	16		Jesus jewodu.		Cabeçalho/subtítulo editorial da fonte.
BOR-CORBO-BM-MRK-016-001	MARCOS	MRK	16	1	Sabadore jiwu meri akedure du keje, Maria Madalena, mare Tiago uce Maria, mare Salom ere akirodo ia roreboeji tuwo reko Jesus joki.		
BOR-CORBO-BM-MRK-016-002	MARCOS	MRK	16	2	Icare semanamode turemo jiwu meri boetojiwuji, meri rutu keje kuri je, eture toro meturewo kae.		
BOR-CORBO-BM-MRK-016-003	MARCOS	MRK	16	3	Egore pui: - Ioguduba umode nowu tori roto oino pagai meturewo je piji?		
BOR-CORBO-BM-MRK-016-004	MARCOS	MRK	16	4	Icarema, tui tuie awogado du tabo, eerdure nowu tori kurireu padukai tumuga kejeduji.		
BOR-CORBO-BM-MRK-016-005	MARCOS	MRK	16	5	Icare ere turemo nowu aroe eiaoto, du tadare eerdure ia iparedu mugui kana pemegareu jaogwai tugudae kigadu tabo duji, icare epagudugodure.		
BOR-CORBO-BM-MRK-016-006	MARCOS	MRK	16	6	Icare akore ei: - Tabagudu kaba. Jesus Nazaré pijiwu, padudodui i kejedu bogaire taroino. Boekimo. Padukare woe. Jewodure marigudu. Ica: padurewo reo.		
BOR-CORBO-BM-MRK-016-007	MARCOS	MRK	16	7	Kodi icare, toro! Tamagodo nowu ture jorduwadowugei. Pedroji jamedu. Tamagodo ei akoe tubagamode ewogai Galiléia keje, toroie taerdumode pudui, cewu tagore tai du reore.		
BOR-CORBO-BM-MRK-016-008	MARCOS	MRK	16	8	"Kodi icare eture nowu aroe eiao piji, tamagadui, tubagudu tabo du tabo. Emagokare iaboei iaboei tubagudu koia.
Jesus ui towadudo Maria Madalena aidu."		
BOR-CORBO-BM-MRK-016-009	MARCOS	MRK	16	9	Jesus, tuiewodui barogwa kododu tabo, semanamode turemo jiwu meri boetojiwu jitu keje, ure towadudo boetoji Maria Madalena jekai. Cewu ure  Aroe pegareuge ei ikera awubodure pobe taci ikera awubowutodu ewarigu pijiwudo.		
BOR-CORBO-BM-MRK-016-010	MARCOS	MRK	16	10	Duwudo koiare ure mugure Jesus apowuge ewie, duwugere ekiarigodu kuricigore, etoragudu kuricigo nure.		
BOR-CORBO-BM-MRK-016-011	MARCOS	MRK	16	11	"Icare, tumeardui Jesus jewoduie pugejedu, emaie jordure jitudu, etaidukare tumeartoruwo ji.
Jesus ui towadudo ture jorduwadowuge etaidu."		
BOR-CORBO-BM-MRK-016-012	MARCOS	MRK	16	12	Ia kodiboe keje pugeje, ure towadudo pugeje ia turewo tabo nowuia ei pobedu etai etui boepato du keje.		
BOR-CORBO-BM-MRK-016-013	MARCOS	MRK	16	13	Kodi icare eture toro togwajetuwo ji tumedage ewiegai, mare jamedu emeartorukare jamedu.		
BOR-CORBO-BM-MRK-016-014	MARCOS	MRK	16	14	Icare ure towadudo nowu ture jorduwadowuge eiamedu jekai, emugui ira keje du keje. Kodi icare okituware ei emeartoru bokwa remawu raboduie, ewabo raka remawu raboduie, nowu emeartorukai nowu jordure puduiwuge eerdui tuiewodu jituji.		
BOR-CORBO-BM-MRK-016-015	MARCOS	MRK	16	15	Akore ei: - Tadudo, tagaodo moto jamedu boe kao, tareadodudo awu bakaru pemegareu maiwuji boe eiamedu boe ewiegai.		
BOR-CORBO-BM-MRK-016-016	MARCOS	MRK	16	16	Cewu meartorureuge eiamedu boe etao pegododumode, duwugere epemegadodumode. Mare meartorukareuge ewarigudumode boe pegareuto.		
BOR-CORBO-BM-MRK-016-017	MARCOS	MRK	16	17	Awu ro rakareu kuodumode meartorureuge eigoia: Emode  Aroe pegareuge ewarigu ikie tabo, emagomode boe ewadaru maiwuji.		
BOR-CORBO-BM-MRK-016-018	MARCOS	MRK	16	18	"Emode tugeragu awaguei, ekudumode jorubo pegareu kuruce ma, ro pegamodukare ei. Emode tugera bu kogodureuge ewugeje ma, epemegagodumode.
Jesus rutui baru todu."		
BOR-CORBO-BM-MRK-016-019	MARCOS	MRK	16	19	Pagimejera Jesus, tumagoi ei du keje, rutudodure baruto tumugui Pao kana pemegareu jaogwai du kae.		
BOR-CORBO-BM-MRK-016-020	MARCOS	MRK	16	20	Nowu ure jorduwadowuge eture tuwadodui boe ewiegai boe eiamedu boe joki du tabo. Pagimejera jeture ei, ierabrarere ei, ure ewadaru boedo pudumi rugadu, ei turo pemegareu kurireu kuo du tabo.		
