id	book	book_code	chapter	verse	source	reviewed	editorial_note
BOR-CORBO-BM-JHN-001-HEAD-001	JOÃO	JHN	1		Ure boe eedowu Bataru.		Cabeçalho/subtítulo editorial da fonte.
BOR-CORBO-BM-JHN-001-001	JOÃO	JHN	1	1	Boe paru ui tudowuje du otodai, Bataru ure marigudu. Bataru mugure Aroe Eimejera apo. Bataru Aroe Eimejera nure ema rugadu.		
BOR-CORBO-BM-JHN-001-002	JOÃO	JHN	1	2	Boe paru ui tudowuje du otodai, Bataru mugure Pao apo rugadu.		
BOR-CORBO-BM-JHN-001-003	JOÃO	JHN	1	3	Koiare ure boe jamedu boe towuje; taobiji karega boe jamedu boere tudowuje: Koiare ure towuje.		
BOR-CORBO-BM-JHN-001-004	JOÃO	JHN	1	4	Tadare jereboe mugure; nowu jereboe, ime eerugu nure ema.		
BOR-CORBO-BM-JHN-001-005	JOÃO	JHN	1	5	Nowu urugureboe jore boecoto, mare boeco ukare tugeragu ji.		
BOR-CORBO-BM-JHN-001-006	JOÃO	JHN	1	6	Paore ia imedu iere João cedu rojai,		
BOR-CORBO-BM-JHN-001-007	JOÃO	JHN	1	7	Makowo urugureboe jiboeji, du koiawo boe eiamedu boe emeartorure.		
BOR-CORBO-BM-JHN-001-008	JOÃO	JHN	1	8	Urugureboe karega ure awu imeduce, mare aregodure tumagowo boe jokoduie nowu urugureboe rema.		
BOR-CORBO-BM-JHN-001-009	JOÃO	JHN	1	9	Nowu urugureboe, boe riki remawu urugureboe, du aregodui awu mato kae du keje, urugu jore ime eiameduto.		
BOR-CORBO-BM-JHN-001-010	JOÃO	JHN	1	10	Rakojere moto keje, koiare ure awu moto towuje, mare awu moto jorduwakare ji.		
BOR-CORBO-BM-JHN-001-011	JOÃO	JHN	1	11	Aregodure woe toe remaboe kae mare nowu oere emawuge ekare tugeragu ji.		
BOR-CORBO-BM-JHN-001-012	JOÃO	JHN	1	12	Mare cewu ure tugeragu jiwuge eiamedu boe, duwugere emeartorure ieji, ure turo rakareu maku etai, ewo Pao Aroe Eimejare oredo pudumi.		
BOR-CORBO-BM-JHN-001-013	JOÃO	JHN	1	13	Awuge ewodukare ime eku koia, boe ekodu koia, boe etaidu koia, mare tu Pao Aroe Eimejera koiare ure ewodudo.		
BOR-CORBO-BM-JHN-001-014	JOÃO	JHN	1	14	Ica, Batarure imedudo pudumi, mugure padoda, paerdure o boe pemegareu kurireuji, cewu Paore maku tonaregedu ui mitotu jewu aiwu, okorobadui boe pemegareu boe rikireu tabo duji.		
BOR-CORBO-BM-JHN-001-015	JOÃO	JHN	1	15	João makore ji awu tagoino du tabo: - Awu jire inagore oino: cewu aregodumode iregodajiwu, emare kuri remawu nure ikori, ema ure marigudu ikoda piji kodi.		
BOR-CORBO-BM-JHN-001-016	JOÃO	JHN	1	16	O boe pemegareu makudure paiamedu ai, o boe pemegareu joi puregodajitu.		
BOR-CORBO-BM-JHN-001-017	JOÃO	JHN	1	17	Paga karega, Moisesre boe eroiagudu maku boe etai, mare boe pemegareu, boe rikireu aregodure mato Jesus Cristo koia.		
BOR-CORBO-BM-JHN-001-018	JOÃO	JHN	1	18	"Iaboe iaboe eerdukare Aroe Eimejeraji. Onaregedu mitotu metui Pao tadadu koiare ure paerdudo ji.
João Batista."		
BOR-CORBO-BM-JHN-001-019	JOÃO	JHN	1	19	Awu inodu jire João akore, cewu judeudoge ei sacerdotedoge, levitadoge erojai Jerusalém piji enorawo ji: - Ioguduba akibao?		
BOR-CORBO-BM-JHN-001-020	JOÃO	JHN	1	20	Icare ure boe jokodu rugadudo, ure inodu awadudo tubagudu bokwa tabo, akore: - Imi karega Cristore imi.		
BOR-CORBO-BM-JHN-001-021	JOÃO	JHN	1	21	Enoragodure ji: - Kode, ioguduba akibao? Elias akinao?  Akore: - Ema, imi karega. Egore: - Akina profetare aki?  Akore: - Boro.		
BOR-CORBO-BM-JHN-001-022	JOÃO	JHN	1	22	Enoragodure ji pugeje, egore: - Kode, amagodo cewiegai ioguduba ure aki, cemagowo ure cerojaiwuge ewiegai. Kode, inoba akagomode ai?		
BOR-CORBO-BM-JHN-001-023	JOÃO	JHN	1	23	Akore ei: - Imire cewu mako padure boe makodu kajejeure imi: “Pagimejera utawara jetorodo” profeta Isaias ako magadu reore. (Is 40,3).		
BOR-CORBO-BM-JHN-001-024	JOÃO	JHN	1	24	Fariseudoge eigoiare erojaidodure.		
BOR-CORBO-BM-JHN-001-025	JOÃO	JHN	1	25	Enora kimore ji, egore: - Kode, kodiba are boe etao pegodo? Cristo karega ure aki, Elias karega ure aki, profeta karega ure aki, kode, kodiba aro aroino?		
BOR-CORBO-BM-JHN-001-026	JOÃO	JHN	1	26	João akore: - Ire boe etao pegodo pobo tabo, mare tadoda, taerduwakare jiwu rakojere tadoda.		
BOR-CORBO-BM-JHN-001-027	JOÃO	JHN	1	27	Dure cewu aregodumode iregodajiwu rema, duwure icekare iwo bure tadawu okwa iku kiwuje.		
BOR-CORBO-BM-JHN-001-028	JOÃO	JHN	1	28	"Awu inodure ure tudowuje Betânia keje, Jordao okwa bakowu keje, cewu Joãore boe etao pegodowo keje.
Pao Aroe Eimejera o Cordeiro."		
BOR-CORBO-BM-JHN-001-029	JOÃO	JHN	1	29	Nowu meri rekodajiwu meriji, João jordure Jesus kodui pudae duji, akore: - Cewu Pao o Cordeiro reo, duwu koiare ure awu moto kejewu boe ero pegareu okwado.		
BOR-CORBO-BM-JHN-001-030	JOÃO	JHN	1	30	Duwu jire inago inagoino: -Iregodajire ia kurire ikoriwu aregodumode, ure marigudu ikoda piji kodi.		
BOR-CORBO-BM-JHN-001-031	JOÃO	JHN	1	31	Iorduwakare ji mare itaregodure woe iwo boe etao pegodo, duma awu Israeldoge eerduwawo ji.		
BOR-CORBO-BM-JHN-001-032	JOÃO	JHN	1	32	Joãore awu inodu awadudo: - Iordure Aroe Pemegareuji, ure nono metugu reoredure, ui turawuje baru piji bukeje duji.		
BOR-CORBO-BM-JHN-001-033	JOÃO	JHN	1	33	Iorduwakare ioguduba ure ema duji, mare cewu ure ido boe etao pegodo pobo tabowu akore ii: Cewu aerdumode Aroei tagurudo bukejewu, emare umode boe etao pegodo Aroe Pemegareu tabo.		
BOR-CORBO-BM-JHN-001-034	JOÃO	JHN	1	34	"Iordure ji, kodire inogwa kidare boe jokoduie Pao Onaregedure ema duji.
Jesus ure jorduwadowu boetojiwuge."		
BOR-CORBO-BM-JHN-001-035	JOÃO	JHN	1	35	Nowu meri rekodajiwu meriji, João rakojere nono pugeje ia ture jorduwadowuge ei pobedu apo.		
BOR-CORBO-BM-JHN-001-036	JOÃO	JHN	1	36	Tuiordui Jesus kodui nono du keje, akore: - Cewu Pao Aroe Eimejera o Cordeiro reo.		
BOR-CORBO-BM-JHN-001-037	JOÃO	JHN	1	37	Nowu ure jorduwadowuge ei pobedu, emeardure akoino duji, kodi icare ekodure kuri Jesus rekodaji.		
BOR-CORBO-BM-JHN-001-038	JOÃO	JHN	1	38	Icare Jesus ure tuiekirimi pai ei, unoragodure ei: - Kaboba bogaiba taemarure?  Egore ji: - Rabi (Cegimejera, oinodu jire egoino), kaiba amugure?		
BOR-CORBO-BM-JHN-001-039	JOÃO	JHN	1	39	Akore ei: - Mato taerdudo. Ekodure apo eerdure kaiba mugure, eedure apo nowu meriji. Meri rekodugodu tabo rabodu.		
BOR-CORBO-BM-JHN-001-040	JOÃO	JHN	1	40	Nowuge ei pobedu, emeardure João bataru jidu, ekodure Jesus apodu, ia André rema, cewu Simão Pedro uwie.		
BOR-CORBO-BM-JHN-001-041	JOÃO	JHN	1	41	Duwure icare jeemarure kuri tumana bogai, akore ji: - Ceerdure Messiasji (Cristo, oinodu jire boe egoino).		
BOR-CORBO-BM-JHN-001-042	JOÃO	JHN	1	42	Icare uture apo Jesus ae. Jesus aiwore tu ji du tabore akore ji: - Jonas onaregedu Simão aki reo. Akiemode Cefas (Tori, oinodu jire boe egoino).		
BOR-CORBO-BM-JHN-001-043	JOÃO	JHN	1	43	Nowu meri rekodajiwu meriji, Jesus uture Galiléia kae. Du kejere jordure Filipeji, akore ji: - Ako itabo.		
BOR-CORBO-BM-JHN-001-044	JOÃO	JHN	1	44	Filipe buture Betsaida keje, cewu André, Pedro eno bakurireu keje.		
BOR-CORBO-BM-JHN-001-045	JOÃO	JHN	1	45	Icare Filipe jordure Natanaelji, akore ji: - Ceerdure cewu Moisere bapera atugodo jiwuji, profetadoge emagore akaru jiwuji: cewu Nazaré pijiwu Jesus, cewu José onaregedure emawu.		
BOR-CORBO-BM-JHN-001-046	JOÃO	JHN	1	46	Icare Natanael akore ji: Kode, ia boe pemegareu aregodumodukana Nazaré piji?  Icare Filipe akore ji: - Mato, aerduwo.		
BOR-CORBO-BM-JHN-001-047	JOÃO	JHN	1	47	Jesus jordure Natanael kodui pudae duji, akore: - Ica, boe jokoduwu israelita reo, ia boe ero pegadodureu ukare apo.		
BOR-CORBO-BM-JHN-001-048	JOÃO	JHN	1	48	Icare Natanael akore: - Kaiba are ipawuje?  Jesus akore ji: - Filipe makomode ai du koda piji iordure ai marigudu, cewu amugui figuiera i kuda du kodiwu kodi.		
BOR-CORBO-BM-JHN-001-049	JOÃO	JHN	1	49	Icare Natanael akore: - Cegimejera, Pao Onaregedu akireo, Israeldoge eimejera akireo.		
BOR-CORBO-BM-JHN-001-050	JOÃO	JHN	1	50	Icare Jesus akore ji: -Inagore iorduie ai figueira i kuda du koia ameartorure ii. Mare aerdumode kurire nowu kori pugejeboeji.		
BOR-CORBO-BM-JHN-001-051	JOÃO	JHN	1	51	Icare akore pugeje: - Boe jokodu jire inagomode oino tai: Taerdumode barui tuiado, Pao o tupadoge erudui, ei turawuje Imedu Onaregedu bukeje duji.		
BOR-CORBO-BM-JHN-002-HEAD-001	JOÃO	JHN	2		Caná kejewu boei tugera maku puaidu.		Cabeçalho/subtítulo editorial da fonte.
BOR-CORBO-BM-JHN-002-001	JOÃO	JHN	2	1	Meri pobe ma jewu metia bokware du keje, ia braere tugera maku puai, Galiléia kejewu Caná keje. Boekarema, Jesus uce rakoje radu nono.		
BOR-CORBO-BM-JHN-002-002	JOÃO	JHN	2	2	Emagore Jesus bogai, ure jorduwadowuge ewogai jamedu.		
BOR-CORBO-BM-JHN-002-003	JOÃO	JHN	2	3	Parera kuru ma akedu rabodu. Du kodire Jesus uce makore ji, akore: - Awuge eke parera kuru akedure.		
BOR-CORBO-BM-JHN-002-004	JOÃO	JHN	2	4	Icare Jesus akore ji: - Imuga, inoba akaidure irowo? Boekare turugadu ii roga.		
BOR-CORBO-BM-JHN-002-005	JOÃO	JHN	2	5	Du kejere icare uce makore nowu ure boe pedowugei, akore: - Tarodo nono ui taroiagudu reore.		
BOR-CORBO-BM-JHN-002-006	JOÃO	JHN	2	6	Aró, kode, pori toricedu mugure nono, ere ikera awubodure mito taci ikera awubowuto, judeudoge ekera kabidaece, ee kabidaece, boe remagudui tadawu pobo makare.		
BOR-CORBO-BM-JHN-002-007	JOÃO	JHN	2	7	Icare Jesus akore ei: - Awu poridoge enogorobadudo pobo tabo. Ere eiamedu boe enogorobadudo jii okwa kae.		
BOR-CORBO-BM-JHN-002-008	JOÃO	JHN	2	8	Icare Jesus akore ei: - Tawuje pugeje, reko jice ure boe pedowuge eimejera ae. Ere reko rugadu.		
BOR-CORBO-BM-JHN-002-009	JOÃO	JHN	2	9	Nowu ure boe pedowuge eimejera, tui togwapagado nowu poboi parera kurudo pudumidu jitu keje, tuiorduwakai kaibawu parera kuruba (mare nowu ure boe pedowuge eerduware, pobore ere tawuje kodi), du keje, makore cewu uwiredodureu ae, akore ji: -		
BOR-CORBO-BM-JHN-002-010	JOÃO	JHN	2	10	Boe eroiare boei parera kuru pemegareu maku boetoji du rema; icai jetugodui boei du keje, boere beregadureu maku tu pugeje. Macare are parera kuru pemegareu jetu otorogado jii oino.		
BOR-CORBO-BM-JHN-002-011	JOÃO	JHN	2	11	Awure Jesus ro kurireu boetojiwu rema. Ure towuje Galiléia tadawu bakurireu iei Caná cedu keje. Ure turo raka awadudo, du kodi icare nowu ure jorduwadowuge emeartorure ji.		
BOR-CORBO-BM-JHN-002-012	JOÃO	JHN	2	12	"Inodu rekodajire icare ure turawuje Cafarnaum bakurireu kae, tuje apo, tuwiemage ebo, ture jorduwadowuge ebo. Nonore meri awarore tu ei.
Jesus ui ure akirodo Pao uwai tadawuge ewarigu pijidu."		
BOR-CORBO-BM-JHN-002-013	JOÃO	JHN	2	13	Judeudoge eno Páscoa puredugodure, du icare Jeus ruture Jerusalém kae.		
BOR-CORBO-BM-JHN-002-014	JOÃO	JHN	2	14	Jordure Pao uwai tada boei akirodo tapiradoge, ovelhadoge, metugoe ebo duji, jordure ure akiró maku puibagiwuge eno iradogei jamedu.		
BOR-CORBO-BM-JHN-002-015	JOÃO	JHN	2	15	Icare ure bukigu iku opodo puapo, ure nowu barege ewarigu Pao uwai piji, ure cewu ure akirodowuge eno akiró roto ja toro moto joki, ure iradoge ewududo.		
BOR-CORBO-BM-JHN-002-016	JOÃO	JHN	2	16	Akore nowu ure akirodo metugue ebowugei: - Awu inoboe tawuje awu piji, tagaba akiró epage ewaido Ioga uwaice.		
BOR-CORBO-BM-JHN-002-017	JOÃO	JHN	2	17	Du kodire icare nowu ure jorduwadowuge ewiabuture cewu bapera atugore du keje: - “Imeardu kurii awai jitu ure ikowu” (Sl 68,10).		
BOR-CORBO-BM-JHN-002-018	JOÃO	JHN	2	18	Icare judeudoge enoragodure ji :- Kaboba jiba amode ceerdudo awu aroinodu koia?		
BOR-CORBO-BM-JHN-002-019	JOÃO	JHN	2	19	Jesus akore ei: - Awu Pao uwai butudo. Imode rakojedo pugeje meri pobe ma jewu metuia bokware du keje.		
BOR-CORBO-BM-JHN-002-020	JOÃO	JHN	2	20	Icare judeudoge egore ji: - Jorure 46 boewo awu Pao uwai towuje; akirema amode rakojedo meri pobe ma jewu metuia bokware du keje?		
BOR-CORBO-BM-JHN-002-021	JOÃO	JHN	2	21	Makore Pao uwaiji, mare puduire akoino.		
BOR-CORBO-BM-JHN-002-022	JOÃO	JHN	2	22	"Cewu jewodui bireuge epijidu rekodaji, nowu ure jorduwadowuge ewiabuture nowu bataru keje, icare emeartorure bapera atugore jiboeji, Jesus bataruji jamedu.
Jesus jorduware boe eiamedu boei."		
BOR-CORBO-BM-JHN-002-023	JOÃO	JHN	2	23	Jesus rakojei Jerusalém tada du keje, Páscoa kodiwu keje, makareuge emeartorure ji, tuiordui ro kurireu makareu jitu du koia.		
BOR-CORBO-BM-JHN-002-024	JOÃO	JHN	2	24	Mare Jesus meartorukare ei, jorduware eiamedu jitu koia.		
BOR-CORBO-BM-JHN-002-025	JOÃO	JHN	2	25	Okeakare iaboe iaboe ewo tuwie ime eiboeji, paga karega, jorduware meture ime etadaboeji.		
BOR-CORBO-BM-JHN-003-HEAD-001	JOÃO	JHN	3		Jesus mare Nicodemo.		Cabeçalho/subtítulo editorial da fonte.
BOR-CORBO-BM-JHN-003-001	JOÃO	JHN	3	1	Ia imedu iei Nicodemo cedu, fariseudoge etadadu, judeudoge eimejera nure emadu, 2uture Jesus bogai boecoji, akore ji: - Cegimejera, ceerduware akaregodui Pao Aroe Eimejera piji, awo ceerduwado du bogai duji. Iaboe iaboe eroiwamodukare turowo nono aro reore, Pao rakoje kai ebo du keje.		
BOR-CORBO-BM-JHN-003-003	JOÃO	JHN	3	3	Jesus akore ji: - Boe jokodu jire inagomode oino ai: cewu butukare pugejewu, jordumodukare Pao o boe pemegareuji.		
BOR-CORBO-BM-JHN-003-004	JOÃO	JHN	3	4	Icare Nicodemo unoragodure ji: -Kode, inoba imedu kuridogeduredu butumode pugeje? Umodukana turemo tujeto tuwoduwo pugeje?		
BOR-CORBO-BM-JHN-003-005	JOÃO	JHN	3	5	Jesus akore ji: - Boe jokodu jire inagomode oino ai: cewu butukare pobo pijiwu, cewu butukare Aroe Pemegareu pijiwu, roiwamodukare tuwo turemo Pao o boe pemegareuto.		
BOR-CORBO-BM-JHN-003-006	JOÃO	JHN	3	6	Cewu buture imedu pijiwu, imedu nure ema, mare boture Aroe pijiwu, aroe nure ema jamedu.		
BOR-CORBO-BM-JHN-003-007	JOÃO	JHN	3	7	Ae ro kaba ta... je, awu inagore oino ai jiboeji: Ema remawu tawidumode pugejedu rema.		
BOR-CORBO-BM-JHN-003-008	JOÃO	JHN	3	8	Bakuru okwamudumode taidure jaogwai. Ameardure jaruruji, mare aerduwakare kaiba aregodure, kaiba kodure jamedu. Nowu inodu reorere cewu buture Aroe Pemegareu pijiwure.		
BOR-CORBO-BM-JHN-003-009	JOÃO	JHN	3	9	Icare Nicodemo akore ji pugeje: - Inoba boe eromode turowo oinono?		
BOR-CORBO-BM-JHN-003-010	JOÃO	JHN	3	10	Jesus akore ji: - Akire jorduwa rakareure aki Israeldoge etada, icare aerduwa bokware awu inoduji?		
BOR-CORBO-BM-JHN-003-011	JOÃO	JHN	3	11	Boe jokodu jire inagomode oino ai: cemagore ceerduware jiboeji, cere ceerdure jiboe kodiboe maku tagai, mare takare tageragu ji.		
BOR-CORBO-BM-JHN-003-012	JOÃO	JHN	3	12	Imagoi awu moto kejeboe jitu keje, tameartorukare. Kode, kodiba tameartorumode imagoi tai baru tadaboe jituji?		
BOR-CORBO-BM-JHN-003-013	JOÃO	JHN	3	13	Iaboe iaboe erudukare baruto, tu nowu ure turawuje baru pijiwu Imedu Onaregedu, du rakojere baru tada.		
BOR-CORBO-BM-JHN-003-014	JOÃO	JHN	3	14	Moisés magai awagu aogado boe makodu tada du reorere, Imedu Onaregedu aogadodumode jamedu.		
BOR-CORBO-BM-JHN-003-015	JOÃO	JHN	3	15	Du koiawo meartorure jiwuge eiamedu boe ewi kawo.		
BOR-CORBO-BM-JHN-003-016	JOÃO	JHN	3	16	Paga karega, Pao Aroe Eimejera tumeardu kurii awu moto jitu koia, ure tonaregedu ui mito tu jedu maku, du koiawo cewu meartorure jiwuge eiamedu boe ewikare, mare ure boe eedo jii jeboe makuduwo etai.		
BOR-CORBO-BM-JHN-003-017	JOÃO	JHN	3	17	Awurema karega, Pao ure tonaregedu utudo moto kae, mare uwo moto akedudo du bogai karega, mare koiawo ure motodo cinorudo.		
BOR-CORBO-BM-JHN-003-018	JOÃO	JHN	3	18	Meartorumode jiwuge ewudumodukare boe pegareuto, mare meartorukare jiwuge, ewudure boe pegareuto marigudu, paga karega, emeartorukare Pao Onaregedu ui mitotu jedu jitu koia.		
BOR-CORBO-BM-JHN-003-019	JOÃO	JHN	3	19	Aro kode, boe pegareu reo: urugureboe aregodure moto kae, mare ime emeardu kurire boeco tadaboeji urugureboe kori, ero pegare du koia.		
BOR-CORBO-BM-JHN-003-020	JOÃO	JHN	3	20	Paga karega, ro pegareuge eiamedu boe ekodu kagirire joruguji, etukare urugu kae, boe eerdukawo ero pegareuji.		
BOR-CORBO-BM-JHN-003-021	JOÃO	JHN	3	21	"Mare ro pemegareuge ere tugirimi urugureboe kae, nowu inodu tabo boe emode boe pawuje erore jiboe uie nono Pao aidu reore duji.
Jesus mare João Batista."		
BOR-CORBO-BM-JHN-003-022	JOÃO	JHN	3	22	Nowu inodu otobiji, Jesus uture nowu ture jorduwadowuge ebo Judéia moto kae, nonore rakojere ebo, tui boe etao pegodo du tabo.		
BOR-CORBO-BM-JHN-003-023	JOÃO	JHN	3	23	Joãore boe etao pegodo jamedu Enon keje, puredu tu Salimji, paga karega, nono pobo kuricigore kodi. Makareu boe etaregodure, etao pegododure jmedu.		
BOR-CORBO-BM-JHN-003-024	JOÃO	JHN	3	24	Nowu du kodi João barigudukare roga baicoreuto kodi.		
BOR-CORBO-BM-JHN-003-025	JOÃO	JHN	3	25	Boekarema, nowu Joãore jorduwadowuge mare ia judeudoge ewadaru pega pegare pui, nowu boe etao pegododu kodiboe koia.		
BOR-CORBO-BM-JHN-003-026	JOÃO	JHN	3	26	Icare eture João ae, emagore ji: -Cegimejera, cewu rakojere akabo Jordão okwa bakowu kejewu, cewu akagore boe jokoduie emawu, ica, unure boe etao pegodo, boe eiamedu boe etu nure ae.		
BOR-CORBO-BM-JHN-003-027	JOÃO	JHN	3	27	Icare João akore ei: - Iaboe iaboe emodukare tugeragu ia turomode jiboeji pudae, makudukai baru piji du keje.		
BOR-CORBO-BM-JHN-003-028	JOÃO	JHN	3	28	Tagi rugadure tameardure inagoinoduji. Inagore: Cristo karega ure imi, mare imire irojaidodure otodai.		
BOR-CORBO-BM-JHN-003-029	JOÃO	JHN	3	29	Cewu oredu jereu, oredu nure ema, mare metuia imedu, rakojere nonodu, meardure jidu, jekare kuricigore tumeardui oredu mako jitu keje. Imi jamedu iegare kuricigore awu inodu ui tudowuje du keje.		
BOR-CORBO-BM-JHN-003-030	JOÃO	JHN	3	30	Ure turugadu imi iwiegawo, ema rema kuriwo.		
BOR-CORBO-BM-JHN-003-031	JOÃO	JHN	3	31	Aregodure cebojeboe pijiwu, emare kodure boe eiamedu boe ekori. Aregodure moto pijiwu, moto nure ema, makore moto kejeboeji.		
BOR-CORBO-BM-JHN-003-032	JOÃO	JHN	3	32	Aregodure baru pijiwu, makore tuiordure jiboeji, tumeardure jiboeji, mare iaboe iaboe emeartorukare ji.		
BOR-CORBO-BM-JHN-003-033	JOÃO	JHN	3	33	Meartorure jiwu ure boe jokodudo Paoie boe rikireure ema duji.		
BOR-CORBO-BM-JHN-003-034	JOÃO	JHN	3	34	Paga karega, Cewu Paore rojaiwu mako nure Pao bataru remawuji. Paga karega, Paore Aroe Pemegareu maku boe etai remagudu kadu tabo kodi.		
BOR-CORBO-BM-JHN-003-035	JOÃO	JHN	3	35	Pao meardu kurire tonaregeduji, ure boe jamedu bu iera keje.		
BOR-CORBO-BM-JHN-003-036	JOÃO	JHN	3	36	Meartorure Onaregedu jiwu, jere jii jeboe umode apo. Mare meartorukare Onaregedu jiwu, jere jii jeboe umodukare apo, mare Pao okorigodae mugumode keje.		
BOR-CORBO-BM-JHN-004-HEAD-001	JOÃO	JHN	4		Jesus makoi Samaria moto kejewu aredu jidu.		Cabeçalho/subtítulo editorial da fonte.
BOR-CORBO-BM-JHN-004-001	JOÃO	JHN	4	1	Jesus jorduware fariseudoge emeardui boe egoe emaie ure boedo tudo pui, emaie ure boe etao pegododu maka remawudo João kori. 2(Mare ema karega ure boe etao pegodo, mare nowu ure jorduwadowuge emagere boe etao pegodo, kodi karega).		
BOR-CORBO-BM-JHN-004-003	JOÃO	JHN	4	3	Du kodi icare uture Judéia piji tuibagi Galiléia kae.		
BOR-CORBO-BM-JHN-004-004	JOÃO	JHN	4	4	Mare kodu rumode Samaria moto kajeje toro Galiléia kae.		
BOR-CORBO-BM-JHN-004-005	JOÃO	JHN	4	5	Du kodi icare aregodure ia Samaria moto kejewu bakurireu kae iei Sicar cedu kae, nowu Jacó ure maku tonaregedu José aiwu moto puredu tu je du kae.		
BOR-CORBO-BM-JHN-004-006	JOÃO	JHN	4	6	Nonore Jacó o motoia pobo kaiwu mugure. Icare Jesus tumedugodui tumeru raicigore du koia, ure tumugudo tu, nowu motoia okwa keje, meri jetui baru oiadoda du tabo.		
BOR-CORBO-BM-JHN-004-007	JOÃO	JHN	4	7	Du kaere Samaria kejewu ia aredu aregodure tuwo tugeragu poboji. Icare Jesus okwamagudure ji, akore: - Ikududo ia poboce.		
BOR-CORBO-BM-JHN-004-008	JOÃO	JHN	4	8	Nowu ture jorduwadowuge eture marigudu toro bakurireuto tuwo akirodo iaboe boeji tugeje.		
BOR-CORBO-BM-JHN-004-009	JOÃO	JHN	4	9	Icare nowu Samaria kejewudo akore ji: - Judeu nure aki, macare akogwamagudu nure Samaria kejewudo ii, iwo akududo. Kodiba umode ino?  (Paga karega, Judeudoge mare Samaria kejewuge epemegakare pui).		
BOR-CORBO-BM-JHN-004-010	JOÃO	JHN	4	10	Icare Jesus akore ji: - Aerduwamode Pao o boe pemegareuji, aerduwamode ioguduba okwamagudure ai pobo bogai duji ma, aki akaobiji akogwamagudumode ji, umode pobo jereu maku akai.		
BOR-CORBO-BM-JHN-004-011	JOÃO	JHN	4	11	Icare nowu aredu akore ji: - Cegimejera, are pobo tawuje taboboe bokwa, awu motoia raicigo jamedu, kode, kaiba amode akeragu nowu pobo jereuji?		
BOR-CORBO-BM-JHN-004-012	JOÃO	JHN	4	12	Kode, aki kana akodure pao Jacó kori, 0dure awu motoia po maku cenai, du kudure awu poce, ore ekudure ce, akuiee ekudure ce jamedu?		
BOR-CORBO-BM-JHN-004-013	JOÃO	JHN	4	13	Icare Jesus akore ji: - Kudure awu pobo cewuge eiamedu boe, pobo boimode ei pugeje.		
BOR-CORBO-BM-JHN-004-014	JOÃO	JHN	4	14	Mare kudumode ire maku pudaiwu pobo cewuge, pobo boimodukare ei pugeje. Paga karega, imode maku boe etaiwu pobo, pododa parumode ema etai boe ewi bokwareu kae.		
BOR-CORBO-BM-JHN-004-015	JOÃO	JHN	4	15	Icare nowu aredu okwamagudure ji, akore: - Ikimejera, nowu akagoino jiwu ia pobo makinai, pobo boi kawo ii pugeje, itukawo mato iwo ikeragu awu poji pugeje.		
BOR-CORBO-BM-JHN-004-016	JOÃO	JHN	4	16	Jesus akore ji: - Toro, amagodo akoredu bogai, akirimi mato.		
BOR-CORBO-BM-JHN-004-017	JOÃO	JHN	4	17	Icare aredu akore ji: - Ikoge bokwa. Icare Jesus akore ji: - Boe rugadu jire akagoino akoge bokwaie duji.		
BOR-CORBO-BM-JHN-004-018	JOÃO	JHN	4	18	Akogere ikera awubodure, awu mugure oino akabowu, akoredu karega, kodire amagore boe rikireuji. +Icare nowu aredu akore: - Cegimejera, icare iordure profetaie ure aki duji.		
BOR-CORBO-BM-JHN-004-020	JOÃO	JHN	4	20	Ceomage emagore Paoji awu torekodu aogeje, mare tagagore Jerusalém kejeie boe emagomode Paoji.		
BOR-CORBO-BM-JHN-004-021	JOÃO	JHN	4	21	Jesus akore: - Aredu, amearutorudo ii, boe puredugodu nure boe emago kawo Paoji ceboje, boe emago kawo ji awu torekodu aogeje, iarema Jerusalém keje du kae.		
BOR-CORBO-BM-JHN-004-022	JOÃO	JHN	4	22	Tare tabujodo cewu taerduwakare jiwuji, cere cebujodo ceerduware jiwuji; paga karega, Judéia kejewuge epijire umode boe einorudoboe aregodumode du kodi..		
BOR-CORBO-BM-JHN-004-023	JOÃO	JHN	4	23	Mare nowu kodiboe aregodumode, du aregodure, du kejewo upojó kigodureu ema remawuge emode tubujodo Paoji tudaroe tada, boe rikireu tada. Paga karega, Pao aidure nowu upujó kigodureuge ei.		
BOR-CORBO-BM-JHN-004-024	JOÃO	JHN	4	24	Aroe nure Paoce, du kodi icare upujó kigodure jiwuge emode tubujodo ji tudaroe tada, boe rikireu tada.		
BOR-CORBO-BM-JHN-004-025	JOÃO	JHN	4	25	Icare nowu aredu akore ji: - Iordiware Messias aregodumode duji (cewu iere Cristo cedu). Kode, aregodumode du keje, umode ceerduwado boe jamedu boeji.		
BOR-CORBO-BM-JHN-004-026	JOÃO	JHN	4	26	Icare Jesus akore ji: - Cewu akagoino jiwu imi reo, du imire inagore oino imago tabo ai.		
BOR-CORBO-BM-JHN-004-027	JOÃO	JHN	4	27	Nowu inodu tonaji, nowu ure jorduwadowuge etaregodure, erore ta... tuiordui akoi tumago tabo ia aredu ji tuji. Mare ia emage egokare ji: - Kaba jiba anorare ji? Iarema: - Kaba jiba amagore ji? Inodukare. 28. Cewu aredu uture tubori piji nono, uture bakurireuto, makore nowu tadawu imei.		
BOR-CORBO-BM-JHN-004-029	JOÃO	JHN	4	29	Akore: - Mato taerduwo ia imeduji, du readodure iwiagai iro jamedu boeji. Cewu Cristo, ino jiwu, umodukana?		
BOR-CORBO-BM-JHN-004-030	JOÃO	JHN	4	30	Eture bakurireu piji Jesus ae.		
BOR-CORBO-BM-JHN-004-031	JOÃO	JHN	4	31	Du inodu tada nowu ure jorduwadowuge enogwamagudure ji: - Cegimejera, akogwagedo!		
BOR-CORBO-BM-JHN-004-032	JOÃO	JHN	4	32	Mare akore ei: - Ia ikere, mare taerduwakare ji.		
BOR-CORBO-BM-JHN-004-033	JOÃO	JHN	4	33	Icare nowu ure jorduwadowuge enorare jice woje pui, egore: - Ia boe kana ukerogu arego mato bogai?		
BOR-CORBO-BM-JHN-004-034	JOÃO	JHN	4	34	Icare Jesus Akore ei: - Ikere iromode nono ure irojaiwu aidu reore du rema, iwo maragodae poru kororogo tu je du rema.		
BOR-CORBO-BM-JHN-004-035	JOÃO	JHN	4	35	Tagagokare arimoduie pobe puibiji du kejeie boe emode tugeragu boepa tadaboeji? Icá, kode inagomode oino tai: Tae aogado, tagaiwodo boepadogei: tadaboe kidu nure, ure turugadu kadoduwo.		
BOR-CORBO-BM-JHN-004-036	JOÃO	JHN	4	36	Cewu ure boepa tadaboe kadowu mori makudumode ai, du umode boepa tadaboe to pui jere jii je boe kae.  Du tabore ure boe a tuguwu, ure kadowu, eegaremode puapo.		
BOR-CORBO-BM-JHN-004-037	JOÃO	JHN	4	37	Du ure nono boe egore: ure boe tuguwu ure tuginoi, ure kadowu ure tuginoi.		
BOR-CORBO-BM-JHN-004-038	JOÃO	JHN	4	38	Ire tarojai tawo boe kado iage emaragodure mariguduwo keje; iage emaragodure, tare taremo emaragodaeto mariguduwo keje; iage emaragodure, tare taremo emaragodaeto.		
BOR-CORBO-BM-JHN-004-039	JOÃO	JHN	4	39	Nowu aredu bataru koiare makareu Samaria kejewuge emeartorure, cewu makoi ei du kodi: Makore ii iro jamedu boeji.		
BOR-CORBO-BM-JHN-004-040	JOÃO	JHN	4	40	Du kodi icare Samaria kejewuge eture ae, enogwamagudure ji rakojewo pudabo. Kodi icare rakojere ebo meri pobe.		
BOR-CORBO-BM-JHN-004-041	JOÃO	JHN	4	41	Kodi icare iage pugeje makareuge emeartorure ji makore ewiegai boe koia.		
BOR-CORBO-BM-JHN-004-042	JOÃO	JHN	4	42	"Icare emago emagore nowu areduji: - Ica, mare awadaru koia karega cemeartorure, cegi rugadure cemeardure ji ceerduware moto inorudodu epaie ure ema duji.
Jesus ure ia brae eimejera kurireu utugare onaregedu pemegago."		
BOR-CORBO-BM-JHN-004-043	JOÃO	JHN	4	43	Meri pobe du keje, Jesus uture nowu piji Galiléia kae.		
BOR-CORBO-BM-JHN-004-044	JOÃO	JHN	4	44	Ema mitodu akore marigudu, boe emeartorukae profetadogei eno moto keje.		
BOR-CORBO-BM-JHN-004-045	JOÃO	JHN	4	45	Du kodi icare, aregodui Galiléia kae du keje, nowu Galiléia kejewuge ere tugeragu ji tudada, mare paga karega, eerdure ro jamedu boeji toro Jerusalém tada, peta keje. Eturadu nowu peta kae jamedu du kodi.		
BOR-CORBO-BM-JHN-004-046	JOÃO	JHN	4	46	Ure tugirimi Galiléia tadawu Caná baboturogu kae, cewu ture parera kurudo pobo cewo kae. Nowu du kodi, brae eimejera kurireu ia utugare onaregedu kogodure, du rakojere Cafarnaum keje.		
BOR-CORBO-BM-JHN-004-047	JOÃO	JHN	4	47	Nowu brae eimejera utugare tumeardui Jesus utui Jerusalém piji Galiléia kaedu jitu keje, uture ae, okwamagudure ji uwo tonaregedu pemegago puredugodure tuwiwo kodi.		
BOR-CORBO-BM-JHN-004-048	JOÃO	JHN	4	48	Icare Jesus akore ji: - Taerdumodukare boe kodiboeji, boe ero kurireuji du keje, tameartorumodukare.		
BOR-CORBO-BM-JHN-004-049	JOÃO	JHN	4	49	Mare nowu brae eimejera utugare okwamagudure ji: - Cegimejera, arawuje toro, itonaegedu rogu bimodedu otodai.		
BOR-CORBO-BM-JHN-004-050	JOÃO	JHN	4	50	Icare Jesus akore ji: - Toro, akonaregedu pemegagodure marigudu. Nowu imedu meartorure Jesus bataruji, uture taci je.		
BOR-CORBO-BM-JHN-004-051	JOÃO	JHN	4	51	Utugarege eridure togi awaraji, egore ji: - Akonaregedu pemegagodure.		
BOR-CORBO-BM-JHN-004-052	JOÃO	JHN	4	52	Kodi icare unoragodure ei inobadu kejeba pemegagodure. Egore ji: - Jawuji, meri roi goroci je du keje biri uru ure tugera ra piji.		
BOR-CORBO-BM-JHN-004-053	JOÃO	JHN	4	53	Icare nowu uo ure boe pa Jesus akore: - Akonaregedu pemegagodure marigudu oino pudui du kejeie tonaregedu pemegagodure kuri je duji. Du kodi icare meartorure Paoji, nowu uwobe eiamedu boe emeartorure jamedu.		
BOR-CORBO-BM-JHN-004-054	JOÃO	JHN	4	54	Jesus ure awu turo kurireu towuje dure pobedu rema, tui tugirimi Judéia piji Galiléia kaedu rekodaji.		
BOR-CORBO-BM-JHN-005-HEAD-001	JOÃO	JHN	5		Jesus ure ia pogora bireu imedu pemegago.		Cabeçalho/subtítulo editorial da fonte.
BOR-CORBO-BM-JHN-005-001	JOÃO	JHN	5	1	Du keje icare judeudogere tuiagu ia peta towuje, du kodi icare Jesus ruture Jerusalém kae.		
BOR-CORBO-BM-JHN-005-002	JOÃO	JHN	5	2	Nono Jerusalém keje, ia pobo aia mugu puredure tu Ovelhadoge ewaiporoji, hebreudoge ewadaru tabo iere Betesda cedu, uwaiporodogere ikera awubodure.		
BOR-CORBO-BM-JHN-005-003	JOÃO	JHN	5	3	Nowu baiporodoge ekuda, makareu kogodureuge emugure: joku bokwareuge, pogora pegareuge, pogora bireuge, tubaga tabo pobo amagadodumode du bogai.		
BOR-CORBO-BM-JHN-005-004	JOÃO	JHN	5	4	Paga karega, ia kodiboe keje tu tu je Pao o tupa ure turawuje nowu pobo aia kae du kejere pobore tamagadudo. Cewu ure tuiodo ca boetoji nowu pobo aiato, pobo amagadu rekodajiwu, pemegagodure kuri, ia tugogodae boe piji.		
BOR-CORBO-BM-JHN-005-005	JOÃO	JHN	5	5	Ia kogodureu imedu mugure nono, jorure ji nono ikera pudogidure, iwure pudogidure ikera awubodure pobe ma awu metuia bokware taci je du mugure nono. (38 anos).		
BOR-CORBO-BM-JHN-005-006	JOÃO	JHN	5	6	Icare Jesus tuiordui padui nono, tuiorduwai mariguduie padure nonodu jitu keje, unorare ji: - Akaidure apemegagoduwo kuri je?		
BOR-CORBO-BM-JHN-005-007	JOÃO	JHN	5	7	Nowu kogodureu akore ji: -Ikimejera, ia ure iwu pobo aiato, pobo amagadu keje, boe bokwa, du kodire ikodu kimoi mai to du keje, iare marigudu ikoda piji.		
BOR-CORBO-BM-JHN-005-008	JOÃO	JHN	5	8	Icare Jesus akore ji: - Aragojedo, akeragu apaji, toro tabo.		
BOR-CORBO-BM-JHN-005-009	JOÃO	JHN	5	9	Nowu inodu tonaji kuri je, nowu imedu pemegagodure, ure tugeragu tubaji, uture tabo. Aro kode, nowu meri sabadore jiwu meri.		
BOR-CORBO-BM-JHN-005-010	JOÃO	JHN	5	10	Judeudoge rema emagore nowu imedu pemegagodureuji, egore: - Amodukare nowu apa rekodudo awu meriji.		
BOR-CORBO-BM-JHN-005-011	JOÃO	JHN	5	11	Akore ei: - Cewu ure ipemegagowu akore ii: Akeragu apaji, amerudo.		
BOR-CORBO-BM-JHN-005-012	JOÃO	JHN	5	12	Egore ji: - Kakoduwu ia imeduba akoino ai: Akeragu apaji, amerudo ino?		
BOR-CORBO-BM-JHN-005-013	JOÃO	JHN	5	13	Mare cewu pemegagodureu imedu jorduwakare iogudubaba, mare paga karega, Jesus ure tadawuje nowu boe makareuge eedui nonodu piji kodi.		
BOR-CORBO-BM-JHN-005-014	JOÃO	JHN	5	14	Inodu rekodaji raka dugu je, Jesus jordure ji Pao uwai tada, akore ji: - Icare apemegagodure. Aro pega kaba pugeje, ia boe pegareu remawu ukawo ai pugeje du bogai.		
BOR-CORBO-BM-JHN-005-015	JOÃO	JHN	5	15	Du keje icare nowu imedu readodure Jesus koiaie ure tubemegago duji.		
BOR-CORBO-BM-JHN-005-016	JOÃO	JHN	5	16	Nowu inodu koia judeudoge etonare Jesusji, paga karega, ure awu turo kurireu towuje sabadore jiwu meri jitu koia.		
BOR-CORBO-BM-JHN-005-017	JOÃO	JHN	5	17	Mare Jesus akore ei: - Ioga maragodure jii oino rugadu; imi jamedu, imaragodu nure jamedu.		
BOR-CORBO-BM-JHN-005-018	JOÃO	JHN	5	18	"Nowu inodu koia judeudoge etagemo raka remawure tuwo bito, paga karega, ukare Sábado pegado tu rugadu, mare akore tuoie Pao rema; ica, nowu inodu tabo unure tudo nono Pao reore du koia.
Pao Onaregedu ro raka."		
BOR-CORBO-BM-JHN-005-019	JOÃO	JHN	5	19	Jesus akore pugeje: - Boe jokodu jire inagomode oino tai: Onaregedureboe tui mito tu jedu roiwakare iaboeji iaboeji. Romode tuiordure tuo rore jiboeji tu je. Tuo rore jiboe jamedu boeji, onaregedu romode ino jamedu.		
BOR-CORBO-BM-JHN-005-020	JOÃO	JHN	5	20	Mare paga karega, Uo meardu kurire Tonaregeduji, ure jordudo turore jiboe jamedu boeji; umode jordudo ia turo kurireu remawuji kimo, duma taebogodu kuriwo.		
BOR-CORBO-BM-JHN-005-021	JOÃO	JHN	5	21	Mare paga karega, Uo magai bireuge ewodudo, ure jereboe maku etai, du reorere Onaregedu umode jereboe maku taidure jiwuge etai jamedu.		
BOR-CORBO-BM-JHN-005-022	JOÃO	JHN	5	22	Nowu inodu reorere, Uo umodukare tugogado iaboei iaboei, mare ure boei tugogadodu jamedu boe mugudo Tonaregedu apo.		
BOR-CORBO-BM-JHN-005-023	JOÃO	JHN	5	23	Du tabowo boe emeartorumode Onaregeduji tumeartoru magai Uo jitu reore. cewu meartorukare Onaregedu jiwu, Uo koiare ure rojaidu, kode meartorukare Uoji jamedu.		
BOR-CORBO-BM-JHN-005-024	JOÃO	JHN	5	24	Boe jokodu jire inagomode oino tai: Meardure iwadaru jiwu, meartorure ure irojaiwu jiwu, boe ewi bokwareu ure apo, utumodukare boe pegareuto, mare jepadure tuwi piji tuierewo kae.		
BOR-CORBO-BM-JHN-005-025	JOÃO	JHN	5	25	Boe jokodu jire inagomode oino tai: Icare boe aregodumode pudae, puredugodu nure, icai bireuge emeardumode Pao mako jitu kae. Meardureuge eemode.		
BOR-CORBO-BM-JHN-005-026	JOÃO	JHN	5	26	Mare paga karega, nono Uo o magai jereboece tu taobiji, ure maku tonaregedu ai owo jereboece taobiji jamedu.		
BOR-CORBO-BM-JHN-005-027	JOÃO	JHN	5	27	Ure ro raka maku tonaregedu ai uwo tugogado boei, mare paga karega, Imedu Onareedu rema kodi.		
BOR-CORBO-BM-JHN-005-028	JOÃO	JHN	5	28	Taro kaba ta... je awu inagoino jiboeji. Boe aregodumode du keje meture tuiao tadawuge eiamedu boe emeardumode Imedu Onaregedu makoji, emode tuiebu mako padui boe kajeje du kae.		
BOR-CORBO-BM-JHN-005-029	JOÃO	JHN	5	29	Ro pemegareuge eewodumode tuiwo pemegareu kae. Ro pegareuge eewodumode mare tuiwo pega remawureu kae.		
BOR-CORBO-BM-JHN-005-030	JOÃO	JHN	5	30	Imi itaobiji ikare iaboe iaboe to. Imeardae tugudure imeardure jiboe reore. Itugure jiboe boe jokodu nure ema. Mare paga karega, iemarukare irowo nono itaidu reore, mare cewu ure irojaiwu aidu reore.		
BOR-CORBO-BM-JHN-005-031	JOÃO	JHN	5	31	Imagomode imi rugaduie iroino ma, imagoi oinodu umodukare turugadu.		
BOR-CORBO-BM-JHN-005-032	JOÃO	JHN	5	32	Iare tagoi imi rugaduie iroino, iorduware cewu akoino boe jokodu rugaduie duji.		
BOR-CORBO-BM-JHN-005-033	JOÃO	JHN	5	33	Tare iaboe erojai João ae, makore boe jokoduji boe ewiegai.		
BOR-CORBO-BM-JHN-005-034	JOÃO	JHN	5	34	Iomodukare iaboe iaboe ewugeje. Imagore oino, mare taginorudoduwo du bogaire inagoino.		
BOR-CORBO-BM-JHN-005-035	JOÃO	JHN	5	35	Jorugu ja ururireu urugureu nure Joãoce. Tagire tagaidure taegarewo biegatu je nowu urugu tabo.		
BOR-CORBO-BM-JHN-005-036	JOÃO	JHN	5	36	Mare imirema ia iore kejewure du kodure João kori. Paga karega, Iogare iroiagudu jire iroino, du tabore boere boe pa Iogai irojai duji.		
BOR-CORBO-BM-JHN-005-037	JOÃO	JHN	5	37	Ioga, koiare ure irojaiwu, bataru jore iwugeje jamedu. Tagire tameardu kigodukare makoji, taerdu kigodukare jeji.		
BOR-CORBO-BM-JHN-005-038	JOÃO	JHN	5	38	Bataru metukare tawabo tada, tameartorukare cewu ure rojaiwu jitu kodi.		
BOR-CORBO-BM-JHN-005-039	JOÃO	JHN	5	39	Tare taeku tugu bapera atugoto, tadugu tado taerdumode boe ewi boekwareu jitu bogai. Kode ica, nowu bapera mitodure makore ii.		
BOR-CORBO-BM-JHN-005-040	JOÃO	JHN	5	40	Mare tagi tagaidukare taduwo itae, taewo du bogai.		
BOR-CORBO-BM-JHN-005-041	JOÃO	JHN	5	41	Ipaga kare imewo inojorodo du bogai.		
BOR-CORBO-BM-JHN-005-042	JOÃO	JHN	5	42	Imire iorduware tai. Pao meardu kuriae metukare tadoda.		
BOR-CORBO-BM-JHN-005-043	JOÃO	JHN	5	43	Itaregodure Ioga ie tabo, mare tagare tageragu ii. Mare ia aregodumode cie tabo ma, tamode tageragu ji.		
BOR-CORBO-BM-JHN-005-044	JOÃO	JHN	5	44	Inobadu taboba tameartorumode? Tagi taemarure pui puwo tugurido du bogai, mare taemarukare tawo Pao Aroe Eimejera mitotu jewu akaru kurido du bogai.		
BOR-CORBO-BM-JHN-005-045	JOÃO	JHN	5	45	Tadugu kaba imago pegamode tai Ioga biegai duji. Okirure taiboere Moisés rema, duwu kejere tare tabagaredu bu.		
BOR-CORBO-BM-JHN-005-046	JOÃO	JHN	5	46	Mare tameartorumode Moisesji ma, boe jokodu jire tameartorumode ii jamedu, ure bapera atugodo iiboe jitu kodi.		
BOR-CORBO-BM-JHN-005-047	JOÃO	JHN	5	47	Mare tameartorukare o bapera atugoji ma, kode, inoba taboba tameartorumode iwadaruji?		
BOR-CORBO-BM-JHN-006-HEAD-001	JOÃO	JHN	6		Jesus ure boe makareuge enogwagedo.		Cabeçalho/subtítulo editorial da fonte.
BOR-CORBO-BM-JHN-006-001	JOÃO	JHN	6	1	Du keje icare Jesus ure pagado Galiléia kejewu kuruga bakowu kae (Tiberades kejewu kuruga).		
BOR-CORBO-BM-JHN-006-002	JOÃO	JHN	6	2	Boe makareuge ekodure rekodaji, eerdure ro kurireui kogodureuge eidu jitu koia.		
BOR-CORBO-BM-JHN-006-003	JOÃO	JHN	6	3	Icare Jesus ruture ia torekodu ao kae; nono ure tumugudo ture jorduwadowuge ebo.		
BOR-CORBO-BM-JHN-006-004	JOÃO	JHN	6	4	Boe puredugodure judeudoge eno peta iei Páscoa cedu kae.		
BOR-CORBO-BM-JHN-006-005	JOÃO	JHN	6	5	Jesus ure tuie aogado nowu kodure pudaewu boe makareuge ei, akore Filipeji: - Kaiba pamode akirodo amireuji awuge eiamedu boe ewo kowuje?		
BOR-CORBO-BM-JHN-006-006	JOÃO	JHN	6	6	Akore oinono tui turokagado ji du tabo, mare jorduware inoba turomode duji.		
BOR-CORBO-BM-JHN-006-007	JOÃO	JHN	6	7	Icare Filipe akore ji: - Diiero umode 200 ma, umodukare turugadu eiamedu boe ekewo ia koboroguce.		
BOR-CORBO-BM-JHN-006-008	JOÃO	JHN	6	8	Icare ia nowu ure jorduwadowuge, iere André cedu, Simão Pedro uwie, akore ji: -		
BOR-CORBO-BM-JHN-006-009	JOÃO	JHN	6	9	Ia negedurogu rakojere woe, du o amireure ikera awubodure tu je, kare kugurere pobe tu je, mare inoba nowu inodu rogu umode awu boe emaga inodu ai?		
BOR-CORBO-BM-JHN-006-010	JOÃO	JHN	6	10	Icare Jesus akore: - Edo tumugudo. Boekarema, boebutu kuricigore nono du imere cinco mil cedu ere tumugudo nono.		
BOR-CORBO-BM-JHN-006-011	JOÃO	JHN	6	11	Icare Jesus ure tugeragu nowu amireu roguji, makore baruto keje, du kejere ure pedo nowu mugure nonowu boe etai. Du reorere rore cewu kare kugurei pobe tu jeduji, ure maku nowu boe etai etaidu reore.		
BOR-CORBO-BM-JHN-006-012	JOÃO	JHN	6	12	Icare ekuredure. Du kejere icare akore nowu ture jorduwadowugei, akore: - Nowu kobo jetu onareu to pui, tawo jetu otorogado ma, ia okwa kawo.		
BOR-CORBO-BM-JHN-006-013	JOÃO	JHN	6	13	Ere to pui. Ica, cewu iro amireu rogui ikera awubodure tu jedu kobo jetu kimoi tuiagejedu, eiamedu boe enogwage akedu rekodaji, ere kododoge ikera awubodure pobe taci ikare awubowutodu enogorobadudo tabo.		
BOR-CORBO-BM-JHN-006-014	JOÃO	JHN	6	14	Tuiordui nowu Jesus ro kurireu jitu keje, nowu boe egore: - Awure cewu aregodumode awu moto kaewu profeta remawu rema.		
BOR-CORBO-BM-JHN-006-015	JOÃO	JHN	6	15	"Icare Jesus tui boe pawuje ei tuiagu tugeragu pudui, tuwo boe eimejerado pudumi, du keje, ure tudawuje epiji pugeje tuginoigodu ia torekodu ao kae.
Jesus merui pobo ao jitu."		
BOR-CORBO-BM-JHN-006-016	JOÃO	JHN	6	16	Meri rekodure du tabore nowu ure jorduwadowuge ere turawuje kuruga kurireu jipa kae.		
BOR-CORBO-BM-JHN-006-017	JOÃO	JHN	6	17	Tui taredo ia ika kuireuto du keje, ere pagado nowu kuruga kurireu kajeje nowu Cafarnaum bakurireu kae. Icare boecodure Jesus aregodukai etae du keje.		
BOR-CORBO-BM-JHN-006-018	JOÃO	JHN	6	18	Du tonajire icare pobo maereu amagadure, ia bakuru rakareu buture du koia.		
BOR-CORBO-BM-JHN-006-019	JOÃO	JHN	6	19	Icare ere turaiga jodo keje jii je, du kejere icare ere boe pa Jesus ui tuburedo nowu ika kurireu jituji, tumerui pobo aoji du tabo. Du kejere icare epagudugodure.		
BOR-CORBO-BM-JHN-006-020	JOÃO	JHN	6	20	Mare Jesus akore ei: - Imire iroino. Tabagudu kaba.		
BOR-CORBO-BM-JHN-006-021	JOÃO	JHN	6	21	"Etaidure tuwo tugeragu ji nowu ika kurireuto, mare ika aregodure kuri taregodumodewo kae. 
Boe eemarui Jesus bogaidu."		
BOR-CORBO-BM-JHN-006-022	JOÃO	JHN	6	22	Nowu meri rekodajiwu meriji, jeture bakowu kejewu boe makareuge ere boe pa Jesus mitotu jedu ukai taredo nowu ika kurireuto nowu ture jorduwadowuge ebo, mare awuge etuie tuginoiduji.		
BOR-CORBO-BM-JHN-006-023	JOÃO	JHN	6	23	Icare ia ika kurireuge etaregodure Tiberade bakurireu piji, puredu tu cewu enogwagere amireuji, cewu Pagimejerare tuwadaru pemegareu bu keje du kae.		
BOR-CORBO-BM-JHN-006-024	JOÃO	JHN	6	24	"Du karega icare, nowu boe makareuge tui boe pa Jesus mare ure jorduwadowuge edukai nonoduji, du koiare icare ere taredo nowu ika kurireuge eto, kodure tai Cafarnaum kae tuiemaru tabo bogai.
Ure boe eedowu boe eke Jesus rema."		
BOR-CORBO-BM-JHN-006-025	JOÃO	JHN	6	25	Eerdure ji nowu bakowu keje, icare egore ji: - Cegimejera, inoba boere du kejeba akaregodure woe?		
BOR-CORBO-BM-JHN-006-026	JOÃO	JHN	6	26	Jesus akore ei: - Boe jokodu jire inagomode oino tai: taemarure iwogai mare taerdure cewu iro kurireu jitu koia, tare amireu kowuje, tagoredure tabo du koia.		
BOR-CORBO-BM-JHN-006-027	JOÃO	JHN	6	27	Tamaragodudo, mare boe eke akedure kuri jewu koia karega, mare ure boe eedo jii boe ewi bokwareu kaewu boe eke koia, du Imedu Onaregedu umode maku tagai. Paga karega, Uore to kruca bu keje kodi.		
BOR-CORBO-BM-JHN-006-028	JOÃO	JHN	6	28	Icare enoragodure ji: - Inoba ceromode cerowo nono Pao aidu reore.		
BOR-CORBO-BM-JHN-006-029	JOÃO	JHN	6	29	Jesus akore ei: - Pao aidure jiboe reo: Tameartoruwo cewu ure rojaiwuji.		
BOR-CORBO-BM-JHN-006-030	JOÃO	JHN	6	30	Icare enoragodure ji: - Kakoduwu aro kurireumodedu jiba ceerdumode du koiawo cemeartorumode ai? Kaboba amode towuje?		
BOR-CORBO-BM-JHN-006-031	JOÃO	JHN	6	31	Ica, ceomagere maná kowuje toro boe makodu tada, nono bapera atugo reore: “Aregodure baru pijiwu amireu ure maku etai enogwagewo ji“ (Sl 77,24).		
BOR-CORBO-BM-JHN-006-032	JOÃO	JHN	6	32	"Icare Jesus akore ei:-
Boe jokodu jire inagomode oino tai: Moisés ukare baru pijiwu amireu maku tagai, mare Ioga koiare ure baru pijiwu boe jokoduwu remawu amireu maku tagai."		
BOR-CORBO-BM-JHN-006-033	JOÃO	JHN	6	33	Paga karega, Pao o amireu, cewu ure turawuje baru pijiwu amireu rema, koiare ure awu moto keje boe eedo.		
BOR-CORBO-BM-JHN-006-034	JOÃO	JHN	6	34	Icare egore ji: - Cegimejera, nowu amireu maku jii je cenai.		
BOR-CORBO-BM-JHN-006-035	JOÃO	JHN	6	35	Jesus akore ei: - Imire ure boe eedowu amireure imi. Cewu utumode itaewu uke boimodukare pudui jii pugeje, cewu meartorure iiwu, pobo boimodukare ji jii je pugeje.		
BOR-CORBO-BM-JHN-006-036	JOÃO	JHN	6	36	Mare imagomode tai: taerdure ii mare tameartorukare ii.		
BOR-CORBO-BM-JHN-006-037	JOÃO	JHN	6	37	Cewu Iogare maku inai boe jamedu boe utumode itae, cewu utumode itaewu imodukare barigu.		
BOR-CORBO-BM-JHN-006-038	JOÃO	JHN	6	38	Paga karega, ire irawuje baru piji, mare irowo nono itaidu reore karega, mare irowo nono ure irojaiwu aidu reore.		
BOR-CORBO-BM-JHN-006-039	JOÃO	JHN	6	39	Mare cewu ure irojaiwu aidure jiboe reo: ikaiagu cewu ture maku inaiboe ia rogu okwadodudo, mare iiagu jewodudo boigoduwu meriji.		
BOR-CORBO-BM-JHN-006-040	JOÃO	JHN	6	40	U! Oinore Ioga aidure. Cewu jordure Onaregeduji, meartorure jiwuge eiamedu boe, boe ewi bokwareuwo etai; imode eewodudo boigoduwu meriji.		
BOR-CORBO-BM-JHN-006-041	JOÃO	JHN	6	41	Du kodi icare judeudoge ewadaru pega kuricigore ji, awu akoinodu koia: - Imire amireu aregodui baru piji dure imi.		
BOR-CORBO-BM-JHN-006-042	JOÃO	JHN	6	42	Egore: - Iarema cewu Jesus kanao? Kode, kodiba icare akore. Ire irawuje baru piji oino?		
BOR-CORBO-BM-JHN-006-043	JOÃO	JHN	6	43	Jesus akore: - Tawadaru pega kaba tadoda.		
BOR-CORBO-BM-JHN-006-044	JOÃO	JHN	6	44	Iaboe iaboe etumodukare itae, ure irojaiwu Ioga ukai utudo itae du keje. Duwuge imode eewodudo boigoduwu meriji.		
BOR-CORBO-BM-JHN-006-045	JOÃO	JHN	6	45	Profetadogere inodu bu bapera keje: “Eiamedu boe jorduwadodumode Pao Aroe Eimejera koia” (Is 54,13). Du kodire cewu meardure Pao bataru jiwuge eiamedu boe, jorduwadodure Pao koiawuge eiamedu boe, etumode itae.		
BOR-CORBO-BM-JHN-006-046	JOÃO	JHN	6	46	Mare boe eerdukarega ure Paoji kodi karega, mare cewu aregodure Pao pijiwu jordure tu Paoji.		
BOR-CORBO-BM-JHN-006-047	JOÃO	JHN	6	47	Boe jokodu jire inagomode oino tai: meartorure iiwuge eiamedu boe, ewi bokwareu makodure etai.		
BOR-CORBO-BM-JHN-006-048	JOÃO	JHN	6	48	Boe eedoduwowu amireu imireo.		
BOR-CORBO-BM-JHN-006-049	JOÃO	JHN	6	49	Taomage enogwagere manaji boe makodu tada, mare ewire.		
BOR-CORBO-BM-JHN-006-050	JOÃO	JHN	6	50	Ure turawuje baru pijiwu amireu awureo, umode kowujewuge eiamedu boe ewi kawo.		
BOR-CORBO-BM-JHN-006-051	JOÃO	JHN	6	51	Aregodure baru pijiwu amireu jereu imireo. Umode awu amireu kowujewuge eemaemode jii je. Imode makuwu amireu ikodu rema, awu moto kejewuge einorudoduwo.		
BOR-CORBO-BM-JHN-006-052	JOÃO	JHN	6	52	Awu bataru keje, judeudoge enorare jice woje, jice woje pui: - Inoba awu imedu romode tuwo pagogwagedo tugoduji?		
BOR-CORBO-BM-JHN-006-053	JOÃO	JHN	6	53	Kodi icare Jesus akore ei: - Boe jokodu jire inagomde oino tai: Tamodukare Imedu Onaregedu kodu kowuje, tagudumodukare kuce ma, taemodukare tadoda.		
BOR-CORBO-BM-JHN-006-054	JOÃO	JHN	6	54	Cewu ure ikodu kowujewu, kudure iku cewuge eiamedu boe jemaere jii jeboe jetu nure ebo. Imode eewodudo boigoduwu meriji.		
BOR-CORBO-BM-JHN-006-055	JOÃO	JHN	6	55	Paga karega, boe eke jokoduwure ikodu rema, boe ekudure ceboe jokodu remawureu iku rema.		
BOR-CORBO-BM-JHN-006-056	JOÃO	JHN	6	56	Cewu okwagere ikodu jiwuge, kudure iku cewuge eiamedu boe, emedure itada, imedure etada jamedu.		
BOR-CORBO-BM-JHN-006-057	JOÃO	JHN	6	57	Ure irojaiwu Ioga jemagadu reorere, iere koia jamedu, du reorere ure ikowujewu jemode igoia jamedu.		
BOR-CORBO-BM-JHN-006-058	JOÃO	JHN	6	58	Awure ure turawuje baru pijiwu amireu rema. Cewu taomagere kowujewu maná inodu karega, ere kowuje mare ewire, du inodu karega. Umode awu amireu kowujewu jemode jii je.		
BOR-CORBO-BM-JHN-006-059	JOÃO	JHN	6	59	Awu inodu jire Jesus ure boe eerduwado sinagoga tada, Cafarnaum bakurireu keje.		
BOR-CORBO-BM-JHN-006-060	JOÃO	JHN	6	60	Nowu ure jorduwadowuge ia makareuge, tumeardui ji tu keje, egore: - Nowu inodu raka remawu nure. Ioguduba aidumode nowu inoduji?		
BOR-CORBO-BM-JHN-006-061	JOÃO	JHN	6	61	Jesus jorduware nowu ture jorduwadowuge ekorigodui nowu inodu koia duji, icare unoragodure ei: - Nowu inodu jetu pegare tai.		
BOR-CORBO-BM-JHN-006-062	JOÃO	JHN	6	62	Kode, inoba umode taerdumode Imedu Onaregedu rutui turagojere kejewu turagoja kae du keje?		
BOR-CORBO-BM-JHN-006-063	JOÃO	JHN	6	63	Aroe koiare ure boe eedo, boe karega boe ekodu rema. Imagore tai jiwu iwadaru emare aroe rema, boe eereu rema.		
BOR-CORBO-BM-JHN-006-064	JOÃO	JHN	6	64	Mare ia tagi tameartorukare. Mare paga karega, kuri boe paruto Jesus jorduware kakoduwuba emeartoru bokware duji, cewu umode tumaguwuji jamedu.		
BOR-CORBO-BM-JHN-006-065	JOÃO	JHN	6	65	Makore kimo pugeje, akore: - Du kodire inagore iaboe iaboe etumodukae itae Ioga aiduka du keje.		
BOR-CORBO-BM-JHN-006-066	JOÃO	JHN	6	66	Kuri je nowu kodiwu piji makareu ia ure jorduwadowuge ere tuiaedo ji, du emerukare apo pugeje.		
BOR-CORBO-BM-JHN-006-067	JOÃO	JHN	6	67	Du kodi icare Jesus unoragodure nuwu ikera pudogidure pobe taci iwureko towugei, akore ei: -Tagi jamedu tagaidure tawo taiaedo ii jamedu?		
BOR-CORBO-BM-JHN-006-068	JOÃO	JHN	6	68	Icare Simão Pedro akore ji: - Cegimejera, kode ioguduba ae cedumode? Boe ewi bokwareure awadaru rema.		
BOR-CORBO-BM-JHN-006-069	JOÃO	JHN	6	69	Cegi cemeartorure, ceerduware akie Pao Aroe Eimejera o Imedu Pemegareuie akiduji.		
BOR-CORBO-BM-JHN-006-070	JOÃO	JHN	6	70	Jesus akore pugeje: - Ikare tado ikera pudogidure pobe taci iwureko todu ire tadawuje tamedage epiji? Mare Aroe pegareure ia tagi kodi karega .		
BOR-CORBO-BM-JHN-006-071	JOÃO	JHN	6	71	Judas Iscariote jire akoino, cewu Simão Iscariote onaregedu, emare umode maku kodi. Ica, nowu ei ikera pudogidure pobe taci iwureko todu ia nure ema kodi karega.		
BOR-CORBO-BM-JHN-007-HEAD-001	JOÃO	JHN	7		Jesus mare uwiemage.		Cabeçalho/subtítulo editorial da fonte.
BOR-CORBO-BM-JHN-007-001	JOÃO	JHN	7	1	Nowu inodu rekodaji, Jesus kodure jice woje, jice woje Galiléia kao, aidukare tumeruwo Judéia keje, judeudoge ere tuiagu bito du koia.		
BOR-CORBO-BM-JHN-007-002	JOÃO	JHN	7	2	Judeudoge eno peta puredugodu nure du iere Tabernáculos (boe ewadaru ure oino: Aroia baidoge jiwu peta).		
BOR-CORBO-BM-JHN-007-003	JOÃO	JHN	7	3	Icare Jesus uwiemage eegore ji: - Atudo awu piji Judéia kae, nowu are jorduwadowuge eerduwo aro boeji.		
BOR-CORBO-BM-JHN-007-004	JOÃO	JHN	7	4	Paga karega, cewu aidure boe eerduwawo puduiwu rokare ia turo jiboe podu tu je. Kode arore oino du kodi, akowadudo awu moto kejewuge eegai.		
BOR-CORBO-BM-JHN-007-005	JOÃO	JHN	7	5	Mare uwiemage emeartorukare ji jamedu.		
BOR-CORBO-BM-JHN-007-006	JOÃO	JHN	7	6	Icare Jesus akore ei: - Boe aregodukare pudae ii roga. Mare tagairema boere turugadu tu tu tagai boe jameduji.		
BOR-CORBO-BM-JHN-007-007	JOÃO	JHN	7	7	Awu moto kodu kagirimodukare tai, mare iire kodu kagirire, imire ireadodure ro pegareuji kodi.		
BOR-CORBO-BM-JHN-007-008	JOÃO	JHN	7	8	Toro, taru toro peta kae, mare imirema, ikodumodukare, boe aregodukare pudae ii roga kodi.		
BOR-CORBO-BM-JHN-007-009	JOÃO	JHN	7	9	"Tagoi oino du keje, rakojere Galiléia keje.
Jesus rutui Aroiabaidoge eiwu peta kaedu."		
BOR-CORBO-BM-JHN-007-010	JOÃO	JHN	7	10	Mare uwiemage erudui toro du keje, ruture jamedu nowu peta kae, mare tui boe eerdudo pudui du tabo karega, mare podu tabo.		
BOR-CORBO-BM-JHN-007-011	JOÃO	JHN	7	11	Judeudoge eemarure bogai nowu peta keje; enorare bogai, egore: - Kaiba rakojere?		
BOR-CORBO-BM-JHN-007-012	JOÃO	JHN	7	12	Nowu boe makareuge etada boe emago nure tu ji rugadu. Iage egore: - Imedu pemegareu reno. Du kejewuge egore: - Boro, ukare ino, ure boe eekuri pagado.		
BOR-CORBO-BM-JHN-007-013	JOÃO	JHN	7	13	Mare du inodu tabo, boe emago awadukare ji, tubagudu koia judeudogece.		
BOR-CORBO-BM-JHN-007-014	JOÃO	JHN	7	14	Nowu peta oia bukejere icare Jesus ruture Pao uwaito tui boe eerduwado du tabo.		
BOR-CORBO-BM-JHN-007-015	JOÃO	JHN	7	15	Judeudoge erore ta... je, egore: - Awu imedu jorduwadodukare. Kode, kaiba awu jorduware bapera atugo jitu aregodure?		
BOR-CORBO-BM-JHN-007-016	JOÃO	JHN	7	16	Icare Jesus akore ei: - Awu iorduware oino jiboe, inoe karega, mare ure irojaiwu oe.		
BOR-CORBO-BM-JHN-007-017	JOÃO	JHN	7	17	Iaboe etaidumode turowo nono Pao aidu reore ma, eerduwamode imagore jiboe aregoduie Pao piji duji, iarema ipijie aregodure duji.		
BOR-CORBO-BM-JHN-007-018	JOÃO	JHN	7	18	Makore taobijiwu jemaru nure tuguriwo boe eegai du bogai, mare cewu jemarure tuwo ure rojaiwu kurido du bogaiwu, ure turugadu boe emeartoruwo ji, boe ekuri pagadodureu ukare apo.		
BOR-CORBO-BM-JHN-007-019	JOÃO	JHN	7	19	Kode, Moisés koia karega ure boe eroiagudu maku tagai? Du inodu tabo ia tagi ia tagi tagodukare ui boe eroiaguduji.		
BOR-CORBO-BM-JHN-007-020	JOÃO	JHN	7	20	Kodiba tagaidre tawo iwido?  Nowu boe egore ji: - Ia Aroe pegareu mugure akabo! Ioguduba aidure tuwo awido?		
BOR-CORBO-BM-JHN-007-021	JOÃO	JHN	7	21	Jesus akore ei pugeje: - Ia irore jiboere mito tu je. Ica, taiamedu boe jordu pegare inoduji.		
BOR-CORBO-BM-JHN-007-022	JOÃO	JHN	7	22	Moisés ure kruca maku tagai (mare Moisés oe karega, mare uomage kurireuge enoe), tare kruca bu boe ewugeje jii sabadore jiwu meriji jamedu.		
BOR-CORBO-BM-JHN-007-023	JOÃO	JHN	7	23	Aró, kode, Moisésre boe eroiagudu kadodu kawore kruca padumode ia imedu keje sabadore jiwu meriji ma, kode, kodiba tagorigodure ii ire ia imedu uredu jamedu boe pemegago sabadore jiwu meriji du koia?		
BOR-CORBO-BM-JHN-007-024	JOÃO	JHN	7	24	"Tadugu kaba ure tudo boe eegaiboe rekodaji, mare tadugudo boe jetororeu rekodaji tu rugadu.
Judeudoge emeardaei Jesus jitu."		
BOR-CORBO-BM-JHN-007-025	JOÃO	JHN	7	25	Jerusalém kejewuge ia boe egore: - Awu karega cewu eemarure bogai tuwo bito?		
BOR-CORBO-BM-JHN-007-026	JOÃO	JHN	7	26	Kode, emare akore tumago tabo boe etoiabiji oinono, mare boe emagokare ji. Kode, boe eimejerage kana ere boe pa Cristoie ure ema duji? Mare ceerduware kaiba awu imedu buture duji.		
BOR-CORBO-BM-JHN-007-027	JOÃO	JHN	7	27	Mare Cristo aregodumode du keje, iaboe iaboe eerduwamodukare kaiba aregodure duji.		
BOR-CORBO-BM-JHN-007-028	JOÃO	JHN	7	28	Jesus, tui boe eerduwado Pao uwai tada du tabo, akore: - Taerduware ii kaiba itaregodure duji. Ipiji karega itaregodure. Mare cewu ure irojaiwure, boe jokoduwu jamedu boere apo, mare taerduwakare ji.		
BOR-CORBO-BM-JHN-007-029	JOÃO	JHN	7	29	Imirema iorduware ji, itaregodure piji kodi, emare ure irojai jamedu kodi.		
BOR-CORBO-BM-JHN-007-030	JOÃO	JHN	7	30	Icare eemarure tuwo tugeragu ji, mare iaboe iaboe ekare tugera puredudo ji, boe aregodukare pudae ji roga kodi.		
BOR-CORBO-BM-JHN-007-031	JOÃO	JHN	7	31	Mare nowu inodu jamedu boe tada, makareu boe emeartorure ji, enorare jice woje, jice woje pui: -Kode, Cristo aregodumode du keje, ro pemegareu kurireu kodumode awu ro kori?		
BOR-CORBO-BM-JHN-007-032	JOÃO	JHN	7	32	Fariseudogere boe pa boe egoi Jesus jiboe jituji, du kodi icare ere mare sacerdotedoge eimejerage ere torigaraidoge etudo bogai ewo tugeragu ji.		
BOR-CORBO-BM-JHN-007-033	JOÃO	JHN	7	33	Jesus akore: - Iragojemode tagabo biega tu je kimo, dukeje itumode ure irojaiwu ae.		
BOR-CORBO-BM-JHN-007-034	JOÃO	JHN	7	34	Taemarumode iwogai, mare taerdumodukare ii, taroiwamodukare taduwo ikodumodewo kae		
BOR-CORBO-BM-JHN-007-035	JOÃO	JHN	7	35	Icare judeudoge enoragodure pui: - Kaiba kodumode paerdukawo pudui? Iarema utu kana umode cewu rakojere gregodoge etadawu judeudoge etae, tuwo nowu moto tuginoiwu kejewuge eerduwado?		
BOR-CORBO-BM-JHN-007-036	JOÃO	JHN	7	36	"Inobadu jiba akore oino pai: Taemarumode iwogai mare taerdumodukare ii, taroiwamodukare taduwo ikodumodewo kae oino? 
Ure boe eedowu pobojari."		
BOR-CORBO-BM-JHN-007-037	JOÃO	JHN	7	37	Nowu peta jiwu boigoduwu meriji, kodure tumedage ekoriwu meriji, Jesus mako rakare turagojei, akore: - Ia tagi pobo boimode tai ma, mato itae, taguduwo.		
BOR-CORBO-BM-JHN-007-038	JOÃO	JHN	7	38	Cewu meartorure iiwu, ure nono cewu bapera atugo ako magadu reore: “Pobojari jereuge emode tudawuje piji” (Za 14,8; ls 8,11).		
BOR-CORBO-BM-JHN-007-039	JOÃO	JHN	7	39	Makore awu inoduji, tui inodu jeonado Aroe Pemegareu jitu tabo, du makudumode meartorumode puduiwuge etai, du jire akoino. Mare Aroe Pemegareu makudukare roga, Jesus aregodukare tugurimodewo kae roga kodi.		
BOR-CORBO-BM-JHN-007-040	JOÃO	JHN	7	40	Nowu boe makareuge, iage, tumeardui nowu bataru inodu jitu keje, egore: - Boe jokodu remawu profeta reo.		
BOR-CORBO-BM-JHN-007-041	JOÃO	JHN	7	41	Iage egore: - Awure Cristo remawure ema. Mare iage egore nowu egoinodu me keje tu oino: - Kode, Galiléia kejewu bai piji kana Cristo aregodumode?		
BOR-CORBO-BM-JHN-007-042	JOÃO	JHN	7	42	Kode, bapera atugo akore oino: Davi rekodajiwuge epijire Cristo aregodumode, cewu babuturogu iei Belém cedu piji, Davi o moto piji. Oino karega?		
BOR-CORBO-BM-JHN-007-043	JOÃO	JHN	7	43	Kodire boe ewadaru pegare pui jice woje, jice woje, Jesus koia.		
BOR-CORBO-BM-JHN-007-044	JOÃO	JHN	7	44	"Iaboe etaidure tuwo tugeragu ji, mare ekare tugera puredudo ji.
Judeudoge eimejerage emeartorukare."		
BOR-CORBO-BM-JHN-007-045	JOÃO	JHN	7	45	Torigaraidoge ere tugirimi sacerdotedoge eimejerage, fariseudoge etai tuibagi pugeje, duwuge enoragodure ei, egore: - Kodiba takare arego?		
BOR-CORBO-BM-JHN-007-046	JOÃO	JHN	7	46	Torigaraidoge egore ei: - Ia imedu boe makokare awu imedu mako reore.		
BOR-CORBO-BM-JHN-007-047	JOÃO	JHN	7	47	Icare fariseudoge egore ei: - Kode, boe kana ure tawogado boeto jamedu?		
BOR-CORBO-BM-JHN-007-048	JOÃO	JHN	7	48	Iarema ia boe eimejerage, ia fariseudoge emeartorure ji?		
BOR-CORBO-BM-JHN-007-049	JOÃO	JHN	7	49	Mare awu boe onawuge, eerduwakare boe eroiagudu jitu, boe pegareuge nure emage.		
BOR-CORBO-BM-JHN-007-050	JOÃO	JHN	7	50	Mare ia emage, iei Nicodemo cedu, cewu jemarure bogai boecojiwu, akore ei: -		
BOR-CORBO-BM-JHN-007-051	JOÃO	JHN	7	51	Ceroiagudu umode ia imedu barigu boe pegareuto tumeardui, tuiordui ro boe jitu otodai?		
BOR-CORBO-BM-JHN-007-052	JOÃO	JHN	7	52	Egore ji: - Iarema galileu kana ure aki jamedu? Aerduwa pemegado aerduwo ia profeta aregodumodukai Galiléia pijiduji.		
BOR-CORBO-BM-JHN-007-053	JOÃO	JHN	7	53	Du kejere ere tugirimi tu tu tuwai kae.		
BOR-CORBO-BM-JHN-008-HEAD-001	JOÃO	JHN	8		Aredu ro pegareudo.		Cabeçalho/subtítulo editorial da fonte.
BOR-CORBO-BM-JHN-008-001	JOÃO	JHN	8	1	Jesus kodure Oliveira tadawu torekodu kae.		
BOR-CORBO-BM-JHN-008-002	JOÃO	JHN	8	2	Barogwa kododu tabore ure tugirimi Pao uwaito; boe eiamedu boere tudo pui ae. Ure tumugudo tu je, du tabore icare ure eerduwado.		
BOR-CORBO-BM-JHN-008-003	JOÃO	JHN	8	3	Icare escribadoge, fariseudoge ere ia boe eerdure ro okeadui aredu reko mto ae.		
BOR-CORBO-BM-JHN-008-004	JOÃO	JHN	8	4	Ere rakojedo tu nowu boe makareuge etoiadoda, egore Jesusji: - Cegimejera, maigodu boe ere tugeragu awu areduji ro keadu tonaji.		
BOR-CORBO-BM-JHN-008-005	JOÃO	JHN	8	5	Moisesre bapera atugodo ceiagu tori to awu rore oinowu areme eiduji. Inoba akagomode awu inoduji?		
BOR-CORBO-BM-JHN-008-006	JOÃO	JHN	8	6	Ere tunorado ji tuiaki turoiwawo tuwo tugeragu ji ia bataru keje du bogai, tagowo, onoie akore. Jesusrema, ure tuie jodo mototo, ure moto atugodo tugerako tabo.		
BOR-CORBO-BM-JHN-008-007	JOÃO	JHN	8	7	Enora kimo jitu koiare, ure taogado taci je, akore ei: - Ia ro pegakareu ia tagi umode tori to ca boetoji ji.		
BOR-CORBO-BM-JHN-008-008	JOÃO	JHN	8	8	Ure tuie jodo gu moto kae pugeje, ure moto atugodo tugerako tabo pugeje.		
BOR-CORBO-BM-JHN-008-009	JOÃO	JHN	8	9	Awu bataru keje, tui boe pa pudumiraboduie tuwogware boetodu jitu koia, ere tudawuje, ere tudo mito taci jii boigoduwu ae, tui paru bu codureuge ewugeje du piji. Du kodire Jesus mugure tuginoigodu, cewu aredu rakojere nono jamedu.		
BOR-CORBO-BM-JHN-008-010	JOÃO	JHN	8	10	Du kejere icare ure taogado taci je. Boekarema, tuiordui cewu aredu ui mito tu jedu jitu keje, unoragodure ji, akore: - Aredu, kaiba cewu akoino aiwuge ekodure? Iaboe iaboe ekare awarigu boe pegareuto?		
BOR-CORBO-BM-JHN-008-011	JOÃO	JHN	8	11	"Akore: 
Ikimejera, boe bokwa. 

Kodi icare Jesus akore ji: - U! Imi jamedu imodukare awarigu boe pegareuto. Toro! Akaba akirimi aro pegareuto pugeje.
Moto kejewu urugureboe nure Jesusce."		
BOR-CORBO-BM-JHN-008-012	JOÃO	JHN	8	12	Jesus akore ei pugeje: - Imire moto kejewu urugureboere imi. Cewu kodure itabowu, merumodukare boeco tada, mare jereboe urugumode ji.		
BOR-CORBO-BM-JHN-008-013	JOÃO	JHN	8	13	Nonore icare fariseudoge egore ji: - Akire amagore aiboeji, nowu akagoi aidu ukare turugadu boe emeartoruwo ji.		
BOR-CORBO-BM-JHN-008-014	JOÃO	JHN	8	14	Jesus akore ei: - Imire inagomode ii rugadu ma, imagore jiboere turugadu boe emeartoraeji. Paga karega, iorduware kaiba itaregodure duji, kaiba ikodumode duji jamedu. Mare tagi taerduwakare kaiba pijiba itaregodure, kaiba ikodumode duji jamedu.		
BOR-CORBO-BM-JHN-008-015	JOÃO	JHN	8	15	Tare tagogado ure taegaiboeji. Imi ikare ikogado iaboei iaboei.		
BOR-CORBO-BM-JHN-008-016	JOÃO	JHN	8	16	Imode ikogado boei ma, ire ikogado jiboe jetorogodumode jamedu, paga karega, ikare ikinoi tu je du kodi, Ioga mugure itabo jamedu kodi.		
BOR-CORBO-BM-JHN-008-017	JOÃO	JHN	8	17	Ica, taroiagudu akore: “Boei pobe tu jedu eioi puwugejedu ure turugadu boe emeartoruwo ji” (Deut 19, 15).		
BOR-CORBO-BM-JHN-008-018	JOÃO	JHN	8	18	Imi imagore ii itaobiji rugadu, mare ure irojaiwu Ioga jore iwugeje jamedu.		
BOR-CORBO-BM-JHN-008-019	JOÃO	JHN	8	19	Icare enoragodure ji: - Kaiba Ao rakojere?  Jesus akore: - Taerduwakare ii, taerduwakare Iogaji jamedu. Taerduwamode ii ma, taerduwamode Iogaji jamedu.		
BOR-CORBO-BM-JHN-008-020	JOÃO	JHN	8	20	Makore awu tuwadaruji tui boe eerduwado Pao uwai tada du keje, puredu tu boere to mearogu tugu towu iraji. Mare iaboe iaboe ekare tugeragu ji, boe aregodukare pudae roga kodi.		
BOR-CORBO-BM-JHN-008-021	JOÃO	JHN	8	21	Jesus akore ei kimo: -Itumode du keje, taemarumode iwogai, mare tawimode taro pegareu tada, paga karega, taroiwamodukare tagoduwo ikodumodewo kae.		
BOR-CORBO-BM-JHN-008-022	JOÃO	JHN	8	22	Icare judeudoge egore: - Ukana umode tuwido? Akore: Taroiwamodukare tagoduwo ikodumodewo kae. Kodiba akoino?		
BOR-CORBO-BM-JHN-008-023	JOÃO	JHN	8	23	Icare akore ei: - Woje comoroiwuge tagireo; cebojewu imireo. Awu moto kejewuge nure tagi, mare imi karega.		
BOR-CORBO-BM-JHN-008-024	JOÃO	JHN	8	24	Inagore tai tawimoduie taro pegareu tadaduji, mare paga karega, tameartorumodukare imie rugadu ma, tawimode taro pegareu tada.		
BOR-CORBO-BM-JHN-008-025	JOÃO	JHN	8	25	"Du kodi icare enoragodure ji: -Ioguduba akibao?  Jesus akore ei: 
Cewu inagore tai boe paru toboe nure imi."		
BOR-CORBO-BM-JHN-008-026	JOÃO	JHN	8	26	Imagowo taiboe, iwo ikogado taiboe makaguragare. Mare ure irojaiwu boe rikireu nure ema; imeardure ji pijiboe imagore ji moto kejewugei.		
BOR-CORBO-BM-JHN-008-027	JOÃO	JHN	8	27	Mare ekare boe pa makoi Tuo jiboeji.		
BOR-CORBO-BM-JHN-008-028	JOÃO	JHN	8	28	Du kodi icare Jesus akore ei: - Tamode Imedu Onaregedu aogado du keje, taerduwamode ioguduba imiba; taerduwamode irore jiboe ukae itaobiji, mare imagoi nono Iogare iorduwado jiboe reore duji.		
BOR-CORBO-BM-JHN-008-029	JOÃO	JHN	8	29	Cewu ure irojaiwu ure itabo; ukare ido ikinoi tu je, paga karega, irore nono aidu magai du reore jii je du kodi.		
BOR-CORBO-BM-JHN-008-030	JOÃO	JHN	8	30	"Nowu akoi oinono du keje, makareuge emeartorure ji.
Jesus mare Abraão."		
BOR-CORBO-BM-JHN-008-031	JOÃO	JHN	8	31	Jesus akore nowu meartorure puduiwu judeudogei: - Taedumode iwadaru keje ma, ire jorduwadowu boe jokoduwuge rumodedo tagi.		
BOR-CORBO-BM-JHN-008-032	JOÃO	JHN	8	32	Taerduwamode boe rikireuji, boe rikireu umode taginorudo.		
BOR-CORBO-BM-JHN-008-033	JOÃO	JHN	8	33	Egore ji: - Abraão ore nure cegi, boe etugarege karega ure cegi jii je, kodiba icare akagore: Taginorudodumode ino cei?		
BOR-CORBO-BM-JHN-008-034	JOÃO	JHN	8	34	Jesus akore ei: - Boe jokodu jire inagomode oino tai: Ure tumagu turo pegareu kaiwu ime eiamedu boe, ere turo pegareu utugarege nure emage.		
BOR-CORBO-BM-JHN-008-035	JOÃO	JHN	8	35	Aró, kode, boe etugare mugumodukare boe etuo uwai keje, mare tu onaregedu mugumode uwai keje jii je.		
BOR-CORBO-BM-JHN-008-036	JOÃO	JHN	8	36	Du kodi icare Onaregedu umode taginorudo ma, boe etugarege emodukare tagi rugadu.		
BOR-CORBO-BM-JHN-008-037	JOÃO	JHN	8	37	Iorduwa pemega nure Abraão oreie tagiduji, mare tagaidure tawo iwido, mare iwadaru remodukare tadoda du koia.		
BOR-CORBO-BM-JHN-008-038	JOÃO	JHN	8	38	Imire imagore iordure Ioga apo boeji. Tagirema, tarore nono tameardure tao okwabiji boeji.		
BOR-CORBO-BM-JHN-008-039	JOÃO	JHN	8	39	Egore ji: - Ceore Abraão rema. Jesus akore ei: - Abraão ore rumode tagi du keje, taromode nono Abraão rore jiboeji.		
BOR-CORBO-BM-JHN-008-040	JOÃO	JHN	8	40	Imire imagore tai boe jokodure ema boeji imeardui Pao piji duji, macare tagaidure tawo iwido. Abraão rokare ino.		
BOR-CORBO-BM-JHN-008-041	JOÃO	JHN	8	41	Tarore tao roiaji. Egore ji: - Boe ekera keadu koia kerega ure cedowuje: ceore ia ceoce, dure Pao Aroe Eimejera rema.		
BOR-CORBO-BM-JHN-008-042	JOÃO	JHN	8	42	Jesus akore: - Taomode Aroe Eimejera ma, tameardu kurimode ii, paga karega, Aroe Eimejera pijire itawujedure, pijire itaregodure. Ipiji karega itaregodure, mare koiare ure irojai.		
BOR-CORBO-BM-JHN-008-043	JOÃO	JHN	8	43	Kodiba takare iwadaru pawuje? Taroiwakare tamearduwo iwadaru jitu kodi.		
BOR-CORBO-BM-JHN-008-044	JOÃO	JHN	8	44	Taore Aroe pegareu rema, tagaidure tarowo tao aidure jiboe reore. Boe paru tore boe ewidodu epa rema; rakojekare boe rikireu tabo, boe rikireu bokware apo kodi. Tagoi tuwadararodae jitu keje, pudui rugadure akoino, paga karega, batararodu barikare kodi, emare boe ewadararodae uo rema.		
BOR-CORBO-BM-JHN-008-045	JOÃO	JHN	8	45	Mare imi imagore boe rikireu jitu koia, tameartorukare iwadaruji.		
BOR-CORBO-BM-JHN-008-046	JOÃO	JHN	8	46	Kakoduwu tagiba tamode ikiegi iro pegareu tabo?		
BOR-CORBO-BM-JHN-008-047	JOÃO	JHN	8	47	Pao ore emawuge emeardure bataruji, tagirema tameardukare ji orekare tagi kodi.		
BOR-CORBO-BM-JHN-008-048	JOÃO	JHN	8	48	Nonore icare judeudoge egore ji: - Kode cemagokare boe jokoduji akie samaritanore aki, atadaie Aroe pegareu meture?		
BOR-CORBO-BM-JHN-008-049	JOÃO	JHN	8	49	Jesus akore ei: - Aroe pegareu metukare itada, mare ire Ioga kurido. Tagirema, tare iwarigududo.		
BOR-CORBO-BM-JHN-008-050	JOÃO	JHN	8	50	Iemarukare ikuriwo du bogai; mare iare ikurido, du umode tugogado boei.		
BOR-CORBO-BM-JHN-008-051	JOÃO	JHN	8	51	Boe jokodu jire inagomode oino tai: Iaboe umode iwadaru jetu otorogado ma, bimodukare jii je.		
BOR-CORBO-BM-JHN-008-052	JOÃO	JHN	8	52	Judeudoge egore ji: - Icare ceerdure Aroe pegareu metui atoda duji. Abraão bire, profetadoge ewire jamedu. Icare akagore umoduie awadaru jetu otorogadowu bimodukae jii je?		
BOR-CORBO-BM-JHN-008-053	JOÃO	JHN	8	53	Kode, akina akodure paedoga Abraão kori? Ema bire, profetadoge ewire jamedu kaboba ameardaere uwo aki?		
BOR-CORBO-BM-JHN-008-054	JOÃO	JHN	8	54	Jesus akore ei: - Imode boe kurireudo imi itaobiji ma, boe kurireu imidu boe karega. Iogare ure ikurido. Cewu tagagore tago Aroe Eimejeraie emawu.		
BOR-CORBO-BM-JHN-008-055	JOÃO	JHN	8	55	Mare taerduwakare ji. Imagomode iorduwakae ji ma, iwadararodumode nono tawadararodu reore. Mare iorduware ji, irore nono bataru reore jamedu.		
BOR-CORBO-BM-JHN-008-056	JOÃO	JHN	8	56	Taedoga Abraão jekarere tumeardui tuiordumode ino meri jituji. Jordure ji, icare jekare kuricigore.		
BOR-CORBO-BM-JHN-008-057	JOÃO	JHN	8	57	Icare judeudoge egore ji: - Ako joru ukare 50 ce roga, mare icare aerdure Abraãoji?		
BOR-CORBO-BM-JHN-008-058	JOÃO	JHN	8	58	Jesus akore ei: - Boe jokodu jire inagomode oino tai: Abraão butumodedu otodai, ire marigudu.		
BOR-CORBO-BM-JHN-008-059	JOÃO	JHN	8	59	Nowu akoinodu kejere icare, ere tugeragu toriji tuwo tori to ji. Mare Jesus ure tuwogwado pi tuku je, ure tudawuje nowu Pao uwai piji.		
BOR-CORBO-BM-JHN-009-HEAD-001	JOÃO	JHN	9		Jesus ure ia buture tuioku bokwa tabowu pemegago.		Cabeçalho/subtítulo editorial da fonte.
BOR-CORBO-BM-JHN-009-001	JOÃO	JHN	9	1	Icare Jesus, tugodui ia tugodu kae du keje, jordure ia buture tuioku bokwa tabowu imeduji.		
BOR-CORBO-BM-JHN-009-002	JOÃO	JHN	9	2	Icare nowu ure jorduwadowuge enoragodure ji: - Cegimejera, ioguduba ro pegare du koiaba awu imedu buture tuioku bokwa tabo? Ema kana, iarema uomage kana?		
BOR-CORBO-BM-JHN-009-003	JOÃO	JHN	9	3	Jesus akore ei: - Awu ro pegareu koia karega, uomage eigoia karega jamedu, mare Pao uwo turo pemegareu kurireu awadudo ji du bogai.		
BOR-CORBO-BM-JHN-009-004	JOÃO	JHN	9	4	Meri jetu kimo tabore, ure turugadu iwo ure irojaiwu ro pemegareu kurireuge eiado. Boeco aregodumode du keje boe emaragodumodukare pugeje.		
BOR-CORBO-BM-JHN-009-005	JOÃO	JHN	9	5	Du kodire, iragojei moto keje du tonaji, urugure moto jiboe nure imi.		
BOR-CORBO-BM-JHN-009-006	JOÃO	JHN	9	6	Tagoinodu tabore, ure todoguru to co mototo, ure moto gurugurudo todoguru tabo, du kejere icare ure nowu moto guruguru rogu reko nowu joku bokwareu jokuji.		
BOR-CORBO-BM-JHN-009-007	JOÃO	JHN	9	7	Du kejere akore ji: - Toro, akabi boe etaimoda iei Zilo cedu keje (boe ewadaru tabo iere Roiaidodureboe oino). Icare nowu joku bokwareu uture toro rugadu, icare ure tugirimi taiwo tabo.		
BOR-CORBO-BM-JHN-009-008	JOÃO	JHN	9	8	Kodi icare cewu puredure jiwuge, jordure okwamagudui tu tu jedu jiwuge, enorare pui, egore: - Cewu okwamagudu kigodure tu tu tumugu tabowu karegao?		
BOR-CORBO-BM-JHN-009-009	JOÃO	JHN	9	9	Iage egore: - U! Ema. Iagerema egore: - Ema karega, mare reoreu. Emarema akore: - Imi rugadu.		
BOR-CORBO-BM-JHN-009-010	JOÃO	JHN	9	10	Kodi icare enoragodure ji: - Inoba taboba aekure tuiado?		
BOR-CORBO-BM-JHN-009-011	JOÃO	JHN	9	11	Akore ei: - Cewu iere Jesus cewu imedu ure moto gurugurudo, ure reko iokuji, akore ii: Toro aia iei Zilo cedu kae, awo kabi. Iture rugadu, ire ikabi, ica, oino itaiwore.		
BOR-CORBO-BM-JHN-009-012	JOÃO	JHN	9	12	Icare enoragodure ji: - Kaiba nowu imedu rakojere?  Akore: - Iorduwa bokwa.		
BOR-CORBO-BM-JHN-009-013	JOÃO	JHN	9	13	"Du kodi icare ere cewu joku bokwareu reko fariseudoge etae.
Fariseudoge enorai joku bokwareu jidu."		
BOR-CORBO-BM-JHN-009-014	JOÃO	JHN	9	14	Aró kode, sabadore jiwu meriji Jesus ure moto guruguru towuje, ur nowu imedu jokudo tuiado.		
BOR-CORBO-BM-JHN-009-015	JOÃO	JHN	9	15	Du kodi icare fariseudoge enorare ji pugeje inoba rakuduie aiwore. Akore ei: Ure moto guruguru maedo ioku joki, du keje icare ire ikabi, ica, oino itaiwore.		
BOR-CORBO-BM-JHN-009-016	JOÃO	JHN	9	16	Ia fariseudoge egore: - Pao koia karega ure nowu imedu rojai, mare paga karega, maragodure sabadore jiwu meriji. Iage egore: - Inobadu kodiba ro pegareu imedu umode cewu turo kurireu kuo?  Enora korire pui jice woje, jice woje.		
BOR-CORBO-BM-JHN-009-017	JOÃO	JHN	9	17	Enoragodure kimo nowu joku bokwareuji, egore: - Inoba ameardaere nowu ure aekudo tuiadowuji?  Akore ei: - Ia profeta nure ema.		
BOR-CORBO-BM-JHN-009-018	JOÃO	JHN	9	18	Mare judeudoge emeartorukare nowu imedu joku bokwaie duji, du kaegae icare jokuie duji, icare emago jokodure uomage ewogai.		
BOR-CORBO-BM-JHN-009-019	JOÃO	JHN	9	19	Enoragodure ei: - Tagonaregedu nao? Tagagomode boe jokoduie buture tuioku bokwa tabo? Macare inobadu taboba aiwore oino?		
BOR-CORBO-BM-JHN-009-020	JOÃO	JHN	9	20	Uomage egore: - Ceerduware awuie cedonaregedu rema duji, butuie tuioku bokwa tabo duji.		
BOR-CORBO-BM-JHN-009-021	JOÃO	JHN	9	21	Mare ceerduwakare inobadu tabore aiwore oino. Tanorado ji nowu inoduji. O joru butu makare du je. Ema rugadure umode kogado tawiegai.		
BOR-CORBO-BM-JHN-009-022	JOÃO	JHN	9	22	Uomage egore oino tubagudu koia judeudogece, mare paga karega, cewu meartorure Cristoie Jesus cedu jiwuge eiamedu boe eire judeudoge egore tumoduie etawuje sinagoga piji tugorigodui ei du tabo.		
BOR-CORBO-BM-JHN-009-023	JOÃO	JHN	9	23	Du kodire uomage egore. O joru butu makare, tanorado ji nowu inoduji, oino.		
BOR-CORBO-BM-JHN-009-024	JOÃO	JHN	9	24	Icare emagore nowu joku bokwareu bogai kimo pugeje, egore ji: - Pao kurido. Ceerduware ro pegareuie nowu imeduce duji.		
BOR-CORBO-BM-JHN-009-025	JOÃO	JHN	9	25	Akore ei: - Iorduwakare ro pegareu rakuduie, iorduware tu jiboe reo: Ioku bokware, du karega icare iokure oino.		
BOR-CORBO-BM-JHN-009-026	JOÃO	JHN	9	26	Icare enoragodu pemegare ji pugeje; - Inoba ure turodo ai? Inoba rore tuwo aeku jado?		
BOR-CORBO-BM-JHN-009-027	JOÃO	JHN	9	27	Akore: - Ire tawie marigudu, mare takare tawiapagado iwadaruji, kodiba tagaidure tamearduwo pugeje? Iarema tagaidukana ure nowu ure jorduwadowuge ia etumedagewo tagi?		
BOR-CORBO-BM-JHN-009-028	JOÃO	JHN	9	28	Nonore icare ere tuwadaru pegareu rorido joki, egore ji: - Akire ia ure jorduwadowure aki, cegire Moisesre jorduwadowugere cegi.		
BOR-CORBO-BM-JHN-009-029	JOÃO	JHN	9	29	Ceerduware Pao makoi Moisés jituji, mare awu ceerduwakare kaibawuba ure ema.		
BOR-CORBO-BM-JHN-009-030	JOÃO	JHN	9	30	Icare cewu imedu akore: - Ie rore ta... taerduwakai kaibawuba ure ema duji. Mare du inodu tabo ure iokudo tuiado.		
BOR-CORBO-BM-JHN-009-031	JOÃO	JHN	9	31	Jamedu ceerduware Pao biapagakai ro pegareuge eiduji, mare biapagae okwamagudure puduiwugei, rore nono taidu reoreuge eiduji.		
BOR-CORBO-BM-JHN-009-032	JOÃO	JHN	9	32	Iaboe iaboe emeardukare tu iaboei ia boture tuioku bokwa tabowu joku jado duji.		
BOR-CORBO-BM-JHN-009-033	JOÃO	JHN	9	33	Pao omodukare awu imeduce ma, romodukare ia turo.		
BOR-CORBO-BM-JHN-009-034	JOÃO	JHN	9	34	Egore ji: - Awudure aro pegareu rorii aiogi du tabo, macare are ceerduwado?  Du kejere ere barigu tubiji.		
BOR-CORBO-BM-JHN-009-035	JOÃO	JHN	9	35	Jesus jorduware ei barigu duji, icare tuiordui jitu keje, unoragodure ji: - Ameartorure Imedu Onaregeduji?		
BOR-CORBO-BM-JHN-009-036	JOÃO	JHN	9	36	Akore: - Ioguduba ure ema, ikimejera, imeartoruwo ji?		
BOR-CORBO-BM-JHN-009-037	JOÃO	JHN	9	37	Jesus akore ji: - Aerdure ji, emare makore oino ai.		
BOR-CORBO-BM-JHN-009-038	JOÃO	JHN	9	38	Akore: Imeartorure, Ikimejera. Icare ure tubujodo ji, ure boe kurireudo ema.		
BOR-CORBO-BM-JHN-009-039	JOÃO	JHN	9	39	Du kodi icre Jesus akore: - Itaregodure awu moto kae iwo boe ewu tuwugeje: iwo jordukareuge eerdudo, jordureuge ewo tuioku bokwado.		
BOR-CORBO-BM-JHN-009-040	JOÃO	JHN	9	40	Ia fariseudoge eedure apodu emeardure akoinoduji, egore ji: - Cegi jamedu kana ceeku bokware?		
BOR-CORBO-BM-JHN-009-041	JOÃO	JHN	9	41	Jesus akore ei: - Taeku bokwamode ma, taro pegamodukare, macare tameardaere taerduie duji, du kodi icare taro pegareu uture todobiji.		
BOR-CORBO-BM-JHN-010-HEAD-001	JOÃO	JHN	10		Jeture ovelhadoge eiwu pemegareu. -		Cabeçalho/subtítulo editorial da fonte.
BOR-CORBO-BM-JHN-010-001	JOÃO	JHN	10	1	Boe jokodu jire inagomode oino tai: cewu ukare turemo ovelhadoge ewaiporoji eeda towu, mare ure turemo to boekare turemowo jitu keje, iwogu kigodureu nure ema, boe ewidodu epa nure ema.		
BOR-CORBO-BM-JHN-010-002	JOÃO	JHN	10	2	Mare cewu ure turemo baiporo jiwu, jeture ovelhadoge eiwu nure ema.		
BOR-CORBO-BM-JHN-010-003	JOÃO	JHN	10	3	Duwure baiporo epare baiporo jado ai, ovelhadoge emeardumode makoji, makomode etae eie tabo, umode ecedo enogwagemodewo kae.		
BOR-CORBO-BM-JHN-010-004	JOÃO	JHN	10	4	Tui ovelhadoge eiamedu boedo tuiebu du keje, kodumode etododai, nowu ovelhadoge ekodumode rekodaji, eerduware makoji kodi.		
BOR-CORBO-BM-JHN-010-005	JOÃO	JHN	10	5	Mare etumodukare ia tuiorduwakare jiboe rekodaji, mare eregodu rumode piji, eerduwakare tuiorduwakare jiwuge emagoji kodi.		
BOR-CORBO-BM-JHN-010-006	JOÃO	JHN	10	6	Jesus makore ei awu bakaruji mare ekare boe pa kaba jiba aidure tumagowo nowu tagoino du tabo.		
BOR-CORBO-BM-JHN-010-007	JOÃO	JHN	10	7	Icare Jesus makore ei pugeje, akore: - Boe jokodu jire inagomode oino tai: Imire ovelhadoge ewaiporore imi.		
BOR-CORBO-BM-JHN-010-008	JOÃO	JHN	10	8	Cewu kodure itododai boetojiwuge eiamedu boere iwogu kigodureugere emage, boe ewidodu epagere emage.		
BOR-CORBO-BM-JHN-010-009	JOÃO	JHN	10	9	Imire baiporore imi, iaboe umode turemo ii ma, umode cinorudo: umode turemo, umode tuiebu, jordumode togwagemodewoji.		
BOR-CORBO-BM-JHN-010-010	JOÃO	JHN	10	10	Iwogu kigodureuge etaregodumode ma, cioguwo du bogai, tuwo boe ewidodu bogai, tuwo boe pegadodu bogai tu je. Mare itaregodure ovelhadoge eewo du bogai, jereboe kuriwo ebo du bogai.		
BOR-CORBO-BM-JHN-010-011	JOÃO	JHN	10	11	Imire jeture ovalhadoge eiwu pemegareure imi. Jeture ovelhadoge eiwu pemegareu ure tumagu ewugeje.		
BOR-CORBO-BM-JHN-010-012	JOÃO	JHN	10	12	Mare maragodure mori bogaiwu, jeture ovelhadogei karega ure emawu, jordumode rie aregoduji ma, umode ovelhadoge epijido, rekodumode, icare nowu rie rugodumode nowu ovelhadogei, umode edo taodo.		
BOR-CORBO-BM-JHN-010-013	JOÃO	JHN	10	13	Paga karega, maragodure tu mori bogai, du kodi icare biapagakare ovelhadogei.		
BOR-CORBO-BM-JHN-010-014	JOÃO	JHN	10	14	Imire jeture ovalhadogeiwu pemegareu nure imi. Iorduware inagu ovelhadogei, inagu ovelhadoge eerduware ii jamedu.		
BOR-CORBO-BM-JHN-010-015	JOÃO	JHN	10	15	Nono Ioga jorduwa magai ii du reorere, iorduware Iogaji jamedu. Imode imagu inagu ovelhadoge ewugeje.		
BOR-CORBO-BM-JHN-010-016	JOÃO	JHN	10	16	Ia inagu ovalhadoge ere kimo jamedu, duwugere eedukare awu ovelhadoge eeda tada. Ieturumode ei jamedu, emeardumode imagoji, du kejere icere emode mitogodo tu je, jeture eiwu umode mitotu jamedu.		
BOR-CORBO-BM-JHN-010-017	JOÃO	JHN	10	17	Ioga meardu kurire ii, paga karega, imode imagu, mare iewoduwo pugeje, kodi.		
BOR-CORBO-BM-JHN-010-018	JOÃO	JHN	10	18	Iaboe iaboe umodukare itawuje, mare imode imagu itaobiji. Iroiware iwo imagu, iroiware iwo ikeragu ii pugeje. Awu iroiagudu rema, dure Iogare maku inai.		
BOR-CORBO-BM-JHN-010-019	JOÃO	JHN	10	19	Nowu inodu bataru koia judeudoge ewadaru okorireu padure boe kajeje pugeje.		
BOR-CORBO-BM-JHN-010-020	JOÃO	JHN	10	20	Ia emage makareuge egore: - Aroe pegareu metu nure tada, mako nure taora bai bai tabo. Kodiba tawiapagare bataruji?		
BOR-CORBO-BM-JHN-010-021	JOÃO	JHN	10	21	"Iage egore: - Awu bataru ukare nono Aroe pegareu meture tadawuge ewadarure. Kode Aroe pegareu umodukana ia joku bokwareu joku jado? 
Pao Aroe Eimejera Onaregedu Jesus rema."		
BOR-CORBO-BM-JHN-010-022	JOÃO	JHN	10	22	Jerusalém kejewuge enure petado ture makuboeji, biaku buture du kodiwu keje.		
BOR-CORBO-BM-JHN-010-023	JOÃO	JHN	10	23	Jesus boadu nure Pao uwai kejewu Salomão o bororo oiagi.		
BOR-CORBO-BM-JHN-010-024	JOÃO	JHN	10	24	Icare judeudoge ere taiado apo, enoragodure ji: - Jii inobadu kejeba amode cebagado? Cristo nure aki rugadu du keje, cewiedu awadudo taci je.		
BOR-CORBO-BM-JHN-010-025	JOÃO	JHN	10	25	Jesus akore ei: - Imagore tai, mare tameartorukare. Ioga ie tabowu iro jamedu boe makore itagaruji.		
BOR-CORBO-BM-JHN-010-026	JOÃO	JHN	10	26	Mare tameartorukare, paga karega, inagu ovelhadoge ia emage karega ure tagi kodi.		
BOR-CORBO-BM-JHN-010-027	JOÃO	JHN	10	27	Inagu ovelhadoge emeardure imagoji, iorduware ei, ekodure itabo.		
BOR-CORBO-BM-JHN-010-028	JOÃO	JHN	10	28	Imode jere jii jeboe maku etai, etagedumodukare tu rugadu, iaboe iaboe eiwogumodukare ei ikera piji.		
BOR-CORBO-BM-JHN-010-029	JOÃO	JHN	10	29	Ioga, koiare ure emagu inaiwu, ro rakare boe eiamedu boe ekori, iaboe iaboe emodukare etaru Ioga iera piji.		
BOR-CORBO-BM-JHN-010-030	JOÃO	JHN	10	30	Imi, Ioga, cere mito tu je.		
BOR-CORBO-BM-JHN-010-031	JOÃO	JHN	10	31	Icare judeudoge ere tugeragu toriji tuwo tori to ji pugeje.		
BOR-CORBO-BM-JHN-010-032	JOÃO	JHN	10	32	Icare Jesus akore ei: - Ire taerdudo Ioga ie tabowu iro pemegareu makareuji. Kode kakoduwu ia koiaba tare taiagu tori to ii?		
BOR-CORBO-BM-JHN-010-033	JOÃO	JHN	10	33	Judeudoge egore ji: - Ia aro pemegareu koia karega cere ceiagu tori to ai, mare awadaru pegareu koia. Paga karega, imedui aki du tabo are Aroe Eimejerado aki.		
BOR-CORBO-BM-JHN-010-034	JOÃO	JHN	10	34	Jesus akore ei pugeje: - Taroiagudu padure kejewu bapera keje atugododukare oino: “Tagire Aroe Eimejeragere tagi” (Sl 81,6), du karega?		
BOR-CORBO-BM-JHN-010-035	JOÃO	JHN	10	35	Kode, nowu taroiagudu padui bapera kejedu keje cewu Paore tuwadaru maku aiwuge eiere Aroe Eimejerage ma, (mare bapera atugo pemegareu barigududodumodukare pudui),		
BOR-CORBO-BM-JHN-010-036	JOÃO	JHN	10	36	Kodiba icare tagagore mako pegareboe iure ema cewu Paore boe pemegareudo emawu, ure utudo moto kaewuji, mare inagore Aroe Eimejera Onaregedu nure imi oino du koia?		
BOR-CORBO-BM-JHN-010-037	JOÃO	JHN	10	37	Iromodukare Ioga iroiaguduji ma, tameartorukaba ii.		
BOR-CORBO-BM-JHN-010-038	JOÃO	JHN	10	38	Mare iromode ino ma, tagaidukare tameartoruwo ii ma, tameartorudo iroino jiboeji, du kejewo taerduware, tameartorure Ioga metui itada duji, imudui Ioga tada duji jamedu.		
BOR-CORBO-BM-JHN-010-039	JOÃO	JHN	10	39	Icare ere tuiagu tugeragu ji pugeje, mare ure cinorudo ekera piji.		
BOR-CORBO-BM-JHN-010-040	JOÃO	JHN	10	40	Icare ure turawuje Jordão po okwa bakowu kae pugeje, cewu Joãore boe etao pegododu paru tugu kudawo kae, torore icare rakojere.		
BOR-CORBO-BM-JHN-010-041	JOÃO	JHN	10	41	Makareuge eture ae, egore: - Joãokare ia turo kurireu kuo rugadu.		
BOR-CORBO-BM-JHN-010-042	JOÃO	JHN	10	42	Mare João makore awu jiboe jamedu boe boe jokodu rugadu. Makareuge emeartorure ji.		
BOR-CORBO-BM-JHN-011-HEAD-001	JOÃO	JHN	11		Lázaro jewoduidu.		Cabeçalho/subtítulo editorial da fonte.
BOR-CORBO-BM-JHN-011-001	JOÃO	JHN	11	1	Lázaro kogodure Betânia keje, Maria mare tuduie Marta rakojerewo keje.		
BOR-CORBO-BM-JHN-011-002	JOÃO	JHN	11	2	Maria, koiare ure roreboe tugu Pagimejerato, ure bure kidudo taga tabo. Lázaro, kogoduredu, uwuri rema.		
BOR-CORBO-BM-JHN-011-003	JOÃO	JHN	11	3	Uwiemage areme ere boe egoiagu oino Jesusji: - Cegimejera, cewu ameardu kurire jiwu kogodure.		
BOR-CORBO-BM-JHN-011-004	JOÃO	JHN	11	4	Jesus akore awu ewadaru jipagi: - Nowu kogodae umodukare bito, mare ure turugadu Pao kuriwo du bogai. Du koiare Pao Onaregedu kuridodumode jamedu.		
BOR-CORBO-BM-JHN-011-005	JOÃO	JHN	11	5	Jesus meardu kuricigore Martaji, uwie Mariaji, Lazaroji jamedu.		
BOR-CORBO-BM-JHN-011-006	JOÃO	JHN	11	6	Mare tumeardui nowu kogoduiedu jitu inodu tabo, ure turodo toi meri pobe nono kimo.		
BOR-CORBO-BM-JHN-011-007	JOÃO	JHN	11	7	Du kejere icare makore nowu ture jorduwadowugei, akore: - Pawo pagirimi Judéia kae.		
BOR-CORBO-BM-JHN-011-008	JOÃO	JHN	11	8	Egore: - Cegimejera, maigodure judeudogere tuiagu tori to ai, macare amode akirimi toro?		
BOR-CORBO-BM-JHN-011-009	JOÃO	JHN	11	9	Jesus akore: - Meri jiwu horadoge ekare ikera pudogidure pobe taci ikera awubowuto? Merure meri jiwu romodukare cara cara tuwuduwo, paga karega, jordure meri uruguji kodi.		
BOR-CORBO-BM-JHN-011-010	JOÃO	JHN	11	10	Mare merure boeco jiwu romode cara cara je, urugure jiboe bokware kodi.		
BOR-CORBO-BM-JHN-011-011	JOÃO	JHN	11	11	Nowu tuwadaru rekodaji, ure oto tawuje pugeje, akore: - Pameduia Lázaro unudure, mare imode jetadudo.		
BOR-CORBO-BM-JHN-011-012	JOÃO	JHN	11	12	Icare nowu ure jorduwadowuge egore ji:-Cegimejera, unuduradure du keje, pemegagodumode.		
BOR-CORBO-BM-JHN-011-013	JOÃO	JHN	11	13	Mare Jesus mako nure bireduji, emagerema emeardaere boe enuduji rugadu rakuduie akoino.		
BOR-CORBO-BM-JHN-011-014	JOÃO	JHN	11	14	Kodi icare Jesusre inodu awadudo taci rugadu, akore: - Lázaro bire.		
BOR-CORBO-BM-JHN-011-015	JOÃO	JHN	11	15	Iegarere taigoia, mare paga karega, paedukare toro kodi, duma tameartoruwo. Mare paduwo bogai.		
BOR-CORBO-BM-JHN-011-016	JOÃO	JHN	11	16	Awu inodu keje, Tomé, iei Dídimo cedu, akore tumedage ei: - Pagoduwo jamedu, pawiwo apo.		
BOR-CORBO-BM-JHN-011-017	JOÃO	JHN	11	17	Mare Jesus aregodu keje, merire pobe puibiji Lázaro metui moto tadadu keje.		
BOR-CORBO-BM-JHN-011-018	JOÃO	JHN	11	18	Betânia padure puredu tu Jerusalemji.		
BOR-CORBO-BM-JHN-011-019	JOÃO	JHN	11	19	Du kodire makareu judeudoge eture Marta ae, Maria ae, tuwo boe motududo ei etuwuri bokwareduji.		
BOR-CORBO-BM-JHN-011-020	JOÃO	JHN	11	20	Kuri tumeardui Jesus aregodumode duji du keje, Marta riture togi, Maria rugadure mugure tuwai tada.		
BOR-CORBO-BM-JHN-011-021	JOÃO	JHN	11	21	Icare Marta akore Jesusji: - Ikimejera, aragojemode woe ma, iwuri bokwamodukare kodi karega.		
BOR-CORBO-BM-JHN-011-022	JOÃO	JHN	11	22	Mare iorduware akogwamagudumode Paoji bogaiboe jamedu boe, Pao umode jamedu boe maku akai.		
BOR-CORBO-BM-JHN-011-023	JOÃO	JHN	11	23	Icare Jesus akore ji: - Awuri jewodumode.		
BOR-CORBO-BM-JHN-011-024	JOÃO	JHN	11	24	Marta akore: - Iorduware jewodumoduie boe eewodumode boigoduwu meri jituji.		
BOR-CORBO-BM-JHN-011-025	JOÃO	JHN	11	25	Jesus akore ji: - Imire jewodureboe, jereboere imi. Cewu meartorure iiwu, bimode, mare du inodu tabo jemode.		
BOR-CORBO-BM-JHN-011-026	JOÃO	JHN	11	26	Cewu jere itadawuge, cewu meartorure iiwuge eiamedu boe ewimodukare jii je. Ameartorure nowu inoduji?		
BOR-CORBO-BM-JHN-011-027	JOÃO	JHN	11	27	Akore: - U! Imeartorure akie Cristore aki duji. Pao Onaregeduie aki duji, cewu aregodumode moto kaewuie ure aki duji.		
BOR-CORBO-BM-JHN-011-028	JOÃO	JHN	11	28	Awu tuwadaru akedu keje, rekodure tuwie bogai, makore ji tumago podu tabo: - Pagimejera rakojere nono, makore awogai.		
BOR-CORBO-BM-JHN-011-029	JOÃO	JHN	11	29	Tumeardui kuri je du keje, ure turagojedo, riture togi. 30(Mare paga karega, Jesus aregodukare roga nowu babuturoguto, mare rakoje kimore cewu Marta jordure puduiwo keje).		
BOR-CORBO-BM-JHN-011-031	JOÃO	JHN	11	31	Jeture Maria uwai kejewu judeudoge, eridure aedu tuwo boe motududo jitu bogai, tuiordui ui turagojedo taci ake tabo, ui tuiebu du keje, ekodure rekodaji, tumeardae tabo utuie ure tuwuri meturewo kae ma, toraguduwo nono du bogai rakuduie roinoduji.		
BOR-CORBO-BM-JHN-011-032	JOÃO	JHN	11	32	Maria rema, turegodui Jesus rakojerewo kae du keje, tuiordui jitu keje, ure tubujodo jice bure paru, akore ji: - Ikimejera, aragojemode woe ma, iwuri bokwamodukare, kodi karega.		
BOR-CORBO-BM-JHN-011-033	JOÃO	JHN	11	33	Icare Jesus tuiordui oragudui oino du keje, nowu kodure apowu judeudoge etoragudui jamedu du keje, kiarigodu kuricigore tudaroe tada, tugiarigodu kuricigo koia.		
BOR-CORBO-BM-JHN-011-034	JOÃO	JHN	11	34	Icare akore: - Kaiba tare bu?  Egore:- Cegimejera, mato, aerduwo.		
BOR-CORBO-BM-JHN-011-035	JOÃO	JHN	11	35	Icare Jesus oragudure.		
BOR-CORBO-BM-JHN-011-036	JOÃO	JHN	11	36	Du kodire icare judeudoge egore: - Tagaiwodo inoba meardu kuricigore jituji.		
BOR-CORBO-BM-JHN-011-037	JOÃO	JHN	11	37	Mare ia emage egore: - Kode, ure joku bokwareu jokudo tuiado, kode, kodiba roiwamodukare tuwo awu bi kado?		
BOR-CORBO-BM-JHN-011-038	JOÃO	JHN	11	38	Tugiarigodu kuricigo tabo pugeje, Jesus uture nowu meturewo kae. Ia tori padui je kejedu tadare meture.		
BOR-CORBO-BM-JHN-011-039	JOÃO	JHN	11	39	Icare Jesus akore boei: - Tori roto oino. Icare Marta, nowu bireu uwie, akore ji: - Ikimejera, jerimaga pega remawu nure, merire pobe puibiji metui woe du keje.		
BOR-CORBO-BM-JHN-011-040	JOÃO	JHN	11	40	"Mare Jesus akore ji: -
Kode imagokare ai: Ameartorumode du keje, aerdumode Pao Aroe Eimejera o boe kurireuji?  Du kejere icare ere nowu tori roto oino."		
BOR-CORBO-BM-JHN-011-041	JOÃO	JHN	11	41	Icare Jesus, tui tuioku awogado baruto du keje, akore: - Ioga, iegare kuricigore ai, ameardure iwadaruji kodi.		
BOR-CORBO-BM-JHN-011-042	JOÃO	JHN	11	42	Iorduware boe jamedu jie ameardure iwadaru jituji, mare imagore awu boe etoiai woe du koia, duma emeartoruwo aigoiaie are irojaiduji.		
BOR-CORBO-BM-JHN-011-043	JOÃO	JHN	11	43	Nowu tuwadaru rekodaji, ure tumago rakado, akore: - Lázaro, aebu mato.		
BOR-CORBO-BM-JHN-011-044	JOÃO	JHN	11	44	"Boekarema, nowu bireu ure tuiebu aroia opoi tuwure, tugera tabo kimo du tabo. Du kodi icare Jesus akore: - Nowu aroia kiwuje piji, merudo.
Judeudoge etaidure tuwo Jesus bito."		
BOR-CORBO-BM-JHN-011-045	JOÃO	JHN	11	45	Cewu uture Maria aewu judeudoge, duwugere eerdure Jesus roji, ia emage emeartorure ji.		
BOR-CORBO-BM-JHN-011-046	JOÃO	JHN	11	46	Mare iage eture fariseudoge etae, ereadodure ewiegai Jesus ro boeji.		
BOR-CORBO-BM-JHN-011-047	JOÃO	JHN	11	47	Icare sacerdotedoge eimejerage mare fariseudoge ere boe eimejerage eiagu tudo pui, egore: - Inoba paromode? Awu imedu unure turo kurireu todudo gu gu je.		
BOR-CORBO-BM-JHN-011-048	JOÃO	JHN	11	48	Pamode roto oino rugadu ma, boe eiamedu boe emeartorumode ji, du keje icare Roma bakurireu kejewuge etaregodumode ma, emode pago bakurireu, pago moto jamedu boe pegado.		
BOR-CORBO-BM-JHN-011-049	JOÃO	JHN	11	49	Mare ia etumeduia iei Caifas cedu, sacerdotedoge eiemejera kurireui ema du tabo nowu joru jitu, akore: - Takare boe pa iaboeji iaboeji.		
BOR-CORBO-BM-JHN-011-050	JOÃO	JHN	11	50	Taerduwakare ema remawuie tagai, ia imedu bitoduwo mito, boe eiamedu boe etai, duma boe eiamedu bitodu kawo?		
BOR-CORBO-BM-JHN-011-051	JOÃO	JHN	11	51	Mare taobiji karega akoino, mare sacerdotedoge eimejera kurireu ema nowu joruji, du koiare ure Jesus bitodumoduie boe eiamedu boe etaidu awadudo.		
BOR-CORBO-BM-JHN-011-052	JOÃO	JHN	11	52	Mare nowu moto kejewuge eiamedu ai mito tu je karega, mare ure taodo jice woje jice wojewu Pao ore eiamedu boe etoduwo pui du bogaire akoino.		
BOR-CORBO-BM-JHN-011-053	JOÃO	JHN	11	53	Du kodi icare, nowu du kodiwu piji, eemarure tuwo bito.		
BOR-CORBO-BM-JHN-011-054	JOÃO	JHN	11	54	Nowu inodu koiare Jesus meru awadukare judeudoge ekao pugeje. Ure tudawuje taci ia boe eeda iei Efrém cedu, padu puredui tu boe eedukare kejewu moto jitu kae. Nonore icare rakoje raire nowu ture jorduwadowuge ebo.		
BOR-CORBO-BM-JHN-011-055	JOÃO	JHN	11	55	Judeudoge eno Páscoa puredugodu nure. Makareu boe erudure Jerusalém kae, Páscoa otodai, tuwo tubemegado.		
BOR-CORBO-BM-JHN-011-056	JOÃO	JHN	11	56	Eemaru nure Jesus bogai. Tuiedui Pao uwai tada du tabore egore pui: - Inoba tameardaere, kodiba aregodukare peta kae?		
BOR-CORBO-BM-JHN-011-057	JOÃO	JHN	11	57	Mare sacerdotedoge eiemejerage, fariseudoge ere jordumode jiwuge eiamedu boe ereadoduiagu rakojerewoji, tuwo tugeragu ji.		
BOR-CORBO-BM-JHN-012-HEAD-001	JOÃO	JHN	12		Betânia kejewu boe enogwage.		Cabeçalho/subtítulo editorial da fonte.
BOR-CORBO-BM-JHN-012-001	JOÃO	JHN	12	1	Meri ikera awubodure mito taci ikera awubowuto Páscoa otodai du kejere, Jesus uture Betânia kae, cewu ture jewodudowu iei Lázaro cedu kae.		
BOR-CORBO-BM-JHN-012-002	JOÃO	JHN	12	2	Nono ere ia boe enogwage towuje tui Jesus kurido du bogai. Marta unure boe eke maku boe etai, Lázaro okwagere nono nowu ira keje jamedu.		
BOR-CORBO-BM-JHN-012-003	JOÃO	JHN	12	3	Icare Mariare tugeragu ia roreboe kaguru jaji, ia okureboe ro rakaguragareu metui tadadu, ure maedo Jesus bure joki, du ure kidudo taga tabo. Nowu bai okorobadure nowu roreboe ro tabo.		
BOR-CORBO-BM-JHN-012-004	JOÃO	JHN	12	4	Macare Judas Iscariote, nowu ure jorduwadowuge ia mito tu jedu, cewu umode makuwu, akore: -		
BOR-CORBO-BM-JHN-012-005	JOÃO	JHN	12	5	Kodiba tagare akirodo nowu roreboe tabo diieromode 300 ce duji, tuwo maku marenarue etai?		
BOR-CORBO-BM-JHN-012-006	JOÃO	JHN	12	6	Akore oino, mare tuwiapagai marenarue eidu koia karega, mare tugiwogu kigodu koia. Apore diiero ja mugure, iwogu kigodure nowu boere tugu nonowu boeji, du koiare akoino.		
BOR-CORBO-BM-JHN-012-007	JOÃO	JHN	12	7	Icare Jesus akore: - Tagagokaba oino ji. Ure awu roreboe jetu otorogado imedumode moto tadadu paru kae.		
BOR-CORBO-BM-JHN-012-008	JOÃO	JHN	12	8	Marenarue emode tagabo jii je, mare imi, imodukare jii tagabo.		
BOR-CORBO-BM-JHN-012-009	JOÃO	JHN	12	9	Ia judeudoge makareuge eerduware Jesus rakojei torodu, etaregodure, mare tuiorduwo Jesusji tu je du bogai karega, mare tuiorduwo nowu Lazaroji, du bogaire eroino jamedu.		
BOR-CORBO-BM-JHN-012-010	JOÃO	JHN	12	10	Mare sacerdotedoge eimejerage ere tumeardae bu tugajeje tuwo Lázaro bito jamedu.		
BOR-CORBO-BM-JHN-012-011	JOÃO	JHN	12	11	"Paga karega, makareu judeudoge ere turodo oino epiji, tumeartorui Jesus jitu koia.
Jesus ui turemo Jerusalém todu."		
BOR-CORBO-BM-JHN-012-012	JOÃO	JHN	12	12	Nowu meri rekodajiwu meriji ia boe makareuge etaregodure Jerusalém kae peta kaedu, emeardure Jesuie ure tuburedo duji.		
BOR-CORBO-BM-JHN-012-013	JOÃO	JHN	12	13	Icare eridure togi kodoro tabo, toiogwari kuricigo tabo, egore: - Akaru pemegareu aregodui Pagimejera ie tabodu, Israeldoge eimejera aregodu.		
BOR-CORBO-BM-JHN-012-014	JOÃO	JHN	12	14	Jesus tuiordui ia jumento rogu jitu keje, ure tumugudo keje, uwo nono bakaru padui bapera kejedu reore:		
BOR-CORBO-BM-JHN-012-015	JOÃO	JHN	12	15	"""Apagudu kaba Sion bakurireu kejewu aredu. Ica, akimejera aregodu tumugui ia jumenta naregedu keje du tabo” (Zac 9,9)."		
BOR-CORBO-BM-JHN-012-016	JOÃO	JHN	12	16	Nowu ure jorduwadowuge ekare boe pawuje nowu inoduji boe paruji, mare Jesus kuridodu kejere icare ewiabuture oinoie bapera atugore, oinoie boe erore jituji.		
BOR-CORBO-BM-JHN-012-017	JOÃO	JHN	12	17	Cewu boe makareuge eedui apo cewu makoi Lázaro bogai meturewoto, ure jewodudo eegaiwuge ere iogwarido ji tuiegare tabo.		
BOR-CORBO-BM-JHN-012-018	JOÃO	JHN	12	18	Du kodire boe eridure togi, mare paga karega, emeardure Jesus ui cewu turo kurireu kuo du kodi.		
BOR-CORBO-BM-JHN-012-019	JOÃO	JHN	12	19	Mare fariseudoge egore oino pui: -Tagaiwodo, paroiwa bokwa radure. Boe eiamedu boe eregodu nure rekodaji.		
BOR-CORBO-BM-JHN-012-020	JOÃO	JHN	12	20	Ia gregodoge emugure nowu ruture tumagowo baruto peta kejewuge etada.		
BOR-CORBO-BM-JHN-012-021	JOÃO	JHN	12	21	Duwuge ere tuburedo Filipeji (cewu Galiléia tadawu Betsaida kejewu), enogwamagudure ji, egore: - Cegimejera, cedagemo nure ceerduwo Jesusji.		
BOR-CORBO-BM-JHN-012-022	JOÃO	JHN	12	22	Icare Filipe kodure André ae, ure bie. Icare Filipe mare André, ere Pagimejera bie.		
BOR-CORBO-BM-JHN-012-023	JOÃO	JHN	12	23	Jesus akore ei: - Icare boe aregodure pudae Imedu Onaregedu kuridodumodedu kae.		
BOR-CORBO-BM-JHN-012-024	JOÃO	JHN	12	24	Boe jokodu jire inagomode oino tai: ia trigo a butui moto todu, mare bimodukare du keje, umode mitotu nono rugadu, mare bimode du keje, a makaguragamode.		
BOR-CORBO-BM-JHN-012-025	JOÃO	JHN	12	25	Cewu meardu kurire puduiwu, umode tuwarigu boeto, mare cewu kodu kagirire puduiwu, ikaruru nure pudui jere jii jeboe kae.		
BOR-CORBO-BM-JHN-012-026	JOÃO	JHN	12	26	Iaboe eromode nono itaidu reore du keje, ekodumode iregodaji. Cewu iragojemodewo keje, itugare rakojemode nono jamedu. Iaboe itugaremode ma, Ioga umode kuridodudo.		
BOR-CORBO-BM-JHN-012-027	JOÃO	JHN	12	27	Oino, itaroe kiarigodu nure. Inoba inagomode? Ioga, ikinorudo awu du kodiboe piji. Mare awu inodu koia rugadure itaregodure tu oino.		
BOR-CORBO-BM-JHN-012-028	JOÃO	JHN	12	28	Ioga, akie kurido. Nowu inodu keje kuri je, ia boe emago aregodure baru piji, akore: - Ire kurido marigudu, imode kurido pugeje.		
BOR-CORBO-BM-JHN-012-029	JOÃO	JHN	12	29	Aró, kode, nowu boe makareuge eedure nonodu, tumeardui nowu inodu jitu keje, egore boiarurugoduie. Iage egore: - Ia tupare akoino ji.		
BOR-CORBO-BM-JHN-012-030	JOÃO	JHN	12	30	Icare Jesus akore: - Awu makore oinoboe igoia karega akoino, mare taigoia.		
BOR-CORBO-BM-JHN-012-031	JOÃO	JHN	12	31	Ure tugogado awu moto jiboe aregodure; icare awu moto ukimejera barigudumode.		
BOR-CORBO-BM-JHN-012-032	JOÃO	JHN	12	32	Mare icai itaogado moto piji du keje, imode imugudo ime eiamedu boe keje itae.		
BOR-CORBO-BM-JHN-012-033	JOÃO	JHN	12	33	Akore oino, mare tuwo boe eerduwado inoba tuwimode du jire akoino.		
BOR-CORBO-BM-JHN-012-034	JOÃO	JHN	12	34	Icare egore: - Cemeardure Pao o bakaru akoi Cristo jemode jii je duji. Kodiba icare akore: Ure turugadu Imedu Onaregeduwo taogado? Kakoduwuba nowu Imedu Onaregedu rema?		
BOR-CORBO-BM-JHN-012-035	JOÃO	JHN	12	35	Jesus akore: - Urugureboe mugumode tagabo kimo biega tu je. Tamerudo urugu kimodu otoi, boeco ukawo taroiwa bokwado. Cewu merure boeco kaowu jordukare kaiba tugodumode.		
BOR-CORBO-BM-JHN-012-036	JOÃO	JHN	12	36	"Urugureboei tagabo kimodu otoi, tameartorudo ji, duma urugureboe orewo tagi. Awu tuwadaru rekodaji, Jesus ure tudawuje nowu piji, ure tuwiado epiji.
Judeudoge emeartorukare."		
BOR-CORBO-BM-JHN-012-037	JOÃO	JHN	12	37	Ure turo kurireu kuo du makado, mare du inodu tabo emeartorukare ji.		
BOR-CORBO-BM-JHN-012-038	JOÃO	JHN	12	38	Oinore nowu inodu jia profeta Isaias akore: - Cegimejera, ioguduba meartorure cereadodure jiboeji? Ioguduba biegaiba Pagimejera ro rakareu kogadodure?		
BOR-CORBO-BM-JHN-012-039	JOÃO	JHN	12	39	Mare eroiwakare tumeartoruwo, paga karega, ia du kodi, profeta Isaias akore pugeje:		
BOR-CORBO-BM-JHN-012-040	JOÃO	JHN	12	40	"""Ure eeku mi, ure ewabo rakado, duma eerdukawo tuioku tabo, eerduwa kawo tuwabo tada, ekawo tubemegado, ikawo epemegado” (Is 6,9s)."		
BOR-CORBO-BM-JHN-012-041	JOÃO	JHN	12	41	Oinore Isaias akore tuiordui o boe pemegareu kurireu jitu keje.		
BOR-CORBO-BM-JHN-012-042	JOÃO	JHN	12	42	Mare ia judeudoge eiemejerage makareuge emeartorure ji, mare fariseudoge eigoia ekare towadudo, duma tuwarigudu kawo sinagoga piji.		
BOR-CORBO-BM-JHN-012-043	JOÃO	JHN	12	43	Paga karega, etaidure boewo tugurido duji, mare tuguridodu aregodui baru piji duji karega.		
BOR-CORBO-BM-JHN-012-044	JOÃO	JHN	12	44	Du kodi icare Jesus ure tumago rakado, akore: - Cewu meartorure iiwu, ii karega meartorure, mare ure irojaiwu jire meartorure.		
BOR-CORBO-BM-JHN-012-045	JOÃO	JHN	12	45	Jordure iiwu, ure irojaiwu jire jordure.		
BOR-CORBO-BM-JHN-012-046	JOÃO	JHN	12	46	Itaregodure nono urugureboe aregodui moto kaedu reore, nowu inodu tabo, cewu meartorure iiwu rakojemodukare boecoreu tada.		
BOR-CORBO-BM-JHN-012-047	JOÃO	JHN	12	47	Iaboe emeardumode iwadaruji, mare eromodukare nono iwadaru reore ma, imodukare ikogado ji, paga karega, itaregodure moto kae, mare iwo ikogado boei du bogai karega, mare iwo boe einorudodu bogaire itaregodure.		
BOR-CORBO-BM-JHN-012-048	JOÃO	JHN	12	48	Cewu ure iwarigududowu, ukare tugeragu iwadaru jiwu, iaboe emode tugogado ji: Ire awadudowu iwadaru umode tugogado ji boigoduwu meriji.		
BOR-CORBO-BM-JHN-012-049	JOÃO	JHN	12	49	Paga karega, itaobiji karega inagoino, mare ure irojaiwu Ioga, ure inagomodedudo, ure imode boe eerduwadodudo jamedu.		
BOR-CORBO-BM-JHN-012-050	JOÃO	JHN	12	50	Iorduware: ure boe eroiagudu boe ewi bokwareu rema. Kode, Iogare inagoiagu jiboe, jire inagoino.		
BOR-CORBO-BM-JHN-013-HEAD-001	JOÃO	JHN	13		Jesus ure ture jorduwadowuge ewure kabi.		Cabeçalho/subtítulo editorial da fonte.
BOR-CORBO-BM-JHN-013-001	JOÃO	JHN	13	1	Páscoa jiwu petamodedu otodai, Jesus tuiorduai icai boe aregodui pudae, icai tudumode Tuo ae awu moto piji duji, meardu kurire awu moto kejewu tuwobei, meardu kurire jii ei rugadu.		
BOR-CORBO-BM-JHN-013-002	JOÃO	JHN	13	2	Enogwagei ira keje du tonaji, Aroe pegareuma urade Judas, cewu Simão Iscariote onaregedu, meardae pegareu barigu uwaboto, uwo Jesus maku onare jiwuge etai.		
BOR-CORBO-BM-JHN-013-003	JOÃO	JHN	13	3	Icare Jesus, tuiorduwai Tuoie boe jamedu boe bu tugera keje, Pao pijie taregodure, du tumoduie tugirimi Pao ae pugeje,		
BOR-CORBO-BM-JHN-013-004	JOÃO	JHN	13	4	Ure turagojedo taci ira piji, ure tugudae aroia boareu tawuje, icare tui tugeragu ia aroia koboji, ure kogudo tu tubeagajeje.		
BOR-CORBO-BM-JHN-013-005	JOÃO	JHN	13	5	Icare ure pobo tugu ia ruwoboto, icare ure nowu ture jorduwadowuge ewure kabi, ure ewure kidudo nowu ture kogudo tubeagajejewu aroia tabo.		
BOR-CORBO-BM-JHN-013-006	JOÃO	JHN	13	6	Aregodure tu Simão Pedro ae, mare Pedro akore ji: - Ikimejera, arumode iwure kabi?		
BOR-CORBO-BM-JHN-013-007	JOÃO	JHN	13	7	Jesus akore ji: - Awu irore oino jiboe amodukare pawuje roga, mare dukeje kuri je, amode pawuje.		
BOR-CORBO-BM-JHN-013-008	JOÃO	JHN	13	8	Pedro akore ji: Amodukare iwure kabi rugadu. Icare Jesus akore ji: - Imodukare akabi ma, aragojemodukare itabo		
BOR-CORBO-BM-JHN-013-009	JOÃO	JHN	13	9	Kodi icare Simão Pedro akore: - Ikimejera, kode, iwure tu rugadu karega, ikera jamedu, itaora jamedu, amode kabi.		
BOR-CORBO-BM-JHN-013-010	JOÃO	JHN	13	10	Jesus akore ji: -Cewu ure taimo mariguduu biapagamodukare tuwo tugabi du bogai pugeje; ema jamedu boe kabidure kodi. Aró, kode, tagi tagabidure, mare taiamedu karega.		
BOR-CORBO-BM-JHN-013-011	JOÃO	JHN	13	11	Jorduware ioguduba umode tumagu tujebage etai duji, du kodire akoino: - Taiamedu karega kabidure.		
BOR-CORBO-BM-JHN-013-012	JOÃO	JHN	13	12	Tui ewure kabidu akedu keje, ure tugeragu tugudaeji, ure tugu tu pudui pugeje, icare ure tumugudo tu ira keje. Du kejere icare makore ture jorduwadowugei, akore: -Taerdure iroino jiboeji?		
BOR-CORBO-BM-JHN-013-013	JOÃO	JHN	13	13	Tagagore ure taerduwadowuie ure imi, tagagore tagimejeraie ure imi. Tagagoi oinodu pemegare, cewu imi rugadu kodi.		
BOR-CORBO-BM-JHN-013-014	JOÃO	JHN	13	14	Kodi icare imire tagimejerare imi, ure taerduwadowure imi, mare du inodu tabo ire tawure kabi. Kode ica, tamode pu bure kabi jamedu.		
BOR-CORBO-BM-JHN-013-015	JOÃO	JHN	13	15	Taerdu nure iroi oinoduji, du reorere taromode pui jamedu.		
BOR-CORBO-BM-JHN-013-016	JOÃO	JHN	13	16	Boe jokodu jire inagomode oino tai: Boe etugare emawu kurikare tugimejera kori;  jamedu cewu rojaidodureu kodukare cewu ure rojaiwu kori.		
BOR-CORBO-BM-JHN-013-017	JOÃO	JHN	13	17	Tamode awu inodu boe pawuje ma, boe pemegareu jetumode tagabo, mare tamode inodu towuje du keje.		
BOR-CORBO-BM-JHN-013-018	JOÃO	JHN	13	18	Taiamedu boeji karega inagoino. Iorduware cewu ire tawuje tumedage epijigugei. Mare umode turugadu boewo nono bapera atugo reore: -“Cewu ure amireu kowuje itabowu unure tuwureadu awagado ii” (Sl 40,10).		
BOR-CORBO-BM-JHN-013-019	JOÃO	JHN	13	19	Imago nure awu inoduji oino, nowu inodu umode tudo du otodai, duma umode tudowuje ma tameartoruwo, taerduwawo ioguduba ure imi duji.		
BOR-CORBO-BM-JHN-013-020	JOÃO	JHN	13	20	Boe jokodu jire inagomode oino tai: - Ure tugeragu cewu ure irojaiwu jiwu, ii rugadure ure tugeragu, cewu ure tugeragu iiwu, ure irojaiwu jiwu jire ure tugeragu jamedu.		
BOR-CORBO-BM-JHN-013-021	JOÃO	JHN	13	21	Tagoi oinodu rekodaji, Jesus utaroe kiarigodu kuricigore, du tabore akore: - Boe jokodu jire inagomode oino tai: Ia tagi tamode imagu icebage etai.		
BOR-CORBO-BM-JHN-013-022	JOÃO	JHN	13	22	Nowu ure jorduwadowuge etaiwore jice woje pui, eerduwakare kakoduwu ia puduiba akomode inoduji.		
BOR-CORBO-BM-JHN-013-023	JOÃO	JHN	13	23	Nowu ure jorduwadowuge ia mito tu jedu, Jesus meardu kuricigore jiwu, mugure ira keje mekiwu, ure taora bu Jesus mo keje.		
BOR-CORBO-BM-JHN-013-024	JOÃO	JHN	13	24	Simão Pedro ure tuiebirigido ji tunora tabo ji: - Ioguduba jiba akoino?		
BOR-CORBO-BM-JHN-013-025	JOÃO	JHN	13	25	Nowu mitodu, taora padui Jesus mo keje du tabore, unoragodure ji: - Cegimejera, ioguduba?		
BOR-CORBO-BM-JHN-013-026	JOÃO	JHN	13	26	Jesus akore: - Cewu imode amireu pegodu du imode maku aiwu. Du keje icare ure amireu pegodo, ure maku Simão Iscariote onaregedu Judas ai.		
BOR-CORBO-BM-JHN-013-027	JOÃO	JHN	13	27	Ui nowu amireu remo du keje kuri je, Aroe pegareure taredo to. Kodi icare Jesus akore ji: - Amode towujeboe todu marigudo ii.		
BOR-CORBO-BM-JHN-013-028	JOÃO	JHN	13	28	Mare nowu jeture ira kejewuge, ia emage ia emage eerduwakare kodiba akoino ji.		
BOR-CORBO-BM-JHN-013-029	JOÃO	JHN	13	29	Paga karega, Judas apore akirododu epa ja mugure, du koiare ia emage emeardaere akoe oino ji: - Akirodo ia okwamode pagai peta epa boeji. Iarema, ia maku marenarue etai.		
BOR-CORBO-BM-JHN-013-030	JOÃO	JHN	13	30	Tui cewu amireu kobo ko du rekodaji, ure akedo pudui tuwo tuiebu. Boekarema, boecoradure marigudu.		
BOR-CORBO-BM-JHN-013-031	JOÃO	JHN	13	31	Judas ui tuiebu du keje, Jesus akore: - Oinore icare Imedu Onaregedu kuridodure, Paore tugurireu towuje tada.		
BOR-CORBO-BM-JHN-013-032	JOÃO	JHN	13	32	Kode Paore tugurireu towuje tada du keje, Pao umode kurireudo ema tudada, umode kurireudo ema kuri je.		
BOR-CORBO-BM-JHN-013-033	JOÃO	JHN	13	33	Itore kugure, biegatu kimo iragojei oino tagabo. Taemarumode iwogai, mare imago magai judeudoge eidu reorere, inagomode oino tai jamedu: Taroiwamodukare tagoduwo ikodumodewo kae.		
BOR-CORBO-BM-JHN-001-HEAD-001	JOÃO	JHN	1		Boe eroiagudu maiwu.		Cabeçalho/subtítulo editorial da fonte.
BOR-CORBO-BM-JHN-001-034	JOÃO	JHN	1	34	Iwo boe eroiagudu maiwu maku tagai. Tameardu kurido tu pui. Oino imeardu kuri magai tai du reorere tameardu kurimode pui jamedu.		
BOR-CORBO-BM-JHN-001-035	JOÃO	JHN	1	35	Tameardu kurimode pui ma, boe eerduwamode inoge ire jorduwadowugeie ure tagiduji.		
BOR-CORBO-BM-JHN-001-036	JOÃO	JHN	1	36	Icare Simão Pedro unoragodure ji: - Cegimejera, kaiba akodumode?  Jesus akore ji: - Ikodumodewo kae, akodumodukare oino roga, mare ia boi pugejere akodumode itabo.		
BOR-CORBO-BM-JHN-001-037	JOÃO	JHN	1	37	Pedro unoragodure ji pugeje: - Cegimejera, kodiba ikodumodukare akabo oino? Imode imagu awugeje.		
BOR-CORBO-BM-JHN-001-038	JOÃO	JHN	1	38	Icare Jesus akore ji: - Amode amagu iwugeje? Boe jokodu jire inagomode oino ai: Kogariga akogodumodedu otodai, amode aerduwa bokwado ii pobe ma jewu metuia bokware.		
BOR-CORBO-BM-JHN-014-HEAD-001	JOÃO	JHN	14		Boe etawara Pao ai dure Jesus rema. -		Cabeçalho/subtítulo editorial da fonte.
BOR-CORBO-BM-JHN-014-001	JOÃO	JHN	14	1	Tawabo pagudugodu kaba. Tameartorure Paoji, kode tameartorudo ii jamedu.		
BOR-CORBO-BM-JHN-014-002	JOÃO	JHN	14	2	Boe eeda makaguragare Ioga uwai tada; umodukare ino ma, imagomode tai marigudu. Ica, itumode toro iwo taeda pemegado.		
BOR-CORBO-BM-JHN-014-003	JOÃO	JHN	14	3	Itumode toro, imode taeda pemegado du keje, imode ikirimi, imode ikeragu tai itabo, duma, taeduwo iragojemodewo keje.		
BOR-CORBO-BM-JHN-014-004	JOÃO	JHN	14	4	Taerduware kakoduwu awaraba umode boe arego ikodumodewo kaeduji.		
BOR-CORBO-BM-JHN-014-005	JOÃO	JHN	14	5	Icare Tomé akore ji: - Cegimejera, ceerduwakare kaiba akodumode duji. Kode, inobadu taboba ceerduwamode nowu awaraji?		
BOR-CORBO-BM-JHN-014-006	JOÃO	JHN	14	6	Icare Jesus akore ji: - Imire Awarare imi, Boe Rikireu nure mi, ure boe eedowu nure imi, iaboe iaboe etaregodumodukare Ioga ae ipiji du keje.		
BOR-CORBO-BM-JHN-014-007	JOÃO	JHN	14	7	Taerduwamode ii ma, taerduwamode Iogaji jamedu. Oino taerduware ji, paga karega, taerdure ji marigudu kodi.		
BOR-CORBO-BM-JHN-014-008	JOÃO	JHN	14	8	Filipe akore: - Cegimejera, ceerduwado Paoji. Nowu inodu umode turugadu cei.		
BOR-CORBO-BM-JHN-014-009	JOÃO	JHN	14	9	Jesus akore: - Mariigudu iragojere tagabo, macare aerduwakare ii, Felipe? Cewu jordure iiwu, jordure Iogaji jamedu. Kodiba icare akagore oinono: Ceerduwado Paoji, oino?		
BOR-CORBO-BM-JHN-014-010	JOÃO	JHN	14	10	Ameartorukare imedui Ioga tada duji, Ioga metui itoda duji? Imagore ji taiboe, itaobiji karega inagoino, mare Iogare, meture itadadu, ure turore jiboe boe towuje.		
BOR-CORBO-BM-JHN-014-011	JOÃO	JHN	14	11	Tameartorudo ii. Imedure Ioga tada, Ioga meture itada. Tameartorudo awu inodu boeji, awu roboe koia.		
BOR-CORBO-BM-JHN-014-012	JOÃO	JHN	14	12	Boe jokodu jire inagomode oino tai: cewu meartorure iiwu, romode nono irore jiboeji, mare ro kodumode awu iroino jiboe kori. Mare paga karega, itumode Ioga ae kodi.		
BOR-CORBO-BM-JHN-014-013	JOÃO	JHN	14	13	Ica, tagogwamagudumode Paoji ikie tabo bogaiboe jamedu boe, iromode ino tagai, duma Uo kuridoduwo tonaregedu tada.		
BOR-CORBO-BM-JHN-014-014	JOÃO	JHN	14	14	"Tagogwamagudumode ii, ikie taboboe jamedu boe, iromode ino tagai.
Jesus akore tumoduie Aroe Pemegareu arego."		
BOR-CORBO-BM-JHN-014-015	JOÃO	JHN	14	15	Tameardu kurimode ii ma, taromode nono ii taroiagudu reore.		
BOR-CORBO-BM-JHN-014-016	JOÃO	JHN	14	16	Icare inogwamagudumode Paoji, du umode ia Tagimejera Pemegareu maku tagai muguwo tagabo boe jameduji jii je.		
BOR-CORBO-BM-JHN-014-017	JOÃO	JHN	14	17	Duwure boe jokoduwu remawu Aroe rema, duwure awu moto umodukare tugeragu ji, paga karega, roiwakare tuiorduwo ji kodi. Tagirema, taerduware ji, paga karega, rakojemode tagabo, metumode tadoda du kodi.		
BOR-CORBO-BM-JHN-014-018	JOÃO	JHN	14	18	Imodukare marenarudo tagi ii ikera ra tabiji du tabo. Imode ikirimi tawogai pugeje.		
BOR-CORBO-BM-JHN-014-019	JOÃO	JHN	14	19	Biegatu kimo, awu moto jordumodukare ii. Mare tagirema, taerdumode ii pugeje, iere kodi, tagi jamedu taemode jamedu kodi.		
BOR-CORBO-BM-JHN-014-020	JOÃO	JHN	14	20	Nowu meriji taerduwamode iragojei Ioga tada duji, taedui itada duji, imedui tadoda duji jamedu.		
BOR-CORBO-BM-JHN-014-021	JOÃO	JHN	14	21	Cewu jedure ino boe eroiagudu jiwu, romode ino ma, nowure meardu kurire ii. Cewu meardu kurire iiwu, Ioga meardu kurimode ji jamedu, imeardu kurimode ji, imode itowadudo jekai.		
BOR-CORBO-BM-JHN-014-022	JOÃO	JHN	14	22	Icare Judas unoragodure ji, mare cewu Iscariote karega, akore: - Cegimejera, kodiba amode akowadudo ceegai, mare amodukare akowadudo awu moto jekai?		
BOR-CORBO-BM-JHN-014-023	JOÃO	JHN	14	23	Jesus akore ji: - Cewu meardu kurire iiwu, remode nono ii boe eroiagudu reore, du kejere icare Ioga meardu kurimode ji jamedu, du kejere cedumode mato ae, icare cemode ceeda bu tada.		
BOR-CORBO-BM-JHN-014-024	JOÃO	JHN	14	24	Cewu meardu kurikare iiwu, romodukare nono ii boe eroiagudu reore. Tameardure jiwu iwadaruji, mare iwadaru karega, mare ure irojaiwu Ioga bataru.		
BOR-CORBO-BM-JHN-014-025	JOÃO	JHN	14	25	Inagore awu inodu boeji iragojei kimo tagabodu otoi.		
BOR-CORBO-BM-JHN-014-026	JOÃO	JHN	14	26	Mare ure boe ewudugugowu Aroe Pemegareu, dure Ioga umode rojai ikie tabodu, umode taerduwado boe jamedu boeji, umode tawia jetu imagore jiboe jamedu boeji.		
BOR-CORBO-BM-JHN-014-027	JOÃO	JHN	14	27	Inure boe butugureu mugudo tagabo, inure ino boe butugureu maku tagai. Mare imodukare maku tagai nono awu moto kejewuge magai maku du reore. Tawabo kiarigodu kaba, tawabo pagudu kaba jamedu.		
BOR-CORBO-BM-JHN-014-028	JOÃO	JHN	14	28	Tameardure imagoi awu inodu jituji: Itumode, mare imode ikirimi tagae pugeje. Tameardu kurimode ii ma, boe jokodure taegare kuricigomode itui Ioga ae duji, mare paga karega, Iogare kuri remawure ikori.		
BOR-CORBO-BM-JHN-014-029	JOÃO	JHN	14	29	Inagore awu inoduji oino tai, nowu inodu umode tudowujedu koda piji, duma inodu ui tudowuje du keje, tameartoruwo.		
BOR-CORBO-BM-JHN-014-030	JOÃO	JHN	14	30	Imago kuri jokodumodukare tai pugeje, mare paga karega, awu moto ukimejera aregodu nure kodi, mare ro rakamodukare iaboeji iaboeji ii.		
BOR-CORBO-BM-JHN-014-031	JOÃO	JHN	14	31	Mare awu moto jorduwamode imeardu kurii Ioga jituji, iroi nono Ioga iroiagudu reore duji. Taragojedo, paduwo awu piji.		
BOR-CORBO-BM-JHN-015-HEAD-001	JOÃO	JHN	15		Parera ikure Jesus rema. -		Cabeçalho/subtítulo editorial da fonte.
BOR-CORBO-BM-JHN-015-001	JOÃO	JHN	15	1	Imire boe jokoduwu parera ikure imi; Iogare parera iguru epa rema.		
BOR-CORBO-BM-JHN-015-002	JOÃO	JHN	15	2	Enari botukareu jetara kuguri jamedu boe umode kado; enari botureu jamedu boe umode jetara kuguri rogu kado piji, duma enari makawo.		
BOR-CORBO-BM-JHN-015-003	JOÃO	JHN	15	3	Tagire tagabidure (jetara boe kabidure tabiji) imagore jiwu iwadaru koia.		
BOR-CORBO-BM-JHN-015-004	JOÃO	JHN	15	4	Tamugudo itabo, imi jamedu imugumode tagabo. Enari boe botumodukare taobiji jetukai cito du tabo. Oinore tare jamedu: taro pemegareu umodukare tamugukai itabo du keje.		
BOR-CORBO-BM-JHN-015-005	JOÃO	JHN	15	5	Imire parera ikure imi, tagire jetaragurure tagi. Mugure itabowu, imugure apowu, ro pemegareu kuricigomode, paga karega, itabo karega du keje, taroiwamodukare iaboeji iaboeji.		
BOR-CORBO-BM-JHN-015-006	JOÃO	JHN	15	6	Cewu mugukare itadawuge eiamedu boe, barigudumode toro baawadu kae, cewu enari botukare jetara boe reore. Du kidumode, boe emode ako, bariguduwo joruto, kowuduwo.		
BOR-CORBO-BM-JHN-015-007	JOÃO	JHN	15	7	Tamugumode itabo ma, iwadaru metumode tagabo ma, tagogwamagudumode tagaidure jiboe jamedu boe bogai, du umode ino rugadu.		
BOR-CORBO-BM-JHN-015-008	JOÃO	JHN	15	8	Ioga akaru kuridodu nure, tai taro pemegareu makado du tabo, tai ire jorduwadowugedo tagi du tabo.		
BOR-CORBO-BM-JHN-015-009	JOÃO	JHN	15	9	Nono Ioga meardu kuri magai ii du reorere, imeardu kurire tai jamedu. Tamugudo imeardu kuriae tada.		
BOR-CORBO-BM-JHN-015-010	JOÃO	JHN	15	10	Taromode nono ii taroiagudu reore ma, tamugumode imeardu kuriae tada. Nono iro magai Iogai iroiagudu reore du koiare imugure meardu kuriae tada du reore.		
BOR-CORBO-BM-JHN-015-011	JOÃO	JHN	15	11	"Inagore tai awu inodu boeji du ma iegareae metuwo tadoda, taegareae kororogoduwo.
Boe emeardu kurii puidu. -"		
BOR-CORBO-BM-JHN-015-012	JOÃO	JHN	15	12	Awu ino boe eroiagudu reo: Tameardu kurido pui, imeardu kuri magai tai du reore.		
BOR-CORBO-BM-JHN-015-013	JOÃO	JHN	15	13	Iaboe iaboe emeardu kuriae kodukare cewu ure tumagu tuwidoduwo tumeardu kurire jiwuge etai du kori.		
BOR-CORBO-BM-JHN-015-014	JOÃO	JHN	15	14	Imedage nure tagi taromode nono ii taroiagudu reore du keje.		
BOR-CORBO-BM-JHN-015-015	JOÃO	JHN	15	15	Imagomodukare itugaregeie ure tagi pugeje, mare paga karega, ire taerduwado imeardure ji Ioga pijiboe jamedu boeji.		
BOR-CORBO-BM-JHN-015-016	JOÃO	JHN	15	16	Tagire tamagokare iwogai, mare imire imagore tawogai. Ire tarojai toro taro pemegareuwo tudowuje, nowu taro pemereuwo jii je, du ma, tagogwamagudumode Iogaji ikie taboboe jamedu boe makuduwo tagai.		
BOR-CORBO-BM-JHN-015-017	JOÃO	JHN	15	17	"Ire taroiagu jiboe reo: Tameardu kuriwo pui jice woje.
Awu moto kejewu boe etonamode Jesus apawugei. -"		
BOR-CORBO-BM-JHN-015-018	JOÃO	JHN	15	18	Awu moto kodu kagirimode tai ma, taerduwado iie kodu kagirire tagodobiji.		
BOR-CORBO-BM-JHN-015-019	JOÃO	JHN	15	19	Moto omode tagi ma, moto meardu kurimode tai, toi tagi du koia. Mare moto o karega ure tagi du keje, ire ikeragu tai piji du kodi, du kodire moto kodu kagirire tai.		
BOR-CORBO-BM-JHN-015-020	JOÃO	JHN	15	20	Tawia jetu imagore tai jiwu iwadaruji: Boe etugare kodukare tugimejera kori. Erorerure ii, kode, erorerumode tai jamedu. Eromode nono iwadaru reore ma, kode eromode nono tawadaru reore jamedu.		
BOR-CORBO-BM-JHN-015-021	JOÃO	JHN	15	21	Mare eromode nowu inodu jamedu boeji ikie koia tai, mare paga karega, eerduwakare cewu ure irojaiwu jitu koia.		
BOR-CORBO-BM-JHN-015-022	JOÃO	JHN	15	22	Mare itaregodumodukare, imagomodukare ma, ero pegamodukare rabodu. Mare oino ego okwacereu bokwa turo pegareuji.		
BOR-CORBO-BM-JHN-015-023	JOÃO	JHN	15	23	Cewu kodu kagirire iiwu, kodu kagirimode Iogaji jamedu.		
BOR-CORBO-BM-JHN-015-024	JOÃO	JHN	15	24	Iro kurireu umodukare etada, nono ia rokare nono iro reore, ma, ero pegamodukaradu. Macare eerdure iroji, mare ekodu kagirire ii, ekodu kagirire Iogaji.		
BOR-CORBO-BM-JHN-015-025	JOÃO	JHN	15	25	"Mare uwo nono bataru padui eno bapera kejedu reore: 
“Ekodu kagirire ii paga tu je”  (Sl 34,19; 68,5)."		
BOR-CORBO-BM-JHN-015-026	JOÃO	JHN	15	26	Cewu mako kigodure boe eparu kejewu, imode rojai Ioga ie tabowu, cewu ore boe rikireu Aroe Pemegareu, ure tudawuje Ioga pijidu, aregodumode du keje, jomode iwugeje.		
BOR-CORBO-BM-JHN-015-027	JOÃO	JHN	15	27	Tagi jamedu, taiomode iwugeje, mare paga karega, tagi taedure itabo jii boe paruto du koia.		
BOR-CORBO-BM-JHN-016-HEAD-001	JOÃO	JHN	16		Boe etonai meartorure Jesus jiwugeidu. -		Cabeçalho/subtítulo editorial da fonte.
BOR-CORBO-BM-JHN-016-001	JOÃO	JHN	16	1	Inagore oino tai, tawo tabewudo tai, tawudu kawo boe pegareuto.		
BOR-CORBO-BM-JHN-016-002	JOÃO	JHN	16	2	Tawarigudumode sinagogadoge epiji. Boe aregodumode pudae du keje cewu ure tawidowuge eiamedu boe emeardaemode tuie ure Pao kurido duji.		
BOR-CORBO-BM-JHN-016-003	JOÃO	JHN	16	3	Eromode oino, mare paga karega, eerdukare Iogaji, eerdukare ii jamedu kodi.		
BOR-CORBO-BM-JHN-016-004	JOÃO	JHN	16	4	"Mare inagore oino tai awu iwadaruji, duma, boe aregodumode pudae du keje, tawia jetuwo inagoi tai marigudu duji. Mare ikare tawie nowu inoduji boe paruto, iragoje kimore tagabo kodi. 
Aroe Pemegareu maragodae."		
BOR-CORBO-BM-JHN-016-005	JOÃO	JHN	16	5	Icare itumode cewu ure irojaiwu ae, macare ia tagi ia tagi tanorakare ii: - Kaiba akodumode?		
BOR-CORBO-BM-JHN-016-006	JOÃO	JHN	16	6	Mare awu inagoinodu ure tagiarigodaedo tumaedo tawabo tada.		
BOR-CORBO-BM-JHN-016-007	JOÃO	JHN	16	7	Mare du inodu tabo imagomode tai boe jokoduji: Pemegare tai ituwo tabiji, paga karega, itumodukare ma, cewu makomode tawugejewu aregodumodukare tagae. Mare itumode du keje, imode rojai tawogai.		
BOR-CORBO-BM-JHN-016-008	JOÃO	JHN	16	8	Aregodumode du kodiboe keje, awu moto umode boe pa boe ero pegareuji, boe jetororeuji, boei tugogado boeiboeji.		
BOR-CORBO-BM-JHN-016-009	JOÃO	JHN	16	9	Umode awu motodo boe pa boe ero pegareuji, emeartorukare ii kodi.		
BOR-CORBO-BM-JHN-016-010	JOÃO	JHN	16	10	Umode udo boe pa boe jetotoreuji, mare paga karega, itumode Pao ae, du rekodajire icare taerdumode ii pugeje.		
BOR-CORBO-BM-JHN-016-011	JOÃO	JHN	16	11	Umode udo boe pa boei tugogado boeiboeji, mare paga karega, boere tugogado awu moto kejeboe eimejeraji marigudu.		
BOR-CORBO-BM-JHN-016-012	JOÃO	JHN	16	12	Imagomode ji taiboe makaguragare kimo, mare tugiwa rakamodukare ji oino.		
BOR-CORBO-BM-JHN-016-013	JOÃO	JHN	16	13	Mare makomode tawugejewu, cewu boe rikireu Aroe Pemegareu aregodumode du keje, umode taerduwado boe rikireu jamedu boeji, mare paga karega, taobiji karega makomode, mare makomode tumeardure jiboeji; umode tawie aregodumodeboeji jamedu.		
BOR-CORBO-BM-JHN-016-014	JOÃO	JHN	16	14	Ema umode ikurido, mare paga karega, inoe makudumode ai du kodi, umode tawie ji jamedu.		
BOR-CORBO-BM-JHN-016-015	JOÃO	JHN	16	15	"Ure Ioga apoboe jamedu boe ino nure ema jamedu. Du kodire inagore tai: Inoe makudumode ai, umode kogado tawiegai jamedu.
Boe ekiarimode, mare boe eegaremode pugeje, Cristo koia."		
BOR-CORBO-BM-JHN-016-016	JOÃO	JHN	16	16	Biegatu kimo, teardumodukare ii, mare biegatu pugeje, taerdumode ii pugeje, mare paga karega, itumode Pao ae imuguwo apo kodi.		
BOR-CORBO-BM-JHN-016-017	JOÃO	JHN	16	17	Nowu inodu koia, nowu ia ure jorduwadowuge enorare pui jice woje, jice woje, egore: - Kaboba jiba akore oino pai. Biegatu kimo taerdumodukare ii, biegatu kimo pugeje, du keje taerdumode ii pugeje? Inobadu jiba akomode oino: Itumode Pao ae?		
BOR-CORBO-BM-JHN-016-018	JOÃO	JHN	16	18	Du keje egore: - Inobadu jiba akore: Biegatu kimo? Paerduwakare kaboba jiba aidure tagoi oinono.		
BOR-CORBO-BM-JHN-016-019	JOÃO	JHN	16	19	Jesus ure boe pa ei tunoragoduiagu iaboe bogai duji, du kodi icare akore: - Tanorare pui jice woje, jice woje, cewu imagore jiboeji, inagoi biegatu kimo, du keje teardumodukare ii pugeje, du ia biegatu pugeje du keje taerdumode ii pugeje duji.		
BOR-CORBO-BM-JHN-016-020	JOÃO	JHN	16	20	Boe jokodu jire imagomode oino tai: Tagi tagoragudumode, tamode maido, mare awu moto kejewu boe eegaremode. Tagiarigodumode, mare tagiarigodae umode taegareaedo pudumi.		
BOR-CORBO-BM-JHN-016-021	JOÃO	JHN	16	21	Aredu tui tuguri butuiagu du keje, kiarigodure, boe aregodure pudae ji du koia, mare tuguri butu rekodaji, bia puredukare cewu tugiarigodaeji pugeje, tuiegare koia, ia imedurogu buture kodi.		
BOR-CORBO-BM-JHN-016-022	JOÃO	JHN	16	22	Du reorere tagi tagiarigodure oino jamedu, mare iordumode tai pugeje, nono tawabo jekaremode pugeje, iaboe iaboe emodukare taegareae barigu tabiji.		
BOR-CORBO-BM-JHN-016-023	JOÃO	JHN	16	23	"Nowu meriji tanoramodukare ii iaboe iaboe bogai pugeje.
Boe enogwamaguduwo Jesus ie tabo. - Boe jokodu jire inagomode oino tai: Tagogwamagudumode Paoji ikie tabo bogaiboe jamedu boe, umode maku tagai."		
BOR-CORBO-BM-JHN-016-024	JOÃO	JHN	16	24	Jii oino tagogwamagudukare iaboe iaboe bogai ikie tabo roga. Tagogwamagududo du makudumode tagai, duma taegareae kororogoduwo.		
BOR-CORBO-BM-JHN-016-025	JOÃO	JHN	16	25	Ire iwadaru jeonado ia bakaruji du tabore inagore tai, mare boe aregodumode pudae ikai iwadaru jeonado jice woje, jice woje ia bakaru boeji tai, du umodukare pugeje, mare imago awadumode tai Pao jiboeji.		
BOR-CORBO-BM-JHN-016-026	JOÃO	JHN	16	26	Nowu du kodiwu keje tagogwamagudumode ikie tabo du keje, inogwamagudukare Paoji tagai pugeje.		
BOR-CORBO-BM-JHN-016-027	JOÃO	JHN	16	27	Mare paga karega, Pao meardu kuricigore tai, tameardu kuricigore ii, tameartorure itaregodui Pao piji kodi.		
BOR-CORBO-BM-JHN-016-028	JOÃO	JHN	16	28	"Ire itawuje Pao piji ituwo mato moto kae. Ica, oinore icare imode moto pijido, ituwo Pao ae pugeje.
Jesus ure jorduwadowuge emeartorae."		
BOR-CORBO-BM-JHN-016-029	JOÃO	JHN	16	29	Nowu ure jorduwadowuge emagore ji: Ica, oinore icare are awadaru awadudo rugadu, akarega ure awadaru jeonado iaboeji pugeje.		
BOR-CORBO-BM-JHN-016-030	JOÃO	JHN	16	30	Ica, oinore icare cere boe pa aerduwai boe jamedu boe jituji, akogeamodukai iaboe iaboe enorawo ai pugeje duji. Nowu inodu koiare cemeartorure akaregodui Pao piji duji rugadu.		
BOR-CORBO-BM-JHN-016-031	JOÃO	JHN	16	31	Jesus akore ei: - Oinore icare tameartorure?		
BOR-CORBO-BM-JHN-016-032	JOÃO	JHN	16	32	Ica, boe aregodumode, boe aregodure marigudu, du kejere tamode tagaodo tagogwacemodewo jaogwai, tamode ipijido, tamode ido mito tu je. Mare ikare mito tu je. Ioga mugure itabo.		
BOR-CORBO-BM-JHN-016-033	JOÃO	JHN	16	33	Inagore awu inoduji tai, duma boe pemegareuwo, boe butugureuwo tai igoia. Awu moto keje taiwomode. Mare tabewudo tai. Imire ire imorido awu motoji.		
BOR-CORBO-BM-JHN-017-HEAD-001	JOÃO	JHN	17		Jesus makoi tubaru tabodu.		Cabeçalho/subtítulo editorial da fonte.
BOR-CORBO-BM-JHN-017-001	JOÃO	JHN	17	1	Jesus ure tuioku awogado baruto, du tabore akore: - Ioga, icare boe aregodure pudae; akonaregedu kurido, duma, akonaregedu uwo akurido jamedu.		
BOR-CORBO-BM-JHN-017-002	JOÃO	JHN	17	2	Are ro rakareu makai, are boe jamedu maku iera kai, uwo jere jii jeboe maku cewu are maku aiwuge eiamedu boe etai.		
BOR-CORBO-BM-JHN-017-003	JOÃO	JHN	17	3	Mare jere jii jeboe reo: Boe eerduwawo ai ure mitotu jewu boe jokoduwu Aroe Eimejeraji, mare boe eerduwawo are rojaiwu Jesus Cristoji jamedu.		
BOR-CORBO-BM-JHN-017-004	JOÃO	JHN	17	4	Ire akurido awu moto keje. Ire are iroiagudu jiwu imaragodae iado.		
BOR-CORBO-BM-JHN-017-005	JOÃO	JHN	17	5	Kodi icare, oino, Ioga, ikurido akabo, amagai ikurido akabo moto todudumodedu otodai.		
BOR-CORBO-BM-JHN-017-006	JOÃO	JHN	17	6	Imagore akieji are maku inaiwu moto kejewu ime ewiegai, akogere emage du are emagu inai, duwuge erore nono awadaru rekodaji.		
BOR-CORBO-BM-JHN-017-007	JOÃO	JHN	17	7	Icare oino ere boe pa are maku inaiboe jamedu boe apijie aregodure duji.		
BOR-CORBO-BM-JHN-017-008	JOÃO	JHN	17	8	Mare paga karega, ara maku inaiwu awadaru ire maku etai, ere tugeragu ji, ere boe pa boe jokoduie ure apijie itawujedure, emeartorure ai irojai duji.		
BOR-CORBO-BM-JHN-017-009	JOÃO	JHN	17	9	Nowuge etaire inogwamagudure ai. Inogwamagudukare moto paru tabo, mare cewu are maku inaiwuge eparu tabo inogwamagudure ai, akogere emage kodi.		
BOR-CORBO-BM-JHN-017-010	JOÃO	JHN	17	10	Inore emaboe jamedu boe akore ema jamedu, akore emaboe jamedu boe inore ema. Eigoiare itagaru kuridodure.		
BOR-CORBO-BM-JHN-017-011	JOÃO	JHN	17	11	Iragojemodukare moto keje pugeje, emagerema eragojemode moto keje. Imire itumode akae. Ioga pemegareu, eedu otorogado akie tabo, cewu are maku inaiwu akie tabo, ewo mitogodu tu pureore.		
BOR-CORBO-BM-JHN-017-012	JOÃO	JHN	17	12	Iragoje kimoi ebo du tabo, ieture ei cewu are maku inaiwu akie tabo. Ieture cewu are maku inaiwugei ia emage ewogwakare, mare tu cewu ure tuwarigu pegareboeto tu rugadu, uwo nono bapera atugo reore.		
BOR-CORBO-BM-JHN-017-013	JOÃO	JHN	17	13	Mare oino itumode akae. Ire awu inogwamagudae towuje iragojei moto keje du tonaji, duma iegareae jamedu boe metuwo ebo.		
BOR-CORBO-BM-JHN-017-014	JOÃO	JHN	17	14	Ire awadaru maku etai, mare moto kodu kagirire ei, mare paga karega, moto kejewugekare emage kodi, imagai moto kejewukare imidu reore.		
BOR-CORBO-BM-JHN-017-015	JOÃO	JHN	17	15	Inogwamagudukare ai awo etawuje moto piji, mare awo einorudo boe pegareu piji.		
BOR-CORBO-BM-JHN-017-016	JOÃO	JHN	17	16	Moto kejewugekare emaga imagai moto kejewukare imi jamedu.		
BOR-CORBO-BM-JHN-017-017	JOÃO	JHN	17	17	Boe pemegareugedo emage boe rikireu tabo; awadarure boe rikireu rema.		
BOR-CORBO-BM-JHN-017-018	JOÃO	JHN	17	18	Amagai irojai moto kae du reorere imode erojai moto kae jamedu.		
BOR-CORBO-BM-JHN-017-019	JOÃO	JHN	17	19	Imire ipemegado etai, duma ewo tubemegado boe rikireu tabo jamedu.		
BOR-CORBO-BM-JHN-017-020	JOÃO	JHN	17	20	Inogwamagudukare tu etai rugadu, mare inogwamagudure cewu meartorumode ii ewadaru koiawuge etai jamedu.		
BOR-CORBO-BM-JHN-017-021	JOÃO	JHN	17	21	Duma eiamedu boewo mito tu je. Ioga, amedu magai itada, imedu magai atada du reorere emeduwo padoda jamedu, du tabowo moto meartorure aigoiaie are irojai duji.		
BOR-CORBO-BM-JHN-017-022	JOÃO	JHN	17	22	Are irugu kurireu maku inaidu, ire maku etai jamedu, duma ewo mitotu, pamagai mito tu je du reore.		
BOR-CORBO-BM-JHN-017-023	JOÃO	JHN	17	23	Imi etada, aki itada, duma ewo turugadu tui mito tu je du tabo, duma moto meartoruwo akie are irojai duji, ameardu kurie ei ameardu kuri magai ii du reore duji.		
BOR-CORBO-BM-JHN-017-024	JOÃO	JHN	17	24	Ioga, itaidure cewu are maku inaiwuge eeduwo itabo iragojerewo keje, duma eerduwo are maku inaiwu irugu kurireuji, mare paga karega, ameardu kurire ii moto towujedumodedu otodai.		
BOR-CORBO-BM-JHN-017-025	JOÃO	JHN	17	25	Ioga pemegareu, awu moto kejeboe eerduwakare ai, mare imi iorduware ai, awuge jamedu eerduware akie are irojai duji.		
BOR-CORBO-BM-JHN-017-026	JOÃO	JHN	17	26	Ire eerduwado akieji, imode eerduwado kimo pugeje, duma ameardu kurii iidu metuwo ebo, imuguwo etada jamedu.		
BOR-CORBO-BM-JHN-018-HEAD-001	JOÃO	JHN	18		Boei tugeragu Jesus jitu.		Cabeçalho/subtítulo editorial da fonte.
BOR-CORBO-BM-JHN-018-001	JOÃO	JHN	18	1	Nowu tuwadaru rekodaji, Jesus uture nowu ture jorduwadowuge ebo ia paga kurireu iere Cedron cedu okwa bakowu kae, ia okureboe pa jeturewo kae, du tore ure turemo ture jorduwadowuge ebo.		
BOR-CORBO-BM-JHN-018-002	JOÃO	JHN	18	2	Judas, cewu umode makuwu, jorduware nowu boe eedaji, Jesus utu kigodure toro nowu ture jorduwadowuge ebo kodi,		
BOR-CORBO-BM-JHN-018-003	JOÃO	JHN	18	3	Icare Judas ure tugeragu sacerdotedoge eimejerage mare fariseudoge eno tarigaraidogei, ure eko pudabo, etaregodure nono joru tabo, baigadoge ebo.		
BOR-CORBO-BM-JHN-018-004	JOÃO	JHN	18	4	Icare Jesus tuiorduwai inoba boemode puduidu jamedu boe jitu du kodi ure tuwure taru etogi, icare unorare ei, akore: Ioguduba bogaiba taroino?		
BOR-CORBO-BM-JHN-018-005	JOÃO	JHN	18	5	Egore: - Jesus Nazaré kejewu bogaire ceroino. Akore ei: -Imireo  (Judas, ure makuwu, rakojere ebo jamedu).		
BOR-CORBO-BM-JHN-018-006	JOÃO	JHN	18	6	Akore: -Imireo, ino du keje kuri je, ere tuwure taru tugujebiji, tuwudui moto keje du tabo.		
BOR-CORBO-BM-JHN-018-007	JOÃO	JHN	18	7	Icare unoragodure ei pugeje: - Ioguduba bogaiba taroino?  Egore: - Jesus Nazaré pijiwu bogaire ceroino		
BOR-CORBO-BM-JHN-018-008	JOÃO	JHN	18	8	Jesus akore ei pugeje: - Inagore: imireo, oinore inagore tai. Kode iwogaire taroino du keje, awuge etudo.		
BOR-CORBO-BM-JHN-018-009	JOÃO	JHN	18	9	Nowu inodu tabo ure nono bataru reore: “Cewu are maku inaiwuge ia ewogwakare ipiji” (Is 17,12).		
BOR-CORBO-BM-JHN-018-010	JOÃO	JHN	18	10	Simão Pedro ia toriga raireu mugure apo, du ure tawuje tuia piji, ure sacerdotedoge eimejera ia utugare okorido, tui okwacere kana pemegareu jaogwaiwu bia kado du tabo (Nowu utugare iere Malco).		
BOR-CORBO-BM-JHN-018-011	JOÃO	JHN	18	11	"Mare Jesus akore Pedroji: - Atoriga tugu tuiato! Ikudumodukare Iogare maku inaiwu jirireboece? 
Jesus rakojei baire eimejerage eegoraidu."		
BOR-CORBO-BM-JHN-018-012	JOÃO	JHN	18	12	Kodi icare utorigaraidoge ere tugeragu Jesusji, ere kogudo.		
BOR-CORBO-BM-JHN-018-013	JOÃO	JHN	18	13	Ere reko boetoji Anás ae, cewu Caifás uiedoga, duwure baire eimejera rema nowu joruji.		
BOR-CORBO-BM-JHN-018-014	JOÃO	JHN	18	14	Cewu okituware judeudogei tagoi oino du tabo: - “Ema remawure mitotu jewu biwo boe etai du rema” (Io 11,50).		
BOR-CORBO-BM-JHN-018-015	JOÃO	JHN	18	15	Simão Pedro kodure Jesus apo ia ure jorduwadowu mitotu jedu apo. Nowu ure jorduwadowu ui mito tu jedu sacerdotedoge eimejera jorduware ji, dure ure turemo Jesus apo nowu sacerdotedoge eimejera uwai tadawu uwororo kae.		
BOR-CORBO-BM-JHN-018-016	JOÃO	JHN	18	16	Pedro rema mugure baiporo keje baawadu jaogwai, mare cewu sacerdotedoge eimejera jorduware jiwu makore jeture baiporo jiwudoji, duwudo ure udo turemo.		
BOR-CORBO-BM-JHN-018-017	JOÃO	JHN	18	17	Nowu jeture baiporo jiwudo unoragodure Pedroji, akore: - Awu imedu ure jorduwadowuge ia karega ure aki?  Akore: -Boro! Imi karega.		
BOR-CORBO-BM-JHN-018-018	JOÃO	JHN	18	18	Nowu maragodure nonowuge, nowu jeture boeji nonowuge ere jorugo tuwo towarudo, biaku barikare kodi. Pedro rakojere ebo tui towarudo du tabo.		
BOR-CORBO-BM-JHN-018-019	JOÃO	JHN	18	19	Nowu baire eimejera unoragodure Jesusji nowu ure jorduwadowuge eiboeji, ure boe eerduwado jiboeji jamedu.		
BOR-CORBO-BM-JHN-018-020	JOÃO	JHN	18	20	Icare Jesus akore ji: - Imagore imago awadu tabo motoji, ire boe eerduwadodu maedo sinagoga tada, Pao uwai tada, cewu judeudoge ere tudo puiwo keje; podu karega imago imagore ei.		
BOR-CORBO-BM-JHN-018-021	JOÃO	JHN	18	21	Kodiba anorare ii? Anorado cewu meardure imagoi puduiwugei. Nowuge eerduware kaboba jiba ire tuiorduwado.		
BOR-CORBO-BM-JHN-018-022	JOÃO	JHN	18	22	Awu bataru keje, ia jeture boeji nonowu, ure tugera to Jesus jeji, akore: - Kodiba akagoino awu baire eimejeraji?		
BOR-CORBO-BM-JHN-018-023	JOÃO	JHN	18	23	Jesus akore ji: - Iwadaru pegare du keje, iwadaru pegare jiboe kuo, mare imago pemega nure du keje, kodiba are akera to ii?		
BOR-CORBO-BM-JHN-018-024	JOÃO	JHN	18	24	Icare Anás ure edo reko toro baire eimejera Caifás ae, iera kogu tabo.		
BOR-CORBO-BM-JHN-018-025	JOÃO	JHN	18	25	Simão Pedro mugure nono tui towarudo du tabo. Icare enoragodure ji: - Iarema aki cewu ure jorduwadowuge ia kana ure aki?  Icare ure tuiorduwa bokwado ji, akore: - Boro! Imi karega!		
BOR-CORBO-BM-JHN-018-026	JOÃO	JHN	18	26	Icare baire eimejera ia utugare, cewu Pedrore bia kadowu ia uwobe, akore ji: - Iordukare ai apo cewu okureboe pa tada?		
BOR-CORBO-BM-JHN-018-027	JOÃO	JHN	18	27	"Mare Pedrore tuiorduwa bokwado ji pugeje. Ca, kuri je kogoriga akogodure.
Jesus rakojei Pilato jokoraidu."		
BOR-CORBO-BM-JHN-018-028	JOÃO	JHN	18	28	Ere Jesus reko nowu Caifás uwai piji brae eimejera uwai kae, meri rutu tabo. Mare judeudoge ekare turemo nowu brae eimejera uwaito, turorogodu kawo, duma tuwo Páscoa kowuje.		
BOR-CORBO-BM-JHN-018-029	JOÃO	JHN	18	29	Kodi icare Pilatos ure tuiebu etae, unoragodure ei: - Kakoduwu ia ro pegareu koiaba tare awu imedu arego woe?		
BOR-CORBO-BM-JHN-018-030	JOÃO	JHN	18	30	Egore ji: - Awu ro pegareu umodukare ma, cemodukare maku akai.		
BOR-CORBO-BM-JHN-018-031	JOÃO	JHN	18	31	Du koiare icare Pilato akore: - Emareo, tagire tare tagogado ji nono taroia reore. Icare judeudoge egore: - Cegi, ukare turugadu cewo iaboe iaboe ewido.		
BOR-CORBO-BM-JHN-018-032	JOÃO	JHN	18	32	Awu inodu tabore ure nono Jesus bataru reore tagoi inobadu taboba tuwimode duji (Mt 20,19).		
BOR-CORBO-BM-JHN-018-033	JOÃO	JHN	18	33	Pilatore turemo tuwaito, makore Jesus bogai, unoragodure ji: - Akina judeudoge eimejerare aki?		
BOR-CORBO-BM-JHN-018-034	JOÃO	JHN	18	34	Jesus akore: - Akaobijina akagoino, iarema iage kana egoino awiegai?  Pilato akore: -		
BOR-CORBO-BM-JHN-018-035	JOÃO	JHN	18	35	Kode, judeu nure imi? Ako moto kejewu baire eimejerage ere amagu inai. Inoba arore?		
BOR-CORBO-BM-JHN-018-036	JOÃO	JHN	18	36	Jesus akore: - Boe eimejerai imidu, awu moto kejeboe karega. Boe eimejerai imidu umode awu moto keje ma, boe jokodure itugarege emode tubewudo iwugeje imagudu kawo judeudoge etai. Mare boe eiemejerai imidu woeboe karega.		
BOR-CORBO-BM-JHN-018-037	JOÃO	JHN	18	37	Kodi icare Pilato unoragodure ji: - Kode, akina boe eimejare aki?  Jesus akore: - U! Imire boe eimejerare imi. Imagowo boe rikireuji du bogaire iwudure, itaregodure awu moto kae. Boe rikireu mugure apowuge eiamedu boe emeardumode imagore jiboeji.		
BOR-CORBO-BM-JHN-018-038	JOÃO	JHN	18	38	Icare Pilato akore ji: - Kaboba boe rikireu rema? Tagoi oino du tabo, ure tuiebu pugeje, uture judeudoge etae, akore ei: - Iordukare ia ro pegareu boeji.		
BOR-CORBO-BM-JHN-018-039	JOÃO	JHN	18	39	Mare taroiare Páscoa keje tare ido ia meture baicoreu tadawu ro pegareu tawuje du rema. Kode tagaidure iwo judeudoge eimejera inorudo?		
BOR-CORBO-BM-JHN-018-040	JOÃO	JHN	18	40	Du keje icare eiamedu boe enoiogwarire pugeje, tagoi: - Boro! Awu karega, Mare Barrabás!  (Barrabasre ia iwogu kigodureu, boe ewidowu epa rema).		
BOR-CORBO-BM-JHN-019-HEAD-001	JOÃO	JHN	19		Jesus bitodu rumode.		Cabeçalho/subtítulo editorial da fonte.
BOR-CORBO-BM-JHN-019-001	JOÃO	JHN	19	1	Kodi icare Pilatore boe edo boe to Jesus biri kajeje.		
BOR-CORBO-BM-JHN-019-002	JOÃO	JHN	19	2	Utorigaraidogere ia boto jerigigareu udo nono boe etaogajejewu reoredu ere tugu aoto, ere aroia kujagureu tugu ji.		
BOR-CORBO-BM-JHN-019-003	JOÃO	JHN	19	3	Ere tuburedo ji, egore ji: - Akireo! Judeudoge eimejera!  Oino tui tugera to to jeji du tabo.		
BOR-CORBO-BM-JHN-019-004	JOÃO	JHN	19	4	Icare Pilatore tuiebu pugeje, akore judeudogei: - Ica, imode arego woe baawadu kae tagai, duma taerduwo iordukai ia ro pegareu boe jituji.		
BOR-CORBO-BM-JHN-019-005	JOÃO	JHN	19	5	Du keje icare Jesus ure tuiebu boto jerigigareu kogui taogajeje du tabo. Icare Pilato akore: - Cewu imedu reo.		
BOR-CORBO-BM-JHN-019-006	JOÃO	JHN	19	6	Icare baire eimejerage mare utorigaraidoge, tuiordui jitu keje, enoiogwarigodure, egore: - Nowu bu i padui pugajejedu keje, nowu bu i padui pugajejedu keje. Icare Pilato akore ei: - Tagi tageragu ji, bu i padui pugajejedu keje, iordukare ia ro pegareu jitu kodi.		
BOR-CORBO-BM-JHN-019-007	JOÃO	JHN	19	7	Icare judeudoge egore ji: - Ia ceroiare du koiare awu bitodu rumode, mare paga karega akore Aroe Eimejera Onaregeduie ure pudumi du kodi.		
BOR-CORBO-BM-JHN-019-008	JOÃO	JHN	19	8	Kodi icare nowu egoinodu ure Pilato pagudugo.		
BOR-CORBO-BM-JHN-019-009	JOÃO	JHN	19	9	Ure turemo pugeje nowu brae eimejera tumuga kae, unoragodure Jesusji, akore ji: - Kaibawuba ure aki?  Mare Jesus makokare ji.		
BOR-CORBO-BM-JHN-019-010	JOÃO	JHN	19	10	Kodi icare Pilato akore ji: - Amagomodukare ii? Aerduwakare ie irugadu iwo akinorudo iarema iwo aporu bu i padui pugajejedu keje?		
BOR-CORBO-BM-JHN-019-011	JOÃO	JHN	19	11	Icare Jesus akore: - Aro rakareu umodukare ii, makudukai akai baru piji du keje. Kodire ure imagu akaiwu ro pega kodure aro pega kori.		
BOR-CORBO-BM-JHN-019-012	JOÃO	JHN	19	12	Nowu otobijire icare Pilato jemarure tuwo inorudo. Mare judeudoge enoiogwarire tagoi oino du tabo: - Amode inorudo ma, kode brae eimejera kurireu César metuia karega ure aki, mare paga karega, cewu ure boe eimejerado pudumiwu ona nure Cesarji.		
BOR-CORBO-BM-JHN-019-013	JOÃO	JHN	19	13	Tumeardui nowu egoinodu jitu keje, Pilatore tuiebu Jesus apo, ure tumugudo brae eiemejera muga keje; nowu muga iere Pariri (hebreudoge ewadaru tabo iere Gabata).		
BOR-CORBO-BM-JHN-019-014	JOÃO	JHN	19	14	Nowu meriji ere tugera pemegado boeji Páscoa kae. Meri jeture baru oiadoda. Icare Pilato akore judeudogei: - Ca, tagimejera reo!		
BOR-CORBO-BM-JHN-019-015	JOÃO	JHN	19	15	Mare ere iogwarido, egore: - Toro apo! Toro apo! Bu i padui pugajejedu keje. Icare Pilato unorare ei: - Imode tagimejera bu i padui pugajejedu keje?  Icare baire eiemejerage egore: - Ia cegimejerakare ia toro pugeje, mare César tu rugadu.		
BOR-CORBO-BM-JHN-019-016	JOÃO	JHN	19	16	"Du keje icare Pilato ure maku etai, ewo bu i padui pugajedu keje rugadu.
Ere Jesus bu i padui pugajejedu keje."		
BOR-CORBO-BM-JHN-019-017	JOÃO	JHN	19	17	Du keje icare ere Jesus reko pudabo. Ema taobijire ure i padui pugajejedu reko bakurireu piji jice ia iere Calvário ceboe kae (Hebreudoge ewadaru iere Gólgota, boe ewadaru tabo ure oino: Boe era jeta).		
BOR-CORBO-BM-JHN-019-018	JOÃO	JHN	19	18	Nonore ere bu i padui pugajejedu keje. Iagere pobe apo: Ia okwacere kana pemegareu jaogwai, ia okwacere kana koboreu jaogwai, Jesusre rakojere boiadoda.		
BOR-CORBO-BM-JHN-019-019	JOÃO	JHN	19	19	Pilatore ia bapera atugo pemegado du ure bu aora bukajeje, nowu i padui pugajejedu keje, du akore oino: - Jesus Nazaré kejewu, Judeudoge Eimejera.		
BOR-CORBO-BM-JHN-019-020	JOÃO	JHN	19	20	Makareu judeudoge emagore nowu atugoji, paga karega, Jesus padure i padui pugajejedu keje puredu tu bakurireuji.		
BOR-CORBO-BM-JHN-019-021	JOÃO	JHN	19	21	Icare judeudoge eno baire eimejerage egore Pilatoji: - Akaba atugodo Judeudoge Eimejera oino, mare Awu imedu akore judeudoge eimejeraie ure pudumi oino.		
BOR-CORBO-BM-JHN-019-022	JOÃO	JHN	19	22	Mare Pilato akore ei: - Ire atugodoboe, atugododure.		
BOR-CORBO-BM-JHN-019-023	JOÃO	JHN	19	23	Utorigaraidoge ere Jesus bu i padui pugajejedu keje, icare ere tugeragu ukudaeji ere kado pobe puibiji, megawo mito tu tu pudai. Mare nowu ukudae kujiagiwu maegodu nure, kamidukare.		
BOR-CORBO-BM-JHN-019-024	JOÃO	JHN	19	24	"Du kodi icare egore pui: - Pamodukare bowuje, mare pamode pageragudu caido tabo, paerduwo ioguduba onagodumode jiwu bogai. Awu inodu tabore ure nono bapera atugo reore: “Ere ikudae pedo pui, ikudae kujiagiwure ere tugeragu caireboedo tabo.“  (Sl 21,19). Oinore utorigaraidoge erore.























Jesus uce."		
BOR-CORBO-BM-JHN-019-025	JOÃO	JHN	19	25	Puredu tu Jesus o i padui pugajeje duji, uce rakojere, uce uwie iei Maria cedu, cewu Cleofas oreduje, rakojere nono jamedu, Maria Madalena apo.		
BOR-CORBO-BM-JHN-019-026	JOÃO	JHN	19	26	Icare Jesus, tuiordui tuje jitu keje, cewu meardu kurire jiwu ture jorduwadowu rakojei nono duji jamedu du keje, akore tujeji: - Aredu, akonaregedu reo.		
BOR-CORBO-BM-JHN-019-027	JOÃO	JHN	19	27	"Du kejere akore nowu ture jorduwadowuji: - Ica, Ace reo. Nowu inodu otobiji nowu ure jorduwadowu ure uce reko pudabo tuwai kae.

Jesus biredu."		
BOR-CORBO-BM-JHN-019-028	JOÃO	JHN	19	28	Icare Jesus, tuiorduwai boe jamedu boe ui turugadu du keje, uwo nono bapera atugo jamedu reore, akore: - Pobo boire ii.		
BOR-CORBO-BM-JHN-019-029	JOÃO	JHN	19	29	Ia ruwobo mugure nono, pobo pagodureu tabo, icare utorigaraidogere boe otogugudu tugu nowu pobo pagodureuto, ere boe otogugudu bu ia ipo oto keje, ere raido okwa kae.		
BOR-CORBO-BM-JHN-019-030	JOÃO	JHN	19	30	"Jesus tugudui nowu pobo pagodureuce du keje akore: - Icare boe jamedu boere turugadu. Icare ure tuie jodo, icare akurure.
Ia utorigaraireu ure Jesus mo porodo meriri otoboareu tabo."		
BOR-CORBO-BM-JHN-019-031	JOÃO	JHN	19	31	Judeudoge epagudure, eedumode nowu i padui pugajejedu keje Sábado meri jituji, paga karega, enure tugera pamegado petaji, du kodire cewu sabadore jiwu meri motu rakaguragamode. Kodi icare enogwamagudure Pilatoji, uwo edo epogora ra kado, ewo erodo oino nowu piji.		
BOR-CORBO-BM-JHN-019-032	JOÃO	JHN	19	32	Utorigaraidoge etaregodure, ere cewuge ei pobedu epadure i keje apodu, ere epogora kado.		
BOR-CORBO-BM-JHN-019-033	JOÃO	JHN	19	33	Mare etaregodui Jesus ae du keje, eerdure bie marigudu duji, du kodire ekare pogora ra kado.		
BOR-CORBO-BM-JHN-019-034	JOÃO	JHN	19	34	Mare ia utorigaraireu ure ia meriri otoboareu bu jura otogajeje uwabo kae. Kuri je kure ceredo pobo tabo.		
BOR-CORBO-BM-JHN-019-035	JOÃO	JHN	19	35	Jordure awu inodu jiwu ureadodure awu inoduji tameartoruwo. Ceerduware makoi boe riki jituji.		
BOR-CORBO-BM-JHN-019-036	JOÃO	JHN	19	36	Awu inodu ure nono bapera atugo reore: “Ia ra boe kadodumodukare”.		
BOR-CORBO-BM-JHN-019-037	JOÃO	JHN	19	37	Nowu bapera atugo akore ia toro jamedu: “Boe etaiwomode cewu meriri otoboareu padure kajejewuji”. (Zac 12,10).		
BOR-CORBO-BM-JHN-019-038	JOÃO	JHN	19	38	Nowu inodu rekodaji, José Arimatéia kejewu, ia Jesusre jorduwadowu, mare podu tabo tubagudu koia judeudogece, okwamagudure Pilatoji uwo boedo Jesus rawuje i padui pugajejedu piji. Icare Pilatore udo ino rugadu. Icare uture, ure Jesus rawuje i piji.		
BOR-CORBO-BM-JHN-019-039	JOÃO	JHN	19	39	Nicodemo kodure apo (cewu makore Jesusji boecoji ia boe kejedu kodiwu). Ere ia roreboe jirireu reko pudabo.		
BOR-CORBO-BM-JHN-019-040	JOÃO	JHN	19	40	Ere tugeragu Jesusji, ere nowu roreboe jirireu tugu nowu aroiato dure ere upodo apo, nono judeudoge ero magai tui pu tugu mototo du reore.		
BOR-CORBO-BM-JHN-019-041	JOÃO	JHN	19	41	Cewu Jesus birewo kejere ia okureboe pa mugure, nowu okureboe pa tada ia boe emedumodewo maiwu mugure, mare iaboe iaboe emedukare tada roga.		
BOR-CORBO-BM-JHN-019-042	JOÃO	JHN	19	42	Du kodi icare ere Jesus tugu nono, paga karega, judeudoge enure tugera pemegado Páscoa jitu kodi, nowu meta mugu puredure nono jamedu kodi.		
BOR-CORBO-BM-JHN-020-HEAD-001	JOÃO	JHN	20		Jesus meturewo biororedu.		Cabeçalho/subtítulo editorial da fonte.
BOR-CORBO-BM-JHN-020-001	JOÃO	JHN	20	1	Kodure Sábado rekodaji boetojiwu meriji, Maria Madalena uture meturewo kae, kuri barogwa kododu tabo, boe guguco kimo tabo. Boekarema, jordure tori kurireu padukai meturewo je keje duji.		
BOR-CORBO-BM-JHN-020-002	JOÃO	JHN	20	2	Rekodure tuibagi, uture Simão Pedro ae, mare cewu Jesus meardu kurire jiwu ure jorduwadowu ae, akore ei: - Ere Pagimejera tawuje tumedurewo piji, ceerduwakare kaiba ere bu.		
BOR-CORBO-BM-JHN-020-003	JOÃO	JHN	20	3	Kodi icare Pedro mare cewu ure jorduwadowu ere tudawuje, eture meturewo kae.		
BOR-CORBO-BM-JHN-020-004	JOÃO	JHN	20	4	Eregodure puapo, mare nowu ia ure jorduwadowu rekodure Pedro kori, aregodure boetoji meturewo kae.		
BOR-CORBO-BM-JHN-020-005	JOÃO	JHN	20	5	Ure tuie jodo jice, jordure aroiadogei moto keje, mare ukare turemo.		
BOR-CORBO-BM-JHN-020-006	JOÃO	JHN	20	6	Simão Pedro, kodure rekodajidu, aregodure, ure turemo nowu meturewoto, jordure aroiadogei moto keje.		
BOR-CORBO-BM-JHN-020-007	JOÃO	JHN	20	7	Jordure padure aora kejewu aroia kigadureuji, mare awu padukare nowu ia aroiadoge ebo: boere opodo tuginoi tu je.		
BOR-CORBO-BM-JHN-020-008	JOÃO	JHN	20	8	Du kodi icare cewu aregodure boetojiwu ia ure jorduwadowu ure turemo jamedu nowu metato. Jordure, icare meartorure.		
BOR-CORBO-BM-JHN-020-009	JOÃO	JHN	20	9	Boe jokodure ekare bapera atugo akoi oinoie Jesus jewodumoduie bireuge epijidu pawuje roga.		
BOR-CORBO-BM-JHN-020-010	JOÃO	JHN	20	10	"Kodi icare nowu ure jorduwadowuge ere tugirimi tuwai kae.
Jesus ui towadudo Maria Madalena jekaidu."		
BOR-CORBO-BM-JHN-020-011	JOÃO	JHN	20	11	Nowu inodu boe tada, Maria rakojere baawadu keje, puredu tu nowu meturewoji toragudu tabo. Du tabore icare ure tuie jodo taiwowo meturewoto.		
BOR-CORBO-BM-JHN-020-012	JOÃO	JHN	20	12	Du tabore icare jordure tupadogei pobe duji: ekudae kigadure, emugure padurewo okwa keje, ia mugure ao keje, ia mugure bure keje.		
BOR-CORBO-BM-JHN-020-013	JOÃO	JHN	20	13	Duwugere enoragodure ji: - Aredu, kodiba akoragudure?  Akore ei: - Paga karega, boere ikimejera reko mare iorduwakare kaiba ere bu.		
BOR-CORBO-BM-JHN-020-014	JOÃO	JHN	20	14	Nowu tagoino du tabo ure tugirimi tuibagi, jordure Jesus rakojei nono duji, mare jorduwakare ji.		
BOR-CORBO-BM-JHN-020-015	JOÃO	JHN	20	15	Icare Jesus akore ji: - Aredu, kodiba akoragudure?  Meardaere nowu jeture okureboe jiwu rakuduie akoino, kodi dukeje akore ji: - Ikimejera, akimode are akeragu ji du keje, iwie kaiba are bu, icare itumode bogai.		
BOR-CORBO-BM-JHN-020-016	JOÃO	JHN	20	16	Icare Jesus akore ji: - Maria!  Tui tugirimi bai jaogwai du tabo, ure tumago rakado, akore hebreudoge ewadaru tabo, akore: - Rabboni!  (Boe ewadaru tabo ure oino: Ikimejera! Oino).		
BOR-CORBO-BM-JHN-020-017	JOÃO	JHN	20	17	Jesus akore ji: - Akera jetu kaba ii, mare paga karega, irudukare Ioga ae roga, mare toro iwiemage etae, amagodo ei irudumode Ioga ae, Tao ae, ino Aroe Eimejera ae, tago Aroe Eimejera ae.		
BOR-CORBO-BM-JHN-020-018	JOÃO	JHN	20	18	"Icare Maria Madalena rekodure nowu ure jorduwadowuge etae tuwo ewie tuiorduie Pagimejera jituji.
 	


Jesus ui towadudo ture jorduwadowuge eegaidu."		
BOR-CORBO-BM-JHN-020-019	JOÃO	JHN	20	19	Nowu meri rekodu tabo, duwure semana o meri boetojiwu rema, nowu ure jorduwadowuge ere baiporo mi pudui tuieduwo nowu bai tada, tubagudu koia judeudogece. Du kaere icare Jesus aregodure, ure turagojedo tu etoiadoda, akore ei: - Boe butugureu muguwo tagabo.		
BOR-CORBO-BM-JHN-020-020	JOÃO	JHN	20	20	Tagoi oino du keje, ure eerdudo tugeraji, ure eerdudo tawubowuji. Icare nowu ure jorduwadowuge eegare kuricigore tuiordui tugimejera jitu keje.		
BOR-CORBO-BM-JHN-020-021	JOÃO	JHN	20	21	Icare akore ei: - Boe butugureu muguwo tagabo. Ioga magai irojai du reorere, inure tarojai jamedu.		
BOR-CORBO-BM-JHN-020-022	JOÃO	JHN	20	22	Icare ure togwamu ei, akore ei: - Aroe Pemegareu makudure tagai.		
BOR-CORBO-BM-JHN-020-023	JOÃO	JHN	20	23	Tamode ro pegareuge ero pegareu butugugo du keje, butugugodaereboe umode ei. Tamodukare ero pegareu butugugo ma, butugugodaereboe umodukare ei jamedu.		
BOR-CORBO-BM-JHN-020-024	JOÃO	JHN	20	24	Ia ure jorduwadowu iere Tomé cedu, metukare etada nowu Jesus aregodu keje.		
BOR-CORBO-BM-JHN-020-025	JOÃO	JHN	20	25	Icare nowu metage egore ji: - Ceerdure Pagimejeraji. Ure kirimi pai ei, akore: - Iordumodukare meriri oiaji ierato ma, imodukare ikerako tugu meriri oioato ma, imodukare ikera tugu mo awubouto ma, imeartorumodukare.		
BOR-CORBO-BM-JHN-020-026	JOÃO	JHN	20	26	Meri ikera awubodure pobe ma awu metuia bokware taci ikera awubowuto du rekodaji, nowu ure jorduwadowuge eedure nowu tuieda mitodu keje pugeje, du tabore icare Tomé rakojere etada. Baiporo miture ei du tabore Jesus aregodure, ure turagojedo etoiadoda, akore ei: - Boe butugureu muguwo tagabo.		
BOR-CORBO-BM-JHN-020-027	JOÃO	JHN	20	27	Du kejere icare makore Toméji, akore ji: - Mato, akerako bu woe, akaiwodo ikeraji, akera raido awo tugu imo awubowuto. Ameartoru bokwa kaba, ameartorudo.		
BOR-CORBO-BM-JHN-020-028	JOÃO	JHN	20	28	Icare Tomé akore ji: - Ikimejera, ino Aroe Eimejera.		
BOR-CORBO-BM-JHN-020-029	JOÃO	JHN	20	29	Icare Jesus akore ji: - Ameartorure aerdure ii du koia. Pemega remawugere emeartorumode tuiordukai ii du tabo.		
BOR-CORBO-BM-JHN-020-030	JOÃO	JHN	20	30	Jesus ure ia turo kurireu makareu towuje nowu ture jorduwadowuge eegai kimo, du padukare awu bapera keje.		
BOR-CORBO-BM-JHN-020-031	JOÃO	JHN	20	31	Mare awuge epadure bapera keje, du koiawo tameartorure Cristo Aroe Eimejera Onaregeduie Jesusce duji, duma jereboe jetuwo tagabo ie koia, tameartorui ji du tabo.		
BOR-CORBO-BM-JHN-021-HEAD-001	JOÃO	JHN	21		Jesus ui towadudo Tiberades kejewu kuruga kurireu okwaidu.		Cabeçalho/subtítulo editorial da fonte.
BOR-CORBO-BM-JHN-021-001	JOÃO	JHN	21	1	Nowu inodu rekodajire icare, Jesus ure towadudo pugeje, nowu ture jorduwadowuge eegai, puredu tu kuruga kurireu iere Tiberades ceduji. Ure towadudo oino du tabo:		
BOR-CORBO-BM-JHN-021-002	JOÃO	JHN	21	2	Simão Pedro mare Tomé iere Dídimo cedu, mare Natanael, cewu Galiléia tadawu Caná kejewu, mare Zebedeu ore, mare ia ure jorduwadowuge ei pobedu, eedure tu puapo.		
BOR-CORBO-BM-JHN-021-003	JOÃO	JHN	21	3	Simão Pedro makore nowu tumedagei, akore: - Iwoguwo. Egore ji: - Cedumode akabo jamedu. Icare eture. Ere taredo ikato. Mare nowu boecoji ekare tugeragu iaboeji iaboeji.		
BOR-CORBO-BM-JHN-021-004	JOÃO	JHN	21	4	Barogwa kododure tu je du tabore, Jesus rakojere nowu kuruga kurireu okwai. Mare nowu ure jorduwadowuge ekare pawuje.		
BOR-CORBO-BM-JHN-021-005	JOÃO	JHN	21	5	Icare Jesus onoragodure ei: - Itore kugure, ia tage karo rogukare tu tagabo iwo kowuje?  Egore. - Boro.		
BOR-CORBO-BM-JHN-021-006	JOÃO	JHN	21	6	Icare akore ei: - Tawuge barigu nowu tago ika ukana pemegareu jaogwai, du taerdumode ji. Icare ere barigu. Du kejere icare ero rakakare tuwo tumugudo keje, kare emagaguragare tada kodi.		
BOR-CORBO-BM-JHN-021-007	JOÃO	JHN	21	7	Du kodi icare cewu Jesus meardu kuricigore jiwu ia ure jorduwadowu makore Pedroji, akore: - Cewu Pagimejera rabodu!  Simão Pedro, tumeardui Pagimejera raboduie du keje, ure tugudae kogudo tugajeje (Paga karega, biri kedore du je du kodi), ure taredo taci poboto.		
BOR-CORBO-BM-JHN-021-008	JOÃO	JHN	21	8	Metage ekodure mato ika tabo, tui tumugudo buke keje kare ebo du tabo (mare paga karega, eedu jaekare motoji).		
BOR-CORBO-BM-JHN-021-009	JOÃO	JHN	21	9	Tui taredo ika piji du keje, eerdure ia jorui turugadu duji, ia karo padui joradu keje duji, ia amireu tabo duji.		
BOR-CORBO-BM-JHN-021-010	JOÃO	JHN	21	10	Jesus akore ei: - Tare tageragu jiwu ia kare erego mato.		
BOR-CORBO-BM-JHN-021-011	JOÃO	JHN	21	11	Icare Simão Pedro ruture ikato ure tumugudo mato buke keje, kare kurireuge makareuge ebo boeki kae. Nowu kare kurireuge emagai inodu, buke ukare tubowuje ebo.		
BOR-CORBO-BM-JHN-021-012	JOÃO	JHN	21	12	Icare Jesus akore ei: - Mato, tagogwagewo. Nowu ure jorduwadowuge ia emage ekidakare tunorawo ji: - Ioguduba akibao?  inodu bogai, mare paga karega, eerduware tugimejeraie ure ema kodi.		
BOR-CORBO-BM-JHN-021-013	JOÃO	JHN	21	13	Icare Jesus ure tuburedo mato, ure tugeragu amireuji, ure maku etai. Du reorere ure cewu karo kodu ure maku etai jamedu.		
BOR-CORBO-BM-JHN-021-014	JOÃO	JHN	21	14	Awure Jesus ui towadudo pobe ma jewu metuia bokware tuiewodu rekodaji nowu ture jorduwadowuge eegai du rema.		
BOR-CORBO-BM-JHN-021-015	JOÃO	JHN	21	15	Nowu enogwage akedu kejere icare, Jesus unoragodure Simão Pedroji, akore ji: - Simão, João onaregedu, ameardu kurire ii awuge ekori?  Akore: - U! Ikimejera, aerduware imeardu kuricigoi ai duji. Icare Jesus akore ji: - Aetudo inagu cordeirodogei.		
BOR-CORBO-BM-JHN-021-016	JOÃO	JHN	21	16	Unoragodure ji pugeje, akore ji: - Simão, João onaregedu, amearudu kurire ii?  Akore ji: - U! Ikimejera, aerduware imearudu kuricigoi ai duji. Jesus akore ji: - Aetudo inagu cordeirodogei.		
BOR-CORBO-BM-JHN-021-017	JOÃO	JHN	21	17	Unoragodure ji pugeje pobe ma jewu metuia bokware, akore: - Simão, João onaregedu, amearudu kurire ii?  Icare Pedro kiarigodu buture keje tu je. Mare paga karega, unoragodure ji tagoi: - Ameardu kurire ii? oino pobe ma jewu metuia bokware, du koia. Icare akore ji: - Ikimejera, aerduware boe jameduji, aerduware imearudu kuricigoi ai duji. Icare Jesus akore ji: - Aetudo inagu ovelhadogei.		
BOR-CORBO-BM-JHN-021-018	JOÃO	JHN	21	18	Boe jokodu jire inagomode oino ai: iparedu kimoi aki du tabo, are apeagajejewu bukigu kogudo akudae kajeje, ature akaidurewo boe kae. Mare akaregodumode kuridogedui aki du kae du keje, amode akera raido, iaboe emode apeagajejewu kogudo, emode arego akaidukarewo kae.		
BOR-CORBO-BM-JHN-021-019	JOÃO	JHN	21	19	Nowu tagoino du tabo, ure bie kakoduwu tuwi taboba umode Pao kurido duji. Tumagoi inodu jitu rekodaji, akore ji pugeje: - Akodudo itabo.		
BOR-CORBO-BM-JHN-021-020	JOÃO	JHN	21	20	Pedro, tui tumegido pai tuibagi du tabo, jordure cewu Jesusre jorduwadowu, cewu mearudu kurire jiwuji (cewu ure taora bu mo keje, cewu enogwage boigoduwu du kodiwu keje, du unoragodure ji: - Ikimejera, ioguduba koiaba umode amagu? oino jiwuji).		
BOR-CORBO-BM-JHN-021-021	JOÃO	JHN	21	21	Icare, tuiordui jitu keje, Pedro unoragodure Jesusji akore: - Ikimejera, awu, inoba boemode ji?		
BOR-CORBO-BM-JHN-021-022	JOÃO	JHN	21	22	Jesus akore ji: - Itaidumode rakojewo jii ii ikirimi du kae ma, akaiboe karega. Aki akodudo itabo.		
BOR-CORBO-BM-JHN-021-023	JOÃO	JHN	21	23	"Kodi icare bakaru merekereure taodo nowu ure jorduwadowuge ekao, cewu ure jorduwadowu bimodukae. Mare Jesus akokare: - bimodukare, ino, mare: - Itaidumode rakojewo jii ii ikirimi du kae, akaiboe karega. Oino.
Bapera ao."		
BOR-CORBO-BM-JHN-021-024	JOÃO	JHN	21	24	Awu cewu ure jorduwadowu rema, dure readodure awu boe jamedu boeji, ure bu bapera keje jamedu. Paerduware readodure jiboe boe jokoduie duji.		
BOR-CORBO-BM-JHN-021-025	JOÃO	JHN	21	25	Jesus ure ia boe makareu towuje kimo. Bapera atugododumode jamedu boeji ma, imeardaere awu moto jamedu boe umodukae turugadu bapera atugododumode tabodu jituji.		
