witness_id	document	source_file	source_number	section	source	portuguese	collation_status	corbo_match_id	editorial_note
FAC.001	Façanha Bakororogode	facanhaBakororogode.txt	1	1. O PAI DELES FABRICA-LHES ARQUINHOS.	Dukeje icare nowu umana makogodure tuwie ji. Akore amedu, imedu! Arego pao ae (Nowu etuore iere Tadugo, du aere akoino tuwie rekoduwo). Akore akagodo: Ioga, ioga! Imana akore aiagu baigara to (arquinho) tuwaigarace, aiagu cira otobare (flechinha com ponta arredondada e grossa) to tudugirace. Oinore akagore ji. Akore nowu tuwieji.	Depois o irmão mais velho falou para o mais novo dizendo: - Menino, vai aonde está o nosso pai e diga-lhe assim: - Meu pai, meu irmão mandou dizer que é para o senhor fazer um arquinho para ele, e uma flechinha com ponta arredondada. Assim que ele falou para seu irmão mais novo.	unmatched		
FAC.002	Façanha Bakororogode	facanhaBakororogode.txt	2	1. O PAI DELES FABRICA-LHES ARQUINHOS.	Nowu uwie akore. - U! Icare uture tuo ae. Akore Ioga, ioga! Imana akore aiagu baigara to tuwaigarace. aiagu cira otobare to tudugirace, aiagu ia to inai jamedu.\nAkokare uiagu ia to utugirace. Nowu uwiere ure tumana bataraodo tuo ji.	O mais novo obedeceu. Foi a onde estava o seu pai e lhe disse: - Pai, o meu irmão falou que é para o senhor fazer para ele um arquinho e umas flechinha de ponta arredondada, e que é para fazer outro para mim também.\nEle não falara para mandar fazer um outro para ele também. Ele estava mentindo para o seu pai.	unmatched		
FAC.003	Façanha Bakororogode	facanhaBakororogode.txt	3	1. O PAI DELES FABRICA-LHES ARQUINHOS.	Icare nowu etuo ure pemegado, icare ure iado. Ure udo puibiji ei rugadu.\nIcare eture tabo poguguboe etae (tubore etae). Egore Pagiduwo poguguboei. Ere tuiagu boe etagedudo. Egore.	Então o pai deles fez. Fez um conjunto para cada um deles.\nDepois eles foram com os arcos e as flechas à procura dos lambaris, dizendo: - Vamos flechar lambaris, porque eles estão querendo acabar com os Bororo.	unmatched		Portuguese translation follows Bororo without a repeated number.
FAC.004	Façanha Bakororogode	facanhaBakororogode.txt	4	2. AMANSAM DUAS ESPÉCIES DE LAMBARIS .	Icare eidore ei nowu cira otobare tabo. Eidore ei... Eidore ei... Icare ere etagedudo. Dukeje icare emagore ei. Egore ure boe ewidoboe tagi karegao, ure boe ewogadoboe tagi karegao, boe kiogadoboe tagi karegao (vocês não são mais gente que não presta). Tubore tagireo. Togo ronure ji ji ji ji ji boe ewiriji paga tu je (seu dente apenas roe a pele), takare boe ewiri kado, takare boe ekodu kado.\nEgore Boe ekenure tagi, boe enogwagenure tagi.\nTagirema, tagogwagekare boei. Oino.\nIcare egore: -Ia...ia:.. ia...! tudu tabo.\nIcare tuborere emage pugeje.	Depois atiraram para eles, e quando acabaram com eles falaram assim: - Vocês aqui não podem matar os Bororo e acabar com eles. Vocês não podem ser ruins. Vocês são lambaris. Vocês só podem triscar mal e mal com os dentes na pele dos Bororo, vocês não podem cortar a pele das pessoas, não podem cortar a carne das pessoas.\nE acrescentaram: - Vocês são alimento dos Bororo. Os Bororos podem comer vocês.\nMas vocês não podem comer gente.\nAí os lambaris foram embora lamentando-se: - Ia...ia...ia!\nAgora eles eram os lambaris.	unmatched		
FAC.005	Façanha Bakororogode	facanhaBakororogode.txt	5	2. AMANSAM DUAS ESPÉCIES DE LAMBARIS .	Icare eture pugeje. Ekodure jii. Etaregodure apuie etae (lambaris pequeninos).\nNowugere icare ecebaere tuginoi: ecebaere betoce. Beto tabore ere ewido. Oinore erore ei, erore ei. Icare ere etagedudo taci!\nIcare emagore ei pugeje.\nEgore ure boe ewogwadoboe tagi karegao. Boe eke tagireo.\nEgore apuie tegireo. Todo ronure ji ji ji ji boe eiogi paga tu je.\nEgore Ia... ia... ia... Tudu tabo.	Depois (os Bakororodoge) foram embora de novo. Chegaram a onde tinha “apuie” , (lambarizinhos mais pequenos). O instrumento para pegar estes peixinhos era diferente: era o cesto de seda de folha de palmeira. Era com essa esteira que eles os matavam. Mexeram muito com eles até acaba-los. Aí falaram: - Vocês não podem acabar com os Bororo. Vocês são alimento dos Bororo.\nVocês são os peixinhos “apuie”. Vocês só podem triscar suavemente por cima das pessoas.\nOs peixinhos foram embora lamentando-se: Ia...ia...ia...!	unmatched		
FAC.006	Façanha Bakororogode	facanhaBakororogode.txt	6	3. AMANSAM AS VESPAS.	Egore Paduwo pugeje.\nEture pugeje. lcare etaregodure pegagoe (atugoe) etae. lcare eidore ei, cewu todobare tabo. lcare ere etagedudo. lcare egore Ure boe ewidoboe tagi karegao. Pegagoe tagireo. Pegagoe, oinore tagiere, oinore tagagarure. Tare boe ekowuje (ferrar), mare takare boe ewido, tago-\ngori (dor) raikare.\nEgore Raru otokuru (orvalho?), bai otokuru jire tagogwagere.	Os Gêmeos falaram: - Vamos embora de novo.\nForam embora e chegaram ao lugar dos marimbondos “pegagoe”. Atiraram neles com suas flechas de ponta redonda e acabaram com eles. Depois falaram: - Vocês não podem matar os Bororos. Vocês são os marimbondos “pegagoe”. Seu nome é “pegagoe”\nQuando vocês ferrarem as pessoas, vocês não vão matá-las. A dor da ferrada de vocês não vai durar muito tempo.\nE acrescentaram: - Vocês vão se alimentar com o orvalho das folhas de árvores e palmeiras.	unmatched		
FAC.007	Façanha Bakororogode	facanhaBakororogode.txt	7	3. AMANSAM AS VESPAS.	lcare eture pugeje. Ekodure pugeje jii.. Etaregodure mekugoe etae..\nlcare eidore ei pugeje ji... lcare ere etagedudo. Egore Ro pegareboe tagi karegao, ako pegareboe tagi karegao. Ure boe ewidoboe tagi karegao. Ure boe ewogwadoboe tagi karegao. Mekugoe tagireo. Tare boe ekowuje, mare takare boe ewido. Tagogori raikare jamedu.\nEgore Raru kuru jire tagogwagere, bai kuru jire tagogwagere.\nEgore Ia.. ia ...ia... ! Tudu tabo toro boeto.	Os gêmeos foram embora de novo. Andaram bastante e chegaram ao lugar das abelhas mamangaba “mekugoe”. Flecharam-nas e acabaram com elas, dizendo: - Vocês não podem ser malfeitoras. Vocês não podem matar as pessoas. Vocês são as abelhas mamangabas. Quando vocês ferrarem os Bororo, vocês não vão matá-los. Também a dor de seu ferrão não vai durar muito tempo.\nE acrescentaram: - Vocês comerão o orvalho das folhas de árvores e de palmeiras.\nElas foram embora lamentando-se: Ia... ia... ia....!	unmatched		
FAC.008	Façanha Bakororogode	facanhaBakororogode.txt	8	4. AMANSAM AS MOSCAS E OS LAMBE-OLHOS .	Icare eture pugeje. Ekodure pugeje jii... Etaregodure rukoe (moscas) etae. Icare eidore ei jii... je. Ere etagedudo taci. Egore ure boe ewidoboe tagi karegao. Ure boe ewogwadoboe tagi karegao. Rukoe tagireo. Boe ku, barogo ku, karo ku jire tagogwagere. Boe bi jire tagogwagere; boe epe, bae eiguru jire tagagwagere.\nEgore Ia... ia... ia... ! Tudu tabo tara boeto.	Foram embora de novo. Depois de muito andar chegaram ao lugar doas moscas. Flecharam nelas e acabaram com elas, dizendo: - Vocês não podem matar as pessoas. Vocês não podem acabar com as pessoas. Vocês são as moscas. Vocês vão se alimentar do sangue das pessoas, dos bichos e dos peixes; vão comer os excrementos e a urina das pessoas.\nAs moscas foram embora para o mato lamentando-se: Ia...ia...ia...!	unmatched		
FAC.009	Façanha Bakororogode	facanhaBakororogode.txt	9	4. AMANSAM AS MOSCAS E OS LAMBE-OLHOS .	Eture pugeje. Ekodure jii... tuiemaru tabo. Etaregodure penoe (lambe-alhos) etae. Eidare ei pugeje, ere ewido pugeje jii.. ..lcare ere etagedudo (eeda kedoda).\nlcare egore ei pugeje: -Ure boe ewidoboe, ure bae ewogwadoboe tagi karegao. Penoe tagirea. Penoe, oinore boe egore tai. Boe eeku pe, boe eeparu pe, jire tagogwagere.\nIcilre egore : - Ia… ia … ia…! Tudu tabo.	Foram embora de novo. Andaram bastante... procurando. Chegaram ao lugar dos lambe-olhos. Atiraram neles e os mataram. Acabaram com eles dizendo: -Vocês não podem matar as pessoas. Vocês não podem acabar com as pessoas. Vocês são os lambe-olhos. Seu nome é assim: lambe-olhos. Vocês comerão laganhas e sujeira do rosto das pessoas.\nEles foram embora lamentando-se: - Ia... ia... ia...!	unmatched		
FAC.010	Façanha Bakororogode	facanhaBakororogode.txt	10	4. AMANSAM AS MOSCAS E OS LAMBE-OLHOS .	Eture pugeje. Ekodure j ii. ..Tuiemaru tabo. Icare eteregodure migimigidoge etae\nlcare ere ewido. Oinore erore ei, ainare erore ei, jii...je. Dukeje icare ere eeda kedodo. Dukeje icare emagore ei: -Ure boe ewidoboe, ure boe ewogwadoboe tagi karegao. Migimigidoge tagireo. Tagenadu paganure tu boei.\nEgore Ia... ia... ia...Tudu tabo.	Partiram de novo. Andaram bastante procurando e chegaram ao lugar dos pernilongos e os mataram. Lutaram muito com eles bastante tempo até que acabaram com eles, dizendo: Vocês não podem matar e acabar com as pessoas. Vocês são os pernilongos. Vocês somente podem picar levemente as pessoas.\nEles foram embora lamentando-se: Ia...ia...ia...!	unmatched		
FAC.011	Façanha Bakororogode	facanhaBakororogode.txt	11	5. AMANSAM AS JIBÓIAS.	Eture pugeje. Etaregodure pogodoge (joboias) etae. Icare ere ewido pugeje. Ere ewido jii... Ere etegedudo ta!. Icare emagore ei: -Ure boe ewidoboe, ure boe ewogwadoboe tagi karegao.\nEgore Ru jire tagogwagere, braeta tae jire tagogwagere. Raru kudare tamugure, kudare taedure. Rore oino tu jeboe tagi karegao. Tamugu paga tabore tamugure, taedu paga tabore taedure. Pogodo, Pogodo, oinore tagiere. Egore Awu coreurema, awu kujagureurema, boe pegagodu, boe okwarigudugodu kejere tare boe eerududo tai, tare boe ewie. Braedu, adugo, kaiamo, romode boei du kaere tare boe eerududo tai.\nlcare etoragudure, egore: -Ia. ..ia. ..ia. ..! Tudu tabo .	Partiram novamente e chegaram ao lugar das jibóias. Foram matando-as até acabar com elas, dizendo: Vocês não podem matar e acabar com os Bororos. E acrescentaram: - Vocês vão comer sapos e rãs. Vocês vão morar por baixo das folhas. Vocês não vão se mexer para um lado e outro. Vocês vão ficar quietas, sossegadas. O nome de vocês é Jibóias. Vocês, as pretas e as vermelhas, vão se deixar ver dos Bororos avisando-os de alguma coisa ruim, de alguma coisa muito perigosa. Quando algum branco, alguma onça pintada, algum inimigo estiverem ameaçando os Bororos, vocês vão se fazer ver deles.\nAí elas choraram e foram embora se lamentando: - Ia...ia...ia...!	unmatched		
FAC.012	Façanha Bakororogode	facanhaBakororogode.txt	12	5. AMANSAM AS JIBÓIAS.	lcare eture pugeje. Ekodure jii... je, tuiemaru tabo. Icare etaregodure icedoge etae pugeje Icare eidore ei pugeje. Eidore jii... je. Ere etagedudo. Egore ure boe ewidoboe, ure boe ewogwadoboe tagi karegao. lcedoge tagíreo. Ru jíre tagogwagere. braetaetae jíre tagogwagere. Raru otokuru, bai otokuru jíre tagogwagere. Raru kudare tamugure, bai kudare tamugure.\nlcare etoragudure: egore: -Ia. ..ia. ..ia. ..! Tudu tabo.	Partiram de novo. Andaram bastante procurando e chegaram ao lugar de uma outra espécie de jibóias. Foram atirando nelas, dizendo: - Vocês não podem matar e acabar com os Bororos. Vocês são as Jibóias “icedoge”. Vocês vão comer sapos e rãs. Vão comer também orvalho de folhas de árvores e de palmeiras. Vocês morarão embaixo das folhas de árvores e de palmeiras.\nAí elas chraram e foram embora se lamentando: - Ia...ia...ia...!	unmatched		
FAC.013	Façanha Bakororogode	facanhaBakororogode.txt	13	6. AMANSAM OS AIJE.	Eture pugeje. Ekodure jii... tuiemaru .tabo goro goro... Icare etaregodure Aijedoge etae. Icare ere ewido pugeje. Icare ere etagedudo. Icare emagore ei. Egore ure boe ewidoboe, ure boe ewogwadoboe tagi karegao. Boe kiogadoge tagi karegao. Aijedoge tagireo.. Mano jire tagogwagere, pora jire tagogwagere. Egore Tamugu paga tabore tamugure, tori paru tada. tamugu paga tabore tamugure nowari paru tada (barro fundo), tamugu paga tabore tamugure kugaru tada, tamugu paga tabore tamugure mano tada, tamugu paga tabore tamugure keo (junco) tada, tamugu paga tabore tamugure nowa tada. Boe pegagodu, boe monogodugodu kaere tadure. Egore ei. Egore Mea okori paru tore tadure. Egore Kidoguru girori paru tore tadure. Nonogo girori paru tore tadure.. Kuje bo akaru paru tore tadure. Pana ako paru tore tadure. Ika ako paru tore tadure. Nabure ako paru tore tadure. Marido bari ako paru tore tadure. Egore oino.\nEgore. -Ia. ..ia. ..ia...!.Tudu tabo .	Partiram novamente. Andaram bastante tempo procurando até que chegaram ao lugar dos “Aijedoge”. Mataram e acabaram com eles, dizendo: Vocês não podem matar as pessoas e acabar com elas. Vocês são coisa ruim. Vocês são os “Aijedoge”. Vocês vão comer caeté e folhas da água. Vocês ficam por aí à toa, no pé dos morros, no barro fundo, na areia, nos caetezais, nos juncais, na tabatinga. Vocês vão aonde tem uma coisa ruim, algo muito triste. Vocês vão no rumo do sabor do fumo, do cheiro da resina e do urucum. Vocês vão no rumo da notícia das penas de mutum, no rumo do som da cabaça dupla “pana” e da trombeta “ika”, no rumo do grito da arara vermelha, no rumo do som da cabacinha ritual. Assim eles falaram. Então os “Aijedoge” foram embora se lamentando: - Ie... ie...ie...!	unmatched		
FAC.014	Façanha Bakororogode	facanhaBakororogode.txt	14	7. AMANSAM AIGUMAS COBRAS	Eture pugeje. Ekodure jii... tuiemaru tabo pugeje. Icare etaregodure kadogwarege (cobras pretas de 1 1/2 m) etae. Ere ewido pugeje. Oinore erore ei! Oinore erore ei! Ere etagedudo taci! Egore ure boe ewidoboe, ure boe ewogwadoboe tagi karegao. Boe kiogadoge tagi karegao. Kodogwarege tagireo. Kadogwarege, oinore tagiere, oinore tagagarure. Boe ewimodewore, boe ewogwamodewore tare boe eerududo tai, tara tadawuje. Raru otokuru jire tagogwagere, bai otokuru jire tagogwagere Egore Ia ia...ia... ! Tudu tabo.	Partiram de novo. Andaram bastante, procurando, e chegaram ao lugar das cobras pretas “kadogwarege”. Mataram-nas com muito trabalho até acabar com elas, dizendo: - Vocês não podem matar as pessoas e acabar com elas. Vocês são bichos ruins. Vocês são as cobras “kadogwarege”. É assim que vocês se chamam. Vocês vão sair e se deixar ver dos Bororos quando alguém vai morrer, quando alguém vai faltar. Vocês vão comer orvalho de folhas de árvores e orvalho de folhas de palmeiras.\nAs cobras foram embora se lamentando: Ia... ia... ia...!	unmatched		
FAC.015	Façanha Bakororogode	facanhaBakororogode.txt	15	7. AMANSAM AIGUMAS COBRAS	Eture pugeje. Ekodure jii... tuiemaru tabo. Etaregodure Tugorekaakadoge etae (cobra pintada de branco e preto). Icare eidore ei pugeje jii je. Ere etagedudo taci! Egore ure boe ewidoboe tagi karegao, ure boe ewogwadoboe tagi karegao.\nEgore Tugorekaakadoge, oinore tagiere, oinore tagagarure, oinore boe egore tai. Egore Tare boe ekowuje (morder), mare tagogori bokware. Moto tadare tanudure, coboje (nos galhos) tanudure. Egore Ru jire tagogwagere, braetaetae jire tagogwagere.\nEgore Ia... ia... ia...! Tudu tabo.	Partiram novamente. Andaram bastante tempo, procurando, e chegaram ao logar das cobras pintadas “Tugore kaakadoge”. Atiraram nelas até acabar com elas, dizendo:\nVocês não podem matar os Bororos. Vocês não podem acabar com eles.\nE acrescentaram: - Vocês se chamam “Tugore kaakadoge”. Assim que as pessoas chamam vocês. Vocês podem morder as pessoas, mas sem doer. Vocês vão dormir dentro da terra ou encima nos galhos. Vocês vão comer sapos e rãs.\nElas foram embora se lamentando: Ia... ia... ia...!	unmatched		
FAC.016	Façanha Bakororogode	facanhaBakororogode.txt	16	7. AMANSAM AIGUMAS COBRAS	Eture pugeje tumeru tabo jii.. Etaregodure Pagedobodoge etae. Ere ewido pugeje. Oinore erore ei... oinore erore ei...! Ere etagedudo taci! Dukeje icare emagore ei, egore: -Ure boe ewidoboe, ure boe ewogwadoboe tagi jkaregao. Pagedobodoge tagireo (cobra cega. Esta é toda branca). Moto tadare tanudure, moto tadare tamedure.. Moto jire tagogwagere, rotokuru jire tagogwagere. Boe ewimodewo kejere tare tadawuje, mare kujagureu; kigadureu karega. Egore Ia... ia... ia... ! Tudu tabo toro boeto, moto to .	Partiram novamente procurando durante muito tempo e chegaram ao lugar das cobras-cegas-brancas “Pagedobodoge”. Mataram-nas mexendo muito com elas e acabaram com elas, dizendo: - Vocês não podem matar e acabar com os Bororos. Vocês são as cobras-cegas, vocês vão dormir e ficar dentro da terra. Vocês vão comer terra e barro. Vocês vão aparecer quando morrer alguém.\nElas foram embora para o mato e para dentro da terra se lamentando: Ia...ia...ia...!	unmatched		
FAC.017	Façanha Bakororogode	facanhaBakororogode.txt	17	8. AMANSAM ALGUNS PEIXES .	Eture pugeje, tuiemaru tabo pugeje. Etaregodure Pawe etae (peixes de rabo vermelho). Ere ewido pugeje jii je. Icare ere etagedudo. Icare emagore ei pugeje, egore: -Ure boe ewidoboe, ure boe ewogwadoboe tagi karegao. Egore. -Tubore eire tagogwagere, apuie eiretagogwagere. Egore Pawe tagireo.\nEgore Ia... ia... ia...!	Partiram de novo, procurando, e chegaram ao lugar dos peixes “pawe” Mataram-nos e acabaram com eles, dizendo: -Vocês não podem matar e acabar com os Bororos.\nE acrescentaram: - Vocês vão comer lambaris e sardinhas. Vocês são os peixes “pawe”.\nEles dizeram: Ia... ia...ia...!	unmatched		
FAC.018	Façanha Bakororogode	facanhaBakororogode.txt	18	9. AMANSAM OS MARIMBONDOS.	Eture pugeje, tuiemaru tabo goro goro... Etaregodure oedoge etae (marimbondos pequenos). Icare ere ewido pugeje. Ere etagedudo taci! Egore ure boe ewidoboe tagi karegao. Ure boe ewogwadoboe tagi karegao.Atuge tagireo. Oedoge tagireo. Tare boe ekowuje, mare tagogori raikare. Raru otokuru, bai otokuru, jire tagogwagere.	Partiram de novo, procurando, e chegaram ao lugar dos marimbondos “oedoge”. Mataram-nos e acabaram com eles, dizendo: - Vocês não podem matar os Bororos. Vocês não podem acabar com eles. Vocês são os marimbondos “oedoge”. Vocês podem ferrar as pessoas , mas a dor não vai durar muito tempo. Vocês vão comer orvalho de folhas de árvores e de folhas de palmeiras.	unmatched		
FAC.019	Façanha Bakororogode	facanhaBakororogode.txt	19	9. AMANSAM OS MARIMBONDOS.	Eture pugeje jii. ...je, tuiemaru tabo. Etaregodure Atuge etae pugeje. Boriagarege etae pugeje. Ere ewido pugeje jii je. Ere etagedudo. Egore:-Ure boe ewidoboe, ure boe ewogwadoboboe tagi karegao. Tare boe ekowuje, mare tagogori raikare, takare boe ewido. Atuge tagireo. Oinore boe egore tai. Raru otokuru jire tagogwagere. Bai otokuru jire tagogwagere.\nEgore Ia... ia... ia...! Tudu tabo.	Partiram de novo, procurando durante muito tempo e chegaram ao lugar dos marimbondos “boriagarege” Mataram-nos até acabar com eles, dizendo: Vocês não podem matar e acabar com os Bororos. Vocês vão ferrar as pessoas, mas a dor não vai durar muito tempo, vocês não vão matar as pessoas. Vocês são os marimbondos. É assim que o povo vai chamar vocês. Vocês vão comer orvalho de folhas de árvores e orvalho de folhas de palmeiras.\nEles foram embora se lamentando: Ia..i...ia...!	unmatched		
FAC.020	Façanha Bakororogode	facanhaBakororogode.txt	20	9. AMANSAM OS MARIMBONDOS.	Eture pugeje jii je. Etaregodure atuge etae pugeje. Bukeakurudojebage etae (marimbondos amarelos). Icare ere ewido pugeje. Oinore erore ei! Ere etagedudo taci! Egore ure boe ewidoboe, ure boe ewogwadoboe tagi karegao. Atuge tagireo. Bukeakurudojebadoge tagireo . Raru otokuru jire tagogwagere, bai otokuru jire tagogwagere.\nEgore Ia... ia ...ia.. .! Tudu tabo.	Partiram de novo e depois de muito tempo chegaram ao lugar dos marimbondos chamados “bukeakurudojebage”(Marimbondoa amareloa). Mataram-nos com muito trabalho e acabaram com eles, dizendo: - Vocês não são seres que matam e acabam com a gente. Vocês são os marimbondos amarelos. Vocês vão comer orvalho de folhas de árvores e orvalho de folhas de palmeiras. Eles foram embora se lamentando: Ia..i...ia...!	unmatched		
FAC.021	Façanha Bakororogode	facanhaBakororogode.txt	21	9. AMANSAM OS MARIMBONDOS.	Eture pugeje...tuiernaru tabo goro goro. Etaregodure atuge etae pugeje. Atuge Boro Padure Eidoro Gajejewuge etae pugeje. Icare erugodure ei. Ere ewido pugeje jii je. Icare ere etagedudo. Dukeje icare ernagore ei pugeje, egore: -Ure boe ewidoboe, ure boe ewogwadoboe tagi karegao. Atuge tagireo. Boro-padure-itoru-kejejewuge tagireo. Tare boe ekowuje, rnare takare boe ewido. Tagogori raikare. Raru otokuru jire tagogwagere, bai otokuru jire tagogwagere.\nEgore Ia.. .ia... ia... ! Tudu tabo.	Partiram de novo, procurando. Chegaram ao lugar de outros marimbondos chamados “Boro-padure-eidoro-kajejewuge” Aí brigaram com eles e os mataram. Acabaram com eles, dizendo: - Vocês não podem matar e acabar com os Bororos.\nVocês são os marimbondos-de-pescoço-branco. Vocês vão ferrar as pessoas, sem matá-las. A dor da sua ferroada não vai durar muito tempo. Vocês vão comer orvalho de folhas de árvores e orvalho de folhas de palmeiras.\nEles foram embora se lamentando: - Ia...ia...ia...!	unmatched		
FAC.022	Façanha Bakororogode	facanhaBakororogode.txt	22	10. AMANSAM AS MUTUCAS.	Icare eture pugeje, tuiernaru tabo pugeje. Etaregodure togwarege (mutucas) etae. Ere ewido. Oinore erore ei! Oinore erore ei! Ere etagedudo taci! Egore ure boe ewidoboe tagi karegao. Ure boe ewogwadoboe tagi karegao. Otogware tagireo. Tare tagododo (ferrar) boei, mare takare boe ewido. Tagenadunure ipo otoji, raru otoji, bai otoji.\nEgore Ia... ia... ia... Eture toro taci boeto.	Partiram de novo, procurando, e chegaram ao lugar das mutucas. Mataram-nas com muita luta e acabaram com elas, dizendo: - Vocês não podem matar os Bororos. Vocês não podem acabar com os Bororos. Vocês são as mutucas. Vocês vão ferrar as pessoas, mas não vão matá-las. Vocês vão comer a seiva das pontas das plantas, das pontas das folhas de árvores e das folhas de palmeiras.\nElas foram embora para o mato se lamentando: Ia... ia... ia...!	unmatched		
FAC.023	Façanha Bakororogode	facanhaBakororogode.txt	23	10. AMANSAM AS MUTUCAS.	Eture pugeje. Ekodure pugeje jii je, tuiemaru tabo. Etaregodure macedoge etae. Ere ewido pugeje. Oinore erore ei! Oinore erore ei! Ere etagedudo taci! Egore ure boe ewidoboe tagi karegao. Ure boe ewogwadoboe tagi karegao. Macedoge tagireo. Tare tagododo boei, mare takare boe ewido. Ipo oto jire tagenadure, bai oto jire tagenadure, raru oto jire tagenadure.\nEgore:-Ia...ia... ia...! Tudu tabo.	Partiram de novo. Novamente andaram muito, procurando. Chegaram ao lugar dos mosquitos “macedoge”. Mataram-nos com muito trabalho e acabaram com eles, dizendo: - Vocês não podem matar os Bororos. Vocês não podem acabar com eles. Vocês são os mosquitos pernilongos. Vocês vão picar as pessoas, mas não vão matá-las.\nVocês vão cheirar as pontas dois paus, e das folhas.\nEles foram embora se lamentando: - Ia... ia... ia...!	unmatched		
FAC.024	Façanha Bakororogode	facanhaBakororogode.txt	24	11. AMANSAM OUTROS MOSQUITOS .	lcare eture pugeje, tuiemaru tabo pugeje. Etaregodure... Kigoridoge (mosquito miudinho, doído) etae. Ere ewido pugeje jii je. Icare ere etagedudo.\nlcare emagore ei, egore: -Ure boe ewidoboe tagi karegao. Ure boe ewogwadoboe tagi karegao. Boe kiogadoge tagí karegao. Egore Kigoridoge, oínore tagiere. Kígoridoge, oínore boe egore tai. Tare tagododo boei, mare takare boe ewido. Tagodo okori biaganure tu je. Egore: Ia… ia... ia...!	Aí partiram de novo, procurando de novo. Chegaram ao lugar dos mosquitos biriguis. Mataram-nos e acabaram com eles, dizendo: - Vocês não podem matar os Bororos. Vocês não podem acabar com eles. Vocês são ruins. E acrescentaram: - Vocês são os chamados mosquitos biriguis. Assim que os Bororos chamam vocês. Vocês picam as pessoas , mas não as matam. A dor de sua picada é leve.\nResponderam: - Ia... ia... ia...!	unmatched		
FAC.025	Façanha Bakororogode	facanhaBakororogode.txt	25	11. AMANSAM OUTROS MOSQUITOS .	Eture pugeje. Ekodo pugeje jíi je. Etaregodure Jugujugudoge(mosquito muito míudo, como poeira, coça) etae. Ere ewido pugeje jíi je. Ere etagedudo\nEgore ure boe ewidoboe tagi karegao, ure boe ewogwadoboe tagi karegao, boe kiogadoge tagi karegao. Jugujugudoge tagireo. Jugujugudoge, oinore boe egore tai. Ipo otoji, raru otoji tagenadure.\nEgore Ia... ia... ia...!.	Partiram de novo. Andaram bastante até chegarem ao lugar de uma variedade de mosquitinhos muito miúdos e doídos. Mataram-nos também e acabaram com eles, dizendo: Vocês não podem matar os Bororo. Vocês não podem acabar com os Bororos.\nVocês não podem ser ruins. Vocês são os mosquitos “jugujugudoge”, assim que os Bororos vão chamar vocês. Vocês vão sugar as pontas dos paus e das folhas.\nResponderam: - Ia... ia... ia...!	unmatched		
FAC.026	Façanha Bakororogode	facanhaBakororogode.txt	26	12. AMANSAM OUTRAS COBRAS	Eture pugeje. Ekodure jii je. Icare etaregodure Ikurue etae. Ere tuwiado ekoda piji, pobo kuda. Icare eerudukare ei. Icare egore Boe kiogadoge tagi karegao. Egore lare tare ewido, iare takare ewido. lkurue tagireo Ure taredo poboto. lcare ekare bito. Icare emagore rekodaji pugeje. Egore Ia are boe ewido, iare akare boe ewido.	Partiram de novo. Andaram bastante e chegaram ao lugar das cobras “ikurue” Elas esconderam-se deles, por isso não puderam vê-las. Então disseram_ Vocês não são nada bons. Algumas pessoas vocês vão matar, outras não. A cobra pulou dentro da água e eles não puderam matá-la. Então falaram de novo atrás dela dizendo: Algum,a vez você vai matar gente, alguma vez não.	unmatched		
FAC.027	Façanha Bakororogode	facanhaBakororogode.txt	27	12. AMANSAM OUTRAS COBRAS	Eture pugeje. Ekodo jii... tuiemaru tabo. Etaregodure nowu Ewo ae. Oinore erore ei! Ere ewído. Jare cinorudo, buture poboto. Egore Boe kioga aki karegano. Ewo akíreno. Iare are boe ewido, iare akare boe ewido. Ruie eire akogwagere, braetaetaedoge eire akogwagere.	Partiram de novo. Andaram procurando e chegaram ao lugar da serpente cascavel\nLutaram com elas e as mataram. Uma delas escapou pulando na água.\nE eles dizeram:- Você não é nada bom. Você é a cascavel. Às vezes você causa a morte, as vezes não. Você vai comer sapos e rãs.	unmatched		
FAC.028	Façanha Bakororogode	facanhaBakororogode.txt	28	12. AMANSAM OUTRAS COBRAS	Eture puge.je. Ekodo jíi je. Nowu tabore icare etaregodure poboto. Etaregodure pobo okwato. Nowu tabore icare ere pobo towuje	Partiram de novo. Andaram bastante, e desta vez chegaram no rio. Hegaram na beira do rio e fizeram a água.	unmatched		
FAC.029	Façanha Bakororogode	facanhaBakororogode.txt	29	12. AMANSAM OUTRAS COBRAS	Icare etuore ika to ekuikace, ure pana to epanace. Nowu uwiere okwa akore panaji. Nowu umanare okwa akore ikaji. Nowu uwiere okwa akore panaji. Dutabore icare ere tudo moto ji , ererugodure, egogodure. Egore 'M 'm 'm 'm. ..\nEre togwa tugu nowu ikato, ere togwa tugu nowu panato puapo.\nNowu ika akore: -Ka ka ka ga ga...kagaga...kagaga\nNowu pana akore: -Ku ku kugugu kugugu kugugu...	Então o pai deles (Tadugo) fez para eles a trombeta “ika” e a cabacinha dupla “pana”. O mais velho tocava a “ika” e o mais novo tocava a “pana”. Batendo o pé no chão eles dançavam e diziam: - ‘M ‘m ‘m ‘m...\nTocavam a “ika” e a “pana”\nA ika: tocava assim: - Ka ka ka ga ga... kagaga... kagaga...\nE a “pana” tocava assim: - Ku ku gugu... kugugu ... kugugu...	unmatched		
FAC.030	Façanha Bakororogode	facanhaBakororogode.txt	30	12. AMANSAM OUTRAS COBRAS	Icare ere ciemagu cuku cuku cuku.\nButore akore ewureji jamedu, akore: Cuku cuku cuku...	Depois dançaram de arrasta-pé Chuku chuku ckuku...\nO chocalho amarrado nos pés deles soava: Chuku chuku ckuku...	unmatched		
FAC.031	Façanha Bakororogode	facanhaBakororogode.txt	31	12. AMANSAM OUTRAS COBRAS	Dukeje icare ere taredo poboto. Ekudure poboce. Icare ererugodure pugeje\nDutabore icare kare epadure pobo kajeje... Epado pobo kajeje ta ta ta ta, nowu ererugodu tonaji, nowu pana ako tonaji, nowu ika ako tonaji, nawu butore kia tonaji.	Em seguida pularam no rio, beberam água e continuaram dançando.\nCom isso os peixes começaram a aparecer por cima da água. Pulavam por cima da água ta ta ta ta! Durante a dança deles, ao som da “ika” da “pana” e do chocalho de unhas.	unmatched		
FAC.032	Façanha Bakororogode	facanhaBakororogode.txt	32	12. AMANSAM OUTRAS COBRAS	Icare ere ciemagu pugeje cuku cuku cuku.\nNonore icare nowu pobo akogodure. Nowu pobo akore. cooo... nowu kare eigoia. Kare egigadure pobo piji baruto. Enure taredo. Ewudure boeki kae, du jire cewu etuo okwagere emeji (na beira do rio, ao lado deles). Nowu etuore tuginoi nono jamedu. Boekarema, adugonure ema. Nowu kare ewudure toro boeki kae, du jire etuo okwagere. Meru pagakare emeji. Akore tugodui emeji. Akore br... br... br... tugodui emeji.\nUrare tugodui emeji .\nAkore Ika ako uiaiga Bakoroia toro (2x)\nAkore Pana ako uiaiga Bakoroia toro. (2x)\nAkore tugodui emeji. Dukeje akogodure: -Br...br..br... Oino.	Depois dançaram novamente de arrasta-pés: chuku ckucu chuku...\nNisso a água começou a fazer barulho, choooo...., por causa dos peixes que pulava da água em grande quantidade. Os peixes pulavam e caiam no seco e o pai (dos gêmeos) ia comendo esses peixes ao lado deles. Mas não ia andando à toa. Ia rugindo ao lado deles : - Br... b... br....\nTambém, cantava, indo ao lado deles, dizendo:\nBakororo vai lá tocando a “ika” (2x)\nBakororo vai lá tocando a “pana” (2x)\nDepois rugia assim: - Br... br... br...	unmatched		
FAC.033	Façanha Bakororogode	facanhaBakororogode.txt	33	12. AMANSAM OUTRAS COBRAS	Nowu orere tugana uia mugudo (arquearam os braços), du ureorere nowu pobo uia mugure tu tu tu je. Nowu orere tudo moto ji (dançavam), poboji, ika tabo, pana tabo, du tonajire nowu kare epadu epadure pobo kajeje.	Da maneira como os filhos dele arqueavam os braços, o rio se curvava também. Enquanto os filhos dele batiam os pés no chão e na água tocando a “ika” e a “pana”. Enquanto isso, os peixes iam pulando por cima da água.	unmatched		
FAC.034	Façanha Bakororogode	facanhaBakororogode.txt	34	12. AMANSAM OUTRAS COBRAS	Ere ciemagu cuku cuku cuku du tabore nowu pobo akogodure cooo... Kare epado pobo kajeje, ewudure toro boeki keje, du jire nowu etuo okwagere. Uragodure nowu tugeroiaroguji jamedu.	Enquanto eles dançavam de arrasta-pés chuku chuku chuku, a água fazia barulho, e por cima dela pulavam os peixes que caiam no seco e o pai (dos gêmios os comia, cantando seu canto.	unmatched		
FAC.035	Façanha Bakororogode	facanhaBakororogode.txt	35	12. AMANSAM OUTRAS COBRAS	Icare etaregudre Mace Mikureu (garça) ae. Ererugo- dure ika tabo, pana tabo, du kejere nowu macerogu pagudure, akore: -Ao! -Ao! -Ao! Oino .\nDu jire nowu etuo makore pugeje . Akore Macerice pagudu okwaiare Bakororo awara bukorire.	Por fim chegaram ao lugar da garça baguari, e quando dançaram tocando a “ika” e a “pana”, a garça ficou com medo e gritou: Ao! Ao! Ao!.\nAí o pai deles disse: - A garça ficou com medo na estrada de Bakororo!	unmatched		
FAC.036	Façanha Bakororogode	facanhaBakororogode.txt	36	12. AMANSAM OUTRAS COBRAS	Icare eture pugeje, ciemagu tabo cuku cuku cuku. Nowu kare epado pobo kajeje jaa! Toro boeki kae, nowu etuo ukeje.\nIcare etaregodure Makao ae. Ere tudo moto ji ika tabo, pana tabo pugeje. Dukeje icare nowu makaorogu pagudure pugeje, akore: Kawa kawa kawa! Kawa kawa kawa! Taiwo tabo ei..\nIcare nowu etuo akore: -Makarece pagudu okwaiare Bakororo awara bukorire.	Partiram de novo, dançando de arrasta-pés: chucu chucu chucu\nOs peixes pulavam para fora da água lá para o seco para o pai deles comer.\nAí chegaram ao lugar do macauã e quando eles começaram a dançar com a “ika” e com a “pana” o macauã ficou com medo e gritou: Kauá kauá kauá! Kauá kauá, kauá! Olhando para eles. Então o pai deles disse: - O macauã ficou com medo na estrada de Bakororo.	unmatched		
FAC.037	Façanha Bakororogode	facanhaBakororogode.txt	37	12. AMANSAM OUTRAS COBRAS	Eture pugeje, ciemagu tabo pugeje cuku cuku cuku. Nowu etuo kodure nono emeji. Icare etaregodure Barugi ae. Akore:- Kui! Kui! ...Kui kui! Akore taiwo tabo ei. Icai ererugodui ika taboduji, pana taboduji akoino tubagudu koia. Icare nowu etuo makore pugeje. Akore Barugumarece pagudu oce Bakororo awara bukorire.\nIcare eture pugeje, ciemagu tabo pugeje cuku cuku cuku. Pobo akore cooo...	Partiram de novo dançando de arrasta-pés: chucu chucu chucu. O pai ia al lado deles. Aí chegaram ao lugar do gaviãozinho “Barugi”. O gavião, ao vê-los dançar com a “ika” e com a “pana”, gritou de medo: :- Kui! Kui! ...Kui kui!\nAí o pei deles falou novamente, dizendo: - O gavião ficou com medo na estrada de Bakororo.	unmatched		
FAC.038	Façanha Bakororogode	facanhaBakororogode.txt	38	12. AMANSAM OUTRAS COBRAS	Icare eture pugeje, ciemagu tabo pugeje cuku cuku cuku... Pobo akore cooo... Nonore icare nowu ore etaregodure pobo okwato. Eiore toro tuiaoto gu….Nowu ika, pana ako, butore kia arudugodure toro gu…	Partiram de novo dançando de arrasta-pes: chucu chucu chucu...A água fazia um grande barulho. Aí os gêmeos chegaram na beira da água e foram descendo lá para seu lugar. O som da “ika” e da “pana” e o barulho do chocalho de unhas foram diminuindo...	unmatched		
FAC.039	Façanha Bakororogode	facanhaBakororogode.txt	39	12. AMANSAM OUTRAS COBRAS	Icare nowu etuo kodure eregodaji nowu eiao okwato. Rore oino, rore oino, rore oino! Dukeje icare makore pugeje, pudumi remawu, pudui pugeje, o jokugudunure, tuduwo toro eregodaji. Icare akore Airece pagudu oce Bakororo awara bukorire.	Então o pai foi atrás até a beirada do lugar deles. Resistiu bastante e por fim falou de novo referindo-se a si mesmo. Estava com medo de ir atrás deles. Então disse: - A onça está com medo de seguir a estrada de Bakororo.	unmatched		
FAC.040	Façanha Bakororogode	facanhaBakororogode.txt	40	14. OS BAKORORODOGE MARCAM O HABITAT E A DIETA ALIMENTAR PARA A ONÇA E DESAPARECEM	Icare nowu ore emagore mato nowu tuoji, egore Ioga, ioga, ituguru kurireu, podoja kurireu, merireboe kurireu, boe okwatorireu bogaire akaiwore, bogaire amerure. Tadare ake atubo ra padure, tadara ake okwa ra padure, tadare ake jugo ra padure, tadare ake jugo ra padure, tadare ake pari ra padure. Egore aema kigoduri kaba. Cewogwanure apiji.	Aí os gêmeos falaram para cá para o pai, dizendo: - Pai, pai, procure as matas, os espinhais, os lugares de capim navalha, os morros bem sujos e cace por lá. Lá encontrará sua comida: ossos de cervo, ossos de raposa, ossos de queixada, e ossos de ema. E acrescentaram: -Não procure os lugares limpos. Nós estamos sumindo de você.	unmatched		
FAC.041	Façanha Bakororogode	facanhaBakororogode.txt	41	15. NÃO SÃO ESTES OS BAKORORODOGE DOS RITUAIS	Cá! Nowu bakororodogere Bororo padukare etai. Nowu Bakororodogere Ke padukare etai. Nowu Bakororodogere ekare eno ba tugu. Ewogware pai, tui oto pa rugadu.	Eis! Estes Bakororodoge não estiveram na aldeia. Eles na fizeram o ritual de Ke. Não fizeram a iniciação dos rapazes. Eles sumiram e acabaram.	unmatched		
BAKD.001	Bakororodoge	bakororodoge.txt	1	1. BIRIMODO CASTIGA O ADULTÉRIO DA SUA MULHER	Birimodo apore Arogiareudo mugure.\nDutabore icare nowu oreduje Arogiareudo meardae pegagodure..\nDutabore icare makore tonaregeduji.\nAkore Imedu. imedu! Akore Pameruwo!\nDutabore icare emerure.	Birimodo estava casado com Arogiareudo.\nUm dia Arogiareudo teve uma idéia ruim.\nChamou seu filho pequeno e lhe disse: Vamos caçar (frutas).\nE foram andando.	unmatched		
BAKD.002	Bakororodoge	bakororodoge.txt	2	1. BIRIMODO CASTIGA O ADULTÉRIO DA SUA MULHER	Kodure jii je. Dutabore icare aregodure ia imedu uiato . Nowu imedu iere Butoregadu. Oinore nowu imedu iere.\nIcare nowu imedure todomo nowu Arogiareudoji.\nAkore akaregodure?\nNowu Arogiareudo akore U! Itaregodure.\nNowu Butoregadu akore Iwogaina aroino?\nNowu Arogiareudo akore U! Awogaire iroino. Awuia ake bogaire iroino	Depois de muito andar, ela chegou no lugar de um homem. O homem se chamava Butoregado. Èra assim que esse homem se chamava.\nEntão o homem comprimentou Arogiareudo dizendo: Você chegou?\nArogiareudo respondeu: Sim! Eu cheguei.\nButoregadu perguntou: Foi por mim que você veio?\nArogiareudo respondeu: Sim! Eu vim por você . E por sua comida.	unmatched		
BAKD.003	Bakororodoge	bakororodoge.txt	3	1. BIRIMODO CASTIGA O ADULTÉRIO DA SUA MULHER	Butoregadu akore uu! Ikerogu reo, mare pawo pawu jao.\nArogiareudo akore uu! Pamode pawu rugadu. Akore Kaiba?\nAkore U! Woe. Woe awu i paru rugadu.\nButoregadu akore U! Ema rugadu.	Butoregadu disse: Sim aqui minha comida,mas vamos deitar um pouco.\nArogiareudo respondeu: Sim vamos deitar mesmo. Onde? Aqui. Aqui a pé desta árvore mesmo.\nButoregadu respondeu: -Sim! Isso mesmo..	unmatched		
BAKD.004	Bakororodoge	bakororodoge.txt	4	1. BIRIMODO CASTIGA O ADULTÉRIO DA SUA MULHER	Unure barigu boeto. Boe pegareugere areme remage. Dukodire oinodu akedukare oino. Ere nono tureore rugadu.\nNowu Butoregodu uwo tubera to. tobo to nowu i paruji, du keje nowu kurodureboe rowo po! moto kae. du bogaire aidure uwo tuwu nowu kurodureboe i paru. Kocare ure bu nowu i paru.	Ela o jogou na perdição. As mulheres são gente ruim. E isso não acabou ainda. Elas são sempre as mesmas. Ela colocou o parceiro contra a árvore para que ele fizesse cair no chão as frutas que ela queria.	unmatched		
BAKD.005	Bakororodoge	bakororodoge.txt	5	1. BIRIMODO CASTIGA O ADULTÉRIO DA SUA MULHER	Icare emaragodure jii. Icare ure to nowu i paruji tbr tbr tbr tbr.\nDukeje nowu kurodu buture buru buru buru...	Ficaram aí muito tempo. Ele batia na ávore e as frutas iam caindo.	unmatched		
BAKD.006	Bakororodoge	bakororodoge.txt	6	1. BIRIMODO CASTIGA O ADULTÉRIO DA SUA MULHER	Du pijire icare onaregedu rekodure. Kodo jii bato. Kodo jii tuo ae. Akore Ioga, ioga! Imedure tugeragu imugaji!\nMakokare.\nIcare makogodu pemegare ji pugeje. Akore Ioga, ioga! inagore imeduie tugeragu imugaji.\nIcare akore : - Inoba akagore, imedu?\nAkore Inagore imeduie tugeragu imugaji.\nNowu uo akore:- O!\nNowu onaregedu akore Oinore inagore.	Aí o menino correu para a aldeia a onde estava seu pai e disse-lhe:\n- Meu pai, meu pai! Um homem pegou a minha mãe!\nO Pai não falou nada.\nEntão o menino falou de novo mais claro: - Meu pai, meu pai, eu falei que um homem pegou a minha mãe!\nEntão o pai perguntou: - O que você falou, filho?\nEle respondeu: - Eu disse que um homem pegou a minha mãe!\nO pai disse: - Oh!\nE o filho: - Foi assim que eu falei.	unmatched		
BAKD.007	Bakororodoge	bakororodoge.txt	7	1. BIRIMODO CASTIGA O ADULTÉRIO DA SUA MULHER	Icare nowu uore turagojedo. Ure tugeragu to joto tudugo tabo tuwaiga tabo. Icare uture.\nAkore Marigu, imedu!\nIcare kodure apo jii. Icare ure tuwuredo. Biapagare tu ...Ure tbr! Ure tbr! Nowu onaregedu akore: -Icá! Emare akore oinono.	Aí o pai levantou-se, pegou seu bastão com suas flechas e seu arco e foi embora.\nDisse: - Vamos, filho!\nFoi com ele até que se deteve e escutou o barulho.\nO filho disse: - Eis! Ele está falando aí.	unmatched		
BAKD.008	Bakororodoge	bakororodoge.txt	8	1. BIRIMODO CASTIGA O ADULTÉRIO DA SUA MULHER	Icare nowu uo uture ae. Kodo kuri Aiwore tu ...Joku buture ewugeje ta! Jorudure Butoregaduji, jorudure nowu toredujeji. Ure pera to nowu iji tbr! du kejere nowu kurodu buture moto keje br br br br br je.	O pai dirigiu-se rapidamente para lá e de repente viu os dois: Butoregadu com a sua mulher. Ele batia com as costas na árvore e as frutas caiam.	unmatched		
BAKD.009	Bakororodoge	bakororodoge.txt	9	1. BIRIMODO CASTIGA O ADULTÉRIO DA SUA MULHER	Icare kodo kuri ae, nowu Butoregadu ae.\nButoregadu emare roino nowu Birimodo oreduje Arogiareudoji. Icare ure tuwuredo tu. Nowu Birimodore tugeragu taci! tudugo butuieji, ure tuwu tu keje pe!	(Birimodo) dirigiu-se logo no rumo de Butoregadu. Era Butoregadu que estava mexendo com a mulher de Birimodo.\nAproximou-se, pegou sua flecha de sangrar a puxou.	unmatched		
BAKD.010	Bakororodoge	bakororodoge.txt	10	1. BIRIMODO CASTIGA O ADULTÉRIO DA SUA MULHER	Tugo jore icoruto pa! Akore akijoru towu reno!\nUre tugo to jura boa oiado. Akore aiura towu reno!\nUre tugo to jura pera oiado. Akore : - Aiura towu reno!	A flecha atingiu o ombro dele e ele disse: - Esta é para seu ombro!\nBateu outra flecha nas costelas e disse: - Esta é para suas costelas!\nBateu uma por baixo das costelas dele e disse: - Esta é para sua costela!	unmatched		
BAKD.011	Bakororodoge	bakororodoge.txt	11	1. BIRIMODO CASTIGA O ADULTÉRIO DA SUA MULHER	Ure tugeragu cai! tudugoji pugeje, ure tugo to kugajeje taci! Akore akugajejewu reno.\nUre tugo to riboato pa! (Na nádega). Akore ariboa towu reno.\nUre tugo to bupona to pa! (músculo). Akore awurema awubona gajejewu reno!	Pegou outro maço de flechas, bateu uma no estômago e disse: - Esta é para seu estômago!\nBateu uma flecha na nádega dele e disse: - Esta é para sua nádega!\nBateu outra flecha na perna dele e disse: - Esta é para atravessar sua perna!	unmatched		
BAKD.012	Bakororodoge	bakororodoge.txt	12	1. BIRIMODO CASTIGA O ADULTÉRIO DA SUA MULHER	Ure tugeragu tudogoji ta! ure to koboato (no pescoço) Pa! Akore:\n- Akoboatowu reno!\nUre tugeragu tudugoji ta! Ure to uwajiku oiado 'jigi'! Akore awurema awajiku towu reno!\nUre tugeragu tudugoji ta! Ure to orebaru gajeje (por baixo do braço) taci! Akore. - Awurema, akiwa poru towu reno.	Pegou uma outra flecha e a atirou no pescoço dele dizendo: - Esta\né para o seu pescoço.\nPegou uma outra e lanço na coronária dele dizendo: esta é para a sua coronária.\nPegou uma outra e atirou-a na axila dele dizendo: esta é para acabar com sua vida.	unmatched		
BAKD.013	Bakororodoge	bakororodoge.txt	13	1. BIRIMODO CASTIGA O ADULTÉRIO DA SUA MULHER	Dukeje icare nowu Butoregadu bire, iera rore nowu toreduje piji taci! tuwi tabo.	Depois disso Butoregadu morreu e ao morrer seu braços desprenderam-se da mulher.	unmatched		
BAKD.014	Bakororodoge	bakororodoge.txt	14	1. BIRIMODO CASTIGA O ADULTÉRIO DA SUA MULHER	Dukeje nowu Arogiareudore turagojedo taci! Ure todomo nowu toredu Birimodo kajeje tuku!\nAkore Paduwo!\nIcare uture apo.\nNowu Birimodore todoguru barigu. Nowu Arogiareudore tugera raido nowu otoguru otogajeje. Akore 'm! ...Ure togwabi nowu otoguruji.\nOinore rore ji, oinore akore ji! Ure togwabi okwaji, tugodui apo.	Arogiareudo levantou-se rapidamente e abraçou o seu marido Birimodo.\nEle disse: - Vamos embora!\nE foi embora com ele.\nBirimodo cuspiu e Arogiareudo alargou sua mão e pegou a saliva no ar e a levou para seus lábios.\nNo caminho fazia com ele toda classe de mimos e o beijava.	unmatched		
BAKD.015	Bakororodoge	bakororodoge.txt	15	1. BIRIMODO CASTIGA O ADULTÉRIO DA SUA MULHER	Icare aregogodure apo bato. Ure tugudae baado. Icare\nure tumugudo nowu tugudae ba keje. Ure tugeragu to bukidaguruji. Icare ure ikudo ure ikudo. Icare ure remagu tuganaji. Kodo mai. Ure ikudo pugeje. Ure beragu reko ji pugeje, ure iado.	Chegando em casa, ele estendeu sua esteira e sentou-se nela. Pegou sua embira e começou a trançar corda. Depois mediu a corda no braço e viu que ainda faltava. Trançou mais. Depois passo breu na corda até deixa-la pronta.	unmatched		
BAKD.016	Bakororodoge	bakororodoge.txt	16	1. BIRIMODO CASTIGA O ADULTÉRIO DA SUA MULHER	Ure iku gogudo awu tugerako boiadawu kajeje, icare ure tuwu nowu toreduje Arogiareudo apo, ure tugera upodo apo. Icare ure unududo. Biapagare ji, biapagare ji, biapagare ji, icare unudure rugadu.	Amarrou a corda no dedo médio de sua mão e depois deitou-se com sua mulher Arogiareudo, colocando o braço por baixo do pescoço dela.\nDepois esperou que ela dormisse. Esperou, esperou, esperou, até que dormiu mesmo.	unmatched		
BAKD.017	Bakororodoge	bakororodoge.txt	17	1. BIRIMODO CASTIGA O ADULTÉRIO DA SUA MULHER	Akurure toro boeto tunu tabo, du kejere icare ure tugana ta ao piji, ure cewu bukigu bekuru ure bu pugajeje, ure tumugudo keje gr ... tuku! je. Nowu oreduje roiwakare tuwo ake tawuje. Ure tumegido, ure ceno jodo,ure tugana raido, ure tubogora raido, ure tube torido, du keje icare rore tuuu. Ca! Ure cinogido gu tuku!\nCa! Bire rugadu tuku!	Quando estava sumida no sono, retirou a mão da cabeça dela, amarrou a corda o puxou rápido. A mulher perdeu a respiração, inclinou a cabeça, esticou os braços, esticou as pernas, depois encolheu o tronco, mexeu-se de novo e ficou estendida. Morreu mesmo.	unmatched		
BAKD.018	Bakororodoge	bakororodoge.txt	18	1. BIRIMODO CASTIGA O ADULTÉRIO DA SUA MULHER	Dukejere icare ure nowu bukigu kiwuje itoru piji. Icare ure pado pemegado.\nIcare ure bakaru reko tuiaroe ewogai, tuiaroe okwaru bogai, tuiaroe enokuri bogai, tuiaroe jerego bogai, tuiaroe bokodori bogai, tuiaroe imeduga bogai, tuiaroe iturawore bogai, tuiaroe botowe bogai.	Em seguida ele soltou a corda do pescoço dela e a colocou direito.\nDepois mandou chamar os seus súditos os tatus, os tatu-peba (okwaru) os tatu-bola (enokuri), os tatu-lisos(jerego) os tatu-canastra (bokodori), os tatu-bola-da-floresta (iturawore), os tatu- da-floresta (iturawore), os tatu-bola (botowe).	unmatched		
BAKD.019	Bakororodoge	bakororodoge.txt	19	1. BIRIMODO CASTIGA O ADULTÉRIO DA SUA MULHER	Ure bakaru reko tuiaroe aogobodoge, ewogai, tuiaroe aonagarege ewogai.	Mandou chamar também as formigas da mata (aogobodoge) e do cerrado (aonagarege).	unmatched		
BAKD.020	Bakororodoge	bakororodoge.txt	20	1. BIRIMODO CASTIGA O ADULTÉRIO DA SUA MULHER	Aregodure boetojiwure aogobodoge remage, aonagarege remage. Nowugere etaregodure boetoji nowu Birimodo ae.	As premeiras a chegar foram as formigas da mata e as do cerrado.\nEssas foram as primeira que chegaram a onde estava Birimodo.	unmatched		
BAKD.021	Bakororodoge	bakororodoge.txt	21	1. BIRIMODO CASTIGA O ADULTÉRIO DA SUA MULHER	Ere tugera tugu moto to . Eroiwakare tuwo motoiado. Eroiwakare tuwo moto rutuwo baruto. Icare Birimodore etudo.	Elas cavaram o chão com a mão, mas não deram conta de abrir buraco porque não podiam jogar a terra para cima. Então Birimodo as mandou embora.	unmatched		
BAKD.022	Bakororodoge	bakororodoge.txt	22	1. BIRIMODO CASTIGA O ADULTÉRIO DA SUA MULHER	Makore nowu tuiaroe barege ewogai pugeje.\nIcare etaregodure. Nowugere icare ere tugera tugu moto to rugadu, ere motoiado rugadu	Chamou então os bichos (os tatus) e eles chegaram. Aí eles cavaram a terra com as mãos e fizeram o buraco mesmo.	unmatched		
BAKD.023	Bakororodoge	bakororodoge.txt	23	1. BIRIMODO CASTIGA O ADULTÉRIO DA SUA MULHER	Icare ere iado.Icare ere nowu oreduje Arogiareudo barigu toro nowu motoiato tuku!. Ere moto bu keje. Ere nowu ukudawu kodo, ukudawu beto bu aoji, ere tumugudo aogeje. Icare Birimodo etudo pugeje, taci toro pugeje.	Quando terminaram, colocaram logo o corpo da mulher Arogiareudo no buraco e por cima jogaram terra. Sobre a terra estenderam a esteira de babaçu e a esteira de seda de buriti que eram da finada e sentaram-se encima. Logo depois Birimodo mandou-os logo embora.	unmatched		
BAKD.024	Bakororodoge	bakororodoge.txt	24	2. O FILHO VINGA A MORTE DA MÃE	Dukeje icare nowu Birimodo onaregedu aregodure.\nAkore Ioga, kaiba imuga kodure?\nAkore Uto jerigi kae.\nAkore Ioga, kaiba imuga kodure?\nAkore Uto poboto.\nAkore Ioga, kaiba imuga kodure?\nAkore Uto boeto.\nAkore Ioga, kaiba imuga kodure?\nAkore Rore oino.\nAkore Ioga, kaiba imuga kodure?\nAkore Kodo woje.	Depois disso chegou o filho de Birimodo. E começou a perguntar com insistência:\nPai, para onde foi a mamãe?\nEle dava sempre uma resposta evasiva:\nFoi buscar lenha.\nFoi no rio.\nFoi no mato.\nFoi fazer tal coisa.\nFoi ali.	unmatched		
BAKD.025	Bakororodoge	bakororodoge.txt	25	2. O FILHO VINGA A MORTE DA MÃE	Dukeje icare makogodure nowu toreduje metagoji. Metago iere Kuogori Pijiwudo (Bok. Ec. Ceb.)\nAkore Pawo paebu.\nAkore akarodunure, akogwarigodunure!.\nIcare ure tuiebu apo.	Então ele falou para sua segunda mulher chamada Kuogori Pijiwudo e lhe disse: vamos sair.\nEla disse – Você está ruim, você esta mal.\nE saiu (da casa) com ele.	unmatched		
BAKD.026	Bakororodoge	bakororodoge.txt	26	2. O FILHO VINGA A MORTE DA MÃE	Akore arego iwaiga kae.\nNowu oredujere turemo toro bogai. Ure tugeragu ji, nowu toredu uwaigaji. Ure kidoguru tugu to, jameduto tuku. Icare ure kiogoagiri tugu to pugeje tuku. Ure tugeragu uwaiga otojiwuji (kiogoaro). Ure tugeragu uwaiga aokejewuji (kiogoaro). Ure mugudo nowu uwaiga ao keje. Icare ure tuiebu tabo. Kodo kuri tabo nowu toredu Birimodo ae.	Depois ele disse: - Vai trazer o meu arco. A mulher entrou para buscá-lo. Ela pegou o arco do seu marido. Passou resina em todo ele e depois o cobriu de penugem branca. Pegou enfeite próprio da ponta do arco e o colocou na ponta dele. Saiu com ele e o levou rapidamente para o seu marido Birimodo.	unmatched		
BAKD.027	Bakororodoge	bakororodoge.txt	27	2. O FILHO VINGA A MORTE DA MÃE	Mare iekare Birimodo. Icare nowu inodu koiare icare iere Birimodo, nowu kae. Boetojire iere Kitoria. Icare nowu inodu kaere icare iere Birimodo. Nowu inodu koiare icare Bakororo rema. Kodi icare iere Birimodo. Birimodo oino karega, Biri Motu, oino. Macare ere pemegado, ic:are egore Birimodo, awu inodu kae.	Mas ele não se chamava Birimodo. Foi nesta ocasião que começou a se chamar Birimodo. Antes ele se chamava Kitoria. Depois por causa deste acontecimento ele se chama Birimodo. Por isso que ele é Bakororo. Por isso ele se chama Birimodo. Birimodo não, Biri Motu (Pele Bonita), era assim, mas depois arrumaram o nome dizendo: Birimodo. Em lembrança disso.	unmatched		
BAKD.028	Bakororodoge	bakororodoge.txt	28	2. O FILHO VINGA A MORTE DA MÃE	Icare nowu onaregedu. oinore akore toro bai tada taragudu tabo! Nowu tuje bogai! Dukeje icare aregodure. Je pado ...taci! .baiporoji toragudu tabo.\nMare boekare ema pugeje: Kiogorogunure ema. Kiogorogu motureunure ema pugeje. Dutabore ure tuiebu.	Aí o filho começou a chorar muito, procurando sua mãe. Depois veio para fora e apareceu na porta chorando.\nMas ele não era mais gente. Era um passarinho. Tinha-se convertido em um lindo passarinho. Foi dessa forma que ele saiu.	unmatched		
BAKD.029	Bakororodoge	bakororodoge.txt	29	2. O FILHO VINGA A MORTE DA MÃE	Akore E ...coko! Tui tuiebu du tabo. Ure taiado nowu tuoji. Ure tumugudu kuri pa! nowu tuwaiga ao kejewu aogeje kuri pa! Akore nowu tagoiaji pugeje. Akore E ...coko!... Tui tumugudo du tabo. Dutabore icare pegodure. Pe buture kuri pa! uo kanaora keje.	Saiu gritando assim: E...choco! Voou ao redor do pai e logo sentou encima do enfeite da ponta do arco. Ao sentar continuou gritando: E...choco!... Aí ele defecou e o esterco foi cai sobre o ombro do pai.	unmatched		
BAKD.030	Bakororodoge	bakororodoge.txt	30	2. O FILHO VINGA A MORTE DA MÃE	Ukare tu je (logo ele fala). Akore Kabi! Nowu toreduje rnetago Kuogori Pijiwudo jire akoino.\nUre kabi ta! Ure tudo nono tureore gu tuku! Makogodure nowu toredujeji pugeje. Akore Kabi! Ure kabi ta! Akore kabi!\nUre kabi ta!\nUre tudo nono tureore pugeje.\nAkore Kabi!	Logo ele falou para sua mulher Kuogori Pijiwudo: - Limpe!\nEla limpou rápido, mas a mancha apareceu como antes.\nFalou de novo para a mulher: - Limpe!\nEla limpou logo. Mas a mancha apareceu como antes.\nEle disse: - Limpe!	unmatched		
BAKD.031	Bakororodoge	bakororodoge.txt	31	2. O FILHO VINGA A MORTE DA MÃE	Dukeje icare roiwakare pugeje.\nIc:are okituware nowu toredujeji. Akore aroiwado akabo! Akago iwado akabo! Akore Iwoganure apiji, rnare awiapaga paganure tu tu ...rneri jogodu tabo ...\nMako urugadu.	Ai ela não deu conta mais.\nEntão ele aconselhou sua mulher dizendo: Cuide de você mesma.\nEu estou sumindo de você, mas fique esperando... quando for meia tarde...\nE não falou mais.	unmatched		
BAKD.032	Bakororodoge	bakororodoge.txt	32	2. O FILHO VINGA A MORTE DA MÃE	Dukeje icare okware rnototo, rore rnototo gu gu gu du tabo, du tonaji nowu i ricodure baruto. I kurigodure jamedu gu gu gu ..\nDukeje icare nowu Birimodo okware moto to paci. Nowu i rorire joki rugadu (cobriu-o mesmo). Okware moto to . Nowu i rakojere bukeje tuku!	Depois ele sumiu dentro da terra. Ele ia sumindo na terra e ao mesmo tempo a árvore ia crescendo. Quando a árvore já estava grande, Birimodo sumiu dentro da terra. A árvore o cobriu mesmo. Ele sumiu na terra e a árvore ficou em pé por cima dele.	unmatched		
BAKD.033	Bakororodoge	bakororodoge.txt	33	3. BIRIMODO VOLTA TRANSFORMADO EM BAKORORO	Icare okware toro! Icare boe maegodure joki. Dukeje icare boe pegagodure. Boe monogodugodure.	Sumiu para lá! Passou muito tempo. Aí a coisa ficou ruim. Ficou feio mesmo.	unmatched		
BAKD.034	Bakororodoge	bakororodoge.txt	34	3. BIRIMODO VOLTA TRANSFORMADO EM BAKORORO	Nowu akore meri jetumoduiewo dukeje, nowu oreduje biapagare tu je ma: lka akore ko ko gogo ..kogogo kogogo! Butore akore cuku cuku! (3v.)	Quando chegou a hora que ele tinha falado, a mulher começou a escutar: - A trombeta tacava: Ko ko gogo... Kogogo! Kogogo! E o chocalho de unhas soava: - Cuku! Chucu! (3x)	unmatched		
BAKD.035	Bakororodoge	bakororodoge.txt	35	3. BIRIMODO VOLTA TRANSFORMADO EM BAKORORO	Aiwore, aiwore, aiwore nowu akoinoboe jaruru paruto, ako paruto. Oino.\nDukeje icare aregodure tuiao okwa kae (saiu do buraco, apareceu da terra).\nOreduje aiwore: A! Aiwore: Moture rugadu! Atugo moture (pintado bonito), biri ekure, atugo core. Icare uture mato, ure ciemagu bororoji cuku cuku cuku! Kodure Ure tuwuredo woe bororo paru keje.\nIcare rekodure ae pobo tabo. Ure kududo. .	Ficou observando no rumo de onde vinha o barulho, e viu que ele estava saindo da terra.\nA mulher observou e viu que ele estava muito bonito. Sua pintura era linda. Sua pele era dourada e tinha pintas pretas. Ele estava vindo dançando de arrasta-pés entrando na praça. Avançou e parou no começo da praça.\nAí ela foi a seu encontro com água e lhe deu a beber.	unmatched		
BAKD.036	Bakororodoge	bakororodoge.txt	36	3. BIRIMODO VOLTA TRANSFORMADO EM BAKORORO	Dukejere icare uwie Akaruio Boroge rekodure ae. Kodure ae, akore Imana, iamana! Aki rugaduna akaregodure?\nAkore Imedu, imedu! Imi rugadu itaregodure.\nNowu uwie Akaruio Boroge akore Kirabodu! Kode! lmana, imana, ikoduwo akabo! Nowu umana Birimodo akore: -Imedu, imedu! Akodukaba itabo! Boe pega tadare iragojere. Boe mono tadare iragojere (estou num lugar triste). Boe arodu tadare iragojere (estou num lugar feio). Boe okwarigudu (ruim) tadare iragojere, tadare imugure, tadare iedure, kodire akodumodukare itabo.\nNowu uwie Akaruio Boroge makokare pugeje.	Depois o irmão mais novo, Akaruio Boroge, correu a onde ele estava. Foi a ele e lhe disse: Meu irmão, meu irmão! Foi você mesmo que chegou?\nEle respondeu: Meu irmão! Meu irmão! Fui eu mesmo que cheguei!\nO irmão mais novo, Akaruio Boroge, disse: - Que coisa! Então, meu irmão, eu vou com você! Birimodo, o mais velho, respondeu: - Meu irmãozinho, não vá comigo! Eu estou um lugar ruim, estou num lugar muito ruim, estou num lugar feio, estou num lugar triste, por isso você não irá comigo.\nO irmão mais novo, Akaruio Boroge, não falou mais nada.	unmatched		
BAKD.037	Bakororodoge	bakororodoge.txt	37	3. BIRIMODO VOLTA TRANSFORMADO EM BAKORORO	Nowu umanare tugana aogado ika tabo, ure togwa tugu to: - ka ..ka ka ka ..ka ga ga ga ..ka ga ga ga ka! tudu tabo. Utunure du tabore akoino.\nBoere toro ika ako rekodaji paci (o barulho da ika vai diminuindo) toro tuiato, toro meri butu kae. Boere butore kia rekodaji paci! toro tuiato. U! Boe makodure rekodaji (ficou triste, silencioso atrás dele)\nOreduje oragudure.	O irmão mais velho levantou o braço com a trombeta e foi embora tocando nela: Ka... ka ka ka... ka ga ga ga... ka ga ga ga.\nO barulho da trombeta foi diminuindo lá para o buraco, lá no rumo do ocidente. Também o barulho do chocalho de unhas ia diminuindo lá para o seu lugar. Até que tudo ficou em silêncio atrás dele.\nA mulher chorava.	unmatched		
BAKD.038	Bakororodoge	bakororodoge.txt	38	3. BIRIMODO VOLTA TRANSFORMADO EM BAKORORO	Icare ia meri keje icare ika ako pado boe kajeje pugeje. Meri jogodu tabo, meri jeture pagudu jitu tabo (3 hs), nowu oreduje biapagare. lka akore: nowu oreduje biapagare: butore kiare.\nIka akore ka ...ka ka ka ka ga gaga ka ga ga,. ka ga ga!\nNowu butore kiare cuku cuku cuku cuku bureji.	Um dia se escutou de novo o barulho da trombeta. Pela meia tarde, a mulher escutou de novo o barulho da trombeta e o som do chocalho de unhas.\nA trombeta tocava: - Ka... ka ka ka ka ga gaga, ka ga ga, ka ga ga!\nE o chocalho soava no pé dele: - Chucu! Chucu! Chcu! Chcu!	unmatched		
BAKD.039	Bakororodoge	bakororodoge.txt	39	3. BIRIMODO VOLTA TRANSFORMADO EM BAKORORO	Nono oreduje akore: -E...ru ruru ruru ru ruru ru ru ruru ru! Akarodunure (está fazendo feio), akogwarigodunure (está fazendo barulho) du kodicare akagore oinono!	A mulher dizia: - E... ru ruru ruru ru ruru ru ru ruru Você está fazendo feio. Você esta tocando assim porque você está ruim, muito ruim!	unmatched		
BAKD.040	Bakororodoge	bakororodoge.txt	40	3. BIRIMODO VOLTA TRANSFORMADO EM BAKORORO	Aregodure, je padure tuiao okwa kae taci! Ure tudo moto ji tuku tuku tuku 'rnhm! 'rnhm! 'rnhm! Ure ciemagu cuku cuku cuku! cewu turagoja kae pugeje.\nNowu oreduje rekodure ae pugeje pobo tabo. Ure kududo poboce.	Ele veio, apareceu do seu logar, batia no chã: Tuku! Tuku, “mhm! ‘mhm! ‘mhm! Foi dançando para frente de arrasta-pé até chegar no seu lugar (no começo da praça).\nA mulher correu a ele com águ! e lhe deu a beber.	unmatched		
BAKD.041	Bakororodoge	bakororodoge.txt	41	4. AKARUIO BOROGE VAI COM O SEU IRMÃO E VIRA ITOBORE	Dukeje cewu uwie Akaruio Boroge aregodo pugeje, kodure ae, akore imana, imana! Aki rugaduna akaregodure?\nAkore U! Imedu, imedu! Imi rugadu itaregodure.\nIcare akore lmana, imana! Ikoduwo akabo! Kodire pana ako akurumode (vai alternar) ika ako jipagi, dure umode turugadu. Mare ika ako ui mito tu je du ukare turugadu.	Depois chegou o irmão mais novo, Akaruio Boroge, e dirigiu-se a ele dizendo: - Meu irmão, meu irmão, foi você mesmo que chegou?\nEle respondeu: - Sim! Meu irmãozinho, fui eu mesmo que cheguei.\nO outro disse: - Meu irmão! Eu quero ir com você! Assim o som da cabaça dupla vai alternar com o som da trombeta e assim será melhor.\nMas a trombeta tocando sozinha não é bom.	unmatched		
BAKD.042	Bakororodoge	bakororodoge.txt	42	4. AKARUIO BOROGE VAI COM O SEU IRMÃO E VIRA ITOBORE	Nonore icare nowu umana Birimodo makokare ji. Ure tugana aogado ika tabo akore rnhm ...'rnhm\nUre togwa tugu nowu ikato: ka. ka ka kagaga (3x).\nNowu butore akore: -cuku cuku cuku toro tuiaoto. Okware toro tuiaoto paci.	Então o irmão mais velho, Birimodo, não respondeu para ele.\nLevantou a mão segurando a trombeta e dizendo “mhm! ‘mhm!\nFoi tocando a trombeta: Ka. ka ka ka gaga!(3x).\nE o chocalho soando: Chucu! Chucu! Lá para seu lugar, até que sumiu.	unmatched		
BAKD.043	Bakororodoge	bakororodoge.txt	43	4. AKARUIO BOROGE VAI COM O SEU IRMÃO E VIRA ITOBORE	Nowu uwie rore rekodaji rugadu taci! Okware toro rekodaji nowu jaoto paci!\nCa! Boere pi tuku! toro eregodaji, eiamedu boe rekodaji.	O irmão mais novo foi mesmo atrás dele e sumiu também atrás lá no lugar dele. Ficou tudo em silêncio atrás deles.	unmatched		
BAKD.044	Bakororodoge	bakororodoge.txt	44	5 .BAKORORO E ITOBORE APARECEM JUNTOS	Icare ia meri keje pugeje. Meri jogodure du kejere (o sol descendo) icare ika ako pado boe kajeje pugeje: ka, ka, ka...!\nPana akore ku, ku, ku!	Dias mais tarde, quando o sol estava descendo, escutou-se de novo o barulho da trombeta: - Ka... ka ka!\nE o som da cabaça dupla: Ku... ku ku!\nIh! ...\nApareceram juntos vindo do seu lugar. Avançaram juntos no rumo da praça e chegando na beira da praça, os dois pararam um ao lado do outro.	unmatched		Portuguese translation is printed as a second unit 44.
BAKD.045	Bakororodoge	bakororodoge.txt	45	I! ...	Nowu oreduje rekodo etae pugeje pobo tabo. Ure pobo jeto enogawji puibiji. Ure ekududo puapo.\nDukeje ere tugana aogado puapo. Ere togwa tugu ikato, panato puapo, cai tudure du tabo. Ewogare toro tuiato paci!	A mulher correu levando água no rumo deles. Pôs água na boca deles e deu de beber aos dois. Depois os dois levantaram as mãos e foram embora tocando a trombeta e a cabaça dupla e sumiram no seu lugar.	unmatched		
BAKD.046	Bakororodoge	bakororodoge.txt	46	6.TUGOKIAREU E AROMERERE REPRESENTAM OS BAKORORODOGE	"Dukeje icare ere turokagado ji pugeje tuwo pemegado woe awu moto keje. Icare ere noidogaki (babaçu seco) kowu. Ere irogodu (carvão) tugu kidoguruto. Icare ere tugeragu onaregeduji. Onaregedu Tugokiareuji (Bok. Ec) ""Badojeba Tugokiareu"" oinore iere. Ere tugeragu uwieji, uwie ""Badojeba Aromerereji (Bok. Ec). Ere Bakororo atugo tugu Badojeba Tugokiareuji. Ere Itobore akiri tugu uwie Aromerereji. Birimodore tadugo tugu Badojeba Tugokiareuji."	Depois os Bororos experimentaram para fazer a representação aqui na terra. Queimaram pecíolos secos de babaçu e misturaram o carvão com ressina . Depois pegaram o filho, chamado Badojeba Tugokiareu (Bok. Ec.), pegaram também o irmão mais novo, chamado Badojeba Aromerere (Bok. Ec.). Desenharam a pintura de Bakororo no Badojeba Tugokiareu e grudaram a penugem de Itobore no Badojeba Aromerere.Birimodo pôs sua pintura no Badojeba Tugokiareu.	unmatched		
BAKD.047	Bakororodoge	bakororodoge.txt	47	6.TUGOKIAREU E AROMERERE REPRESENTAM OS BAKORORODOGE	Icare ere eiado. Dukeje icare boe ewarudure (mudaram de lugar) etododai (diante dos novos Bakororodoge).\nEkodure. Ere baado. Ere Bororo bu, ere bai mugudo etogi, ewogai (para Tugokiareu e Aromerere).	Quando acabaram (de arrumá-los), os Bororo se mudaram para outro lugar (para lá esperar os novos Bakororodoge).\nForam e acamparam. Fizeram a praça e construíram as casas para a chegada deles, para eles (para a chegada de Tugokiareu e Aromerere).	unmatched		
BAKD.048	Bakororodoge	bakororodoge.txt	48	6.TUGOKIAREU E AROMERERE REPRESENTAM OS BAKORORODOGE	Icare eedure. Ewiapagare. Dukeje icare etaregodure pugeje (Tugokiareu mare Aromerere).\nEwiapagare: lka akore ka ka ka ga gag!\nPana akore ku ku ku!\nButore kiare ewureji: - cuku cuku cuku!	Aí ficaram. Esperaram até que eles chegaram (Tugokiareu e Aromerere).\nEscutaram a trombeta tocar: Ka ka ka ga gag! E a cabaça dupla soar_ Ku ku ku!... e o chocalho de unhas soava nos pés deles: - Chucu chucu chucu!...	unmatched		
BAKD.049	Bakororodoge	bakororodoge.txt	49	6.TUGOKIAREU E AROMERERE REPRESENTAM OS BAKORORODOGE	Ee padure bororo okwa kae ..ta! Ererugodure. nono pugeje.\nA! ...Ere ciemagu pugeje cuku cuku cuku!.\nBakororo (Tugokiareu) kodure Ecerae eiaogwai ciemagudu tabo bororoji.\nItobore (Aromerere) kodure tugarege eiaogwai ciemagudu tabo bororoji pu je kae. Eepadure pugajeje Bororo paru keje. Ere tuwuredo pumegi tuku!	Apareceram na beira do pátio! Ali dançaram. Depois dançaram de arrasta-pé: Chucu chucu chucu!\nBakororo (Tugokiareu) ia dançando de asrrast-pés na praça de arrasta-pés do lado dos Ecerae\nE Itobore (Aromerere) ia dançando na praça de arrasta-pés do lado dos Tugarege.	unmatched		
BAKD.050	Bakororodoge	bakororodoge.txt	50	6.TUGOKIAREU E AROMERERE REPRESENTAM OS BAKORORODOGE	Enodowugere erego bato. Enodowu Birimodo, enodowu Akaruio Boroge eigoiare ere erego bato tuwobe etae..	Foram os cunhados deles que os trouxeram para a aldeia. O cunhado Birimodo e o cunhado Akaruio Bororge, para onde o seu povo estava.	unmatched		
BAKD.051	Bakororodoge	bakororodoge.txt	51	7 .CANTO SOBRE OS BAKORORODOGE	lcare eragodure eiogi, egore:- (Birimodo uragodure Tugokiareu joki, Akaruio Boroge uragodure Aromerere joki).	Depois cantaram sobre eles dizendo: (Birimodo canta sobre Tugokiareu e Alaruio Bororge canta sobre Aromerere).	unmatched		Portuguese translation occurs in the second numbered sequence of the song.
BAKD.052	Bakororodoge	bakororodoge.txt	1	7 .CANTO SOBRE OS BAKORORODOGE	Ecera Bakororo aregodure Hi'i ..hi'i...\nEcera Okoge Kudoroe Eiari aregodure Hi'i ..hi'i...\nEcera Okoge Iturawore aregodure Hi'i ..hi'i....	Bakororo chegou Hi'i ..hi'i...\nBokodoroe Eiari chgeu Hi'i ..hi'i...\nOkoge Iturawore chegou Hi'i ..hi'i...	unmatched		Portuguese translation occurs in the second numbered sequence of the song.
BAKD.053	Bakororodoge	bakororodoge.txt	2	7 .CANTO SOBRE OS BAKORORODOGE	Ecera Bakoro imire Hi'i ..hi'i...\nEcera Okoge Cibaiare imire Hi'i ..hi'i...\nEcera Bokodori imire Hi'i ..hi'i...\nEcera Kudoroiari imire Hi'i ..hi'i...\nEcera Iturawore imire Hi'i ..hi'i...	Bakororo sou eu Hi'i ..hi'i...\nOkoge Cibaiari sou eu Hi'i ..hi'i.\nBokodori sou eu Hi'i ..hi'i...\nKudoroeiari sou eu Hi'i ..hi'i.....\nIturawore sou eu Hi'i ..hi'i...	unmatched		Portuguese translation occurs in the second numbered sequence of the song.
BAKD.054	Bakororodoge	bakororodoge.txt	3	7 .CANTO SOBRE OS BAKORORODOGE	Ecera eejaka aregoduia Orowaribo oiaiogire, oiaiogire.\nEcera eejaka ekuruguga aregoduia Orowaribo oiaiogire, oiaiogire.\nEcera eejaka ewuguguma aregoduia Orowaribo oiaiogire, oiaiogire.\nEcera eejaka eparigogo aregoduia Orowaribo oiaiogire, oiaiogire.\nEcera eejaka eiagomema aregoduia Orowaribo oiaoiogire, oiaiogire.\nEcera eejaka enowagoro aregoduia Orowaribo oiaoiogire, oiaiogire.\nEcera eejaka ewudowure aregoduja Orowaribo oiaoiogire, oiaiogire.\nEcera eejaka ewajioje aregoduia Orowaribo oiaoiogire, oiaiogire.	O lugar da chegada do enfeite do finado é no meio da água.\nO lugar da chegada do enfeite do finado é no meio da água.\nO lugar da chegada do enfeite de penas de gavião caracarai é no meio da água.\nO lugar da chegada do enfeite de penas de gavião requinta é no meio da água.\nOlugar da chegada do diadema de penas de arara é no meio da água.\nO lugar da chegada dos alfinetes de penas é no meio da água.\nO lugar da chegada da tabatinga é no meio da água.\nO lugar da chegada do chocalho deles é no meio da água.\nO lugar da chegada do enfeite “wajioje” deles é no meio da água.	unmatched		Portuguese translation occurs in the second numbered sequence of the song.
BAKD.055	Bakororodoge	bakororodoge.txt	52	7 .CANTO SOBRE OS BAKORORODOGE	Nowu Bakororodoge ewugejewu roia reno. Etaregodu kejewu roia reno Nowure padure etaregodu keje tu tu tu jii ..je.\nNonore icare Birimodo orebaru (o braço) aogadodure Birimodo tabo (recebeu o nome).\nNonore icare Akaruio Boroge orebaru aogadodure ie Akaruio tabo.\nNowu umana iere Birimodo, nowu uwie iere Akaruio.	Este é o canto próprio dos Bakororodoge. É o canto para a chegada deles.\nEle fica sempre na chegada deles.\nNessa ocasião o braço de Birimodo é levantado com o nome de Birimodo.\nNessa ocasião o braço de Akaruio Boroge é levantado com o nome de Akaruio.\nO mais velho se chama Birimodo e o mais novo chama-se Akaruio.	unmatched		
BAKD.056	Bakororodoge	bakororodoge.txt	53	8. BAKORO KUDU E AKARUIO BOKODORI REPRESENTAM OS BAKORORODOGE NA FUNÇÃO DE KE (ARCO DE TAQUARA)	Nonore icare Birimodo, Akaruio Boroge ere kado paru kado tuwo ke bu nowu tore ewugeje pugeje. Nonore icare tugaregere tudo pui to akiro tabo, nowu torei, emoduwo, boe eimejeragewo emage.	Ali Birimodo e Akaruio Boroge cortaram taquaras para fazer o enfeite “Ke” e coloca-lo nos seus filhos. Ali os Tugarege se reuniram com os seus presentes para os seus filhos para que ficassem bonitos e fossem chefes.	unmatched		
BAKD.057	Bakororodoge	bakororodoge.txt	54	8. BAKORO KUDU E AKARUIO BOKODORI REPRESENTAM OS BAKORORODOGE NA FUNÇÃO DE KE (ARCO DE TAQUARA)	Ere cugui, kido, ere bito eimoce. Kido akirire Itobore imo rema.\nCugui biri puibiji ei: awu Badojeba Tugokiareu biadawure cugui imedu biri. Nowu uwie Akaruio onaregedu biadawure cugui aredu.\nEigu akirire (a corda), enogwa akirire (beira do couro) Dure meture ewia tada. Nonore icare kidoguru birigodu padure eekeje. Ure puibiji ei. Nonore icare ciwaboe etoiaga okwa baradodure ee keje, meture enogwa tada ekuie rema. Bokodori inogi padure ewugeje.	Mataram tucaninhos e periquitos para fazer enfeites para eles. A penugem de periquito é o enfeite de Itobore. A pele de tucaninho é para os dois: O brinco de Badojeba Tugokiareu é a pele de tucaninho macho. O brinco do irmão menor dele, o filho de Akaruio, é a pele de tucaninho fêmea. A corda e a beira da pele pindurada no furo das orelas deles estavam ornadas com penugem branca . Um risco fino de resina estava desenhado nos dois lados da face deles. O enfeite de penas de xexeu balançava sobre seus rostos. Tinham um tembetá no lábio e luziam um colar de unhas de tatu canastra.	unmatched		
BAKD.058	Bakororodoge	bakororodoge.txt	55	8. BAKORO KUDU E AKARUIO BOKODORI REPRESENTAM OS BAKORORODOGE NA FUNÇÃO DE KE (ARCO DE TAQUARA)	Icare boe eture pugeje. Etaregdoure Kamarari Bororo kae.\nKamarari Bororo kejere icare Jakomea padure etogea keje Bakororodoge etogea keje (tinha o enfeite Jakomea colocado nos Bakororodoge).\nNonore icare ere awuia badojebage erokagado nowu eimo ke tabo Mare eroiwakara tabo. Icare emago pegare pui. Dukejere icare nowu etuomage emagore pui, egore Pawo pagoredo pureore, awu ei awubowudu pegare. Emode pureore dure pemegare.	Depois os Bororo viajaram de novo e chegaram à aldeia Kamarari.\nNa aldeia Kamarari os Bakororodoge começaram a usar o enfeite Jakomea.\nFoi aí que estes outros Bakororodoge começaram a treinar com o enfeite “Ke”. Mas não deram conta com ele. Por isso começaram a discutir feio entre si. Então os pais deles conversaram assim: - Vamos fazer que os nossos filhos sejam iguais; sendo diferentes é ruim, sendo iguais vai ser bom.	unmatched		
BAKD.059	Bakororodoge	bakororodoge.txt	56	8. BAKORO KUDU E AKARUIO BOKODORI REPRESENTAM OS BAKORORODOGE NA FUNÇÃO DE KE (ARCO DE TAQUARA)	Ca! Dutabore icare Birimodore ke tawuje Badojeba Tugokiareu ao piji, ure tugu woje tonaregedu metuia aoto (Bakoro Kudu aoto).\nItobore epa ke tugudure Akaruio Bokodori aoto (Bak. Ec)\nDutabore icare ere pureore. Oino.	Por isso então Birimodo tirou o enfeite “ke” da cabeça de Badojeba Tugokiareu e o colocou na cabeça do outro seu filho Bakoro Kudu e “ke” de Itobore foi colocado na cabeça de Akaruio Bokodori.\nCom isso eles ficaram iguais. É assim.	unmatched		
BAKD.060	Bakororodoge	bakororodoge.txt	57	9. OS PRIMEIROS BAKOROROFOGE CANTAM SOBRE OS ENFEITES DE SEUS FILHOS, OS NOVOS BAKORORODOGE.	Ca! Nonore icare ere parudo.\nEwadodure, ewadodure todowuge etae, ewo ke pemegado, ewo bu nowu tore ewugeje pugeje.\nDutabore icare ia roia padure ewugeje pugeje. Ewugejewu roiare tuginoi pugeje.	Eis! Aí eles cantaram.\nFizeram convite para os seus cunhados para preparar o enfeite “ke” e coloca-lo nos seus filhos.\nAí foi executado um outro canto sobre eles. É um canto sobre eles diferente.\nAtugododu jaeiarega arege eigerere cimamomo Bakororo atugododu bureradore bokuoduia tugudawu baia bukorire. (lenguaem ritual: Cf. Badojebage ekeroia gigudu letra e som No. 46)\nInterpretação:\nUomage ere tuiedaga Bakororo atugodo ere buredo togudure tabowu tugudawu oiadoda = Os pais dele enfeitaram seu padrinho Bakororo e o colocaram de pé sobre o couro que ele ofereceu.	unmatched		
BAKD.061	Bakororodoge	bakororodoge.txt	58	9. OS PRIMEIROS BAKOROROFOGE CANTAM SOBRE OS ENFEITES DE SEUS FILHOS, OS NOVOS BAKORORODOGE.	Nonore ere tugana aogado ika tabo, pana tabo. Nonore ererugodure ika tabo, pana tabo, butore akore ewureji: cuku cuku ...ereru tabo. Ere cie- magu, nowu butore akore cuku cuku (3 v.). Ere tugana aogado ika tabo, pana tabo pugeje, ererugodure tbr tbr!	Aí eles levantaram as mãos com a trombeta e com a cabaça dupla, dançaram com esses instrumentos e, na dança, o chocalho de unhas soava nos seus pés; - Chucu chucu chucu!...\nDançaram de arrasta-pés e o chocalho de unhas soava: Chucu chucu chuc chucu chucu chucu chucu chucu chucu! Tendo as mãos levantadas com a trombeta e com a cabaça dupla dançavam: tbr! tbr!	unmatched		
BAKD.062	Bakororodoge	bakororodoge.txt	59	9. OS PRIMEIROS BAKOROROFOGE CANTAM SOBRE OS ENFEITES DE SEUS FILHOS, OS NOVOS BAKORORODOGE.	Icare ere ciemagu pugeje. Nowu butore akore cuku cuku (3 x.) ewureji.	Dançaram de novo de arrasta-pes, e o chocalho de unhas soava nos seus pés: chucu chucu chucu chucu chucu chucu!	unmatched		
BAKD.063	Bakororodoge	bakororodoge.txt	60	9. OS PRIMEIROS BAKOROROFOGE CANTAM SOBRE OS ENFEITES DE SEUS FILHOS, OS NOVOS BAKORORODOGE.	Ere adugo biri baado ekuda, kodo okeaji.\nCa! Nowu ei tumugudodu kejewu roia reo pugeje:\nBakororo rerugoduia Ecerae\nBakororo atugo rerugoduia Ecerae\nBakororo enawu rerugoduia Ecerae\nBakororo urugu rerugoduia Ecerae\nBakororo akiri rerugoduia Ecêrae\nBakororo oiaga rerugoduia Ecera.\nBakororo ukiga rerugoduia Ecerae	Estenderam a pele da onça pintada por cima da esteira para eles e, sobre eles sentados, executaram este canto:\nO lugar da dança de Bakororo são os Ecerae.\nO lugar da dança da pintura de Bakororo são os Ecerae.\nO lugar da dança do enfeite do Bakororo são os Ecerae\nO lugar da dança do brilho de Bakororo são os Ecerae.\nO lugar da dança da penugem de Bakororo são os Ecerae\nO lugar da dança do parico de Bakororo são os Ecerae\nO lugar da dança dos pregos ornamentais de Bakororo são os Ecerae.\nInterpretação do canto: Os Ecerae executam a dança de Bakororo com os enfeites dele	unmatched		
BAKD.064	Bakororodoge	bakororodoge.txt	61	9. OS PRIMEIROS BAKOROROFOGE CANTAM SOBRE OS ENFEITES DE SEUS FILHOS, OS NOVOS BAKORORODOGE.	Oinore Birimodo akore tore Bakororodoge ewugeje. Oinore Akaruio Boroge akore tore Bakororodoge ewugeje. Oino	Foi assim que Birimodo falou com os seus filhos os Bakororodoge. Foi assim que Akaruio Boroge cantou sobre os seus filhos os Bakororodoge. Assim.	unmatched		
AROC.001	Aroeceba	aroeeceba.txt	1	1. O BEIJA-FLOR (PIODUDU) TRANSFORMADO EM ÁGUIA (AROECEBA)	Boe emugure nowu Kamarari Bororo keje. Icare boe etore ewoadure du tabore icare ia iparedurogu jorudure kiogorogu baji.	Os Bororos moravam na aldeia Kamarari. Um dia que os meninos estavam brincando, um deles encontrou um ovo de passarinho.	unmatched		
AROC.002	Aroeceba	aroeeceba.txt	2	1. O BEIJA-FLOR (PIODUDU) TRANSFORMADO EM ÁGUIA (AROECEBA)	Ure tugeragu ji, kodo kuri tabo, ure bu tu, ia iporogu ja tada tu, oino tuiogorai	Pegou-o, foi embora com ele e o colocou na forquilha de uma plantinha, aí bem na frente de sua casa.	unmatched		
AROC.003	Aroeceba	aroeeceba.txt	3	1. O BEIJA-FLOR (PIODUDU) TRANSFORMADO EM ÁGUIA (AROECEBA)	Icare nowu kiogorogu barogure tuwowuje. Icare nowu kiogo ricodure, kurigodure. Ikodo rugu atugore. Oiagarogu atugore. Nowu onaregedure icare atugore.	Depois o ovo se abriu e o passarinho foi crescendo, crescendo. As asas dele eram pintadas e o rabo também. Este filhote era pintado.	unmatched		
AROC.004	Aroeceba	aroeeceba.txt	4	1. O BEIJA-FLOR (PIODUDU) TRANSFORMADO EM ÁGUIA (AROECEBA)	Nowu ucerema ukarino: ikodo atugokare, oiaga atugokare,rogu kaworunure; oiaga raire, oto pitorire; iere Piodudu Kudororeu, ure nono kudorore du kode boe egoino ji.	A mãe dele não era assim: as asas dela não eram pintadas e o rabo também não; a cor dela era azul. O rabo era comprido e o bico era curto; chamava-se Beija-flor Azul. Parecia com arara azul, por isso se chamava assim.	unmatched		
AROC.005	Aroeceba	aroeeceba.txt	5	1. O BEIJA-FLOR (PIODUDU) TRANSFORMADO EM ÁGUIA (AROECEBA)	Kurigodure, nowu iporogu kurigodure jamedu. Nowu kiogorogu ricodure, nowu ipo ricodure jamedu gu gu gu je.\nIcare nowu ipo raire, kurire jamedu. Nowu kiogorgu kurire jamedu.\nIere Piodudu Kudororeu, nowu uce ie reore.	Ele (o pássaro) foi crescendo e a plantinha também foi crescendo. O passarinho cresceu e a árvore cresceu também. Aí a árvore ficou alta e volumosa e o pássaro também ficou grande.\nSeu nome era Beija-flor azul, igual ao da mãe.	unmatched		
AROC.006	Aroeceba	aroeeceba.txt	6	1. O BEIJA-FLOR (PIODUDU) TRANSFORMADO EM ÁGUIA (AROECEBA)	Icare ro pegagodure. Ia meri keje, meri rekodure du tabore, icare ure tuie jodo paci! moto kae, ia imedu ae, jore keje tuku! Akore Kui! Taragudu tabo.	Depois ele começou a fazer o mal. Um tarde lançou-se para baixo no rumo de um menino.\nCaiu sobre ele, e este ficou chorando.	unmatched		
AROC.007	Aroeceba	aroeeceba.txt	7	1. O BEIJA-FLOR (PIODUDU) TRANSFORMADO EM ÁGUIA (AROECEBA)	Padure keje, rore apo... taci! Kodo apo rugadu toro tuwaradu kae. Ure bu nowu tuwaradukeje kuri tuku!	Puxou-o, subiu com ele, o levou no rumo do seu ninho e nele o colocou.	unmatched		
AROC.008	Aroeceba	aroeeceba.txt	8	1. O BEIJA-FLOR (PIODUDU) TRANSFORMADO EM ÁGUIA (AROECEBA)	Icai turoinodu rugadu. Okwagenure boei pugeje. Okwagere aremei, okwagere boe etorei.\nIcare boe epagudugodure ce.	Depois continuou fazendo a mesma coisa. Comia gente: comia mulheres, comia crianças.\nEntão os Bororos ficaram com medo dele.	unmatched		
AROC.009	Aroeceba	aroeeceba.txt	9	1. O BEIJA-FLOR (PIODUDU) TRANSFORMADO EM ÁGUIA (AROECEBA)	Icare boe emagore pui, egore Inoba paromode? Nowuge, inoba paromode? Paregoduwo! Paduwo! Awu umode pagagedudo, umode pagoiko.	Aí os Bororos reuniram-se e perguntaram: Como vamos fazer? Vamos fugir! Vamos embora! Este vai acabar conosco, ele vai comer todos nós!	unmatched		
AROC.010	Aroeceba	aroeeceba.txt	10	1. O BEIJA-FLOR (PIODUDU) TRANSFORMADO EM ÁGUIA (AROECEBA)	Egore Uu! Oinono rugadu. Nonore paromode rugadu.\nIcare iogugudugodure. Icare boe eregodure, Boe eture.	Responram: Sim! Assim mesmo. É assim que vamos fazer.\nEstavam tremendo de medo. Aí fugiram. Foram embora.	unmatched		
AROC.011	Aroeceba	aroeeceba.txt	11	1. O BEIJA-FLOR (PIODUDU) TRANSFORMADO EM ÁGUIA (AROECEBA)	Nowu ure tugeragu nowu kiogorogu ba jiwu iparedurogu iere Kogearege Eceba (Bad. Ceb). Icare nowu iparedu akore Paregoduwo! Piji! Inoba paromode ji? Oino tumanaji (tumana Oca Kudureuji)	O menino que tinha pego o ovo de passarinho chamava-se Kogearege Eceba. Aí esse rapaz disse assim para seu irmão mais velho Oca Kudureu: Vamos fugir! Vamos deixá-lo! Como vamos fazer com ele?	unmatched		
AROC.012	Aroeceba	aroeeceba.txt	12	1. O BEIJA-FLOR (PIODUDU) TRANSFORMADO EM ÁGUIA (AROECEBA)	Nowu umana akore uu! Paramodukare ji. Parumode paruiado, dukeje paregodumode piji. Nowu uwie akore Kode! Marigu! Akedo ai! Nowu umode pagowuje.\nAkore Marigu!	"O irmão mais velho respondeu: Nós não vamos cantar nele. Só vamos fazer ""paruia"" e depois vamos correr dele. O mais novo disse: Então vamos. Tenha cuidado com ele. Ele vai nos comer.\nEle respondeu: Vamos."	unmatched		
AROC.013	Aroeceba	aroeeceba.txt	13	1. O BEIJA-FLOR (PIODUDU) TRANSFORMADO EM ÁGUIA (AROECEBA)	Icare eture ae. Tui pobe du tabo, ekodo ae!\nUmana akore Akera bu i keje. (nowu tuwieji).\nUwie akore Akera bu i keje (nowu tumanaji).\nIcare ere tugera bu i keje.	Então foram no rumo dele. Os dois juntos foram no rumo dele.\nO mais velho disse para o mais novo: Encosta a mão na árvore.\nO mais novo disse ao mais velho: Encosta a mão na árvore.\nAí eles encostaram as mãos na árvore.	unmatched		
AROC.014	Aroeceba	aroeeceba.txt	14	1. O BEIJA-FLOR (PIODUDU) TRANSFORMADO EM ÁGUIA (AROECEBA)	"Nowu umana akore:\n""Marenaruie eigoia maidodu jetuiarega.Aroweceba iwodudu oge eigoia aregoduia awugeje. Marenaruie eigoia maidodu jetuiarega""."	"O mais velho disse: ""Por causa do finado tem tristeza. Foi o povo do gavião real que trouxe a tristeza. Por causa do finado tem tristeza""."	unmatched		
AROC.015	Aroeceba	aroeeceba.txt	15	2. OCA KUDUREU E KOGEAREGE ECEBA MATAM O AROECEBA	Icare boere tudo pui. Icare ere bororo bu pugeje, ere bai mugudo pugeje. Dutabore icare Bakoro Ecerae etonagodure nowu aroecebaji etaidure tuwo bito. .\nIcare emagore tuoji (tuo Aroia Kurireuji)	Depois o povo reuniu-se, e construíram uma nova aldeia, fizeram novas casas. Aí os Bakoro Ecerae começaram a perseguir a águia. Queriam matá-la.\nEntão foram falar com o pai deles, Aroia Kurireu.	unmatched		
AROC.016	Aroeceba	aroeeceba.txt	16	2. OCA KUDUREU E KOGEAREGE ECEBA MATAM O AROECEBA	Umana akore:\n-Imedu, imedu! Arego pao ae. pao Aroia Kurieu ae, akagodo: Ioga, ioga! Imana akore aiagu arago to tudaragoce.	"O irmão mais velho disse ao mais novo:\nMenino, menino! Vai correndo falar com o nosso pai, com o nosso pai Aroia Kurireu, e diga para ele: ""Meu pai, meu pai, o meu irmão manda dizer que é para o senhor fazer um cacete para ele""."	unmatched		
AROC.017	Aroeceba	aroeeceba.txt	17	2. OCA KUDUREU E KOGEAREGE ECEBA MATAM O AROECEBA	Akore: Uu! Icare uture. Kodo jii, nowu tuo ae.\nAkore Ioga, ioga, akaere iroino!\nAkore: Imana akore aiagu arago to tudaragoce. Aiagu ia to itaragoce. Oino.	O mais novo obedeceu e foi embora; andou bastante até onde estava o pai dele e lhe disse: -\n- Meu pai, meu pai, eu vim falar com o senhor.O meu irmão mandou falar que é para o senhor fazer um cacete para ele, e que faça um outro cacete para mim.	unmatched		
AROC.018	Aroeceba	aroeeceba.txt	18	2. OCA KUDUREU E KOGEAREGE ECEBA MATAM O AROECEBA	Icare ure pemegado. Nowu umanare atubo ra pemegado, unure baragarado atubo race. Ure iado. Icare ure tumugudo bukigu keje pugeje; mare iekare bukigu: iku, iku, oinore iere. Ure tumugudo iku keje. Oinore rore ji, oinore rore ji, oinore rore ji.	Então o pai fez o cacete. O irmão mais velho arrumou o osso de veado galheiro; fez furador com osso de veado. Quando acabou, sentou-se para fazer corda; mas não se chamava corda, chamava-se fio, fio, assim. Ele sentou-se para fazer fio. Fez bastante.	unmatched		
AROC.019	Aroeceba	aroeeceba.txt	19	2. OCA KUDUREU E KOGEAREGE ECEBA MATAM O AROECEBA	Ure iku raido. Dukeje icare ure upodo aora tabo cai! Icare ure cewu baragara jodo nowu ikuto, jeture nowu uwie aoraji, nowu Aroeceba buregi romodewo jire roino nowu baragara tabo..	Fez a corda bem comprida. Depois o enrolou na cabeça dele. Depois fincou o furador na corda (enrolada). O furador atingiu a cabeça do menino, imitando o que iria fazer o gavião com a sua garra.	unmatched		
AROC.020	Aroeceba	aroeeceba.txt	30	2. OCA KUDUREU E KOGEAREGE ECEBA MATAM O AROECEBA	Icare nowu bukigu kodo mai. Icare ure ikudo pugeje. Ca! Care ure upodo aora tabo pugeje. Dutabore icare ure turugadu. Icare nowu baragara jetukare uwie aoraji pugeje.	Com isso viu que a corda ainda era pouca. Então fez mais corda. Depois a enrolou de novo na cabeça dele e viu que era suficiente. O furador não atingiu mais a cabeça do irmão mais novo.	unmatched		
AROC.021	Aroeceba	aroeeceba.txt	31	2. OCA KUDUREU E KOGEAREGE ECEBA MATAM O AROECEBA	Dukeje icare ure bakarudo nowu tuwieji. Akore:\n-Imedu, imedu! buregi jetumode akaora jitu keje akoragududo. akagodo: Irnana! Kui! je dukejere imode arago to ji. Oinore akore nowu tuwieji. Care nowu uwie akore uie.	Depois instruiu o seu irmão mais novo, dizendo:\n- Menino, se a garra dele atingir a sua cabeça, chora dizendo: Irmão! Aí eu vou bater nele com o cacete. Foi assim que ele falou para o seu irmão mais novo e este respondeu que sim.	unmatched		
AROC.022	Aroeceba	aroeeceba.txt	32	2. OCA KUDUREU E KOGEAREGE ECEBA MATAM O AROECEBA	Icare eture bogai tui pobe du tabo. Ekodure nowu jai paruto. Icare ure nowu bukigu upodo nowu tuwie aora tabo, icare ure iado. Icare akore: Woere aragojere woe. (nowu tuwieji).\nAkore: Uu!	Depois os dois juntos dirigiram-se no rumo do gavião. Dirigiram-se para aquela forquilha de árvore. Aí ele enrolou a corda na cabeça do irmão mais novo e quando acabou, disse-lhe:\n- Você vai ficar em pé aqui.\nEle obedeceu.	unmatched		
AROC.023	Aroeceba	aroeeceba.txt	33	2. OCA KUDUREU E KOGEAREGE ECEBA MATAM O AROECEBA	Dukeje icare ure tuwure to nowu jai paruji, nowu bokado iji.\nUre tuwure to ji tbr tbr tbr!	Depois bateu com o pe no tronco daquela forquilha de árvore, naquele jatobá.\nBateu com o pé nele tbr tbr tbr!	unmatched		
AROC.024	Aroeceba	aroeeceba.txt	34	2. OCA KUDUREU E KOGEAREGE ECEBA MATAM O AROECEBA	Aiwore toro bogai, jordukare ji, aregodukare.\nUre tuwure to ji pugeje: tbr tbr tbr tbr! Aiwore toro bogai, aregodukare.	Observou no rumo dele, e não o viu; não veio. Bateu com o pé nele de novo: tbr tbr tbrtber. Olhu no rumo dele, não aparecia.	unmatched		
AROC.025	Aroeceba	aroeeceba.txt	35	2. OCA KUDUREU E KOGEAREGE ECEBA MATAM O AROECEBA	Icare ure tuwure to ji pugeje tbr tbr tbr! Dukejere icare aregodure. Jepadure nowu tuwaradu okwa kae tu ...!	Depois bateu de novo tbr tbr tbr! Aí ele chegou. Apareceu na beira do ninho.	unmatched		
AROC.026	Aroeceba	aroeeceba.txt	36	2. OCA KUDUREU E KOGEAREGE ECEBA MATAM O AROECEBA	Aiwore tuguda oino jice. jordure nowu uwieji toro tuguda. Ure tuiegagu (meneou a cabeça) toro ae. Dukeje icare ure tuie jodo paci! Kodo ... mato moto kae, nowu iparedu ae.	Olhou para baixo e viu lá embaixo o menino. Meneou a cabeça no rumo dele, e se lançou descendo no rumo do menino.	unmatched		
AROC.027	Aroeceba	aroeeceba.txt	37	2. OCA KUDUREU E KOGEAREGE ECEBA MATAM O AROECEBA	Ure tuwure tugu oino ao to oino tuku! ure tuwure awudo (apertou), awudo aora bogai, tuwure jetuwo aoraji.	Ennfiou a garra na cabeça dele, e mexeu, mexeu, procurando que a garra atingisse mesmo a cabeça dele.	unmatched		
AROC.028	Aroeceba	aroeeceba.txt	38	2. OCA KUDUREU E KOGEAREGE ECEBA MATAM O AROECEBA	Oinore rore ji, oinore rore ji, oinore rore ji. Dukeje icare buregi jeture aoraji.	Mexeu, mexeu, mexeu, até que a garra atingiu a cabeça dele.	unmatched		
AROC.029	Aroeceba	aroeeceba.txt	39	2. OCA KUDUREU E KOGEAREGE ECEBA MATAM O AROECEBA	Dukeje icare oragudure. Akore Imana kui! Umanare turagojedo ..taci, arago tabo, ure to nowu aroecebaji po!	. Aí ele chorou chamando o irmão mais velho. A irmão mais velho levantou-se com o cacete, e bateu com ele no gavião.	unmatched		
AROC.030	Aroeceba	aroeeceba.txt	40	2. OCA KUDUREU E KOGEAREGE ECEBA MATAM O AROECEBA	Ure barigu kuri tuku! Ure arago to ji pao! ure to ji pao! Ure bito.	Derrubou-o e bateu nele, bateu nele, com o cacete, até matá-lo.	unmatched		
AROC.031	Aroeceba	aroeeceba.txt	41	2. OCA KUDUREU E KOGEAREGE ECEBA MATAM O AROECEBA	Ure pado pemegado. Dukeje icare ure tumugudo akiri keje taci. Ure togwamu oino ji oino (faz sinal de soprar alguma coisa para cima: alguma coisa que está segurando com os dedos), baruto. Nowu akiri kodure baruto oino jii je. Icare ure tugirimi tuibagi nowu Bakorodoge etuje keje, kodo jii nowu etujarugo ae.	Arrumou-o. E depois começou a arrancar-lhe a penugem e soprou nela para cima. A penugem subiu pra o céu e depois de muito tempo desceu de novo sobre a mãe dos Bakororodoge, e foi no rumo da avó deles.	unmatched		
AROC.032	Aroeceba	aroeeceba.txt	42	2. OCA KUDUREU E KOGEAREGE ECEBA MATAM O AROECEBA	Oinore nowu etujarugo akore toragudu tabo, nowu tore ewogai, du kaere icare nowu akiri aregodure Akurure pogora keje kuri ..pa! Nowu etujarugo ure tugera to nowu akiriji tubogorato tuku!	A avó deles estava chorando muito por seus netos, quando a penugem chegou e foi descendo no colo dela. Ela batia as mãos na penugem sobre suas ´pernas`.	unmatched		
AROC.033	Aroeceba	aroeeceba.txt	43	2. OCA KUDUREU E KOGEAREGE ECEBA MATAM O AROECEBA	Akore 'M 'm 'm 'm 'm! Inoba tarobugumode (palavra arcaica -), inoba tawadarubugumode? 'M 'm 'm ...ru ruru ru ruru ru ru ruru ru! (expressão de compaixão). Taromodukana ino jokodu? (3). Icare oragudure pugeje jii toro nowu tore ewogai.	Ela disse: -'M 'm 'm 'm 'm! Como que vocês deviam fazer? Como que vocês deviam falar? 'M 'm 'm ...ru ruru ru ruru ru ru ruru ru! Não era assim mesmo que vocês deviam fazer? E chorou de novo pelos seus netos.	unmatched		
AROC.034	Aroeceba	aroeeceba.txt	44	2. OCA KUDUREU E KOGEAREGE ECEBA MATAM O AROECEBA	Dukeje icare etaregodure. Ekodure nowu tujarugo ae.\nNowu etuiarugore emugudo tubogora keje tuku! Oino.	Depois eles chegaram. Dirigiram-se aonde estava sua avó. Ela logo os fez sentar no seu colo.	unmatched		
AROC.035	Aroeceba	aroeeceba.txt	45	2. OCA KUDUREU E KOGEAREGE ECEBA MATAM O AROECEBA	Icare egore Icare cere aroeceba bito (2x). Icare eture.	Eles contaram: Eis que nós matamos a águia(2x). E foram embora.	unmatched		
AROC.036	Aroeceba	aroeeceba.txt	46	2. OCA KUDUREU E KOGEAREGE ECEBA MATAM O AROECEBA	"Icare Boe eture nowu aroeceba bogai. Icare boe etaregodure ae.\nIcare egore Inoba pagagomode ji?\nEgore Pagagomodukarae 'Aroeceba. Aroeceba"" oino ji?\nIcare egore Uu! Ie rugadu reno. Akaru rugadu reno. Nonore pagagomode ji. Nonore pawadarumode ji."	"Depois os Bororos foram à procura do gavião real e quando chegaram aonde ele estava, perguntaram:- Como vamos chamá-lo? Será que não podemos chamá-lo assim: ""Matador de Gente""?\nRespodram: Sim! Esse é o seu nome. Assim é a sua fama. È assim que vamos chamálo. È assim que vamos falar dele!!"	unmatched		
AROC.037	Aroeceba	aroeeceba.txt	47	2. OCA KUDUREU E KOGEAREGE ECEBA MATAM O AROECEBA	Dukejere icare ere bakaru reko pui. Icare ere tudo pui ae. Dukeje icare ere iogwarido ji.\nEre iogwarido ji: Wo!\nEre iogwarido ji: Wo!\nEre iogwarido ji:- Wo!\nEre iogwarido ji: Wo!\nEre iogwarido ji: Wo!\nEre iogwarido ji:- Wo!	Depois eles passaram a notícia uns para os outros. Depois se reuniram onde ele estava e o aclamaram.\nO aclamaram gritando – Wo!\nO aclamaram gritando – Wo!\nO aclamaram gritando – Wo!\nO aclamaram gritando – Wo!\nO aclamaram gritando – Wo!\nO aclamaram gritando – Wo!	unmatched		
AROC.038	Aroeceba	aroeeceba.txt	48	3. AS AVES À PROCURA DA PENUGEM DA ÁGUIA	Dukeje icare ere bakaru reko kiege baregei. kiege barege eregoduwo nowu aroeceba akiri kae.	Depois mandaram convite a todos os pássaros para correrem a procura da penugem do gavião real.	unmatched		
AROC.039	Aroeceba	aroeeceba.txt	49	3. AS AVES À PROCURA DA PENUGEM DA ÁGUIA	Icare eregodure kae. Rekodu rakaguragareugere egiri kurire. Rekodu rakakareugere egirirogu kurika re, egirirogu biegare tu tu tu je..	Aí eles correram a procura da penugem. Os que correram mais têm mais penugem. Os que correram menos não têm muita penugem; têm pouca.	unmatched		
AROC.040	Aroeceba	aroeeceba.txt	50	3. AS AVES À PROCURA DA PENUGEM DA ÁGUIA	Re bokwa carureu kuo rema. Re bokwanure rugadu. Akiri bokware: upororarogure akiri biegare tu je. Aregodure, aroe akiri akedure koda piji. Ure tubera jodo nowu akiri gigodurogu boe keje gogo gogo gogo gogo gogo je. Dukodire perarogu akirire tu je.	Um que não correu mesmo é o jaó. Ele não corre nada. Por isso ele não tem penugem. Só tem um pouquinho de penugem na parte traseira. Ele chegou depois que a penugem da águia tinha acabado. Então ele esfregou a parte traseira nos fiapos de penugem que ficaram e é por isso que só tem um pouco de penugem no traseiro.	unmatched		
AROC.041	Aroeceba	aroeeceba.txt	51	3. AS AVES À PROCURA DA PENUGEM DA ÁGUIA	Rekodu rakaguragareugere eirno kurire, egiri kurire, duwugere turubare rema ...	Os que correram muito, tem muita penugem, que são os patos.	unmatched		
AROC.042	Aroeceba	aroeeceba.txt	52	3. AS AVES À PROCURA DA PENUGEM DA ÁGUIA	Icare Boe eture bato! Nonore icare ere nowu aroeceba pernegado, kogudo Ere iku bu keje, ere nabure, kuje, ere bo bu keje Ere okwa akirido.	Depois os Bororos voltaram para a aldeia. Aí eles arrumaram o enfeite das penas do gavião real. Amarraram-nas com corda, enfeitaram-nas com peninhas de arara vermelha e de mutum, e com penugem.	unmatched		
AROC.043	Aroeceba	aroeeceba.txt	53	3. AS AVES À PROCURA DA PENUGEM DA ÁGUIA	Ere pariko pernegado, ere pariko rnugudo nono.	Foi ali que eles arrumaram o pariko; eles colocaram o pariko ali.	unmatched		
AROC.044	Aroeceba	aroeeceba.txt	54	4. A ALDEIA TODUIO BORORO E A FUNÇÃO DE AROECEBA	Duwu bororore iere Toduio Bororo pugeje. Nonore pariko ikudodure nono, irare nono. Nonore aroeceba ikure nono, nonore okwa ákirire nono, nonore pemegadodure nono, nowu Toduio Bororo keje.	Essa aldeia recebeu o nome de Toduio Bororo. Foi ali que eles colocaram corda no pariko e no enfeite de penas de gavião real, ali que começou a ser usada a penugem para ornar a orla dos enfeites; foi ali que foi arrumado: na aldeia Toduio Bororo.	unmatched		
AROC.045	Aroeceba	aroeeceba.txt	55	4. A ALDEIA TODUIO BORORO E A FUNÇÃO DE AROECEBA	Ca! Nonore icare boere baiado nono, nowuji. Nonore icare ere jure paru tawuje, nowu aroecebaji; mare baporogu tabo karega, bapo kurireu tabo karega: pana tabo, togwa tabo.	"Então! Foi ali que os Bororos construíram o cerco (de palmas). Foi ali que foi feita a dança ""jure"", no gavião real; não, porém, com chocalhinho nem com chocalho grande: com o ""pana"" e soprando."	unmatched		
AROC.046	Aroeceba	aroeeceba.txt	56	4. A ALDEIA TODUIO BORORO E A FUNÇÃO DE AROECEBA	Ca! Icare boere akedudo. Boere baia rawuje. Ure jure parudo boetojiwu iere Birimodo. Dukeje icare uwie Akaruio Boroge ure jure paru to pugeje. Dukeje icare Meriri Barure jure paru to pugeje, dukeje icare Mano Kurireure jure paru to pugeje. Dukeje icare Tadugore jure paru to pugeje. Mare pariko ira kiogakare (não estava bem feito), aroeceba ino jamedu, ciwaboe etoiaga ure ino jamedu: pega pega, mare pemegare ei.	"Quando acabaram (a dança do Aroeceba dentro do cerco de palmas), desmancharam o cerco.\n(Em seguida começou a dança ""jure""). O primeiro que fez dança ""jure"" foi Birimodo, depois Akaruio Boroge, depois Meriri Baru, depois Mano Kurireu, depois Tadugo. Mas o suporte do pariko ainda não era bem feito, assim também o enfeite de aroeceba, e a viseira de penas da japu: Eram mais ou menos, mas para eles estavam bons."	unmatched		
ARUA.001	Arua Bororo	aruaBororo.txt	1		Boe emerure. Boe etaregodure. Mare boe eiamedu boe etaregodukare. U! Boe emerure, boe eiamedu aregodukare.	Os Bororos iam caçar. Voltavam. Mas não todos voltavam. Sim! Quando eles iam caçar, não todos voltavam.	unmatched		
ARUA.002	Arua Bororo	aruaBororo.txt	2		Dukeje icare Boe etaregodure ure Boe ewido ewidowu ae.\nBoe egore Ceerudure ure Boe ewido ewidowu ji. Woere mugure woe. Nowu oe ako awadunure.	Por fim chegaram a onde estava o que costumava matar os Bororos. Então falaram: Encontramos aquele que costuma matar os Bororos. Ele mora aqui. A sua cabacinha está tocando muito.	unmatched		
ARUA.003	Arua Bororo	aruaBororo.txt	3		Icare egore Kode! Paduwo bogai, pawo bito. Icare eture bogai.	Aí falaram: - Então? Vamos atrás dele, vamos matá-lo. E foram à sua procura.	unmatched		
ARUA.004	Arua Bororo	aruaBororo.txt	4		Dukeje icare uwie makore ji, akore Imana, akaba Boe ewido pugeje! Icare are Boe eeda kedodo, Icare are Boe etagedudo. Nowuge eigoiare emode amodududo ai. Nowugere emode iogwarido ai, macare are etagedudo!	Então o irmão menor dele aconselhou-o dizendo: - Meu irmão, não mate mais os Bororo.Você está acabando com eles. São eles que vão honrar você. Eles que vão aclamar você, mas você está acabando com eles!	unmatched		
ARUA.005	Arua Bororo	aruaBororo.txt	5		Dukeje icare ure tuiagu bitowuge etaregodure. Kocare ukare ewido. Akore tagaregodure? Tamugudo nono. Woere tamugure. Woere tamugure! Akore tarugadu na?	Aí os que ele iria matar chegaram. Mas ele não os matou. Disse-lhes – Bem vindos! Assentem-se aí. Sentem aqui. Sentem aqui! E perguntou: - São sómente vocês?	unmatched		
ARUA.006	Arua Bororo	aruaBororo.txt	6		Egore Boro! Cerugadu karega. Cemagaguragare toro baru parugajeje kimo.	Responderam: Não! Não somos sómente nós. Nós somos muitos espalhados por todo lugar.	unmatched		
ARUA.007	Arua Bororo	aruaBororo.txt	7		Akore Kirabodu. Akore Arua Bororo keje imugure (umana iere Akaruio Bokodori, uwie iere Bokarebo). Egore Kirabodu!	Ele disse: - Está certo! E acrescentou: - Eu moro aqui na aldeia do espírito Arua (O Irmão mais velho chamava-se Akaruio Bokodori e o mais novo, Bokarebo). Eles responderam: - Está certo!	unmatched		
ARUA.008	Arua Bororo	aruaBororo.txt	8		Nonore icare Boere tudo pui nono, Arua Bororo keje. Nonore Boere ciegi nono pugeje.\nPemo koia. Pemo koiare boedo ciegi nono pugeje. Arua iegidure nono Arua Bororo iegidure nono. Nowu Akaruio Bokodori iegidure nono. Nowu Cuguie eiegidure nono, nowu Arua Bororo keje.\nPemo mearudae pemegareu, motureu, Boe etaregodure kae. Ure Boe eiedo ema.	Assim os Bororos se reuniram aí na aldeia de Arua. Aí os Bororo receberam nome.\nFoi por obra de Pemo. Foi Pemo quem fez que os Bororo recebessem nome aí. Aí Arua recebeu nome. Aí a aldeia de Arua recebeu nome. Aí Akaruio Bororo recebeu nome. Aí, na aldeia de Arua, os Cuguie receberam nome. Foi aí que os Bororo se encontraram com o pensamento santo e lindo de Pemo. Foi ele quem deu nome aos Bororo.	unmatched		
ARUA.009	Arua Bororo	aruaBororo.txt	9		Icare nowu Akaruio Bokodori uwie orebaru aogadodure nono pugeje. Egore Uiagudumaga, Uiagudumaga, oinore akiemode, akarumode. Ukare tumanare Boe ewido pukeje kodi.	Então o irmão mais novo de Akaruio Bokodori recebeu um novo nome. Falaram: - O seu nome vai ser Uiagudumaga, Uiagudumaga, é assim que você vai se chamar.\nPorque não deixou que seu irmão mais velho continuasse matando os Bororo.	unmatched		
ARUA.010	Arua Bororo	aruaBororo.txt	10		Nonore pariko todure. Nonore aroeceba todure nono.	Foi aí que foi feito o “pariko”(diadema de penas de arara) Ai que foi feito o “aroeceba” (enfeite de penas de gavião real).	unmatched		
ARU2.001	Arua Bororo II	aruaBororoII.txt	1	A ALDEIA “ARUA BORORO”	Boe emugure Arua Bororo keje.\nEmare iere Bai Cibaiari, iere Bai Kuogori, iere Bai Kudoroe Eiari, iere Bai Buiogori.\nIcare Boe ere pemegado, icare Boe ere tuwai motudo. Boe ere taiado.	Os Bororos estavam na Aldeia do Espírito Arua.\nEssa aldeia tinha os nomes de Bai Ciabaiari, Bai Kuogori, Bai Kudoroe Eiari, Bai Buiogori. Eles a construíram, embelezaram suas casas e as dispuseram em círculo.	unmatched		
ARU2.002	Arua Bororo II	aruaBororoII.txt	2	OS TUGAREGE CEDEM SEUS PODERES AOS ECERAE	Icare Boe ere akiró maku. Tugarege ere akiró maku.\nTugarege ere Karo Paru maku, ere Barogo Paru maku, ere Mano Paru maku, Akaruio Bokodori ai.	Aí os Bororos ofereceram presentes. Os Tugarege deram presentes.\nOs Tugarege entregaram para Akaruio Bokodori os cantos Kare Eparu (preparação para pesca), Barege Eparu (preparação para caçada), e Mano Paru (preparação para a corrida com as rodas de caeté).	unmatched		
ARU2.003	Arua Bororo II	aruaBororoII.txt	3	OS TUGAREGE CEDEM SEUS PODERES AOS ECERAE	Ere Aroe Enogwage Paru maku, ere Aroe Ereru maku, ere Jure Paru maku, ere Kuiada Paru maku, ere Aije Paru maku, ere Jure Kurirewu Paru maku Bakorokudu ai.\nEre Roia Kurirewu maku, ere Ekurewuge maku, ere Juredoge emagu, ere Kiege Barege emagu.	Eles entregaram a Bakoro Kudu os cantos: Aroe Enoguage Paru (preparação para banque de almas), Aroe Ereru (dança das almas), Kuiada Paru (preparação para a festa do milho), Aije Paru (preparação para o ritual de Aije), Jure Kurirewu Paru (preparação para a dança grande). Roia Kurirewu (o canto grande), Ekurewuge (os belos), Juredoge (cantos de dança) e Kiege Barege (Canto dos pássaros e bichos)	unmatched		
ARU2.004	Arua Bororo II	aruaBororoII.txt	4	OS TUGAREGE CEDEM SEUS PODERES AOS ECERAE	Ere Ciabe Etawado maku, ere Tuguo maku, ere Bakure Enogwari maku, ere Roia Mugurewu Merijiwu maku, ere Roia Mugurewu Boecojiwu maku Akaruio Bokodori ai.\nNono, nowu Arua Bororo keje, Birimodore toe maku tonaregedu Bakorokudu ai, Akaruio Borogere toe maku tonaregedu Akaruio Bokodori ai.	Eles deram (para Akaruio Bokodori os cantos): Cibae Etawado (muitos Bororo), Tuguo (ele ressurge), Bakure Enogwari (o riso dos macacos), Roia Mugurewu Meri Jiwu (canto sentado durante o dia), Roia Mugurewu Boeco Jiwu (canto sentado durante a noite);\nFoi aí na Aldeia de Arua, que Birimodo entregou seus pertences ao seu filho Bakoro Kudu, e Akaruio Boroge entregou seus pertences ao seu filho Akaruio Bokodori.	unmatched		
ARU2.005	Arua Bororo II	aruaBororoII.txt	5	OS TUGAREGE CEDEM SEUS PODERES AOS ECERAE	Akaruio Borogere Ke kujagurewu maku Akaruio Bokodori ae, Kurugugare ke kuogorewu maku Mamuiawuge Eceba ai\nDutabore ere ererugo. Ere eedugodo, ere cugui biri tugu ewiato. Emodure.	Akaruio Boroge deu o enfeite Ke vermelho para Akaruio Bokodori, e Kuruguga deu o Ke amarelo para Mamuiawuge Eceba (irmão mais novo de Akaruio Bokodori).	unmatched		
ARU2.006	Arua Bororo II	aruaBororoII.txt	6	OS TUGAREGE CEDEM SEUS PODERES AOS ECERAE	Akaruio Borogere Aroeceba ikawa maku Akaruio Bokodori ae,\nKurugugare nowu aroeceba ikawa biegarewu maku Mamuioawuge Eceba ai.	Akaruio Boroge deu os pregos de penas maiores de asa (ikawa) de águia para Akaruio Bokodori, e Kuruguga deu os pregos de penas menores de asa (ikawa biegarewu) de águia para Mamuiawuge Eceba.	unmatched		
ARU2.007	Arua Bororo II	aruaBororoII.txt	7	PRIMEIRAS FURAÇÕES DE LÁBIO, ORELHA, NARIZ	Icare emagore pui pugeje tuwo pu okwa porodo, emagore pui tuwo pu bia parodo, emagore pui tuwo pu eno porodo.	Depois combinaram de novo para perfurar os lábios uns dos outros, para se perfurar as orelhas uns dos outros, para se furarem o nariz uns dos outros.	unmatched		
ARU2.008	Arua Bororo II	aruaBororoII.txt	8	BOE ETAO BU: CONJUNTO DE ENFEITES DA CABEÇA FABRICADOS COM PENINHAS DE ARARA.	Emagore pui tuwo tugudukejewudo (Boe ekudukejewu).\nNonore ere taobaru kejewudo (Boe etaobaru kejewu).\nNonere ere taotara jiwudo (Boe etaetara jiwu).\nNonore ere tuiba kejewudo (Boe eiba kejewu).\nBokodori Ecerae ere nabure aro bu tuiba kejewu paru keje. Awu pemegare, moture.	Combinaram para fazer kudukejewu (enfeite de peninhas coloridas colocado sobre a fronte)\nCombinaram fazer aobaru kejewu (enfeite de peninhas coloridas colocado na parte posterior da cabeça)\nCombinaram para fazer Boe etaetara jiwu (enfeite de peninhas coloridas em forma de pequeno cilindro, colocado no centro da cabeça, pregado com brewu).\nCombinaram para fazer jipa kejewu, (enfeites de peninhas coloridas colocadas nos dois laterais da cabeça) Os Bokodori Ecerae colocam peninhas do pé da asa (orea baru ou orea kudawu) de arara vermelha no pé deste último enfeite, ficando muito bonito.	unmatched		
IPEW.001	Ipare Ewororo	ipareEwororo.txt	1	1. LUGAR ONDE SE APERFEIÇOA A ORGANIZAÇÃO BOE	Boe ewarudure Bakaigu Bororo piji jii. Ipare Ewororo kae.\nNonore icare Boe ere turo jamedu tawuje.\nDu iere Ipare Ewororo. Mugure Itura Kurirewu bukeje, toro Torigara mato.\nNonore icare Boe ere aroeceba, kuruguga, pariko, ciwaboe etoiaga, ere kogu pemegado.\nBoe ere ira motudo.\nNowu boetojiwu pegapegare., du akedure toro, pijire. Awure icare rakojere oino rugadu.	Os Bororos mudaram da Aldeia da Aranha (Bakaigo Bororo) para a Aldeia dos Rapazes (Ipare Ewororo).\nAli eles completaram sua cultura.\nEssa aldeia chama-se Aldeia dos Rapazes (Ipare Ewororo). Fica na Mata Grande (Itura Kurirewu), para cá de Perigara.\nFoi aí que os Bororo amarraram direito as penas de águia (aroeceba), de gavião caracaraí (kuruguga), (ogrande cocar (pariko) e a viseira de penas de japu (ciwabo etoiaga), e fizerem para eles um suporte bonito. Os enfeites de antes eram feitos mais ou menos, esses acabaram ali, foram deixados. Mas os que começaram nesta aldeia permanecem até agora.	unmatched		
IPEW.002	Ipare Ewororo	ipareEwororo.txt	2	1. LUGAR ONDE SE APERFEIÇOA A ORGANIZAÇÃO BOE	Nowu Ipare Ewororo kejere Boere turo pemegado, Boere turo jetorodo. Boere tuiedaga, tujarugo, boere tagu aroe, boere epemegado, boere eedorodo.\nIcare Boere togwa jodo pudo.\nBoere Ecerae ewu tumugaji, Boere Ecerae emugudo tuwai muga keje.\nNonore icare Tugaregere tore ewu tuiiogora gajeje.\nTugaregere bororo bu tore etai. Tugaregere kodo baado tore etai, Tugaregere beto baado tore etai, ere atubo biri bado tore etai.	Foi na Aldeia dos Rapazes onde os Bororo aperfeiçoaram e ordenaram sua cultura.\nEles arrumaram bem os seus avôs e avós, os seus finados.\nAí eles se colocaram uma metade frente à outra..\nOs Bororos colocaram os Ecerae em seu lugar certo.\nOs Tugarege colocaram os seus filhos os Ecerae na sua frente (na metade oposta da aldeia).\nOs Tugarege fizeram o pátio ritual para os seus filhos. Os Tugarege começaram a estender para os seus filhos esteiras de folhas de babaçu, esteiras de seda de buriti e peles de veado galheiro.	unmatched		
IPEW.003	Ipare Ewororo	ipareEwororo.txt	3	1. LUGAR ONDE SE APERFEIÇOA A ORGANIZAÇÃO BOE	Boere irogodu, ba, baidaga ere jeto tore ekera paru, ewure paru. Nonore Tugaregere tore edugodo. Nonore Tugaregere akiró maku tore etai. Nonore Tugaregere tore edo nono pureore. Nonore Tugarege etoragudure tore eiogi. Nonore Tugarege eguru padure ekajeje tore ebo. Nonore Tugarege enogudure tore ebo. Nonore Tugarege ere cimamomo iegi torei. Ere tugera bu etao keje, egore Akagogo! Akagogo! Tore eiamedu boe ji.	Foi aí que os Bororo pintaram com carvão e amarraram folhas de palmeira nas mãos e nos pés dos seus filhos. Ali os Tugarege pintaram os seus filhos. Ali os Tugarege ofereceram presentes para os seus filhos. Ali os Tugarege fizeram que seus filhos ficassem parecidos com eles. Ali os Tugarege choraram sobre os seus filhos. Ali os Tugarege suaram com os seus filhos. Ali os Tugarege se compadeceram com os seus filhos. Ali os Tugarege fizeram de seus filhos os seus representantes. Impuseram as mãos sobre a cabeça deles, dizendo: - Fala! Fala! Fizeram assim com todos os seus filhos.\nREPRESENTAÇÕES DOS TUGAREGE (Tugarege eimamomo)	unmatched		
IPEW.004	Ipare Ewororo	ipareEwororo.txt	4	1. LUGAR ONDE SE APERFEIÇOA A ORGANIZAÇÃO BOE	Tugaregere Ecerae etudo bororo ji Tamigi pudabo\nEre etudo bororo ji Moriboe pudabo.\nEre etudo bororo ji Tugo Jirie pudabo.\nEre etudo bororo ji Tugodoge pudabo.\nEre etudo bororo ji Kuiade pudabo.\nEre etudo bororo ji Jakomeadoge pudabo.\nEre etudo bororo ji Nabure pudabo.\nEre etudo bororo ji Aroecebadoge pudabo.\nEre etudo bororo ji Odoge pudabo.\nEre etudo bororo ji Tubore pudabo.\nEre etudo bororo ji Bakorodoge pudabo.\nEre etudo bororo ji Cibaio Bakororo pudabo.\nEre etudo bororo ji Aturua pudabo.\nEre etudo bororo ji Bakaigoe pudabo.\nEre etudo bororo ji Ru pudabo.\nEre etudo bororo ji Kugu pudabo.	Os da metade dos Tugarege fizeram os da metade dos Ecerae sair na praça representando os Anhumas.\nFizeram os Ecerae sair na praça representando os Lobinhos.\nFizeram os Ecerae sair na praça representando os espíritos.”Tugo Jirie”.........\nFizeram os Ecerae sair na praça representando os espíritos “Tugodoge”\nFizeram os Ecerae sair na praça representando os espíritos “Kuiade.”\nFizeram os Ecerae sair na praça representando o espírito “Jakomea”.\nFizeram os Ecerae sair na praça representando as Araras Vermelhas\nFizeram os Ecerae sair na praça representando as Águias.\nFizeram os Ecerae sair na praça representando os Socós.\nFizeram os Ecerae sair na praça representando os Lambaris.\nFizeram os Ecerae sair na praça representando os Chefes “Bakororodoge”.\nFizeram os Ecarae sair na praça representando o espírito “Cibaio Bakororo”.\nFizeram os Ecerae sair na praça representando o espírito “Aturua”.\nFizeram os Ecerae sair na praça representando as Aranhas.\nFizeram os Ecerae sair na praça representando o Sapo.\nFizeram os Ecerae sair na praça representando a Coruja.	unmatched		
IPEW.005	Ipare Ewororo	ipareEwororo.txt	5	1. LUGAR ONDE SE APERFEIÇOA A ORGANIZAÇÃO BOE	Icare Eceraere Tugarege etudo bororo ji pugeje.\nEre etudo bororo ji Okoge Bakororo pudabo.\nEre etudo bororo ji Okoge Kujagurewu pudabo.\nEre etudo bororo ji Adugo Oro pudabo.\nEre etudo bororo ji Bokuojeba pudabo.\nEre etudo bororo ji Burekiabeio pudabo.\nEre etudo bororo ji Bokodori Corewu pudabo.\nEre etudo bororo ji Okoge Corewu pudabo.\nEre etudo bororo ji Bae pudabo.\nEre etudo bororo ji Buturoe pudabo.\nEre etudo bororo ji Okoge pudabo.\nEre etudo bororo ji Umuguio pudabo.\nEre etudo bororo ji Adugodoge pudabo.\nEre etudo bororo ji Meridoge pudabo.\nEre etudo bororo ji Baparukadojeba pudabo.\nEre etudo bororo ji Meri Jokimoiodoge pudabo.\nEre etudo bororo ji Pari pudabo\nEre etudo bororo ji Ki Oro pudabo.\nEre etudo bororo ji Barubaru pudabo.\nNono Ipare Ewororo keje.	Depois os da metade dos Ecerae fizeram os da metade dos Tugarege representarem também.\nOs mandaram para a praça representando o Peixe Dourado Grande.\nOs mandaram para a praça representando o Peixe Dourado Vermelho.\nOs mandaram para a praça representando o Filhote de Onça Pintada.\nOs mandaram para a praça representando espírito “Bokuojeba”.\nOs mandaram para a praça representando espírito “Burekiabeio”.\nOs mandaram para a praça representando o Tatu-Canastra Preto.\nOs mandaram para a praça representando o Peixe Dourado Escuro.\nOs mandaram para a praça representando o Urubu-Rei.\nOs mandaram para a praça representando os espíritos “Buturoe”.\nOs mandaram para a praça representando os Peixes Dourados.\nOs mandaram para a praça representando o espírito Umuguio.\nOs mandaram para a praça representando as Onças Pintadas.\nOs mandaram para a praça representando os irmão Sol e Lua.\nOs mandaram para a praça representando o espírito “Baparukadojeba”.\nOs mandaram para a praça representando os espíritos “Meri Jokimoiodoge”.\nOs mandaram para a praça representando a Ema.\nOs mandaram para a praça representando o Filhote de Anta.\nOs mandaram para a praça representando o espírito Barubaru.\nIsso começou ali na Aldeia dos Rapazes.	unmatched		
IPEW.006	Ipare Ewororo	ipareEwororo.txt	6	4. REPRESENTAÇÕES MAIORES	Nonore icare ere Mano Akurararewu tawuje. Mano Kurirewure mano akurararewu tawuje. Ukiga ekure. Icare Birimodore mano akurararewu tawuje, ukiga kujagure. Era pana akodo ji, ere parira akodo ji	Ali eles iniciaram o ritual da roda pequena de caeté Mano Akurararewu. Foi Mano Kurirewu quem inventou o ritual da roda pequena de caeté. Os pregos de penas que a ornavam eram amarelos. Aí Birimodo fez a roda pequena de caeté com pregos vermelhos. Tocaram para ela a cabaça dupla pana e a flauta pequena parira.	unmatched		
IPEW.007	Ipare Ewororo	ipareEwororo.txt	7	4. REPRESENTAÇÕES MAIORES	Icare ere kado parudo pugeje. Nowu kado iere Parabara. Ure kadowuge eiere Parabaradoge. Ere Bakororodoge (Aroroe: Birimodo, cebegiwu, Akaruio Boroge, cobugiwu) etawuge. Ere Bokuojebage etawuje. Ere Aeredoge etawuje (iwugududoge: Tadugo, cebegiwu; Butoregadu, cobugiwu. Ere nowu Parabaradoge Eimejerage etawuje (Parabaradoge etuore, badojeba cebegiwu; onaregedu bakoro eceraedu).	Depois fizeram o ritual das taquaras. Essas taquaras chamam-se Parabaradoge. Os que as cortaram chamam-se também Parabaradoge. Dentro deste ritual fizeram representar os espíritos Bakororodoge (Bakororo e Itubore), fizeram representar também os espíritos Bokuojebage (Bureikabeio e Bokuojeba), e os espíritos Aeredoge (Tadugo, o maior, e Butoregadu, o menor). Fizeram representar os chefes dos Parabaradoge (O pai dos Parabaradoge, do clã dos chefes, do lado de baixo, e filho dele, do clã dos Bakoro Ecerae).	unmatched		
IPEW.008	Ipare Ewororo	ipareEwororo.txt	8	4. REPRESENTAÇÕES MAIORES	Dukeje icare ere Toro tawuje pugeje (Ki Bakororo ure Toro Corewu tawuje; Meredu ure Toro Kigadurewu tawuje)	Depois fizeram o ritual da saia de palha de palmeira. Ki Bakororo fez o ritual com saia escura Toro Coerewu (saia feita de brotos de folhas de buriti de cor mais escuro (verde) e Meredu, fez o ritual com saia clara Toro Ekurewu (saia feita de brotos de folhas de babaçu de cor mais claro (amarelo).	unmatched		
IPEW.009	Ipare Ewororo	ipareEwororo.txt	9	4. REPRESENTAÇÕES MAIORES	Dukejere icare Meriri Baru ure Kaiwo tawuje (Paiwedu. Ure mito tu je. Uwiere, maré bire, kocare metuia bokware, Du kodi icare oe jamedu meture apo, uwie bire kodi). Ure Kaiwo (kaidaga) Corewu tawuje, ure Kaiwo Kigadurewu tawuje. Nowu jamedu boe: corewu, kigadurewu, Meriri Baru .	Depois Meriri Baru fez o ritual da palhinha acumã Kaiwo. Ele (Meriri Baru) é o único do clã dos bugios. Tinha o irmão mais novo, mas este morrewu e por isso ficou ele sozinho. Por isso todas as coisas dos Paiwe ficaram com ele, porque o irmão mais novo morrewu. Ele fez o ritual da palha acumã escura e o da palha acumã clara. As duas, a escura e a clara, pertencem a Meriri Baru.	unmatched		
IPEW.010	Ipare Ewororo	ipareEwororo.txt	10	4. REPRESENTAÇÕES MAIORES	Icare Meriri Baru ure Boeru Kiari tawuje. Ure tugeragu ei meri pagaia keje, du kodire eiere Boeru Kiari, boeru rakaguragare dukejere ure tugeragu ei kodi.\nUre Meriri Bari (powari) maku Birimodo ai, ure Parira maku Akaruio Boroge ei.\nNowu Meriri Bari akore Erege... erege... erege... erege... erege (2x)\nNowu Parira akore Cigi... cigi...cigi... cigi ... cigi (2x0	Depois Meriri Baru fez o ritual Boeru Kiari. Ele pegou os atores ao meio dia, por isso se chamam Boeru Kiari (muito calor), porque os pegou para representar no calor mais forte.\nEntregou a cabacinha ritual meriri bari para Birimodo e a flauta pequena parira para Akaruio Boroge\nA cabacinha ritual tocava: - Erege... erege... erege... erege... erege (2x)\nE a flauta tocava: - Cigi... cigi...cigi... cigi ... cigi (2x)	unmatched		
IPEW.011	Ipare Ewororo	ipareEwororo.txt	11	4. REPRESENTAÇÕES MAIORES	Dukejere icare Aroia Kurirewu, Butoregadu ere Iwodu tawuje. Ia iwodu ere okwa akirido, ia okwa akirikare.\nEre tugeragu Arogiarewudoji (Bok Ec.), ere tugeragu Aromere Ekurewudo (Bok Ec. Ceb). Nowugere ere ererugo paruji:- pr...pr...pr...	Depois Aroia Kurirewu e Butoregadu fizeram a representação das folhas da árvore Iwodu. Enfeitaram algumas folhas com penugem branca nas beiradas, outras não.\nPegaram as mulheres Arogiarewudo e Aromere Ekurewudo e as fizeram dançar na hora de executar o canto de preparação para este ritual.	unmatched		
IPEW.012	Ipare Ewororo	ipareEwororo.txt	12	4. REPRESENTAÇÕES MAIORES	Dukeje icare Aroia Kurirewu, Butoregadu, ere Marido tawuje. Aroia Kurirewure tugeragu tuiorubodare Akaruio Bokodori ji. Butoregadure ure tugeragu tuiorubodare. Bakorokuduji.\nNowugere ere ererugo nowu Marido paru tabo boeco ji..	Depois Aroia Kurirewu e Butoregadu fizeram as rodas de talos de folhas de buriti. Aroia Kurirewu pegou o seu primo Akaruio Bokodori. Botoregadu pegou o seu primo Bakoro Kudu.\nOs fizeram dançar, à noite, durante o canto de preparação para o ritual da roda grande de talos de folha de buriti (Marido).	unmatched		
IPEW.013	Ipare Ewororo	ipareEwororo.txt	13	4. REPRESENTAÇÕES MAIORES	Dukeje icare ere Marido Ikurewu mugudo pugeje. Ere tugeragu nowu ture tugeragu jiwugei (Bakorokudu ji, Akaruio Bokodori ji). Nowugere ererugodure tabo boeto ji.	Depois os mesmos fizeram as rodas pequenas de talos de folhas buriti que dançam na corda. (Marido Ikurewu).Ele pegaram os mesmos que tinham pego antes. (Bakoro Kudu e Akaruio Bokodori) e os mandaram fazer dançar as rodas na corda antes dos outros.	unmatched		
IPEW.014	Ipare Ewororo	ipareEwororo.txt	14	4. REPRESENTAÇÕES MAIORES	Dukejere icare Bokodori Ecerae ere Kado Rairewu tawuje. Ere tugeragu Mano Kurirewuji, ere tugeragu Birimodoji, nowugere icere ere ererugo tabo boeto ji..	Depois os do clã do Tatu-canastra fizeram o ritual da Taquara Comprida. (Kado Rairewu). Pegaram Mano Kurirewu e Birimodo e estes fizeram as taquaras dançar primeiro.	unmatched		
IPEW.015	Ipare Ewororo	ipareEwororo.txt	15	4. REPRESENTAÇÕES MAIORES	Dukeje icare Badojebage akego pudui Boewo Aije Ako arego. Ere turagojedo Roia Kurirewu Koborigodu tabo: Aije okea kejewu Roia Kurirewu.	Depois os badojeba se apressaram para que os Bororo fizessem chegar a voz do Aije. Levantaram-se para cantar o Canto Grande Resumido (Roia Kurirewu Koborigodu). O canto grande dirigido ao Aije.	unmatched		
IPEW.016	Ipare Ewororo	ipareEwororo.txt	16	4. REPRESENTAÇÕES MAIORES	Dukejere icare Kaigu, Aromerere eture mea tabo, iwara kigadu tabo, cewu Aije bogai. Butoregadu kodure ebo.	Depois Kaigu e Aromerere foram embora com fumo e com a vara descascada a procura do Aije. E Butoregadu foi com eles.	unmatched		
IPEW.017	Ipare Ewororo	ipareEwororo.txt	17	5. ITURA KURIREU (A MATA GRANDE)	Ipare Ewororo mugure Itura Kurieu okwa, oino mato.\nNowu Itura Kurirewu mugure kimo. Brae ekera amagadukare ji roga.\nBakarunure ema. Brae eno bakarunure ema du kodire ekera amagadukare ji roga.\nDu okwai, Meri Rutu jaogwaire Ipare Ewororo mugure, padure, puredu tu nowu Itura Kurirewuji	A Aldeia dos Rapazes (Ipare Ewororo) ficava na beira da Mata Grande (Itura Kurirewu), do lado de cá.\nEssa Mata Grande existe ainda. Os brancos ainda não mexeram com ela. Ela é sagrada. É sagrada também para os brancos por isso que eles ainda não a tocaram.	unmatched		
IPEW.018	Ipare Ewororo	ipareEwororo.txt	18	5. ITURA KURIREU (A MATA GRANDE)	Ipare Ewororo Biegarewu okwacere mato.\nAroe Etoro Meta okwacere mato. Ia kuruga kurirewu tore Boere aroe etoro tugu, du kodire iere Aroe Etoro meta.\nNowu Itura Kurirewu okwa keje ia ewororo iere Batagaje Barareda. Metuia padu puredure tu ji, nowu Itura Kurirewu okwai, iera Nabure Etao Barareda.	A aldeia dos Rapazes (Menor) estava mais para cá. E mais para cá estava a lagoa Aroe Etoro Meta. Era uma lagoa grande onde os Bororo colocavam as saias de palha (para não ressecarem), por isso chama-se: Lugar de guardar as saias rituais de folhas de palmeira (Aroe Etoro Meta).\nNa beira daquela Mata Grande ficava também uma outra aldeia chamada Batagaje Barareda (lugar onde se balançava o mergullão), e uma outra perto desta, também na beira da Mata Grande, chamada Nabure Etao Barareda (lugar onde a arara vermelha balançava a cabeça).	unmatched		
IPEW.019	Ipare Ewororo	ipareEwororo.txt	19	6. A MORTE DE PEMO	Nowu Ipare Ewororo kejere icare Pemore ime edo tuwido. Nonore icare ime ere Pemo bito	Na Aldeia dos Rapazes foi onde Pemo fez que os homens lhe dessem morte. Foi ali que os homens mataram Pemo.	unmatched		
IPEW.020	Ipare Ewororo	ipareEwororo.txt	20	6. A MORTE DE PEMO	Akore Jugodoge eparudo. Icare Boere jugodoge eparudo.	Ele mandou preparar uma caçada de queixadas.\nEntão os Bororos prepararam a caçada de queixadas.	unmatched		
IPEW.021	Ipare Ewororo	ipareEwororo.txt	21	6. A MORTE DE PEMO	Kodure kuri Jerigi Otojiwu ae, akore Jerigi Otojiwu, Jerigi Otojiwu, aerudu aroi. Akidogodukaba jugo kuricigorewu ji.\nJerigi Otojiwu akore U! Apagudu kaba.\nMare Pemo koiare ure jorduwado tagowo ino tumago jipagi.	Aí Pemo veio onde estava Jerigi Otojiwu e lhe disse: - Jerigi Otojiwu, esteja atento. Não atire na queixada maior.\nJerigi Otojiwu respondeu: - Sim! Não se preocupe.\nFoi, porém, o mesmo Pemo que inspirou Jerigi Otojiwu a lhe responder assim.	unmatched		
IPEW.022	Ipare Ewororo	ipareEwororo.txt	22	6. A MORTE DE PEMO	Icare Boere bakuredo nowu Itura Kurirewu ji. Icare iparere tudugu nowu iturato, toiogwari tabo. Ipare ewijanure nowu Itura Kurirewuji, egore: Arego toro! (3x).Tugodui.	Então os Bororo cercaram a Mata Grande e os rapazes entraram na mata gritando. Eles gritavam nessa Mata Grande andando e dizendo (aos bichos):\n- Corram para lá! Andanto.	unmatched		
IPEW.023	Ipare Ewororo	ipareEwororo.txt	23	6. A MORTE DE PEMO	Dukeje ere iogwarido: Wa!...\nEgore: Torire toro! (3x). Jeririre toro! Iwaragigudure toro!	Eles gritavam dizendo: - Anta, corra para lá! Tamanduá Bandeira, corra para lá! Queixada, corra para lá!	unmatched		
IPEW.024	Ipare Ewororo	ipareEwororo.txt	24	6. A MORTE DE PEMO	Dukeje icare eiore nowu jugodogeto. Pemo koiare ure eeruduwado tagowo oinono. Ure nowu barege eiamedu tugu nowu iturato etai.\nDukeje icare jugodoge eregodure. Ere jugodoge erego, egore Wa!...\nEgore Ekodo bakure kae toro! (4x) Wa!…	Logo deram com um bando de queixadas. Foi Pemo quem lhes inspirou a falar assim, ele pôs todos esses bichos na mata para eles.\nAí os queixadas correram: eles fizeram correr os queixadas.\nEntão gritaram: - Wo!... Estão indo para o cerco! Estão indo para o cerco! Wo!...	unmatched		
IPEW.025	Ipare Ewororo	ipareEwororo.txt	25	6. A MORTE DE PEMO	Dukeje icare jugo aregodure Jerigi Otojiwu ae. Kurire! Wararure!\nJekudure ji, Akore U! Ino boegetu!\nIcare itogodure ji pa!\nIcare akokare nono jugo tagore. Akore- kui je. Oragudure.	Aí chegou um queixada no rumo de Jerigi Otojiwu. Era grande e gordo!\nOlhou admirado para ele dizendo: - Oh! Que sorte!\nE atirou nele.\nMas este não se queixou como costuma fazer o queixada. Ele chorou.	unmatched		
IPEW.026	Ipare Ewororo	ipareEwororo.txt	26	6. A MORTE DE PEMO	Dukeje biabuture cewu akore puduiwo keje. Ure tudugo, tuwaiga, ure barigu, ure todomo tugajeje. Kiarigodunure cidogodui jitu duji. Uto rekodaji... aiwore: Enojore tuku, tuwi tabo. Tugo meture tada.\nUre tudugo ta piji, uture piji.	Então se lembrou do que (Pemo) lhe tinha dito. Jogou longe sua flecha e seu arco e ficou de braços cruzados. Estava triste por tê-lo flechado. Foi no rumo dele, observou: Estava caído de bruços, morto. A flecha estava cravada nele.\nArrancou-lhe a flecha e foi embora dele.	unmatched		
IPEW.027	Ipare Ewororo	ipareEwororo.txt	27	6. A MORTE DE PEMO	Kodo kuri... toragudu tabo. Ure tuwuredo tu. Ure tuwuredo boe keje oino. Ure jiparogu bu.\nIcare Boere tudo pui ecewu jugodoge ebo. Dukeje icare emagore bogai, egore: Kaiba Pemo kodure? Pemo pa? Kaiba tagodure apo?\nEgore Iorduwakare! Iorduwakare!	Foi embora correndo e chorando. Depois parou. Parou no meio do mato e fez uma clareira para descansar.\nDepois os Bororo se rewuniram trazendo os queixadas e perguntaram por ele dizendo: Para onde foi Pemo? Cadê Pemo? Para onde vocês o levaram?	unmatched		
IPEW.028	Ipare Ewororo	ipareEwororo.txt	28	6. A MORTE DE PEMO	Nowu roino jiwu ure tumagoiagu, mare akoiwakare tumagowo. Ure tumagoiagu, mare oragudure.\nIcare ere boe pa ji, egore Akirema, akirema aroino ji!	Aquele que o tinha flechado queria falar, mas não dava conta. Queria falar, mas ficava chorando.\nAí eles o suspeitaram e perguntaram: - Foi você, foi você que fez isso com ele!	unmatched		
IPEW.029	Ipare Ewororo	ipareEwororo.txt	29	6. A MORTE DE PEMO	Makokare. Nowu oragudure akoiwa bokwado tumagowo.\nIcare akore U! Awujire kodure jice.\nIa ime egore Awu kaere inagore. Emare roino ji (2x)	Ele não respondeu. O pranto não o deixava falar.\nDepois disse: - Sim! Ele estava indo por ali.\nAlguns homens disseram: - Falei que era este. Foi este quem fez isso com ele.	unmatched		
IPEW.030	Ipare Ewororo	ipareEwororo.txt	30	6. A MORTE DE PEMO	Dukeje icare ere taodo bogai, Eemarure bogai. Egore Tagado toro bogai!.\nIcare ere taodo. Dukeje icare ia jorudo ji, akore: Wo!...’m!... Pado woe! Ure bito marigudu!\nEgore Aró! Wo!...	Logo eles se espalharam atrás dele. Procuravam-no dizendo: - Procurem para lá!\nEspalharam-se. Logo alguém o encontrou e disse: - Oh!... ‘M!... Está deitado aqui. Ele o matou faz tempo!\nOs outros exclamaram: - Que coisa! Oh!...	unmatched		
IPEW.031	Ipare Ewororo	ipareEwororo.txt	31	6. A MORTE DE PEMO	Ere pado pemegado. Ere raru, bai ere bu keje, ere rorido joki.\nIcare eture bato.	Arrumaram-no, puseram folhas de árvores e de palmeira sobre ele e foram embora para a aldeia.	unmatched		
IPEW.032	Ipare Ewororo	ipareEwororo.txt	32	6. A MORTE DE PEMO	Aroe ekudu kodo awadure, cewu jugodoge ebo, bato.\nEtujemage emearudure ekudu ji. Etujemage ekudugodure ekudu paruto, egore Pagore ekudu aregodu!	Os caçadores iam gritando muito, levando os queixadas para a aldeia.\nAs mães deles escutaram os gritos e responderam gritando também: - Está chegando o grito dos nossos filhos!	unmatched		
IPEW.033	Ipare Ewororo	ipareEwororo.txt	33	6. A MORTE DE PEMO	Icare etaregodure. Enogwa jeture cewu Pemo bitodurewu ji. Icare Pemo uwobe etoragodure. Icare Aroia Kurirewu ure baporogu reko Kaigu ae. Uture mato baito. Ere pana akodo ji..	Quando chegaram, contaram para elas sobre a morte de Pemo. Aí os parentes de Pemo choraram. Então Aroia Kurirewu levou o chocalho para Kaigu e ele veio para o baito (para cantar). Eles acompanhavam tocando a cabaça dupla (pana).	unmatched		
IPEW.034	Ipare Ewororo	ipareEwororo.txt	34	7. COMPORTAMENTO NO DIA DA MORTE DE PEMO	Badojeba uwadodure areme etae, Boe etae, akore: Tagera bu negedurogu bukeje, tagera bu nogwaredurogu bukeje, tagera bu kido keje, ore keje, korao keje, nabure keje, kuido keje.\nAkore Tagaba paro to jerigi keje, tagaba apeadu bowuje.	O chefe deu aviso para as mulheres e para todos os Bororo, dizendo: - Ponham as mãos sobre os meninos, sobre as meninas, sobre os periquitos e sobre as araras (para não fazer barulho).\nE acrescentou: - Não façam barulho com machado cortando lenha ou quebrando cocos.	unmatched		
IPEW.035	Ipare Ewororo	ipareEwororo.txt	35	7. COMPORTAMENTO NO DIA DA MORTE DE PEMO	Dukeje icare Kaigu ure tugera tugu baporoguto: cugugu, cugugu, cugugu...\nAroia Kurirewu ure togwa tugu panato: - Bu!...bu!... bu!...\nKaigu akore: Go... go go… Go…. go go… Go… go go!..	Depois Kaigu bateu o chocalho: - Chugugu chugugu chugugu...\nCantando: - Go...gogo... Go... gogo... Go... gogo!...	unmatched		
IPEW.036	Ipare Ewororo	ipareEwororo.txt	36	7. COMPORTAMENTO NO DIA DA MORTE DE PEMO	Pemo koiare ure akodino tuwogai.\nAkore Cibaemaga umano jeto mato jao Bororo kae, Aije tuwogai.	Era Pemo que o fazia cantar assim para ele.\nCantava:\n- Cibaemaga umano jeto mato jao, Bororo kae, Aije tuwogai.	unmatched		
IPEW.037	Ipare Ewororo	ipareEwororo.txt	37	7. COMPORTAMENTO NO DIA DA MORTE DE PEMO	Dukeje icare moto jarurugodure. Dukeje icare ipo, iwara, tori, boe jamedu boe amagadugodure. Bakuru buture.\nKaigu akore Go... go go! (3x) je dukeje moto amagadugodure.	Então a terra fez um estrondo. As árvores, as plantas, os morros e tudo tremeu. Veio uma ventania.\nQuando Kaigu cantou: - - Go...go go... Go... gogo... Go... gogo!..., a terra tremeu.	unmatched		
IPEW.038	Ipare Ewororo	ipareEwororo.txt	38	7. COMPORTAMENTO NO DIA DA MORTE DE PEMO	Icare Boe eiamedu boe oragudure.\nBakuru buture, bakuru rakare! Boe makoduuure\nIcare akore Bororo kaie! Bororo kaie!(2x)\nPemo koiare akodino tuwogai.	Aí os Bororo todos choraram.\nVeio uma ventania, uma ventania forte. Depois tudo ficou em silêncio.\nAi ele (Kaigu) disse: - Para a praça! Para a praça!\nEra Pemo que o fazia falar assim para ele.	unmatched		
IPEW.039	Ipare Ewororo	ipareEwororo.txt	39	7. COMPORTAMENTO NO DIA DA MORTE DE PEMO	Icare nowu moto amagadure nowu Kaigu amagadudo: Ta ta ta ta ta!\nDukeje icare motore tuiado Kaigu jokorai.\nIcare ure tudawuje oino rugadu. Ure tumugudo nono jokorai tu...	O terremoto fez Kaigu tremer: ta ta ta ta ta!\nDepois a terra se abriu na frente de Kaigu, e ele (Pemo) saiu dali e sentou-se na frente de Kaigu..	unmatched		
IPEW.040	Ipare Ewororo	ipareEwororo.txt	40	7. COMPORTAMENTO NO DIA DA MORTE DE PEMO	Icare akore Birimodoie tuiadumode ema, akore Butoregaduie tuiadumode ema, akore Aroia Kurirewuie tuiadumode ema, akore Mano Kurirewuie tuiadumode ema, akore Akaruio Borogeie tuiadumode ema, akore Kurugugaie tuiadumode ema, akore Meriri Baruie tuiadumode ema.	Aí ele disse que Birimodo seria seu representante, que Butoregadu seria seu representante, que Aroia Kurirewu seria seu representante, que Mano Kurirewu seria seu representante, que Akaruio Boroge seria seu representante, que Kuruguga seria o seu representante, que Meriri Baru seria o seu representante.	unmatched		
IPEW.041	Ipare Ewororo	ipareEwororo.txt	41	7. COMPORTAMENTO NO DIA DA MORTE DE PEMO	Akore cibae ewarie tuguiemode ema, akore okoge ewarie tuguiemode ema, akore okoge eworo bariie tuguiemode ema..\nAkore Kodudu!\nAkore Nowu powari jetumode juraji tuwogai.	Disse que a cabacinha ritual cibae ewari ia ser dele; que a cabacinha ritual okoge ewari ia ser dele, que a cabacinha ritual okoge eworo bari ia ser dele. Disse para preparar embira, que a cabacinha ficaria pendurada no galho para ele.	unmatched		
IPEW.042	Ipare Ewororo	ipareEwororo.txt	42	7. COMPORTAMENTO NO DIA DA MORTE DE PEMO	Akore nowu meri keje Boe emeru kaiagu, nowu meri keje Boe edu tuguiagu; nowu meri akedukeje Boe emerumode, dure pemegare. Mare Boe emerumoduie nowu ture tuguo meri keje, adugo moduie Boe ewido, awagu moduie Boe ekowuje, Boe emoduie tuwududo, Boe emoduie togorido, Boe emoduie tuwido, ore erugodumoduie Boei, apegurare erugodumode Boei. Oino nowu meri keje.\nAkore Barogwato Boe emerumode, dure pemegamode.	Disse que os Bororos não saíssem para caçar, que ficassem quietos. Que se fossem caçar depois desse dia seria bom. Mas que se saíssem no dia que ele se manifestou, a onça iria matá-los, a cobra iria ofendê-los, que iriam cair e se machucar, que iriam se matar. Que as formigas tocanguiras iriam ferroá-los, que os formigões do cerrado iriam atacá-los. Que isso iria acontecer nesse dia.\nDise que se os Bororo fossem caçar no diaseguinte, seria bom	unmatched		
IPEW.043	Ipare Ewororo	ipareEwororo.txt	43	7. COMPORTAMENTO NO DIA DA MORTE DE PEMO	Icare Boere turokagado nowu bataru ji . Boere cibae ewari upo bu kujagurewu towuje. Boere okoge ewari upo ekurewu towuje, ukuiece.\nBoere mea kogudo, ere bu nowu ukuie powari keje.\nIcare Boere butudo baito, nowu iadu bogai (Birimodo, Mano Kurirewu bogai).\nNowu poware ewudure baito.	Então os Bororo experimentaram a fazer como ele falou. Fizeram a cabacinha cibae ewari. com o fundo enfeitado de peninhas vermelhas. Fizeram a cabacinha okoge ewari como fundo enfeitado de peninhas amarelas, para ele.\nAmarraram cigarros e os colocaram junto com a cabacinha dele.\nDepois levaram para o baito, para os representantes dele (para Birimodo e Mano Kurirewu).\nAs cabacinhas foram levadas para o baito.	unmatched		
IPEW.044	Ipare Ewororo	ipareEwororo.txt	44	7. COMPORTAMENTO NO DIA DA MORTE DE PEMO	Birimodo ure togwa tugu to, ure akodo: Erererererere gae! (3x)\nUre metuia akodo: - Erererererere.\nUre togwa tugu okoge ewarito pugeje, ure akodo: - Tugigi, tugigi, tugigi! (2x).\nUre togwa tugu nowu uke meaji, akore: -Ps!… Page mea reno! Pawo jiwa aidugirido!\nJetudo pa! Buke padu paga tu je duji.\nMetuiare togwa to ji pugeje, akore Ps!... Page mea reno! Boe puredu kaba pajeji, boe puredu kaba pawiemagei, boe puredu kaba pamanamagei, boe puredu kaba pawobei! Boe jaedo toro epiji! Ps!...\nIcare ure maku tuo ai pugeje, akore Ioga akuie powari reo. Ure togwamu ji : - Ps!...ps...!	Birimodo soprou nelas e as fez soar: - Erererererere gae! (3x)\nDepois soprou na cabacinha Okoge Ewari e a fez soar: - Tugigi, tugigi, tugigi! (2x).\nSoprou também com a fumaça do cigarro dizendo: Ps!... Eis aqui o nosso fumo! Vamos fazê-lo ter sorte. Jogue-o lá onde o tamanduá-bandeira está deitado à toa.\nO companheiro (Mano Kurirewu) fumou também e disse: - Ps!... Eis o nosso fumo! Que nada de ruim aconteça à nossa mãe, que nada de ruim aconteça aos nossos irmãozinhos, aos nossos irmãos mais velhos, ao nosso povo. Afasta a ruindade para longe deles.\nDepois entregou a cabacinha ritual para o seu pai dizendo: - Meu pai, Eis aqui a sua cabacinha. E soprou nela: - Ps!...Ps!...	unmatched		
IPEW.045	Ipare Ewororo	ipareEwororo.txt	45	8. COLOCAÇÃO DEFINITIVA DOS CLÃS NA ALDEIA	Nonore icare Boe emugure tumuga remawu keje. Icare Badojebage emugure tumuga keje. Nonore icare Kie emugure tumuga keje. Nonore icare Bokodori Ecerae emugure tumuga keje. Nonore icare Bakoro Ecerae emugure tumuga keje. Ecerae enodo pa reno.Nonore icare Ecerae emugure tumuga keje.	Foi aí que os Bororo ficaram nos seus verdadeiros lugares.\nOs do clã dos chefes ficaram no seu próprio lugar. Os do clã das antas ficaram no seu lugar certo. Os do clã do tatu-canastra ficaram no seu lugar certo, os do clã do espírito Bakoro ficaram no seu lugar certo. Esses são todos os da metade dos Ecerae. Ali os Ecerae ficaram no seu lugar certo.	unmatched		
IPEW.046	Ipare Ewororo	ipareEwororo.txt	46	8. COLOCAÇÃO DEFINITIVA DOS CLÃS NA ALDEIA	Nonore icare Paiwe emugure tumuga keje, nonore icare Apiborege emugure tumuga keje, nonore icare Aroroe Cobugiwuge emugure tumuga keje, nonore icare Iwagududoge emugure tumuga keje, nonore icare Aroroe Cebegiwuge emugure tumuga keje.. Icá: Tugarege etagedu.	Foi aí que os do clã dos bugios ocuparam o seu próprio lugar. Os do clã da palmeira acuri ocuparam o seu próprio lugar. Os do clã das larvas pintadas, do lado de cima, ocuparam o seu próprio lugar. Os do clã das gralhas ocuparam o seu próprio lugar. Os do clã das Larvas pintadas, do lado de baixo, ocuparam o seu próprio lugar. Esses são todos os da metade dos Tugarege.	unmatched		
IPEW.047	Ipare Ewororo	ipareEwororo.txt	47	9. NORMAS DE CASAMENTO E TRATAMENTO MÚTUO	Nonore icare Ecerae emugure Tugarege ebo. Nonore icare Ecerae areme emugure Tugare ime ebo.\nNonore icare Boe egore Iorubodare! Oino\nNonore icare Boe egore Iadu!\nNonore icare Boe egore Itoredu!\nNonore icare Boe egore Iwire!\nNonore icare areme egore Ikoge!\nNonore icare areme egore: Iwurirogu! Iwurimage!\nNonore icare Boe egore?: - Ituierogu! Ituiemage!\nNonore icare Boe egore Imarugo! Imarugomage!\nNonore icare Boe egore Iedaga! Iedagamage!\nNonore icare Boe egore Ime! Imedoge!\nNonore icare Boe egore Ioga! Iogamage!\nNonore icare Boe egore Imuga! Imugamage!	Ali então os Tugarege casaram com os Ecerae. As mulheres Ecerae casaram com os homens Tugarege.\nA partir de então os Bororo se tratam assim:\nMeu primo! (indivíduo da outra metade)\nMeu companheiro!\nMeu esposo!\nMinha esposa!\nMeu marido!\nMeu irmão mais velho, minhas irmãs mais velhas (linguagem masculina)\nMeu irmão mais velho! Meus irmãos mais velhos! (linguagem feminino)\nMinha irmã mais velha! Minhas parentes mais velhas!\nMinha sogra! Minhas madrinhas! (as da outra metade)\nMeu padrinho! Meus tios maternos! (os da mesma metade)\nMeu pai! Meus tios paternos!(os da outra metade)\nMinha mãe! Minhas mães! (as da mesma metade)	unmatched		
IPEW.048	Ipare Ewororo	ipareEwororo.txt	48	9. NORMAS DE CASAMENTO E TRATAMENTO MÚTUO	Icá! Boe ere pu jejiwudo kidoguru tabo\nBoe ere pu kujagudo, ere pu okwagedo.\nNowu Boe eke iere mana, manageje, iere managae. Iere: Pawo karo tugu bai tada.	Eis! Os Bororo começaram a se pintar o rosto uns aos outros. Começaram a se pintar a pele uns dos outros, a se alimentar uns aos outros.\nEsse alimento chama-se mana, manageje, managae. É quando cozinham o peixe no baito ou baimanagejewu (casa da comida fraterna).	unmatched		
IPEW.049	Ipare Ewororo	ipareEwororo.txt	49	9. NORMAS DE CASAMENTO E TRATAMENTO MÚTUO	Awu inodu koia, Boe emearudu kuricigore pui.\nNonore icare Boe ere tugeragu pegarewugei, Boe ere pegarewuge eeruduwado.	Por causa disso os Bororo se amam muito. Dali para cá, os Bororo pegam os maus e os educam (os ensinam).	unmatched		
IPEW.050	Ipare Ewororo	ipareEwororo.txt	50	9. NORMAS DE CASAMENTO E TRATAMENTO MÚTUO	Boe ere pu okwa porodo, Boe ere pu iedo, Boe ere Bakororo Ika bu puwugeje, Boe ere Kidoguru Para bu puwugeje.	Dali para cá, os Bororo furam o lábio uns dos outros, dão o nome uns aos outros, cantam o canto Bakororo Ika uns para os outros, cantam Kidoguru Para uns para os outros.	unmatched		
IPEW.051	Ipare Ewororo	ipareEwororo.txt	1	E ENCONTRAM ALIMENTOS IMPORTANTES	Dutabore icare Boe eture mato, Itura Kurirewu piji, Ipare Ewororo piji, Torigara piji, Cuiabá Po piji jamedu.	Nesse tempo os Bororo vieram embora da Mata Grande, da Aldeia dos Rapazes, de Tarigara (ou Perigara), do rio Cuiabá, para o rumo de cá.	unmatched		
IPEW.052	Ipare Ewororo	ipareEwororo.txt	2	E ENCONTRAM ALIMENTOS IMPORTANTES	Boe ekodure jiii... Boe eiore Apidoguruto.\nBoe egore Kabobao?\nAkore Boe kodiboe imi karegao. Apidoguru, Apido, oinore ikiere. Boe ekenure imi. Ikuru jire Boe enogwagere. Pori tore boere itugu. Poiwo tabore Boe enogwagere ii.	Andaram muito tempo até chegarem a um acurizal.\nAí perguntaram: - O que é isto?\nRespondeu: - Eu não sou qualquer coisa. Meu nome é palmeira acuri, assim é o meu nome. Eu sou alimento dos Bororo. Os Bororo consomem o meu vinho. Eles me colocam em potes e me consomem com um caninho.	unmatched		
IPEW.053	Ipare Ewororo	ipareEwororo.txt	3	E ENCONTRAM ALIMENTOS IMPORTANTES	Icare Boe ere tumugudo keje, icare Boe ere pemegado.\nAkore¨- Oinore Boe egore iparuia ji. Nowu poiwo, Boe ere roiao ta ji,\nEgore Aroe eiwo… Marenaru ‘a ‘a ‘a!\nBoe egore Bure rerurewu aro tawuje, aro tawuje!\nBoe egore Arowe karo ikududo.\nBoe egore Arowe mace ikududo.\nBoe egore aroe etae, ekuduwo, ewo jure aidu tawuje.\nBoe egore Arowe akiri barigu akaio kae. Imaiare ewurerewu kodure akae.\nOinore Boe egore togwagei jitu tabo. Eegarere ji. Boe eke pemegarewunure ema.	Então os Bororo ficaram aí, e prepararm.(a festa da bebida de vinho de acuri)\nEle (o vinho) disse: É assim que os Bororo cantam preparando minha festa. Eles cantam o roiao do vinho de acuri (iworo).\nOs Bororos convidavam as almas para beberem, e dançarem alegres.\nAlguns diziam: - Manda para a cabeça o espírito branco, que os pés das mulheres vão no seu rumo.\nAssim eles falavam enquanto consumiam o vinho de acuri. Ficavam alegres com ele porque era um bom alimento.	unmatched		
IPEW.054	Ipare Ewororo	ipareEwororo.txt	4	ENCONTRAM DIVERSAS CLASSES DE BATATAS	Boe eture pugeje. Boe etaregodure a kuruga kae. Boe etaiwore: Oinore iaboere tudo! Icare Boe enoragodure ji, egore: -Kabobao? Inoba ureboe bao?\nAkore U! Boe kodiboe imi karega. Boe eke imireo.\nAkore Iire Boe egore pogodawu, ino.	Depois os Bororo viajaram de novo e chegaram a uma lagoa. Observaram: tinha ali muita coisa. Aí perguntaram dizendo: - O que é isto? Que classe de coisa é isto?\nRespondeu: - Oh! Eu não sou qualquer coisa. Eu sou alimento dos Bororo.\nE acrescentou: - É a min que o povo chama de pogodawu (inhame).	unmatched		
IPEW.055	Ipare Ewororo	ipareEwororo.txt	5	ENCONTRAM DIVERSAS CLASSES DE BATATAS	Metuia akore Boe eke imireo. Iire Boe egore,otoe, otoe,ino.Boe enure itugu, Boe enure itorudo.\nIcare boe ere etawuje, Boe ere etugu. U! Pemega remawunure pureore rugadu. Girorire, betugurure.\nBoe ere kowuje, pemegare rugadu.\nBoe emugure keje.	Uma outra batata da terra disse: - Eu sou alimento dos Bororo. É a mim que eles chamam de otó (Vrd. de cará silvestre). Os Bororo me cozinham na água, ou então me assam.\nEntão eles tiraram-no e o cozinharam na água. Era muito bom,como o anterior. Era cheiroso e meio doce.\nEles comeram. Era bom mesmo. Então ficaram ali.	unmatched		
IPEW.056	Ipare Ewororo	ipareEwororo.txt	6	ENCONTRAM O PALMITO DE BOCAIUVA (MOTORE)	Icare Boe eture pugeje. Boe etaregodure iaboe tuginoiwu kae pugeje. . Oinore ure boe joki! Oinore ure tudo!\nBoe egore Kakodiboe bao? Inoba ureboe bao?\nAkore Boe kodiboe imi karega. Motore imireo.\nIcare Boere kaibori to ji, boe ere torudo, boe ere tugu boekuruto: kare ekuruto, barege ekuruto. Rore, pemegare. Icare Boe ere kowuje.	Depois viajaram de novo até que chegaram a um lugar onde tinha algo estranho.\nTinha muito espalhado por todo lado. Apareceu muito!\nOs Bororo perguntaram: - O que é isto? Que coisa é isto?\nRespondeu: - Eu não sou qualquer coisa. Eu sou o motore (palmeira nova de macaúba para tirar palmito)\nEntão os Bororo o socaram no pilão, o assaram e depois o puseram no caldo de peixe, e no caldo de caça. O cheiro era gostoso, bom. Aí comeram.	unmatched		
IPEW.057	Ipare Ewororo	ipareEwororo.txt	7	ENCONTRAM A PALMEIRA BABAÇU (NOIDO)	Icare Boe eture pugeje. Boe etaregodure ia boe tuginoiwu kae pugeje..\nBoe egore Kakodibie bao? Inoba ureboe bao?\nAkore Boe kodiboe imi karega. Noidoguru imireo. Boe ekenure imi. Boe enogwagere ipoiwa ji. Boe ere kugudo, Boe ere beredo, Boe ere kujagudo, boe ere meto dadawudo ema.\nBoetoji no kodu, dukeje noidoia poiwa ekurewu, iere meto tadawu.	Depois os Bororo foram embora de novo. E novamente chegaram a um lugar onde tinha algo diferente.\nEles perguntaram: O quê é isto? Que coisa é isto?\nRespondeu: - Eu não sou qualquer coisa. Eu sou o a palmeira babaçu. Eu sou comida dos Bororo. Os Bororo comem o meu palmito. Eles o amassam e o fervem, o tingem de vermelho e o convertem em mistura meto tadawu Mistura de polpa ralada de fruta de babaçu com palmito ralado da mesma palmeira, cozinhado junto.\nPrimeiro era a polpa de caroço de babaçu, depois o palmito de babaçu que se chamou meto tadawu.	unmatched		
IPEW.058	Ipare Ewororo	ipareEwororo.txt	8	ENCONTRAM A PALMEIRA BABAÇU (NOIDO)	Akore Paro tabore Boe ere ipoiwa tawuje, dure Boe ere pemegado, dure Boe ere kowuje.\nBoe egore Wo!... Paro pa? Paia kowuje!\nAkore Tori tabore Boe ere awu itadu bowuje, parotori tabore Boe ere iwowuje.\nBoe egore Wo!… kode! Tori pa?\nTori akore Tori imireo.Toriwudu imireo.	Disse: - É com machado de pedra que os Bororo me tiram, depois me preparam e comem.\nOs Bororo disseram: - Oh! Cadê o machado? Se pudéssemos comer (o palmito)!\nAcrescentou: É com machado de pedra que os Bororo racham a minha casca. È com machado de pedra que eles me quebram.\nOs Bororos disseram: - Oh! Então! Cadê a pedra?\nA pedra respondeu: - Eu sou a pedra. Eu sou a pedra de bater.	unmatched		
IPEW.059	Ipare Ewororo	ipareEwororo.txt	9	ENCONTRAM A PALMEIRA BABAÇU (NOIDO)	Ia boe akore Boe ewainure imi. Boe egore : - Bai Barege Eiarirewu. Boe egore bai, ino ii.\nBoe egore Bai Cibaiari, Boe egore; - Bai Kudoroe Eiari, Boe egore:- Bai Buiogori.\nBokodori Ecerae ewainure imi.	Uma outra coisa disse - Eu sou casa dos Bororo. Eles dizem: Casa parecida com toca de bichos, casa. Casa das araras vermelhas, Casa das araras pretas, casa das piranhas.\nEu sou a casa dos membros do clã do tatu-canastra.	unmatched		
IPEW.060	Ipare Ewororo	ipareEwororo.txt	10	ENCONTRAM A PALMEIRA BABAÇU (NOIDO)	Egore Kode, inoba pamode parodo ji?\nAkore Ipo apare boere kado. Ipo bigodure Boere kado, dure Boere bu ja tada. Dukejere Boere ia ipo bu, dure iere bai jura, du ao kejere boere iwarigu, du kudare Boe emugure.\nNowu emugure tadawuge egore Iwai barege eiari reo.	Perguntaram: Então, como vamos fazê-la? Ele disse: - Os Bororo cortam um esteio com forquilha. Depois cortam um pau longo, e o colocam na abertura da forquilha. Por cima eles colocam os caibros, e me jogam por cima deles. E os que moram dentro dizem: - Esta é minha casa barege eiari (caverna dos bichos).	unmatched		
JAKO.001	Jakomea Jiwu	jakomeaJiwu.txt	1	1. CAUSA DO DESGOSTO DE MERIRI PORO	Ia aroeroedure iere Meriri Poro. 2. Boe enure kago bu, icare ime eto kago kae. 3. Du rekodaji Meriri Poro onaregedu rekodure, icare aregodo kago kae, ime eregodaji. 4. Icare imere tugeragu kare ei kago piji, icare ere kare epedo pui. 5. Dutabore icare ere iage emagu nogedurogu ai jamedu. 6. Dutabore icare ewadaru okeado pegare ji. 7. Iage egore Akado, oinore ace omogore. 8. Ino ia akurara ji. 9. Du kodi icare negedurogu kiarigodure, mare makokare. 10. Icare Boe ime eture kago piji. 11. Ecewu negedurogu kodure woe, ecewu ere maku pudaiwu akuraroe ebo. 12. Kodo jii baato, icare aregodure ecewu kare ebo. 13. Uorema kodukare ime ebo, unure tudugo pemegado. 14. Icare onaregedu akore -Iogwa, iogwa!Ime egore awu akuraroe ereoreie imuga omogore”. 15. Uo akore uu! Kirabodu!	Havia um homem do clã das larvas que se chamava Meriri Poro. 2. Os Bororos tinham feito no rio uma armadilha para pegar peixe, chamada kago, e um dia os homens foram lá (para pegar os peixes). 3. O filho pequeno de Meriri Poro correu e chegou também atrás dos homens. 4. Os homens apanharam os peixes e os repartiram entre eles. 5. Ao mesmo tempo deram alguns peixes para o menino, 6 falando palavras grosseiras para ele. 7. Alguns deles disseram: - “Olhe, assim são os genitais de sua mãe” 8. Referindo-se a um pacu-peba. 9. O menino ficou triste, porém, não falou nada. 10. Depois os homens foram embora. 11. O menino veio embora também trazendo os pacu peba que eles lhe tinham dado. 12. Dirigiu-se para a aldeia e lá chegou com os peixes. 13. O pai não tinha ido com os homens; tinha ficado consertando suas flechas. 14. Aí o menino contou para o pai: e queixou-se com ele das grosserias que os homens lhe tinham falado. 15. O pai respondeu: Sim? Que coisa!	unique		Human-reviewed: no documentary duplicate identified; early Jakomea narrative and animal-origin sequence are independently attested material.
JAKO.002	Jakomea Jiwu	jakomeaJiwu.txt	16	2. MERIRI PORO FLECHA AROE JAKOMEA	Barogwa kododure. Meriri Poro mugure woe. Ure tuiebu baawadu kae. Ure tuiemaedo. Korigodure. Akore m ...\nUre tugera to pudui pao! Boekorinure ji. Ure tugera maedo oino tuie joki. Ure turemo.	Ao amanhecer (do dia seguinte) Meriri Poro estava aqui (dentro de casa). Depois saiu da casa, estendeu a vista, e disse com raiva: - m ...\nBateu com os punhos no peito. Estava com muita raiva. Passou as mãos pelo seu rosto assim, e depois entrou (de novo em casa).	unique		Human-reviewed: no documentary duplicate identified; early Jakomea narrative and animal-origin sequence are independently attested material.
JAKO.003	Jakomea Jiwu	jakomeaJiwu.txt	17	2. MERIRI PORO FLECHA AROE JAKOMEA	Meri kodo jii... Meri rekodure. Meri jeture paguduji, du tabore icare ure turagojedo, ure tugeragu to aeji, ure upodo taora tabo bai bai bai bai bai...\nUre tuioku mugu awadudo, ure tugera to pudui pão! Ure tugera maedo tuiogi, tuie joki jamedu: Ps! Há! Hum! Bokorire ji rugadu!	O dia foi passando, o dia ia avançando e, quando o sol estava na altura da nossa fronte (pelas nove horas), ele levantou-se, pegou o seu cordel de cabelos e o enrolou na cabeça.\nAbriu bem os olhos, bateu com os punhos no peito, passou as mãos com raiva pela frente do seu corpo e pelo rosto exclamando: - Ps! Há! Hum!\nEstava mesmo raivoso!	unique		Human-reviewed: no documentary duplicate identified; early Jakomea narrative and animal-origin sequence are independently attested material.
JAKO.004	Jakomea Jiwu	jakomeaJiwu.txt	18	2. MERIRI PORO FLECHA AROE JAKOMEA	Icare ure tugeragu ia to aeji, ure upodo cimore tabo p! p! p! p!p!\nIcare ure tugeragu tuwaigaji,ure tugerudo pobe tuwaiga keje. Ure tuwaiga ao kejewu barigu ao kae kuri pão! Icare ure tuiebu.	Depois pegou um outro cordel de cabelos e enrolou-o no seu braço. Pegou o seu arco com flechas de ponta dura, pôs na ponta do seu arco o enfeite de penas e saiu.	unique		Human-reviewed: no documentary duplicate identified; early Jakomea narrative and animal-origin sequence are independently attested material.
JAKO.005	Jakomea Jiwu	jakomeaJiwu.txt	19	2. MERIRI PORO FLECHA AROE JAKOMEA	Kodo jii kago kae. Aiwore tododai: Raru, bai, ipo, i, kujagunure, nowu kago padurewo keje.\nAkore Kaboba? Inoba ureboeba? Kakodiboeba?	Dirigiu-se para o lugar onde estava a armadilha para pegar peixe. Observando na sua frente viu que no lugar da armadilha tudo estava vermelho: as folhas das árvores e palmeiras, os paus e ás árvores, tudo!\nE perguntou: - O que é isso? Que fenômeno é esse? Que classe de coisa é isso?	unique		Human-reviewed: no documentary duplicate identified; early Jakomea narrative and animal-origin sequence are independently attested material.
JAKO.006	Jakomea Jiwu	jakomeaJiwu.txt	20	2. MERIRI PORO FLECHA AROE JAKOMEA	Kodo kuri nowu kago kae. Aiwore tu... Joku buture ta! Boe inodu keje.\nIcare akore U! Awu inodu rabodu! Kaboba?\nIcare nowu aroe akore Boe kodiboe imi karega. Aroenure imi. Iire Boe egore Aroe Jakomea, Aroe Jakomea, oino.	Aproximou-se logo da armadilha, observou e viu com surpresa uma coisa estranha.\nEntão disse: - Sim! É isto assim! O que será?\nAí o espírito respondeu: - Eu não sou uma coisa qualquer. Eu sou um espírito. Sou eu a quem os Bororos chamam Espírito Jakômea, Espírito Jakômea, assim.	unique		Human-reviewed: no documentary duplicate identified; early Jakomea narrative and animal-origin sequence are independently attested material.
JAKO.007	Jakomea Jiwu	jakomeaJiwu.txt	21	2. MERIRI PORO FLECHA AROE JAKOMEA	Nono icere cewu imedu korigodure, akore m …\nUre tugeragu tudugeruji taci!. Ure tuwu tu keje, ure tugo bu kajeje ta!\nDukeje pobo akore Pó! Cooooo...!	Então o homem ficou com raiva e exclamou: - m ...\nPegou sua flecha de ponta dura, puxou-a (com a corda do arco) e atravessou com ela o Espírito Jakômea.\nLogo se escutou o barulho da água: - Po! Choooo!...	unique		Human-reviewed: no documentary duplicate identified; early Jakomea narrative and animal-origin sequence are independently attested material.
JAKO.008	Jakomea Jiwu	jakomeaJiwu.txt	22	3. DESCRIÇÃO DE AROE JAKOMEA	Jakomeare nono karore. Koro ureore. Mare burere ukare nono karore.Nabure oiaga reorere oiagare oino. Kujagu maenure; nowu oiaga kujagure jamedu. Nowu oiadadare atugore. Atugore ekure tai tai tai, nowu kujagureu kajeje. Aorare kare etaora reore. Kanare kare ekana reore.Uwagurore nono kare ewagurore. Okware nono kare enogware. Jokure nono kare ekure. Mare Boe ekare ko: aroenure ema.	Jakômea é como um peixe. Parece um peixe. Mas os pés dele não são como os de peixe. O rabo dele é com rabo de arara vermelha. Ele é todo vermelho e a cauda é também vermelha. No meio é pintado, tem pintas amarelas através do vermelho. A cabeça é como cabeça de peixe. As asas são como asas de peixe. As asas do ventre são como as de peixe. A boca parece com a de peixe. Os olhos são como os de peixe. Mas os Bororos não o comem porque é um espírito.	unique		Human-reviewed: no documentary duplicate identified; early Jakomea narrative and animal-origin sequence are independently attested material.
JAKO.009	Jakomea Jiwu	jakomeaJiwu.txt	23	4. A INUNDAÇÃO GERAL	Pobore taiado. Pobo ruture baruto.\nIcare ure tuie to paci! Aroe Po otodai. Rekodure, rekodure ‘m!… Je pado bororo okwa kae ta!\nAkore A! Tarego .. Aroe Pó kodo mato!...\nKodure tuwai kae. Ure tugeragu apidorogodu uru ji. Ure tuiebu tabo taci!, tuwai piji, icai turegodui Toduiori ao kae kodi.\nJerigi Otogiwu je pado tuwai kajeje taci! Pariko oto akirireu tabo. Kodo nowu tuiadu Mariri Poro rekodaje ‘m!... Eepado Toduiori ao kae taci!	(Logo que Meriri Poro flechou Jakômea) O rio se agitou e a água começou a subir.\nAí (Meriri Poro) correu fugindo da água. Correu, correu, e, chegando na beira da aldeia, foi gritando: Ah! Corram! A inundação está chegando!\nCorreu para sua casa, pegou um tição aceso de pecíolo seco de buriti e saiu da casa com ele, correndo para cima do morro Toduiori.\nJerigi Otojiwu saiu de sua casa levando o pariko de borda enfeitada de penugem branca e correu atrás de seu primo Meriri Poro até que chegaram na ponta do Toduiori.	unique		Human-reviewed: no documentary duplicate identified; early Jakomea narrative and animal-origin sequence are independently attested material.
JAKO.010	Jakomea Jiwu	jakomeaJiwu.txt	24	5. MERIRI PORO E JERIGI OTOGIWU DETÊM E REDUZEM AS ÁGUAS.	Ere cewu apidorogodu urugo to, ere jeriji barigu uruto.Icare ere tori barigu ao kae. Icare nowu urugodure. Nowu urgoduredu icare ere barigu poboto tuibagi. Jore poboto co, co, co! A! Dukeje icare nowu pobore tuwuredo. Po rore tuibagi gr, gr, gr, gr!	Eles avivaram a chama do tição de pecíolo seco de buriti, e juntaram lenha nele. Depois jogaram por cima pedras que ficaram incandescentes. Depois foram jogando estas pedras incandescentes no rumo da água. As pedras bateram na água cho cho cho!\nAh! Então a água parou de subir e foi retrocedendo gr gr gr!	unique		Human-reviewed: no documentary duplicate identified; early Jakomea narrative and animal-origin sequence are independently attested material.
JAKO.011	Jakomea Jiwu	jakomeaJiwu.txt	25	5. MERIRI PORO E JERIGI OTOGIWU DETÊM E REDUZEM AS ÁGUAS.	Dukeje icare ere turawuje puapo, pó rekodaji. Ekodo jii.. moto kae. Etaregodure puapo moto kae tu. Ere tuiemaedo tu...Egore Wo!... Boe emagarabora woe! Boe ekurirabora woe! Du kode boe makodure ino boe ewogai.	Em seguida os dois juntos desceram atrás da água. Foram descendo e, chegando lá embaixo, olharam para todo lado e disseram: - Oh!... Tinha muita gente! Tinha muito Bororo aqui! Agora tudo está vazio de gente!	unique		Human-reviewed: no documentary duplicate identified; early Jakomea narrative and animal-origin sequence are independently attested material.
JAKO.012	Jakomea Jiwu	jakomeaJiwu.txt	26	5. MERIRI PORO E JERIGI OTOGIWU DETÊM E REDUZEM AS ÁGUAS.	Ca!... Jerigi Otojiwu kodo kuri tuwai muga kae.\nNowu Meriri Poro rugadure jemarure, jemarure, goro goro goro, moto ji , pobo ji. Icare jorudure pobogo burea ji.\nNowu Jerigi Otojiwu ure tuwai mugudo tuwai muga keje.\nNowu uiadu Meriri Poro jorudure pobogo burea ji. Nowu uiadu Jerigi Otojiwu ocagodure Boe ewogai..	Jerigi Otojiwu foi logo no rumo do lugar onde ficava sua casa, em quanto que Meriri Poro foi procurando, procurando por todo lado, na terra e na água, até que encontrou o rasto de uma corça.\nJerigi Otojiwu levantou a sua casa no mesmo lugar em que estava antes.\nO primo dele, Meriri Poro encontrou o rasto da corça, enquanto Jerigi Otojiwu começou a assobiar chamando os Bororo.	unique		Human-reviewed: no documentary duplicate identified; early Jakomea narrative and animal-origin sequence are independently attested material.
JAKO.013	Jakomea Jiwu	jakomeaJiwu.txt	27	5. MERIRI PORO E JERIGI OTOGIWU DETÊM E REDUZEM AS ÁGUAS.	Bakaru reo. Bakaru remawu reo. Awure iere Bakaru. Awu kejere boe ewiabuture mariguduwu tuwobe ewugeje, mariguduwu tuomage ewugeje, mariguduwu tujemage ewugeje. Boe ewiabuture Pemo keje. Boe ewiabuture Braedugume bukeje. Dukeje boe etoragudure. Boe enogudure tu… toro tuwobe ewogai, Pemo bogai, Braedugume bogai.\nEigoiare ere Boe ewodudo kodi. Eigoiare ere boe ewadarudo kodi. Ere Boe emearudae towuje. Ere Boe etowuje. Ere Boe ekeru towuje. Ere Boe enogwa towuje. Ere Boe eeku towuje.\nEre Boe enogituwado pui boe pemegareu tabo ma, Boe eiamedu rutuwo baruto, boe eeda pemegareu kae. Mearutorukareuge eture toro, eroiwakare tuwo tugirimi. Eture toro rugadu, epegare kodi.\nDuwu Bakaru reo. Icare pamagomode oino ji, Pemo koia, Braedugume koia. Okudure pagabo kodi. Oino.	Esta aqui é uma história (bakaru = história, lenda, mito, mistério). Esta aqui é uma história importante. É isto que se chama mistério. É aqui que os Bororos se lembram de seus antepassados, de seus antigos e mães. Eles se lembram de Pemo e de Braedugume. Aí eles choram enternecidos pelo seu povo, por Pemo, por Braedugume, porque foram eles que fizeram nascer os Bororo. Foram eles que fizeram os Bororo falar, foram eles que fizeram o pensamento dos Bororo. Eles criaram os Bororo, eles criaram a boca dos Bororo, eles criaram os olhos dos Bororo. Eles fizeram com que os Bororo se aconselhassem mutuamente com conselhos bons, para que todos pudessem ir para o céu, para o lugar bom. Os que não acreditam vão para o abismo e não podem voltar. Eles vão para lá mesmo, porque são ruins.\nEsta é a história. Agora nós vamos contá-la, por obra de Pemo, por obra de Braedugume. Porque ele é bondoso conosco. É assim.	unique		Human-reviewed: no documentary duplicate identified; early Jakomea narrative and animal-origin sequence are independently attested material.
JAKO.014	Jakomea Jiwu	jakomeaJiwu.txt	28	7. MERIRI PORO E A CORÇA POBOGO	Ca! Meriri Poro kodure pobogo rekodaji.Aidure tuiorduwo ji. Kodo jiii Icare aregodure ae.\nAregodure ae, akore U!.. Ca!... Emarece!\nPadure tu.. kaidaga paruiaga tada.\nKodure ae. Jorudure ji.Ure turagojedo cai turegodure kodi.\nNowu Meriri Poro aiwore rekodaji tu... Uture rekodaji pugeje goro goro, aregoadure ae. Ure tubodudo ae goro goro goro. A! Jorudure ji. Rekodure pugeje.\nIcare uture rekodaji pugeje goro goro goro. Icare jorudure ji pugeje. Padure nono kaidaga paru pugeje. Kodure ae pugeje.\nBoekare jorudure ji, rekodure pugeje.	Então! Meriri Poro foi atrás da corça. Queria vê-la. Andou bastante até que chegou a onde ela estava.\nChegando a onde ela estava, disse: - Sim! Eis! Ela esta aí!\nEstava deitada ao pé de uma palmeira acumã.\nFoi no rumo dela e, quando ela o viu, levantou-se e fugiu.\nMeriri Poro ficou observando-a, depois correu atrás dela até chegar perto. Aproximou-se dela devagar, mas quando ela o viu, fugiu de novo.\nFoi atrás dela de novo até encontrá-la. Estava de novo deitada ao pé de um pé de acumã.\nAproximou-se novamente dela, mas quando o viu, fugiu novamente.	unique		Human-reviewed: no documentary duplicate identified; early Jakomea narrative and animal-origin sequence are independently attested material.
JAKO.015	Jakomea Jiwu	jakomeaJiwu.txt	29	7. MERIRI PORO E A CORÇA POBOGO	Nonore icare makore rekodaji, akore Aregodu kaba, aregodu kaba! Apagudu kaba, apagudu kaba, apagudu kaba!\nMearutorure. Ure tuwuredo. Aiwore tuibagi tu...\nAkore Imodukare awido! Apagudu kaba! Iwobewo aki. Imeduiawo aki. Imugawo aki! Imuguwo akabo! Iieduwo akabo!\nIcare ure tugeragu ji..	Então gritou atrás dela, dizendo: - Não fuja! Não fuja! Não tenha medo! Não tenha medo! Não tenha receio!\nEla obedeceu, parou, e ficou olhando para trás. (Meriri Poro) disse para ela: - Eu não vou matar você. Não tenha medo! Eu quero que você seja meu parente. Quero que você seja minha companheira. Quero que você seja minha mãe. Quero ficar com você. Quero estar com você.\nAí ele a pegou.	unique		Human-reviewed: no documentary duplicate identified; early Jakomea narrative and animal-origin sequence are independently attested material.
JAKO.016	Jakomea Jiwu	jakomeaJiwu.txt	30	7. MERIRI PORO E A CORÇA POBOGO	Icare ure tuwairogu pemegado. Ure tuwairogu iado.\nIcare boecodure, du keje icare ure tubarogu pemegado. Ure kaidaga airogu bu tuguda. Ure aiki bu okea ji.\nAkore Ire pabarogu iado (Jorduwakare areduie ema duji).\nIcare ure tuwu apo nowu tubarogu keje. Dutabore icare ure boepa areduie ema duji. Dutabore icare nowu aredu jamedu jordiware imeduie ema duji. Nono eerdiware pui puibagi. Nonore icare emaragodure boeco jameduji pui.\nDutabore icare kuiarure.Icare ure kuiarudo.	Aí ele começou a fazer a sua casa, até terminá-la.\nQuando foi de noite preparou sua cama. Estedeu nela folhas de palmeira indaiá e por cima colocou folhas secas.\nDepois disse: - Já arrumei a nossa cama.\nAí os dois se conheceram e trabalharam juntos durante toda a noite. Com isso a corça ficou grávida. Então ela a engravidou.	unique		Human-reviewed: no documentary duplicate identified; early Jakomea narrative and animal-origin sequence are independently attested material.
JAKO.017	Jakomea Jiwu	jakomeaJiwu.txt	31	8. NASCIMENTO DOS ANIMAIS, COM DESCRIÇÃO DO SEU HABITAT E DIETA ALIMENTAR.	Icare kuri buture.\nBoekare! Bure.\nAkore Atudo iturato, itura tadare amugumode. Akiarigodumode ituraji du keje amode aetoubo, atudo ipogurutoruto, atudo iwaraguruto.\nAkore Kurodureboe jire akogwagere.\nAkore Raru aka jire akogwagere.\nAkore Tuguje jire akogwagere.\nAkore Ki, oinore akiere. Ki, oinore akagarure.\nIcare uture toro iturato.	Depois ela deu a luz.\nNada: (o filho) era coberto de pêlos.\n(O pai) lhe disse: - Vai para a mata. Você vai ficar na mata. Quando ficar enjoado da mata, volte-se e vai para o cerrado espesso, vai para o lugar de plantas mais finas.\n(Depois) disse-lhe: - Você come frutas maduras, come brotos de folhas, e urtigas.\nE acrescentou: - Você se chama anta (ki). Anta é seu nome.\nEntão (a anta) foi para a mata.	unique		Human-reviewed: no documentary duplicate identified; early Jakomea narrative and animal-origin sequence are independently attested material.
JAKO.018	Jakomea Jiwu	jakomeaJiwu.txt	32	8. NASCIMENTO DOS ANIMAIS, COM DESCRIÇÃO DO SEU HABITAT E DIETA ALIMENTAR.	Icare nowu aredu kuiarure pugeje. Icare kuiributure.\nAiwore. A! Bure.\nAkore Atudo iturato. Pobodori jire akogwagere. Otoe jire akogwagere. Pagaji, oturo, jire akogwagere, mici jire akogwagere, Makaoreu jire akogwagere, pogodawu jire akogwagere. Akó jire akogwagere, apeo jire akogwagere. Oce jire akogwagere.\nAkore Kado aka jire akogwagere.\nAkore Jugonure aki. Jugo, oinore akiere. Jugo, oinore akagarure.\nIcare uture toro iturato.	A mulher ficou de novo grávida e deu à luz.\n(O pai) observou e viu que o filho estava coberto de pêlos.\nMandou-o para a mata e ordenou-lhe comer toda classe de batatas do mato e também coco de macaúba e de acuri, folhas de gravatá, e brotos de taquara.\n(Por fim) lhe disse: - Você é o queixada (jugo). Você se chama queixada. Queixada é o seu nome.\nAí (a queixada) foi para a mata.	unique		Human-reviewed: no documentary duplicate identified; early Jakomea narrative and animal-origin sequence are independently attested material.
JAKO.019	Jakomea Jiwu	jakomeaJiwu.txt	33	8. NASCIMENTO DOS ANIMAIS, COM DESCRIÇÃO DO SEU HABITAT E DIETA ALIMENTAR.	Icare kujarure pugeje. Icare kuributure pugeje.\nAiwore ji tu... A! Bure pugeje.\nAkore A! Atudo! Atudo iturato!\nAkore Pobodori jire akogwagere. Akore Mici jire akogwagere.\nAkore Makaoreu jire akogwagere.\nAkore Aigujo jire akogwagere.\nAkore Tadari jire akogwagere.\nAkore Jirireboe jire akogwagere.\nAkore Pogodawu jire akogwagere.\nAkore - Otoe jire akogwagere.\nAkore Juinure aki. Jui, oinore akiere. Jui, oinore akagarure	Engravidou de novo e deu à luz.\n(O pai) observou: era peludo também.\nMandou-o logo para a mata, ordenando-lhe comer toda classe de batatas e carás silvestres.\n(Por fim) lhe disse: - Você é o catete (jui). Catete é o seu nome. Catete, é assim que você se chama.	unique		Human-reviewed: no documentary duplicate identified; early Jakomea narrative and animal-origin sequence are independently attested material.
JAKO.020	Jakomea Jiwu	jakomeaJiwu.txt	34	8. NASCIMENTO DOS ANIMAIS, COM DESCRIÇÃO DO SEU HABITAT E DIETA ALIMENTAR.	Icare kuiarure pugeje. Icare kuributure.\nAiwore ji. A! Bure pugeje.\nAkore Atudo. Atudo kiaoreuto. Atudo ipogurutoruto. Atudo bokuto.\nAkore Kumodoge eire akogwagere.\nAkore Kogure eire akogwagere.\nAkore Aokureuge eire akogwagere.\nAkore Bukenure aki. Buke, oinore akiere. Buke, oinore akagarure.\nAkore Pana Bakororo, oinore akiere, oinore akagarure.	Engravidou de novo e deu à luz.\n(O pai) observou-o . Era peludo também.\nMandou-o ficar nos cerrados e no campo e ordenou-lhe comer cupim e formigas carregadeiras.\n(Por fim) lhe disse: - Você o tamanduá-bandeira (buke). Tamanduá-bandeira é o seu nome. Tamanduá-bandeira, é assim que você se chama.\nDesse-lhe: - Pana Bakororo , assim é o seu nome, é assim que você se chama.	unique		Human-reviewed: no documentary duplicate identified; early Jakomea narrative and animal-origin sequence are independently attested material.
JAKO.021	Jakomea Jiwu	jakomeaJiwu.txt	35	8. NASCIMENTO DOS ANIMAIS, COM DESCRIÇÃO DO SEU HABITAT E DIETA ALIMENTAR.	Icare kuiarure pugeje. Icare kuributure.\nAiwore ji: Bure.\nAkore Atudo! Atudo iturato. Atudo bokuto.\nAkore Kumodoge eire akogagere.\nAkore Kogure eire akogwagere.\nAkore Micege eire akogwahere.\nAkore Apogonure aki. Apogo, oinore akiere. Apogo, oinore akagarure.	Engravidou de novo e deu à luz.\n(O pai) observou-o: Era peludo.\nMandou-o ficar nas matas e nos campos e ordenou-lhe comer cupim, formigas saúva e formigas de fogo.\n(Por fim) lhe disse: - Você é o quati (apogo). Quati é o seu nome. Quati, é assim que você se chama, essa é sua história..	unique		Human-reviewed: no documentary duplicate identified; early Jakomea narrative and animal-origin sequence are independently attested material.
JAKO.022	Jakomea Jiwu	jakomeaJiwu.txt	36	8. NASCIMENTO DOS ANIMAIS, COM DESCRIÇÃO DO SEU HABITAT E DIETA ALIMENTAR.	Icare kuiarure pugeje. Kuributure.\nAiwore ji, bure pugeje, mare bu pegare. Bu rakare. Bu kigadure, bu core, bu rakare.\nAkore Atudo iturato. Raru aka jire akogwagere. Kurodureboe jire akogwagere.\nAkore Iwenure aki. Iwe, oinore akiere. Iwe, oinore akagarure.	Engravidou de novo e deu à luz.\nEle observou-o: Era peludo também. Mas o pêlo era ruim. Era duro. Era pintado de preto e branco. Era duro.\nMandou-o para a mata e ordenou-lhe comer brotos de folhas e frutas maduras.\n(Por fim) lhe disse: - Você é o ouriço (iwe). Ouriço é o seu nome. Ouriço, é assim que você se chama.	unique		Human-reviewed: no documentary duplicate identified; early Jakomea narrative and animal-origin sequence are independently attested material.
JAKO.023	Jakomea Jiwu	jakomeaJiwu.txt	37	8. NASCIMENTO DOS ANIMAIS, COM DESCRIÇÃO DO SEU HABITAT E DIETA ALIMENTAR.	Icare kuributure.\nAiwore ji, bure pugeje.\nAkore Atudo iturato. Kurodureboe jire akogwagere. Bokwado jire akogwagere.\nAkore Raru jire akogwagere; mecegerogu jire akogwagere.\nAkore Jukonure aki; Painure aki, Juko, oinore akiere. Pai, oinore akiere..	Ela deu á luz.\nEle observou-o: era peludo também.\nMandou-o para a mata e ordenou-lhe comer frutas verdes, fruto de jatobá, folhas de árvores e formiguinhas.\n(Por fim) lhe disse: Você é o macaco (juko). Você é o bugio (pai). Macaco é o seu nome. Bugio é o seu nome.	unique		Human-reviewed: no documentary duplicate identified; early Jakomea narrative and animal-origin sequence are independently attested material.
JAKO.024	Jakomea Jiwu	jakomeaJiwu.txt	38	8. NASCIMENTO DOS ANIMAIS, COM DESCRIÇÃO DO SEU HABITAT E DIETA ALIMENTAR.	Icare kuiarure pugeje. Icare kuributure.\nAiwore ji, bure pugeje. Mare bure mido tu je. Bu kurikare.\nAkore Atudo iturato. Kurodureboe jire akogwagere.\nAkore Kumodoge eire akogwagere.\nAkore Akó jire akogwagere.\nAkore:- Okwarunure aki. Okwaru, oinore akiere. Okwaru, oinore akagarure.	Engravidou de novo e deu à luz.\nEle observou-o: Tinha pêlo também. Mas o pêlo era escasso. Não tinha muito pêlo.\nMandou-o para a mata e ordenou-lhe comer frutas, cupim, e coco de macaúba.\n(Por fim) lhe disse: - Você é o tatu peba (okwaru) . Tatu peba é o seu nome. Tatu peba é assim que você se chama.	unique		Human-reviewed: no documentary duplicate identified; early Jakomea narrative and animal-origin sequence are independently attested material.
JAKO.025	Jakomea Jiwu	jakomeaJiwu.txt	39	8. NASCIMENTO DOS ANIMAIS, COM DESCRIÇÃO DO SEU HABITAT E DIETA ALIMENTAR.	Icare kuiarure pugeje. Icare kuributure.\nAiwore ji, bure. Mare burogure mido mido tu je.\nAkore Atudo!. Atudo iturato.\nAkore Kurodureboe jire akogwagere. Kumodoge eire akogwagere.\nAkore Moto tadare amedure. Moto tadare anudure.\nAkore Bokodorinure aki.Bokodori, oinore akiere. Bokodori, oinore akagarure.	Engravidou de novo e deu à luz.\nEle observou-o: Tinha pêlos, más eram muito escassos.\nMandou-o ir para a mata. Ordenou-lhes comer frutas, comer cupim, ficar e dormir em baixo da terra.\n(Por fim) lhe disse: - Você é o tatu-canastra (bokodori). O seu nome é tatu-canastra. Tatu-canastra, é assim que você se chama.	unique		Human-reviewed: no documentary duplicate identified; early Jakomea narrative and animal-origin sequence are independently attested material.
JAKO.026	Jakomea Jiwu	jakomeaJiwu.txt	40	8. NASCIMENTO DOS ANIMAIS, COM DESCRIÇÃO DO SEU HABITAT E DIETA ALIMENTAR.	Icare kuiarure pugeje. Kuirbuture.\nAiwore ji A! Emagare. Ewure.\nAkore Tadudo! Tadudo bokuto. Tadudo ipogurutoruto.\nAkore Kumodoge eire tagogwagere.\nAkore Micege eire tagogwagere.\nAkore Enokuridoge, oinore tagiere. Enokuridoge, oinore tagagarure.	Engravidou de novo e deu à luz.\nEle observou: eram muitos. Eram peludos.\nMandou-os para o campo e para o serrado espesso.\nOrdenou-lhes comer cupim e formiguinhas.\n(Por fim) disse: - tatus-bola (enokuridoge) é o seu nome. Tatus bola, é assim que vocês se chamam	unique		Human-reviewed: no documentary duplicate identified; early Jakomea narrative and animal-origin sequence are independently attested material.
JAKO.027	Jakomea Jiwu	jakomeaJiwu.txt	41	8. NASCIMENTO DOS ANIMAIS, COM DESCRIÇÃO DO SEU HABITAT E DIETA ALIMENTAR.	Icare kuiarure pugeje. Icare kuributure.\nAiwore ji. A! Nowu icare okware bure, porore kororogodure.\nAkore Atudo iturato. Boekwa jire aemrure ake bogai. Aemarure kumodoge ewogai. Nowuge eire akogwagere.\nAkore Reanure aki rea, oinore akiere. Rea, oinore akagarure.	Engravidou de novo e deu à luz.\nEle observou: Ah! Este tinha pêlos na boca e nas costas era liso.\nMandou-o para a mata e procurar o seu alimento na beira da mata. Procurar cupim e se alimentar dele.\n(Por fim) disse: - Você é o tatu-liso (rea) ( ou tatu-galinha), assim é o seu nome. Tatu- liso, é assim que você se chama.	unique		Human-reviewed: no documentary duplicate identified; early Jakomea narrative and animal-origin sequence are independently attested material.
JAKO.028	Jakomea Jiwu	jakomeaJiwu.txt	42	8. NASCIMENTO DOS ANIMAIS, COM DESCRIÇÃO DO SEU HABITAT E DIETA ALIMENTAR.	Icare kuiarure pugeje. Icare kuributure.\nAiwore ji: Nowu core. Core, burogure mido mido tu je.\nAkore Atudo iturato. Kurodureboe jire akogwagere. Kumodoge eire akogwagere.\nAkore Moto tadare anudure, moto tore aiarire.\nAkore Bokodori Coreunure aki. Bokodori Coreu, oinore akiere, oinore akagarure..	Engravidou de novo e deu à luz.\nEle observou-o: Este era preto. Era preto e só tinha escassos pêlos.\nMandou-o para a mata e ordenou-lhe comer frutas e cupim, e dormir dentro da terra, fazendo sua toca dentro da terra.\n(Por fim) Disse: - Você é o tatu-canastra preto (Bokodori coreu). Tatu-canastra preto, assim é o seu nome, é assim que você se chama.	unique		Human-reviewed: no documentary duplicate identified; early Jakomea narrative and animal-origin sequence are independently attested material.
JAKO.029	Jakomea Jiwu	jakomeaJiwu.txt	43	8. NASCIMENTO DOS ANIMAIS, COM DESCRIÇÃO DO SEU HABITAT E DIETA ALIMENTAR.	Icare kuiarure pugeje. Icare kuributure.\nAiwore ji, bure.\nAkore Atudo poboto. Roko jire akogwagere. Araru jire akogwagere.\nAkore Jekujagureu jire akogwagere.\nAkore Orari jire akogwagere.\nAkore Pobu jire akogwagere.\nAkore : - Poru jire akogwagere.\nAkore Okoge, jire akogwagere.\nAkore Barubadu jire akogwagere.\nAkore Ipienure aki. Ipie, oinore akiere. Ipie, oinore akagarure.	Engravidou de novo e deu à luz.\nObservou-o, era peludo.\nMandou-o para o rio e ordenou-lhe comer peixes: curimbatá, piraputanga, piau de cabeça vermelha, pintado, pacu-caranha, jaú, dourado, barbado.\n(Por fim) disse: - Você é a ariranha (ipie). O seu nome é ariranha. Ariranha, é assim que você se chama.	unique		Human-reviewed: no documentary duplicate identified; early Jakomea narrative and animal-origin sequence are independently attested material.
JAKO.030	Jakomea Jiwu	jakomeaJiwu.txt	44	8. NASCIMENTO DOS ANIMAIS, COM DESCRIÇÃO DO SEU HABITAT E DIETA ALIMENTAR.	Icare kuiarure pugeje. Kuributure.\nAiwore ji, bure.\nAkore Atudo iturato.\nAkore Kurodureboe jire akogwagere. Apeo jire kogwagere.\nAkore Moto tore aiari jeture, moto tadare anudure, paga okwai.\nAkore Apunure aki. Apu, oinore akiere. Apu, oinore akagarure.	Engravidou de novo e deu à luz.\nEle observou-o, era peludo.\nMandou-o para a mata e ordenou-lhe comer frutas e cocos de palmeira acuri.\nMandou-lhe fazer sua toca na terra, e dormir em baixo da terra, perto dos córregos pequenos.\n(Por fim) disse: - Você é a paca (apu). O seu nome é paca. Paca, é assim que você se chama.	unique		Human-reviewed: no documentary duplicate identified; early Jakomea narrative and animal-origin sequence are independently attested material.
JAKO.031	Jakomea Jiwu	jakomeaJiwu.txt	45	8. NASCIMENTO DOS ANIMAIS, COM DESCRIÇÃO DO SEU HABITAT E DIETA ALIMENTAR.	Icare kuiarure pugeje. Kuributure.\nAiwore ji, bure.\nAkore Atudo iturato. Apeo jire akogwagere. Apeá jire akogwagere.\nAkore Aká jire akogwagere.\nAkore I poro tadare amedure.\nAkore Jerigi poro tadare amedure, anudure.\nAkore Mea, oinore akiere. Mea, oinore akagarure	Engravidou de novo e deu à luz.\nObservou-o: era peludo.\nMandou-o ir para a mata e ordenou-lhe comer coco de acuri, semente de acuri, e brotos de folhas. Mandou-o ficar e dormir nos buracos das árvores e dos paus secos.\n(Por fim) disse: - Cutia (meã) é o se nome. Cutia é assim que você se chama.	unique		Human-reviewed: no documentary duplicate identified; early Jakomea narrative and animal-origin sequence are independently attested material.
JAKO.032	Jakomea Jiwu	jakomeaJiwu.txt	46	8. NASCIMENTO DOS ANIMAIS, COM DESCRIÇÃO DO SEU HABITAT E DIETA ALIMENTAR.	Icare kuiarure pugeje. Icare kuributure.\nAiwore ji, bure.\nAkore Atudo iturato. Kurodureboe jire akogwagere Raru aka jire akogwagere. Akore Boeco jire amerure. Meri jire anudure. I poro tada, jerigi poro tadare amedure.\nAkore Bakurenure aki. Bakure, oinore akiere. Bakure, oinore akagarure.	Engravidou de novo e deu à luz.\nObservou-o. Era peludo.\nMandou-o para a mata. Ordenou-lhe comer frutas e folhas novas. Mandou-o caçar de noite e dormir de dia e morar nos buracos das árvores e dos paus secos.\n(Por fim) disse: - Você é o macaco-noturno (bakure). Macaco é o seu nome. Macaco, é assim que você se chama.	unique		Human-reviewed: no documentary duplicate identified; early Jakomea narrative and animal-origin sequence are independently attested material.
JAKO.033	Jakomea Jiwu	jakomeaJiwu.txt	47	8. NASCIMENTO DOS ANIMAIS, COM DESCRIÇÃO DO SEU HABITAT E DIETA ALIMENTAR.	Icare.kuiarure pugeje. Kuirbuture.\nAiwore ji, bure. Akore Atudo iturato. Akore Boekwa jire aemarure akerogu bogai, ake boebuturogu bogai. Boebutu jire akogwagere. Boebuturogure ake rema. Boebutu kururogu jire akogwagere.\nAkore Kurugonure aki. Kurugo, oinore akiere. Kurugo, oinore akagarure.	Engravidou de novo e deu à luz.\nObservou-o: era peludo.\nMandou-o para a mata e ordenou-lhe procurar seu alimento na beira da mata, comer capim, pois o seu alimento seria o capim e o orvalho do capim.\n(Por fim) disse: - Você é o preá (kurugo). Preá é o seu nome. Preá, é assim que você se cama.	unique		Human-reviewed: no documentary duplicate identified; early Jakomea narrative and animal-origin sequence are independently attested material.
JAKO.034	Jakomea Jiwu	jakomeaJiwu.txt	48	8. NASCIMENTO DOS ANIMAIS, COM DESCRIÇÃO DO SEU HABITAT E DIETA ALIMENTAR.	Icare kuributure pugeje. Kuributure.\nAiwore ji, bure pugeje.\nAkore A! Atudo boeto. Akó jire akogwagere.\nAkore Ciocio jire akogwagere.\nAkore Kuo jire akogwagere. Akore Boetorurogu tadare anudure.\nAkore Amonure aki. Amo oinore akiere, oinore akagarure.	Engravidou de novo e deu à luz.\nObservou-o: era peludo também.\nMandou-o para o campo e ordenou-lhe comer coco de macaúba, fruta de tarumã, e coco de piaçaba. E mandou-o dormir no serrado.\n(Por fim) disse: - Você é o coelho-roedor (amo). Coelho é o seu nome, é assim que você se chama.	unique		Human-reviewed: no documentary duplicate identified; early Jakomea narrative and animal-origin sequence are independently attested material.
JAKO.035	Jakomea Jiwu	jakomeaJiwu.txt	49	9. CONTINUA A LISTA COM OS ANIMAIS CARNÍVOROS	Icare kuiarure pugeje. Icare kuributure.\nAiwore ji: A! Ewure. Emagare.\nAkore A! Tadudo iturato\nAkopre: - Apoe ewogaire taemarure. Apoe eire tagogwagere.\nAkore Moriboe, oinore tagiere. Moriboe, oinore tagagarure.	Engravidou de novo e deu à luz.\nObservou: Eram peludos e eram muitos.\nMandou-os para a mata e ordenou-lhes procurar pacas e comê-las.\n(Por fim) disse: - Cachorro-do-mato (meridabo) é o seu nome. Cachorro do mato, é assim que você se chama.	unique		Human-reviewed: no documentary duplicate identified; early Jakomea narrative and animal-origin sequence are independently attested material.
JAKO.036	Jakomea Jiwu	jakomeaJiwu.txt	50	9. CONTINUA A LISTA COM OS ANIMAIS CARNÍVOROS	Icare kuiarure pugeje. Kuributure.\nAiwore ji. A! Bure.\nAkore Atudo itoguruto.\nAkore Kurodureboe jire kogwagere. Rie jire akogwagere.\nAkore Ocebaka jire akogwagere.\nAkore Itoguru tadare anudure\nAkore Rienure aki. Rie, oinore akiere. Rie, oinore akagarure.	Engravidou de novo e deu à luz.\nObservou-o: Era peludo.\nMandou-o para o serrado espesso e ordenou-lhe comer frutas, fruta do lobo, e gravatá. E mandou-o dormir no cerrado espesso.\n(Por fim) disse: - Você é o lobo-guará (rie). Lobo-guará e o seu nome. Lobo-guará, é assim que você se chama.	unique		Human-reviewed: no documentary duplicate identified; early Jakomea narrative and animal-origin sequence are independently attested material.
JAKO.037	Jakomea Jiwu	jakomeaJiwu.txt	51	9. CONTINUA A LISTA COM OS ANIMAIS CARNÍVOROS	Icare kuiarure pugeje. Kuributure.\nAiwore ji. Bure.\nAkore Atudo ipoguru toruto. Awara ji amerure.\nAkore:- Kurodureboe jire akogwagere. Kiege barege eire akogwagere.\nAkore Okwanure aki. Okwa, oinore akiere. Okwa, oinore akagarure.	Engravidou de novo e deu à luz.\nObservou-o: Era peludo.\nMandou-o para o serrado espesso. Oredenou-lhe andar nas estradas. Mandou-lhe comer frutas e aves.\n(Por fim) disse: Você é o lobinho (okwa). Lobinho é o seu nome. Lobinho, é assim que você se chama.	unique		Human-reviewed: no documentary duplicate identified; early Jakomea narrative and animal-origin sequence are independently attested material.
JAKO.038	Jakomea Jiwu	jakomeaJiwu.txt	52	9. CONTINUA A LISTA COM OS ANIMAIS CARNÍVOROS	Icare kuiarure pugeje. Icare kuributure.\nAiwore ji. Bure.\nAkore A! Atudo itoguruto Atudo ipogurutoruto.\nAkore Kurodureboe jire akogwagere.\nAkore Rucobo jire akogwagere.\nAkore Moto tada anudure. Okwaru jarí tadare anudu-ure.\nAkore Ierarainure aki. Ierarai, oinore akiere. Ierarai, oinore akagarure.	Engravidou de novo e deu à luz.\nObservou-o: era peludo.\nMandou-o para o serrado, para o serrado espesso. Ordenou-lhe comer frutas e caranguejos, e dormir debaixo da terra, nos buracos dos tatu-pebas.\n(Por fim) disse: - Você é o guaxinim (mão-pelada) (ierarai). Guaxinim é o seu nome. Guaxinim, é assim que você se chama.	unique		Human-reviewed: no documentary duplicate identified; early Jakomea narrative and animal-origin sequence are independently attested material.
JAKO.039	Jakomea Jiwu	jakomeaJiwu.txt	53	9. CONTINUA A LISTA COM OS ANIMAIS CARNÍVOROS	Icare kuiarure pugeje. Icare kuributure.\nAiwore ji. A! Nowu bure pugeje.\nAkore Atudo ipogurutoruto. Atudo kiaoreuto.\nAkore Amo jire akogwagere.\nAkore Kurugoe eire akogwagere.\nAkore Baigigo (Vrd. de rato silvestre) jire akogwagere.\nAkore Aimeareu, oinore akiere. Aimeareu, oinore akagarure.	Engravidou de novo e deu à luz.\nObservou-o: Ah! Esse era peludo também.\nMandou-o para o serrado espesso, para o serrado sujo e ordenou-lhe comer preás e ratos do mato.\n(Por fim) disse: - O seu nome é gato-mourisco (aimeareu) . Gato-mourisco, é assim que você se chama.	unique		Human-reviewed: no documentary duplicate identified; early Jakomea narrative and animal-origin sequence are independently attested material.
JAKO.040	Jakomea Jiwu	jakomeaJiwu.txt	54	9. CONTINUA A LISTA COM OS ANIMAIS CARNÍVOROS	Icare kuiarure pugeje. Kuributure.\nIwore ji, bure.\nAkore Atudo ipogurutoruto. Atudo itoguruto.\nAkore Kiwareuge eire akogwagere.\nAkore Amoe eire akogwagere.\nAkore Kodokododoge eire akogwagere.\nAkore Barakaianure aki. Barakaia, oinore akiere. Barakaia, oinore akagarure.	Engravidou de novo e deu à luz.\nObservou-o: era peludo.\nMandou-o para o serrado e as cabeceiras e ordenou-lhe comer ratos, coelhos e caxinguelês.\n(Por fim) disse: - Você é o gato-do-serrado (barakaia). Gato-do-serrado é o seu nome. Gato-do-serrado, é assim que você se chama.	unique		Human-reviewed: no documentary duplicate identified; early Jakomea narrative and animal-origin sequence are independently attested material.
JAKO.041	Jakomea Jiwu	jakomeaJiwu.txt	55	9. CONTINUA A LISTA COM OS ANIMAIS CARNÍVOROS	Kuiaruiare pueje. Kuributure.\nAiwoe ji. A! Bure\nAkore A! Atudo ipogurutoruto. Atudo Kiaoreuto.\nAkore Kiwareu jire akogwagere. Amo jire akogwagere. Kurugoe eire akogwagere. Kodokododoge eire akogwagere. Curude eire akogwagere.\nAkore Ieragadu, oinore akiere. Ieragadu, oinore akagarure.	Engravidou de novo e deu à luz.\nObservou-o: Ah! Era peludo.\nMandou-o para o serrado limpo e o serrado sujo e ordenou-lhe comer ratos, coelhos, preás, caxinguelês e “Churude”.\n(Por fim) disse: - Raposa-de-patas-listradas (ieragadu) é o seu nome. Raposa-de-patas-listradas, é assim que você se chama.	unique		Human-reviewed: no documentary duplicate identified; early Jakomea narrative and animal-origin sequence are independently attested material.
JAKO.042	Jakomea Jiwu	jakomeaJiwu.txt	56	9. CONTINUA A LISTA COM OS ANIMAIS CARNÍVOROS	Icare kuiarure pugeje. Icare kuributure.\nAiwore ei: A! Ewure pugeje.\nAkore A! Tadudo Boegigudu kae, boejipa kae. Raru aka jire tagogwagere. Moto tada tanudure, moto tore taiarire.\nAkore Kodokododoge, oinore tagiere. Kodokododoge, oinore tagagarure.	Novamente engravidou e deu à luz.\nObservou-os. Ah! Também eram peludos.\nMandou-os para os lugares sujos, para a beira dos campos, ordenou-lhes comer folhas novas, fazer suas tocas e dormir dentro da terra.\nE disse: - Caxinguelês (kodokododoge) é o seu nome. Caxinguelês, é assim que vocês se chamam.	unique		Human-reviewed: no documentary duplicate identified; early Jakomea narrative and animal-origin sequence are independently attested material.
JAKO.043	Jakomea Jiwu	jakomeaJiwu.txt	57	9. CONTINUA A LISTA COM OS ANIMAIS CARNÍVOROS	Icare kuiarure pugeje. Icare kuributure.\nAiwore ei: A! Ewure pugeje. Mare nowuge etore.\nAkore Tadudo boeto. Kurodureboe jire tagogwagere. Raru jire tagogwagere. Akore Jerigi poro tadare tanudure. I poro tadare tanudure.\nAkore Kiwareugenure tagi. Kiwareuge, oinore tagiere, kiwareuge, inore tagagarure.	Novamente engravidou e deu à luz.\nObservou-os: Ah! Esses eram peludos também e tinham rabo fino.\nMandou-os para o mato, ordenou-lhes comer frutas e folhas e mandou-os dormir nos buracos dos paus secos e das árvores.\nE disse: - Vocês são os ratos (kiwareuge) é o seu nome. Ratos, é assim que vocês se chamam.	unique		Human-reviewed: no documentary duplicate identified; early Jakomea narrative and animal-origin sequence are independently attested material.
JAKO.044	Jakomea Jiwu	jakomeaJiwu.txt	58	9. CONTINUA A LISTA COM OS ANIMAIS CARNÍVOROS	Icare kuiarure pugeje. Kuributure.\nAiwore ji: Bure pugeje. Core.\nAkore Atudo iturato. Kurodureboe jire tagogwagere. Akore Meiawoe eire akogwagere.\nAkore Meiao borireuge eire akogwagere.\nAkore:- Ipocereunure aki. Ipocereu, oinore akiere. Ipocereu, oinore akagarure.	Novamente engravidou e deu à luz.\nObservou-o: Era peludo também e era preto.\nMandou-o para a mata e ordenou-lhe comer frutas e mel silvestre.\nE disse: - Você é o papa-mel (ipocereu). Papa-mel é o seu nome. Papa-mel, é assim que você se chama.	unique		Human-reviewed: no documentary duplicate identified; early Jakomea narrative and animal-origin sequence are independently attested material.
JAKO.045	Jakomea Jiwu	jakomeaJiwu.txt	59	9. CONTINUA A LISTA COM OS ANIMAIS CARNÍVOROS	Icare kuiarure pugeje. Icare kuributure.\nAiwore ji: Awu bure jamedu.\nAkore Atudo iturato.\nAkore Meadoge eire akogwagere. Akore Apoe eire akogwagere.\nAkore Meridabonure aki. Meridabo, oinore akiere. Meridabo, oinore akaarure.	Novamente engravidou e deu à luz.\nObservou-o: também este era peludo.\nMandou-o para a mata e ordenou-lhe comer preás, e pacas.\nE disse: Você é o furão (meridabo). Furão é o seu nome. Furão, é assim que você se chama.	unique		Human-reviewed: no documentary duplicate identified; early Jakomea narrative and animal-origin sequence are independently attested material.
JAKO.046	Jakomea Jiwu	jakomeaJiwu.txt	60	9. CONTINUA A LISTA COM OS ANIMAIS CARNÍVOROS	Icare kuiarure pugeje. Kuributure.\nAiwore ji: Awu bure.\nAkore Atudo iturato, atudo iturato. Kurodureboe jire akogwagere.\nAkore Meadoge eire akogwagere. Kue eire akogwagere. Riwode eire akogwagere. Akore Merirugonure aki. Merirugo, oinore akagarure.	Novamente engravidou e deu à luz.\nObsrevou-o: Este era peludo.\nMandou-o para a mata e ordenou-lhe comer frutas, preás, jaós e nambus.\nE disse: - Você é o “merirugo”. “Merirugo” , é assim que você se chama.	unique		Human-reviewed: no documentary duplicate identified; early Jakomea narrative and animal-origin sequence are independently attested material.
JAKO.047	Jakomea Jiwu	jakomeaJiwu.txt	61	9. CONTINUA A LISTA COM OS ANIMAIS CARNÍVOROS	Icare kuributure pugeje.\nAiwore ji: Awu bure.\nAkore Atudo poboto. Paga pó jire amerure. Tubore eire akogwagere. Jekujagureu jire akogwagere. Reko jire akogwagere.\nAkore Bokwarinure aki. Bokwari, oinore akiere. Bokwari, oinore akagarure.	Deu à luz de novo.\nObservou-o: este era peludo.\nMandou-o ficar na água, andar pelos córregos e comer lambaris, piaus de cabeça vermelha e traíras.\nE disse: - Você é a lontra (bokwari). Lontra é o seu nome, Lontra, é assim que você se chama.	unique		Human-reviewed: no documentary duplicate identified; early Jakomea narrative and animal-origin sequence are independently attested material.
JAKO.048	Jakomea Jiwu	jakomeaJiwu.txt	62	9. CONTINUA A LISTA COM OS ANIMAIS CARNÍVOROS	Icare kuiarure pugeje. Kuributure.\nAiwore ji: Awu bure pugeje.\nAkore Atudo pagato. Paga jire amerure tubore ewogai. Paga jire aemarure jekujagureu bogai.\nAkore Moto tadare anudure.\nAkore Jomonure aki. Jomo, oinore akiere, oinore akagarure.	Novamente engravidou e deu à luz.\nObservou-o: Este também era peludo.\nMandou-o ficar nos córregos e neles andar atrás de lambaris e de piaus de cabeça vermelha. Mandou-o dormir dentro da terra.\nE disse: - Você é a lontra (jomo). Lontra é o seu nome. Lontra é assim que você se chama.	unique		Human-reviewed: no documentary duplicate identified; early Jakomea narrative and animal-origin sequence are independently attested material.
JAKO.049	Jakomea Jiwu	jakomeaJiwu.txt	63	9. CONTINUA A LISTA COM OS ANIMAIS CARNÍVOROS	Icare kuiarure pugeje. Kuributure.\nAiwore ji: Awu bure.\nAkore Atudo iturato. Aemarudo boejipaji. Aemarudo boe okwaji, mea bogai. Meadoge eire akogwagere. Readoge eire akogwagere. Apoe eire ekogwagere.\nAkore Aipobureunure aki. Aipobureu, oinore akiere. Aipobureu oinore akagarure.	Novamente engravidou e deu à luz.\nObservou-o: Este era peludo.\nMandou-o para a mata e ordenou-lhe que caçasse preás na beira da matas, que comesse preás, tatus-galinha e pacas.\nE disse: - Você é a jaguatirica (aipobureu). Jaguatirica é o seu nome. Jaguatirica, é assim que você se chama.	unique		Human-reviewed: no documentary duplicate identified; early Jakomea narrative and animal-origin sequence are independently attested material.
JAKO.050	Jakomea Jiwu	jakomeaJiwu.txt	64	9. CONTINUA A LISTA COM OS ANIMAIS CARNÍVOROS	Icare kuiarure pugeje. Icare kuributure.\nAiwore ji: Awu bure.\nAkore Atudo iturato, atudo iturato. Itura tadare amugure. Jugo jire akogwagere, pobogo jire akogwagere, jui jire akogagere.\nAkore Aigonure aki. Aigo, oinore akiere. Aigo, oinore akagarure.	Novamente engravidou e deu à luz.\nObservou-o: este era peludo.\nMandou-o para a mata e ordenou-lhe morar nela e comer queixadas, veados e catetes.\nE disse: - Você é a onça parda (aigo). Onça parda é o seu nome. Onça parda, é assim que você se chama.	unique		Human-reviewed: no documentary duplicate identified; early Jakomea narrative and animal-origin sequence are independently attested material.
JAKO.051	Jakomea Jiwu	jakomeaJiwu.txt	65	9. CONTINUA A LISTA COM OS ANIMAIS CARNÍVOROS	Icare kuiarure pugeje. Icare kuributure.\nAiwore ji: Bure.\nAkore Atudo iturato, atudo iturato.\nAkore Ki jire kogwagere, buke jire akogwagere.\nAkore Adugonure aki.Adugo, oinore akiere. Adugo, oinore akagarure.	Novamente engravidou e deu à luz.\nObservou-o: era peludo.\nMandou-o logo para a mata e ordenou-lhe comer antas e tamanduás-bandeira.\nE disse: Você é a onça pintada (adugo). Onça pintada é o seu nome. Onça pintada, é assim que você se chama.	unique		Human-reviewed: no documentary duplicate identified; early Jakomea narrative and animal-origin sequence are independently attested material.
JAKO.052	Jakomea Jiwu	jakomeaJiwu.txt	66	9. CONTINUA A LISTA COM OS ANIMAIS CARNÍVOROS	Icare kuiarure pugeje. Kuributure.\nAiwore ji: Bure.\nAkore Atudo iturato. Atudo poboto.\nAkore Kiworo jire akogagere, raru jire akogwagere.\nAkore Pobo tadare anudure, iare anudure boeki keje, iare anudure pobo tada.\nAkore : - Okiwanure aki. Okiwa, oinore akiera. Okiwa, oinore akagarure.	Novamente engravidou e deu à luz.\nObservou-o: Era peludo.\nMandou-o ficar na mata e nos rios e ordenou-lhe comer capim da beira dos rios e folhas de árvores. Disse-lhe que podia dormir no seco ou na água.\nE disse: - Você é a capivara (okiwa). Capivara é o seu nome. Capivara, é assim que você se chama	unique		Human-reviewed: no documentary duplicate identified; early Jakomea narrative and animal-origin sequence are independently attested material.
JAKO.053	Jakomea Jiwu	jakomeaJiwu.txt	67	10. NASCIMENTO DAS PESSOAS, AS QUAIS RECEBEM NOME POR FAMÍLIAS, SEGUINDO A ESTRUTURA DA ALDEIA, A PARTIR DA METADE DOS “TUGAREGE”.	Icare kuiarure pugeje. Icare kuributure.\nAiwore: Nowu icare bu bokware. Okware bure. Ierare bure, Bure bure. Bureko uporu bure.\nUtori bure. Pogodao bure. Aore agare. Jewia bure, joku bure.\nIcare ure utudo.\nAkore Atudo. Woere amugure.\nMano Kurireunure aki. Mano Kurireu, oinore akiere. Mano Kurireu oinore akagarure (Ar. Ceb.).	Depois engravidou de novo e deu à luz.\nObservou: Este já não era todo peludo. Tinha barba, tinha pêlos nas mãos, nos pés e por cima dos dedos dos pés, nas canelas e nos joelhos. Tinha cabelo longo. Tinha pestanhas e sobrancelhas.\nDepois o mandou vir, dizendo: - Venha. È aqui que você vai ficar. Você é Mano Kurireu . Mano Kurireu é o seu nome. Mano Kurireu, é assim que você se chama.	unique		Human-reviewed: no documentary duplicate identified; early Jakomea narrative and animal-origin sequence are independently attested material.
JAKO.054	Jakomea Jiwu	jakomeaJiwu.txt	68	10. NASCIMENTO DAS PESSOAS, AS QUAIS RECEBEM NOME POR FAMÍLIAS, SEGUINDO A ESTRUTURA DA ALDEIA, A PARTIR DA METADE DOS “TUGAREGE”.	Icare kuiarure pugeje. Icare kuributure.\nAiwore ji: Ure nono tumeduiare pugeje.\nAkore Atudo. Woere amugure woe.\nTadugonure aki. Tadugo, oinore akiere. Tadugo, oinore akagarure.(Iwagudu Ceb. Etumana).	Novamente engravidou e deu à luz.\nObservou-o: Era parecido com o anterior.\nDisse-lhe: Venha. È aqui que você fica. Você é Tadugo. Tadugo é o seu nome. Tadugo, é assim que você se chama.	parallel_formulaic		Human-reviewed: same birth/naming formula and overlapping named tradition as Historia Mitica, but no unit-level textual equivalence established.
JAKO.055	Jakomea Jiwu	jakomeaJiwu.txt	69	10. NASCIMENTO DAS PESSOAS, AS QUAIS RECEBEM NOME POR FAMÍLIAS, SEGUINDO A ESTRUTURA DA ALDEIA, A PARTIR DA METADE DOS “TUGAREGE”.	Icare Kuiarure pugeje. Kuributure.\nAiwore ji. Ure nono tumeduiare.\nAkore Woere amugure woe.\nAroia Kurireunure aki (Iwagudu Ceb. Tadugo uwie).	Novamente engravidou e deu à luz.\nObservou-o: Era parecido com o seu colega.\nDisse-lhe: È aqui que você fica. Você é Aroia Kurireu.	parallel_formulaic		Human-reviewed: same birth/naming formula and overlapping named tradition as Historia Mitica, but no unit-level textual equivalence established.
JAKO.056	Jakomea Jiwu	jakomeaJiwu.txt	70	10. NASCIMENTO DAS PESSOAS, AS QUAIS RECEBEM NOME POR FAMÍLIAS, SEGUINDO A ESTRUTURA DA ALDEIA, A PARTIR DA METADE DOS “TUGAREGE”.	Icare kuiarure pugeje. Kuributure.\nAiwore ji: Ure tumeduia reore pugeje.\nAkore Atudo. Woere amugure woe.\nKoge Ebowu, oinore akiere (Iwagudu Cob.).	Novamente engravidou e deu à luz.\nObservou-o: Era parecido com o seu colega.\nDisse-lhe: È aqui que você fica. Você é Koge Ebowu.	parallel_formulaic		Human-reviewed: same birth/naming formula and overlapping named tradition as Historia Mitica, but no unit-level textual equivalence established.
JAKO.057	Jakomea Jiwu	jakomeaJiwu.txt	71	10. NASCIMENTO DAS PESSOAS, AS QUAIS RECEBEM NOME POR FAMÍLIAS, SEGUINDO A ESTRUTURA DA ALDEIA, A PARTIR DA METADE DOS “TUGAREGE”.	Icare kuiarure pugeje. Kuributure.\nAiwore ji: Ure tumeduiare pugeje.\nAkore Atudo. Woere amugure. Butoregadu (Iw. Cob.)nure aki. Butoregadu, oinore akiere. Butoregadu, oinore akagarure.	Novamente engravidou e deu à luz.\nObservou-o: Era também parecido com o seu colega.\nDisse-lhe: - Venha. E fique aqui. Você é Butoregadu. Butoregadu é o seu nome. Butoregadu, é assim que você se chama.	parallel_formulaic		Human-reviewed: same birth/naming formula and overlapping named tradition as Historia Mitica, but no unit-level textual equivalence established.
JAKO.058	Jakomea Jiwu	jakomeaJiwu.txt	72	10. NASCIMENTO DAS PESSOAS, AS QUAIS RECEBEM NOME POR FAMÍLIAS, SEGUINDO A ESTRUTURA DA ALDEIA, A PARTIR DA METADE DOS “TUGAREGE”.	Icare kuiarure pugeja. Kuributure.\nAiwore ji: ure nono tumedage ereore. Akore Atudo. Woere amugure woe.\nKaboreu (Ar. Cob.)nure aki. Kaboreu,, oinore akiere. Kaboreu, oinore akagarure.	Novamente engravidou e deu à luz.\nObservou-o: Era parecido com os seus colegas.\nDisse-lhe: Venha. È aqui que você fica. Você é Kaboreu. Kaboreu é o seu nome. Kaboreu, é assim que você se chama.	parallel_formulaic		Human-reviewed: same birth/naming formula and overlapping named tradition as Historia Mitica, but no unit-level textual equivalence established.
JAKO.059	Jakomea Jiwu	jakomeaJiwu.txt	73	10. NASCIMENTO DAS PESSOAS, AS QUAIS RECEBEM NOME POR FAMÍLIAS, SEGUINDO A ESTRUTURA DA ALDEIA, A PARTIR DA METADE DOS “TUGAREGE”.	Icare kuiarure pugeje. Kuributure.\nAiwore ji: Ure nono tumedage ereore.\nAkore Atudo. Woere amugure.\nBirimodonure aki (Ar. Cob.).	Novamente engravidou e deu à luz.\nObservou-o: Era parecido com o seu colega.\nDisse-lhe: - Venha. Você fica aqui. Você é Birimodo.	parallel_formulaic		Human-reviewed: same birth/naming formula and overlapping named tradition as Historia Mitica, but no unit-level textual equivalence established.
JAKO.060	Jakomea Jiwu	jakomeaJiwu.txt	74	10. NASCIMENTO DAS PESSOAS, AS QUAIS RECEBEM NOME POR FAMÍLIAS, SEGUINDO A ESTRUTURA DA ALDEIA, A PARTIR DA METADE DOS “TUGAREGE”.	Icare kuiarure pugeje. Icare kuributure.\nAiwore ji. Akore Atudo. Woere amugure.\nAkaruio Boroge (Ap. Ceb.)nure aki. Akaruio Boroge, oinore akiere. Akaruio Boroge, oinore akagarure.	Novamente engravidou e deu à luz.\nObservou-o e disse-lhe: Venha. Você fica aqui. Você é Akaruio Boroge. Akaruio Boroge é o seu nome. Akaruio Boroge, é assim que você se chama.	parallel_formulaic		Human-reviewed: same birth/naming formula and overlapping named tradition as Historia Mitica, but no unit-level textual equivalence established.
JAKO.061	Jakomea Jiwu	jakomeaJiwu.txt	75	10. NASCIMENTO DAS PESSOAS, AS QUAIS RECEBEM NOME POR FAMÍLIAS, SEGUINDO A ESTRUTURA DA ALDEIA, A PARTIR DA METADE DOS “TUGAREGE”.	Icare kuiarure pugeje. Kuributure.\nAiwore ji: ure tumedage ereore.\nAkore Atudo. Woere amugure woe. Meregege (Ap. Cob.) oinore akiere, oinore akagarure.	Novamente engravidou e deu à luz.\nObservou-o: Era parecido com os seus colegas.\nDisse-lhe: - Venha. Você fica aqui. Meregege é o seu nome, é assim que você se chama.	parallel_formulaic		Human-reviewed: same birth/naming formula and overlapping named tradition as Historia Mitica, but no unit-level textual equivalence established.
JAKO.062	Jakomea Jiwu	jakomeaJiwu.txt	76	10. NASCIMENTO DAS PESSOAS, AS QUAIS RECEBEM NOME POR FAMÍLIAS, SEGUINDO A ESTRUTURA DA ALDEIA, A PARTIR DA METADE DOS “TUGAREGE”.	Icare kuiarure pugeje. Icare kuributure.\nAiwore ji: ure tumedage ereore.\nAkore Atudo. Woere amugure.\nKuruguga (Ap. Cob.)nure aki. Kuruguga, oinore akiere. Kuruguga, oinore akagarure.	Novamente engravidou e deu à luz.\nObservou-o: Era parecido com os seus colegas.\nDisse-lhe: - Venha. Você fica aqui. Você é Kuruguga. Kuruguga é o seu nome. “Kuruguga, é assim que você se chama.	parallel_formulaic		Human-reviewed: same birth/naming formula and overlapping named tradition as Historia Mitica, but no unit-level textual equivalence established.
JAKO.063	Jakomea Jiwu	jakomeaJiwu.txt	77	10. NASCIMENTO DAS PESSOAS, AS QUAIS RECEBEM NOME POR FAMÍLIAS, SEGUINDO A ESTRUTURA DA ALDEIA, A PARTIR DA METADE DOS “TUGAREGE”.	Icare kuiarure pugeje. Kuributure.\nAiwore ji: Ure tumedage ereore.\nAkore Atudo. Woere amugure.\nMeriri Baru (Paiwedu)nure aki. Oinore akagarure.	Novamente engravidou e deu à luz.\nObservou-o: Era parecido com os seus colegas.\nDisse-lhe: - Venha. Você fica aqui. Você é Meriri Baru. É assim que você se chama.	parallel_formulaic		Human-reviewed: same birth/naming formula and overlapping named tradition as Historia Mitica, but no unit-level textual equivalence established.
JAKO.064	Jakomea Jiwu	jakomeaJiwu.txt	78	10. NASCIMENTO DAS PESSOAS, AS QUAIS RECEBEM NOME POR FAMÍLIAS, SEGUINDO A ESTRUTURA DA ALDEIA, A PARTIR DA METADE DOS “TUGAREGE”.	Icare kuiarure pugeje. Kuributure. Aiwore ji. Akore Atudo. Woere amugure woe. Jerigi Otojiwu O Ceraedu, Boro Ceraedunure aki. Jerigi Otojiwu, oinore akiere, oinore akagarure..	. Novamente engravidou e deu à luz.\nObservou-o:. E disse-lhe: - Venha. Você fica aqui. Você é Jerigi Otojiwu. Jerigi Otojiwu é o seu nome. É assim que você se chama.	parallel_formulaic		Human-reviewed: same birth/naming formula and overlapping named tradition as Historia Mitica, but no unit-level textual equivalence established.
JAKO.065	Jakomea Jiwu	jakomeaJiwu.txt	79	10. NASCIMENTO DAS PESSOAS, AS QUAIS RECEBEM NOME POR FAMÍLIAS, SEGUINDO A ESTRUTURA DA ALDEIA, A PARTIR DA METADE DOS “TUGAREGE”.	Icare kuiarure pugeje. Kuributure. Aiwore ji: Ure tumedage ereore. Akore Atudo. Woere amugure woe.\nBokarebo (Bak. Ec. uwie)nure aki. Bokarebo, oinore akiere, oinore akagarure.	Novamente engravidou e deu à luz.\nObservou-o: Era parecido com os seus colegas.\nDisse-lhe: - Venha. Você fique aqui. Você é Bokarebo. Bokarebo é o seu nome, é assim que você se chama.	parallel_formulaic		Human-reviewed: same birth/naming formula and overlapping named tradition as Historia Mitica, but no unit-level textual equivalence established.
JAKO.066	Jakomea Jiwu	jakomeaJiwu.txt	80	10. NASCIMENTO DAS PESSOAS, AS QUAIS RECEBEM NOME POR FAMÍLIAS, SEGUINDO A ESTRUTURA DA ALDEIA, A PARTIR DA METADE DOS “TUGAREGE”.	Icare kuributure pugeje. Kuributure.\nAiwore ji: Ure tumedage ereore.\nAkore Atudo. Woere amugure woe.\nAkaruio Bokodori (Bak. Ec. Cob.), oinore akiere, oinore akagarure.	Novamente engravidou e deu à luz.\nObservou-o: Era também parecido com os seus colegas.\nDisse-lhe: - Venha. Você fique aqui. Akaruio Bokodori. É o seu nome, é assim que você se chama.	parallel_formulaic		Human-reviewed: same birth/naming formula and overlapping named tradition as Historia Mitica, but no unit-level textual equivalence established.
JAKO.067	Jakomea Jiwu	jakomeaJiwu.txt	81	10. NASCIMENTO DAS PESSOAS, AS QUAIS RECEBEM NOME POR FAMÍLIAS, SEGUINDO A ESTRUTURA DA ALDEIA, A PARTIR DA METADE DOS “TUGAREGE”.	Icare kuiarure pugeje. Icare kuributure.\nAiwore ji: Ure tumedage ereore.\nAkore Atudo. Woere amugure woe.\nBadojeba Magurere (Kaigu: Bok.Ec. Cob),oinore akiere, oinore akagarure.	Novamente engravidou e deu à luz.\nObservou-o: Era também parecido com os seus colegas.\nDisse-lhe: - Venha. Você fique aqui. Badojeba Magurere é o seu nome. É assim que você se chama.	parallel_formulaic		Human-reviewed: same birth/naming formula and overlapping named tradition as Historia Mitica, but no unit-level textual equivalence established.
JAKO.068	Jakomea Jiwu	jakomeaJiwu.txt	82	10. NASCIMENTO DAS PESSOAS, AS QUAIS RECEBEM NOME POR FAMÍLIAS, SEGUINDO A ESTRUTURA DA ALDEIA, A PARTIR DA METADE DOS “TUGAREGE”.	Icare kuiarure pugeja. Icare kuributure.\nAiwore ji: Ure tumedage ereore.\nAkore Atudo. Woere amugure.\nImorio (Bok Ec. Cob umana), oinore akagarure.	Novamente engravidou e deu à luz.\nObservou-o: Era também parecido com os seus colegas.\nDisse-lhe: - Venha. Você fique aqui. Imorio, é assim que você se chama.	parallel_formulaic		Human-reviewed: same birth/naming formula and overlapping named tradition as Historia Mitica, but no unit-level textual equivalence established.
JAKO.069	Jakomea Jiwu	jakomeaJiwu.txt	83	10. NASCIMENTO DAS PESSOAS, AS QUAIS RECEBEM NOME POR FAMÍLIAS, SEGUINDO A ESTRUTURA DA ALDEIA, A PARTIR DA METADE DOS “TUGAREGE”.	Icare kuiarure pugeje. Kuributure.\nAiwore ji: Ure tumedage ereore.\nAkore Atudo. Wpoere amugure woe.\nBokodoribaru (Bok. Ec. Cob. uwie)nure aki. Bokodoribaru, oinore akiere, oinore akagarure.	Novamente engravidou e deu à luz.\nObservou-o: Era parecido com os seus colegas.\nDisse-lhe: - Venha. Você fique aqui. Você é Bokodoribaru. Bokodoribaru é o seu nome. É assim que você se chama.	parallel_formulaic		Human-reviewed: same birth/naming formula and overlapping named tradition as Historia Mitica, but no unit-level textual equivalence established.
JAKO.070	Jakomea Jiwu	jakomeaJiwu.txt	84	10. NASCIMENTO DAS PESSOAS, AS QUAIS RECEBEM NOME POR FAMÍLIAS, SEGUINDO A ESTRUTURA DA ALDEIA, A PARTIR DA METADE DOS “TUGAREGE”.	Icare kuiarure pugeje. Kuributure.\nAiwore ji: Ure tumedage ereore.\nAkore Atudo. Woere amugure.\nPoruiepa (Bok. Ec. Boiad.)nure aki. Poruiepa, oinore akiere, oinore akagarure.	Novamente engravidou e deu à luz.\nObservou-o: Era parecido com os seus colegas.\nDisse-lhe: - Venha. Você fique aqui. Você é Poruiepa. Poruiepa é o seu nome. É assim que você se chama.	parallel_formulaic		Human-reviewed: same birth/naming formula and overlapping named tradition as Historia Mitica, but no unit-level textual equivalence established.
JAKO.071	Jakomea Jiwu	jakomeaJiwu.txt	85	10. NASCIMENTO DAS PESSOAS, AS QUAIS RECEBEM NOME POR FAMÍLIAS, SEGUINDO A ESTRUTURA DA ALDEIA, A PARTIR DA METADE DOS “TUGAREGE”.	Icare kuiarure pugeje. Kuributure.\nAiwore ji. Akore Atudo. Woere amugure.\nBarogo Bororo (Bak. Ec. Boiad. Uwie), oinore akiere, oinore akagarure.	Novamente engravidou e deu à luz.\nObservou-o: Era também parecido com os seus colegas.\nDisse-lhe: - Venha. Você fique aqui. Barogo Bororo é o seu nome. É assim que você se chama.	confirmed	BOR-CORBO-HM001-u085	Exact normalized Bororo match. Human-reviewed exact correspondence.
JAKO.072	Jakomea Jiwu	jakomeaJiwu.txt	86	10. NASCIMENTO DAS PESSOAS, AS QUAIS RECEBEM NOME POR FAMÍLIAS, SEGUINDO A ESTRUTURA DA ALDEIA, A PARTIR DA METADE DOS “TUGAREGE”.	Icare kuiarure pugeje. Kuributure.\nAiwore ji: Ure tumedage ereore.\nAkore Atudo. Woere amugure.\nBarameri (Bok Ec. Boiad. Etuwie), oinore akiere, oinore akagarure.	Novamente engravidou e deu à luz.\nObservou-o: Era também parecido com os seus colegas.\nDisse-lhe: - Venha. Você fique aqui. Baramere é o seu nome. É assim que você se chama.	confirmed	BOR-CORBO-HM001-u086	Exact normalized Bororo match. Human-reviewed exact correspondence.
JAKO.073	Jakomea Jiwu	jakomeaJiwu.txt	87	10. NASCIMENTO DAS PESSOAS, AS QUAIS RECEBEM NOME POR FAMÍLIAS, SEGUINDO A ESTRUTURA DA ALDEIA, A PARTIR DA METADE DOS “TUGAREGE”.	Icare kuiarure pugeje. Kuributure.\nAiwore ji: Ure tumedage ereore.\nAkore Atudo. Woere amugure woe.\nArogiareu (Bok Ec. Boeupo kejewu),oinore akiere, oinoire akagarure.	Novamente engravidou e deu à luz.\nObservou-o: Era parecido com os seus colegas.\nDisse-lhe: - Venha. Você fique aqui. Arogiareu é o seu nome. É assim que você se chama.	confirmed	BOR-CORBO-HM001-u087	High-similarity candidate (0.997); requires human confirmation.
JAKO.074	Jakomea Jiwu	jakomeaJiwu.txt	88	10. NASCIMENTO DAS PESSOAS, AS QUAIS RECEBEM NOME POR FAMÍLIAS, SEGUINDO A ESTRUTURA DA ALDEIA, A PARTIR DA METADE DOS “TUGAREGE”.	Icare kuiarure pugeje. Kuributure.\nAiwore ji: Ure nono tumedagere.\nAkore Atudo. Woere amugure.\nInokuri (Bok. Ec. Ceb)nure aki. Inokuri, oinore akiere, oinore akagarure.	Novamente engravidou e deu à luz.\nObservou-o: Era também parecido com os seus colegas.\nDisse-lhe: - Venha. Você fique aqui. Inokuri é o seu nome. É assim que você se chama	confirmed	BOR-CORBO-HM001-u088	Exact normalized Bororo match. Human-reviewed exact correspondence.
JAKO.075	Jakomea Jiwu	jakomeaJiwu.txt	89	10. NASCIMENTO DAS PESSOAS, AS QUAIS RECEBEM NOME POR FAMÍLIAS, SEGUINDO A ESTRUTURA DA ALDEIA, A PARTIR DA METADE DOS “TUGAREGE”.	Icare kuiarure pugeje. Kuributure.\nAiwore ji: Ure nono tumedagere.\nAkore Atudo. Woere amugure woe.\nTorobaru (Kiedu Cob.), oinore akiere, oinore akagarure.	Novamente engravidou e deu à luz.\nObservou-o: Era parecido com os seus colegas.\nDisse-lhe: - Venha. Você fique aqui. Torobaru é o seu nome. É assim que você se chama.	confirmed	BOR-CORBO-HM001-u089	Exact normalized Bororo match. Human-reviewed exact correspondence.
JAKO.076	Jakomea Jiwu	jakomeaJiwu.txt	90	10. NASCIMENTO DAS PESSOAS, AS QUAIS RECEBEM NOME POR FAMÍLIAS, SEGUINDO A ESTRUTURA DA ALDEIA, A PARTIR DA METADE DOS “TUGAREGE”.	Icare kuiarure pugeje. Icare kuributure.\nAiwore ji: - Ure nono tumedagere.\nAkore Atudo. Woere amugure woe.\nKudoro (Kiedu Boiad.), oinore akiere, oinore akagarure.	Novamente engravidou e deu à luz.\nObservou-o: Era parecido com os seus colegas.\nDisse-lhe: - Venha. Você fique aqui. Kudoro é o seu nome. É assim que você se chama.	confirmed	BOR-CORBO-HM001-u090	Exact normalized Bororo match. Human-reviewed exact correspondence.
JAKO.077	Jakomea Jiwu	jakomeaJiwu.txt	91	10. NASCIMENTO DAS PESSOAS, AS QUAIS RECEBEM NOME POR FAMÍLIAS, SEGUINDO A ESTRUTURA DA ALDEIA, A PARTIR DA METADE DOS “TUGAREGE”.	Icare kuiarure pugeje. Kuributure.\nAiwore ji: Ure nono tumedagere.\nAkore Atudo. Woere amugure woe.\nUwaboreu (Bad. Cob.), oinore akiere, oinore akagarure.	Novamente engravidou e deu à luz.\nObservou-o: Era parecido com os seus colegas.\nDisse-lhe: - Venha. Você fique aqui. Uwaboreu é o seu nome. É assim que você se chama.	confirmed	BOR-CORBO-HM001-u091	High-similarity candidate (0.996); requires human confirmation.
JAKO.078	Jakomea Jiwu	jakomeaJiwu.txt	92	10. NASCIMENTO DAS PESSOAS, AS QUAIS RECEBEM NOME POR FAMÍLIAS, SEGUINDO A ESTRUTURA DA ALDEIA, A PARTIR DA METADE DOS “TUGAREGE”.	Icare kuributure pugeje.\nAiwore ji: - Ure tumedage ereore.\nAkore; Atudo. Woere amugure woe.\nOca Kudureu (Ecerae), oinore akiere, oinore akagarure.	Novamente engravidou e deu à luz.\nObservou-o: Era parecido com os seus colegas.\nDisse-lhe: - Venha. Você fique aqui. Oca Kudureu é o seu nome. É assim que você se chama.	confirmed	BOR-CORBO-HM001-u092	High-similarity candidate (0.996); requires human confirmation.
JAKO.079	Jakomea Jiwu	jakomeaJiwu.txt	93	10. NASCIMENTO DAS PESSOAS, AS QUAIS RECEBEM NOME POR FAMÍLIAS, SEGUINDO A ESTRUTURA DA ALDEIA, A PARTIR DA METADE DOS “TUGAREGE”.	Icare kuiarre pugeje. Kuributure.\nAiwore ji: Ure nono tumedagere.\nAkore Atudo. Woere amugure woe.\nBakorokudu (Bad. Boiad. ), oinore akiere, oinore akagarure.	Novamente engravidou e deu à luz.\nObservou-o: Era parecido com os seus colegas.\nDisse-lhe: - Venha. Você fique aqui. Bakoro Kudu é o seu nome. É assim que você se chama.	confirmed	BOR-CORBO-HM001-u093	Exact normalized Bororo match. Human-reviewed exact correspondence.
JAKO.080	Jakomea Jiwu	jakomeaJiwu.txt	94	10. NASCIMENTO DAS PESSOAS, AS QUAIS RECEBEM NOME POR FAMÍLIAS, SEGUINDO A ESTRUTURA DA ALDEIA, A PARTIR DA METADE DOS “TUGAREGE”.	Icare kuiarre pugeje. Kuributure.\nAiwore ji: Ure nono tumedagere.\nAkore Atudo. Woere amugure woe.\nArua (Bad. Ceb), oinore akiere, oinore akagarure.	Novamente engravidou e deu à luz.\nObservou-o: Era parecido com os seus colegas.\nDisse-lhe: - Venha. Você fique aqui. Arua é o seu nome. É assim que você se chama.	confirmed	BOR-CORBO-HM001-u094	Exact normalized Bororo match. Human-reviewed exact correspondence.
JAKO.081	Jakomea Jiwu	jakomeaJiwu.txt	95	10. NASCIMENTO DAS PESSOAS, AS QUAIS RECEBEM NOME POR FAMÍLIAS, SEGUINDO A ESTRUTURA DA ALDEIA, A PARTIR DA METADE DOS “TUGAREGE”.	Icare kuiarure pugeje. Kuributure.\nAowore ji: Ure tumedage ereore.\nAkore Atudo. Woere amugure woe.\nIkuira (Bad. Ceb. Etuwie), oinore akiere, oinore akagarure.	Novamente engravidou e deu à luz.\nObservou-o: Era parecido com os seus colegas.\nDisse-lhe: - Venha. Você fique aqui. Ikuira é o seu nome. É assim que você se chama.	confirmed	BOR-CORBO-HM001-u095	Exact normalized Bororo match. Human-reviewed exact correspondence.
JAKO.082	Jakomea Jiwu	jakomeaJiwu.txt	96	10. NASCIMENTO DAS PESSOAS, AS QUAIS RECEBEM NOME POR FAMÍLIAS, SEGUINDO A ESTRUTURA DA ALDEIA, A PARTIR DA METADE DOS “TUGAREGE”.	Dukodire , Meriri Poro koiare ure Boe eiegi. Meriri Poro koiare ure Boe eie bu Boe ewugeje. Ure barege eie bu barege ewugeje.	Por isso foi Meriri Poro que deu nomes ás pessoas. Foi Meriri Poro que pôs nomes às pessoas. Foi também ele quem pôs nome nos animais.	confirmed	BOR-CORBO-HM001-u096	High-similarity candidate (0.996); requires human confirmation.
JAKO.083	Jakomea Jiwu	jakomeaJiwu.txt	97	11. JERIGI OTOJIWU CHAMA POR ASSOBIO OS BORORO	Jerigi Otojiwu jire Boere ciegi.\nJerigi Otogiwu ocagodure, akore Ps ps ps ps! Boe ewogai. Mare Boe enojagodukare.\nKiarigodure tu… Kiarigodure Boe ewogai	Os Bororo se apresentam a Jerigi Otojiwu.\nJerigi Otojiwu assobiou dizendo: - Ps ps ps ps! Chamando os Bororo. Mas eles não responderam. Ele ficou muito triste. Estava com saudade dos Bororo.	confirmed	BOR-CORBO-HM001-u097	High-similarity candidate (0.997); requires human confirmation.
JAKO.084	Jakomea Jiwu	jakomeaJiwu.txt	98	11. JERIGI OTOJIWU CHAMA POR ASSOBIO OS BORORO	Barogwa kododure, ocagodure pugeje. Biapagare. Boe enojagodukare.\nBarogwa kododure pugeje, ocagodure pugeje, biapagare, Boe enojagodukare.\nBarogwa kododure pugeje, ocagodure pugeje, biapagare, Boe enojagodukare.	Durante vários dias, ao amanhecer, ele sempre assobiava e ficava esperando resposta, mas os Bororo não respondiam.	confirmed	BOR-CORBO-HM001-u098	Exact normalized Bororo match. Human-reviewed exact correspondence.
JAKO.085	Jakomea Jiwu	jakomeaJiwu.txt	99	11. JERIGI OTOJIWU CHAMA POR ASSOBIO OS BORORO	Nonore icare akore O! Boe enoiogwari kuri rabora woe! Boe eno bokudururu kurirabora woe! O! Kaiba Boe ekodure? m …\nIcare barogwa kododure, ocagodure pugeje. Biapagare. Okeare pugeje, akore -m .. Wo!.. Arodu kaire?\nOinore Jerigi Otojiwu akore.\nIcare barogwa kododure, ocagodure pugeje, biapagare.. O! Boe enojagodukare.	Então disse: - Oh! Aqui os Bororo gritavam muito e faziam muito barulho! Oh! Para onde eles foram? m ...\nMais um dia amanheceu e ele assobiou de novo. Ficou escutando... Depois exclamou: - m ... Wo!... Quando você apareceu? Assim falou Jerigi Otojiwu (Referindo-se ao Espírito Jakomea).\nNa manhã seguinte assobiou de novo e ficou escutando. Mas os Bororo não respondiam.	confirmed	BOR-CORBO-HM001-u099	High-similarity candidate (0.993); requires human confirmation.
JAKO.086	Jakomea Jiwu	jakomeaJiwu.txt	100	11. JERIGI OTOJIWU CHAMA POR ASSOBIO OS BORORO	Icare barogwa kododure pugeje, icare ocagodure pugeje.\nA! Dukeje icare Boe enojagodure. Boe egore - gi gi gi gigi gigi! Ba okwa jameduji.\nDukeje ure tuiebu ta! tuwai piji, ure tuiemaedo tu... Boe bokware. Jordukare cewu ocare ino boeji.	Amanheceu mais um dia e ele assobiou de novo.\nAh! Aí os Bororo assobiaram: - gi gi gi gigi gigi! Ao redor de toda a aldeia.\nEntão ele saiu logo da sua casa, e olhou para todo lado. Nada. Não viu quem tinha assobiado asssim.	confirmed	BOR-CORBO-HM001-u100	Exact normalized Bororo match. Human-reviewed exact correspondence.
JAKO.087	Jakomea Jiwu	jakomeaJiwu.txt	101	11. JERIGI OTOJIWU CHAMA POR ASSOBIO OS BORORO	Icare jekarere, mearudure Boe enojaji, kodi icare jekarere.\nOinore rore! Kodo woje… tuiegare tabo. Aiwore. Ure tuiemaedo tuiegare tabo. Icare ure Boe enojago, kodire icare jekarere.	Mas ele estava alegre. Tinha escutado o assobio dos Bororo, por isso estava alegre. Mexeu-se muito, foi para um lado e outro, alegre. Observou, olhou com alegria para todo lado. Finalmente ele tinha feito os Bororo assobiarem, por isso estava alegre.	confirmed	BOR-CORBO-HM001-u101	High-similarity candidate (0.997); requires human confirmation.
JAKO.088	Jakomea Jiwu	jakomeaJiwu.txt	102	11. JERIGI OTOJIWU CHAMA POR ASSOBIO OS BORORO	Icare barogwa kododure pugeje, ocagodure pugeje.\nHá! Há! Boe enojagodure pugeje gi gi gigi gigi!\nCa! Barogwa kododure pugeje. A! Boe enojagodure pugeje; gi gi gigi gigi! Ba okwa jameduji.	Na manhã seguinte, assobiou de novo.\nAh! Ah! Os Bororo assobiaram novamente: gi gi gigi gigi!\nEis! Mais um amanhecer e os Bororo assobiaram de novo: - gi gi gigi gigi! Ao redor de toda a aldeia.	confirmed	BOR-CORBO-HM001-u102	Exact normalized Bororo match. Human-reviewed exact correspondence.
JAKO.089	Jakomea Jiwu	jakomeaJiwu.txt	103	11. JERIGI OTOJIWU CHAMA POR ASSOBIO OS BORORO	Ure tuiebu ta! ... Ure tuiemaedo, jordukare boeji.\nUre turemo tuwaito pugeje. Jekarere pudui!\nIcare barogwa kododure pugeje.Ocagodure pugeje.\nA! Boe enojagodure pugeje: gigi gigi!.\nUre tuiebu ta!… Ure tuiemaedo: Boe bokware. O! Boekare. Boe bokware.	Saiu rápido. Olhou para todo lado, mas não viu os Bororo.\nEntrou de novo na sua casa. Estava cheio de alegria.\nMais um amanhecer e ele assobiou de novo.\nAh! Os Bororo responderam assobiando de novo: - Gigi gigi!\nSaiu logo, olhou estendeu a vista: Nada. Oh! Não. Não tinha nenhum Bororo.	confirmed	BOR-CORBO-HM001-u103	High-similarity candidate (0.993); requires human confirmation.
JAKO.090	Jakomea Jiwu	jakomeaJiwu.txt	104	11. JERIGI OTOJIWU CHAMA POR ASSOBIO OS BORORO	Barogwa kododure pugeje, ocagodure pugeje. Boe enojagodure pugeje: gigi gigi!\nUre tuiebu ta! Ure tuiemaedo. Há! Há! Icare jordure baiji. Oinore bai gigadure ba okwaji!\nA! Ure tugeragu jorubea paruji, kodo tabo ba oiado. Ure kodo baado, ure tumugudo keje, ure joru mugudo tuiogorai, tuwo towarudo.	Amanheceu mais uma vez e ele assobiou novamente. Os Bororo responderam: - Gigi gigi! Ele saiu logo. Estendeu a vista: Ah! Ah! Aí ele viu as casas. Era muita casa branquejando na beira da aldeia!\nAh! Pegou um tição acesso e foi com ele para o meio da aldeia. Estendeu a esteira, sentou-se nela e colocou o fogo na sua frente para se esquentar.	confirmed	BOR-CORBO-HM001-u104	High-similarity candidate (0.996); requires human confirmation.
JAKO.091	Jakomea Jiwu	jakomeaJiwu.txt	105	11. JERIGI OTOJIWU CHAMA POR ASSOBIO OS BORORO	Icare barogwa kododure pugeje, ocagodure pugeje.\nBoe enojagodure. Ure tuiebu. Há! Há! Oinore bai gigadure ba okwaji!\nUre tugeragu joruji ta!, ure tugeragu tugudawu kodoji, kodo tabo ba oiada; ure nowu kodo bu, ure nowu jorugo, upagare Boe etaregodumode du bogai. Boe bokware.	Amanheceu de novo e novamente ele assobiou.\nOs Bororo responderam. Ele saiu e viu muitas casas branquejando na beira da aldeia.\nPegou logo o fogo e a esteira e dirigiu-se paro o centro da aldeia; pôs a esteira no chão, avivou o fogo e ficou esperando para ver se os Bororo iam chegar. Nada.	confirmed	BOR-CORBO-HM001-u105	Exact normalized Bororo match. Human-reviewed exact correspondence.
JAKO.092	Jakomea Jiwu	jakomeaJiwu.txt	106	12. OS BORORO APRESENTAM-SE A JERIGI OTOJIWU, POR FAMÍLIAS, A PARTIR DA METADE DOS ECERAE.	Boecodure. Barogwa kododure pugeje. Ocagodure Boe ewogai pugeje. A! Boe enojagodure gigi gigi gigi! Ure tuiebu, oinore bai gigadure ba okwaji!\nUre tugeragu tugudawu kododji, ure tugeragu joruji, ure baado ba oiadoda.	Anoiteceu e amanheceu de novo. Novamente ele assobiou chamando os Bororo.\nAh! Os Bororo assobiaram:- gigi gigi gigi! Ele saiu, e viu as casas branquejando na beira da aldeia. Pegou sua esteira e o fogo, e colocou-os no centro da aldeia.	confirmed	BOR-CORBO-HM001-u106	Exact normalized Bororo match. Human-reviewed exact correspondence.
JAKO.093	Jakomea Jiwu	jakomeaJiwu.txt	107	12. OS BORORO APRESENTAM-SE A JERIGI OTOJIWU, POR FAMÍLIAS, A PARTIR DA METADE DOS ECERAE.	Dukeje icare ia imedu aregodure.\nAkore Akaregodure?\nAkore U! Itaregodu!\nAkore Bokarebo (Bak. Ec.Etuwie) imire iroino. Bokarebo, imire irtaregodure.\nAkore U! Akowarudo.\nAkore Amugudo, amugudo, amugudo!	Logo um homem chegou.\nCumprimentou-o: - Você chegou!\nRespondeu: - Sim! Eu cheguei.\nE acrescentou: - Sou eu Bokarebo que estou chegando. Eu, Bakorebo, cheguei.\nDisse-lhe: - Sente, sente, sente!	confirmed	BOR-CORBO-HM001-u107	Exact normalized Bororo match. Human-reviewed exact correspondence.
JAKO.094	Jakomea Jiwu	jakomeaJiwu.txt	108	12. OS BORORO APRESENTAM-SE A JERIGI OTOJIWU, POR FAMÍLIAS, A PARTIR DA METADE DOS ECERAE.	Icare boecodure pugeje. Barogwa kododure. Ocagodure pugeje. A! Boe enojagodure pugeje gigi gigi! Ba okwa jameduji.\nUre tugeragu tugudawu kodoji, joruji, kodo tabo ba oiado. Ure bado tu ba oiadoda..\nCewu aregodureu aregodure, akore Itaregodu!\nAkore A! Akaregodure? Amugudo.\nDukeje icare ia imedu aregodure pugeje, akore Itaregodu! Iwo itawarudore iroino.\nAkore U! Akowarudo, akowarudo, akowarudo. Amugudo, amugudo, amugudo.\nUre tumugudo tu!..\nAkore Akaruio Bokodori (Bak. Ec.) imire iroino, Akaruio Bokodori imire itaregodure.	Anoiteceu de novo e amanheceu. Ele assobiou de novo. Ah! O povo respondeu assobiando ao redor da aldeia.\nEle pegou sua esteira e o fogo e foi com eles para o centro da aldeia e os colocou aí no meio da praça.\nO visitante chegou dizendo: - Eu cheguei.\nRespondeu: -Ah! Você chegou? Tome assento.\nDepois disso chegou um outro homem e disse: - Eu cheguei. Eu vim para me esquentar.\nRespondeu: - Sim! Esquente-se, esquente-se, esquente-se. Sente, sente, sente.\nEle sentou-se e disse: - Sou eu, Akaruio Bokodori, que estou chegando. Eu, Akaruio Bokodori, cheguei.	confirmed	BOR-CORBO-HM001-u108	High-similarity candidate (0.999); requires human confirmation.
JAKO.095	Jakomea Jiwu	jakomeaJiwu.txt	109	12. OS BORORO APRESENTAM-SE A JERIGI OTOJIWU, POR FAMÍLIAS, A PARTIR DA METADE DOS ECERAE.	Boecodure pugeje. Barogwa kododure. Ocagodure pugeje.\nA! Boe enojagodure gigi gigi gigi! Ba okwaji.\nUre tuiebu tugudawu kodo tabo, joru tabo. Mugure tu... du keje icare ia imedu aregodure pugeje.\nAkore Itaregodure. Iwo itowarudore iroino.\nAkore Magurere (Bok. Ec. Cob) imire iroino. Magurere imire itaregodure.\nJerigi Otogiwu akore ‘M ‘m ‘m! Ema rugadu, ema rugadu, ema rugadu!	Anoiteceu de novo. Ao amanhecer, ele assobiou de novo.\nOs Bororos responderam – Gigi gigi gigi! Ao redor da aldeia.\nEle saiu com a sua esteira e com o fogo. Ficou esperando, até que um outro homem chegou e disse: - Eu cheguei. Vim para me esquentar. E acrescentou: Sou eu, Magurere, que cheguei. Eu, Magurere, cheguei.\nJerigi Otojiwu disse: ‘M ‘m ‘m! Isso mesmo, isso mesmo, isso mesmo!	confirmed	BOR-CORBO-HM001-u109	High-similarity candidate (0.994); requires human confirmation.
JAKO.096	Jakomea Jiwu	jakomeaJiwu.txt	110	12. OS BORORO APRESENTAM-SE A JERIGI OTOJIWU, POR FAMÍLIAS, A PARTIR DA METADE DOS ECERAE.	Icare boecodure pugeje. Barogwa kododure, ocagodure pugeje.\nBoe enojagodure gigi gigi gigi!\nUre tuiebu, aiwore: oinore bai gigadure ba okwaji!\nUre tugeragu tugudawu kodoji, ure tugeragu joruji, ure bu ba oiadoda.\nUre jorugo tu, du keje icare ia imedu aregodure, akore Itaregodu, iwo itowarudore iroino.\nAkore Imorio (Bok. Ec. Cob.) imire iroino. Imorio imire itaregodure.	Anoiteceu de novo. Ao amanhecer, ele assobiou de novo.\nOs Bororos responderam – Gigi gigi gigi\nEle saiu, observou: tinha muita casa branquejando na beira da aldeia.\nPegou sua esteira e o fogo e colocou-os no centro da aldeia.\nQuando estava avivando o fogo, chegou um outro homem dizendo: - Eu cheguei, eu vim para me esquentar.\nE disse: - Sou eu, Imorio, que cheguei. Eu Imorio, cheguei.	confirmed	BOR-CORBO-HM001-u110	High-similarity candidate (0.999); requires human confirmation.
JAKO.097	Jakomea Jiwu	jakomeaJiwu.txt	111	12. OS BORORO APRESENTAM-SE A JERIGI OTOJIWU, POR FAMÍLIAS, A PARTIR DA METADE DOS ECERAE.	Boecodure pugeje, barogwa kododure, ocagodurepugeje.\nBoe enojagodure: gigi gigi gigi!\nUre tuiebu. Oinore bai gigadure ba okwaji!\nUre tugeragu tugudawu kodoji, ure tugeragu joruji tu... Mugure tu je, du kejere icare ia imedu aregodure. Akore Itaregodure. Iwo itowarudore iroino.\nAkore Bokodoribaru (Bok Ec. Cob) imire iroino. Bokodoribaru imire itaregodure..	Anoiteceu de novo. Ao amanhecer, ele assobiou de novo.\nOs Bororos responderam – Gigi gigi gigi\nEle saiu, observou: tinha muita casa branquejando na beira da aldeia.\nPegou sua esteira, pegou o fogo e, logo que sentou, chegou um outro homem dizendo. Eu cheguei. Eu vim para me esquentar.\nE acrescentou: - Sou eu, Bokodoribaru, que cheguei. Eu Bokodoribaru, cheguei.	confirmed	BOR-CORBO-HM001-u111	High-similarity candidate (0.999); requires human confirmation.
JAKO.098	Jakomea Jiwu	jakomeaJiwu.txt	112	12. OS BORORO APRESENTAM-SE A JERIGI OTOJIWU, POR FAMÍLIAS, A PARTIR DA METADE DOS ECERAE.	Icare boecodure pugeje, barogwa kododure, ocagodure pugeje.\nUre tuiebu: Oinore bai gigadure ba okwaji!\nDukeje ia imedu aregodure, akore Itaregodu. Iwo itowarudore iroino.\nAkore Poruiepa (Bok Ec. Boiad.) imire iroino. Poruiepa imire itaregodure.	Anoiteceu de novo. Ao amanhecer, ele assobiou de novo.\nOs Bororos responderam – Gigi gigi gigi\nEle saiu. Tinha muita casa branquejando na beira da aldeia.\nLogo chegou um outro homem, dizendo: - Eu cheguei. Vim para me esquentar.\nE acrescentou: - Sou eu, Poruiepa, que cheguei. Eu Poruiepa, cheguei.	confirmed	BOR-CORBO-HM001-u112	Exact normalized Bororo match. Human-reviewed exact correspondence.
JAKO.099	Jakomea Jiwu	jakomeaJiwu.txt	113	12. OS BORORO APRESENTAM-SE A JERIGI OTOJIWU, POR FAMÍLIAS, A PARTIR DA METADE DOS ECERAE.	Boecodure pugeje, Barogwa kododure, ocagodure pugeje.\nA! Boe enojagodure pugeje: gigi gigi gigi!\nUre tuiebu ta! Ure tugeragu tugudawu kodoji, joruji, ure baado.\nUre jorugo, icare ia imedu aregodure.Akore Itaregodu. Iwo itowarudore iroino.\nAkore Barogo Bororo (Bok Ec. Boiad.) imire iroino. Barogo Bororo imire itaregodure.	Anoiteceu de novo. Ao amanhecer, ele assobiou de novo.\nOs Bororos responderam – Gigi gigi gigi\nEle saiu logo! Pegou sua esteira e o fogo e os colocou no lugar.\nQuando estava avivando o fogo, chegou um outro homem dizendo: - Eu cheguei. Eu vim para me esquentar.\nE acrescentou: Sou eu, Barogo Bororo, que cheguei. Eu Barogo Bororo cheguei.	confirmed	BOR-CORBO-HM001-u113	Exact normalized Bororo match. Human-reviewed exact correspondence.
JAKO.100	Jakomea Jiwu	jakomeaJiwu.txt	114	12. OS BORORO APRESENTAM-SE A JERIGI OTOJIWU, POR FAMÍLIAS, A PARTIR DA METADE DOS ECERAE.	Boecodure pugeje, barogwa kododure, ocagodure.\nBoe enojagodure: gigi gigi gigi!\nKodo kuri. Ure tuiebu. Aiwore: A! Oinore bai gigadure ba kwaji!\nUre tugeragu tugudawu kodoji, ure tugeragu joruji, ure tugudawu kodo baado, ure jorugo tu.. Mugure tu...je, du keje icare ia imedu aregodure.\nAkore Itaregodu! Iwo itowarudore iroino.\nAkore Baramere (Bok. Ec. upo kejewu) imire iroino. Baramere imire itaregodure.	Anoiteceu de novo. Ao amanhecer, ele assobiou de novo.\nOs Bororos responderam – Gigi gigi gigi\nRapidamente ele saiu, observou: Ah! Tinha muita casa branquejando na beira da aldeia.\nPegou sua esteira, pegou o fogo. Estendeu sua esteira, avivou o fogo, e apenas sentou, chegou um outro homem, dizendo: - Eu cheguei. Eu vim para me esquentar.\nE acrescentou: - Sou eu, Barameri, que cheguei. Eu, “Barameri”, cheguei.	confirmed	BOR-CORBO-HM001-u114	High-similarity candidate (0.999); requires human confirmation.
JAKO.101	Jakomea Jiwu	jakomeaJiwu.txt	115	12. OS BORORO APRESENTAM-SE A JERIGI OTOJIWU, POR FAMÍLIAS, A PARTIR DA METADE DOS ECERAE.	Boecodure pugeje, barogwa kododure, ocagodure pugeje. Boe enojagodure: gigi gigi gigi!\nUre tuiebu. A! Oinore bai gigadure ba okwa ji! Wo!..\nUre tugeregu tugudawu kodo ji, joru ji, ure tugudawu kodo baado, ure jorugo.\nDukeje icare ia imedu aregodure, akore Itaregodu! Iwo itowarudore iroino.\nAkore Aromerere (Bok. Ec. Ceb.) imire itaregodure. Aromerere imire itaregodure.	Anoiteceu de novo. Ao amanhecer, ele assobiou.\nOs Bororos responderam – Gigi gigi gigi\nEle saiu: Ah! Tinha muita casa branquejando na beira da aldeia.\nPegou sua esteira e o fogo. Estendeu a esteira e avivou o fogo. Nisso chegou um outro homem dizendo: - Eu cheguei. Eu vim para me esquentar.\nE acrescentou: - Sou eu, Aromerere, que cheguei. Eu Aromerere, cheguei.	confirmed	BOR-CORBO-HM001-u115	High-similarity candidate (0.996); requires human confirmation.
JAKO.102	Jakomea Jiwu	jakomeaJiwu.txt	116	12. OS BORORO APRESENTAM-SE A JERIGI OTOJIWU, POR FAMÍLIAS, A PARTIR DA METADE DOS ECERAE.	Icare boecodure pugeje, barogwa kododure.\nOcagodure, ure tuiebu. A! Oinore bai gigadure ba okwaji!\nIcare ure tugeragu tugudawu kodo ji. Ure tugeragu joru ji. Ure baado, ure jorugo.\nDukeje icare ia imedu aregodure, akore Itaregodu. Iwo itowarudore iroino.\nAkore Inokuri (Bok. Ec. Ceb.) imire iroino. Inokuri imire itaregodure iroino	Anoiteceu de novo e amanheceu.\nEle assobiou e saiu: Ah! Tinha muita casa branquejando na beira da aldeia!\nPegou sua esteira, pegou o fogo. Estendeu a esteira e avivou o fogo. Então um outro homem chegou dizendo: - Eu cheguei. Eu vim para me esquentar.\nE acrescentou: - Sou eu, Inokuri, que estou chegando. Eu Inokuri cheguei.	confirmed	BOR-CORBO-HM001-u116	High-similarity candidate (0.997); requires human confirmation.
JAKO.103	Jakomea Jiwu	jakomeaJiwu.txt	117	12. OS BORORO APRESENTAM-SE A JERIGI OTOJIWU, POR FAMÍLIAS, A PARTIR DA METADE DOS ECERAE.	Icare boecodure, barogwa kododure, ocagodure.\nBoe enojagodure: gigi gigi!\nUre tuiebu: Oinore bai gigadure ba okwaji!.\nUre tugeragu tugudawu kodoji, ure tugeragu joruji, ure baado tu… ba oiadoda. Ure jorugo tu..\nDukeje icare ia imedu aregodure. Akore Itaregodu. Iwo itowarudore iroino.\nAkore Torobaru (Kie Kuj.) imire iroino, imire itaregodure.	Anoiteceu, amanheceu, ele assobiou e os Bororo responderam: - gig gigi!\nEle saiu: Tinha muita casa branquejando na beira da aldeia!\nPegou sua esteira, pegou o fogo, estendeu a esteira no meio da aldeia e acendeu o fogo.\nLogo um outro homem chegou dizendo: - Eu cheguei. Eu vim para me esquentar.\nE acrescentou: Sou eu, Torobaru, que estou chegando. Eu Torobaru cheguei.	confirmed	BOR-CORBO-HM001-u117	High-similarity candidate (0.998); requires human confirmation.
JAKO.104	Jakomea Jiwu	jakomeaJiwu.txt	118	12. OS BORORO APRESENTAM-SE A JERIGI OTOJIWU, POR FAMÍLIAS, A PARTIR DA METADE DOS ECERAE.	Boecodure pugeje,barogwa kododure, ocagodure. Boe enojagodure: gigi gigi gigi! Ure tuiebu: oinore bai gigadure!\nUre tugeragu tugudawu kodoji, ure tugeragu joruji ta! Kodo tabo ba oiado. Ure tugudawu kodo baado. Ure jorugo.\nIcare ia imedu aregodure, akore Itaregodu. Iwo itowarudore iroino.\nAkore Kudoro (Kiedu Boiad.) imire iroino. Kudoro imire itaregodure.	Anoiteceu de novo, amanheceu, ele assobiou. Os Bororo responderam:\n- Gigi gigi gigi! Ele saiu. Tinha muita casa branquejando!\nPegou logo sua esteira e o fogo. Levou-os para o centro da aldeia. Estendeu sua esteira e acendeu o fogo.\nLogo um outro homem apareceu dizendo: - Eu cheguei. Eu vim para me esquentar.\nE acrescentou: - Sou eu, Kudoro, que estou chegando. Eu Kudoro cheguei.	confirmed	BOR-CORBO-HM001-u118	Exact normalized Bororo match. Human-reviewed exact correspondence.
JAKO.105	Jakomea Jiwu	jakomeaJiwu.txt	119	12. OS BORORO APRESENTAM-SE A JERIGI OTOJIWU, POR FAMÍLIAS, A PARTIR DA METADE DOS ECERAE.	Boecodure pugeje, barogwa kododure; ocagodure. Boe egore gigi gigi gigi!\nUre tuiebu ta! Aiwore tu... Oinore bai gigadure ba okwaji! Wo!...\nUre tugeragu tugudawu kodoji, joruji ta! Kodo tabo ba oiado.\nDukeje icare ia imedu aregodure. Akore Itaregodu! Iwo itowarudore iroino.\nAkore Ki Bakororo (Kiedu Ceb.) imire iroino. Ki Bakororo imire itaregodure.	Anoiteceu de novo e amanheceu; ele assobiou e os Bororo responderam: - gigi gigi gigi!\nSaiu logo, observou: Tinha muita casa branquejando na beira da aldeia! Oh!\nPegou logo sua esteira e o fogo e foi com eles para o centro da aldeia.\nLogo um outro homem chegou dizendo: - Eu cheguei. Eu vim para me esquentar.\nE acrescentou: - Sou eu, Ki Bakororo, que estou chegando. Eu Ki Bakororo cheguei.	confirmed	BOR-CORBO-HM001-u119	Exact normalized Bororo match. Human-reviewed exact correspondence.
JAKO.106	Jakomea Jiwu	jakomeaJiwu.txt	120	12. OS BORORO APRESENTAM-SE A JERIGI OTOJIWU, POR FAMÍLIAS, A PARTIR DA METADE DOS ECERAE.	Boecodure, barogwa kododure; ocagodure. Boe enojagodure.\nUre tuiebu, aiwore: Oinore bai gigadure ba okwaji!\nUre tugeragu tugudawu kodoji, ure tugeragu joruji, kodo tabo ba oiado. Ure tugudawu kodo bu tu...Ure jorugo tu...\nDukeje icare ia imedu aregodure. Akore Itaregodu! Iwo itowarudore iroino.\nAkore Uwaboreu (Bad. Cob) imire iroino. Uwaboreu imire itaregodure.	Anoiteceu, amanheceu, ele assobiou e os Bororo responderam.\nSaiu, observou: Quantas casas branquejando na beira da aldeia!\nPegou sua esteira, pegou o fogo e levou-os para o centra da aldeia. Estendeu sua esteira e avivou o fogo. Aí um outro homem chegou dizendo: - Eu cheguei. Eu vim para me esquentar. E acrescentou: - Sou eu, Uwaboreu, que estou chegando. Eu Uwaboreu cheguei.	confirmed	BOR-CORBO-HM001-u120	High-similarity candidate (0.997); requires human confirmation.
JAKO.107	Jakomea Jiwu	jakomeaJiwu.txt	121	12. OS BORORO APRESENTAM-SE A JERIGI OTOJIWU, POR FAMÍLIAS, A PARTIR DA METADE DOS ECERAE.	Boecodure pugeje, barogwa kododure; ocagodure pugeje. Boe enojagodure gigi gigi gigi! Ba okwa ji.\nUre tuiebu. Aiwore tu... Oinore bai gigadure ba okwaji!\nUre tugeragu tugudawu kodoji, ure tugeragu joruji, kodo tabo ba oiado. Ure bado. Ure jorugo. Dukeje icare ia imedu aregodure, akore Itaregodu! Iwo itowarudore iroino.\nAkore Oca Kudureu (Bad. Cob) imire iroino. Oca Kudureu imire itaregodure.	Anoiteceu de novo, amanheceu, ele assobiou de novo. Os Bororos assobiaram: - gigi gigi gigi! na beira da aldeia.\nSaiu, observou: Quantas casas branquejando na beira da aldeia!\nPegou sua esteira, pegou o fogo e levou-os para o centro da aldeia. Estendeu a esteira e avivou o fogo. Aí chegou um outro homem dizendo: - Eu cheguei. Eu vim para me esquentar. E acrescentou: - Sou eu, Oca Kudureu, que estou chegando. Eu Oca Kudureu cheguei.	confirmed	BOR-CORBO-HM001-u121	High-similarity candidate (0.996); requires human confirmation.
JAKO.108	Jakomea Jiwu	jakomeaJiwu.txt	122	12. OS BORORO APRESENTAM-SE A JERIGI OTOJIWU, POR FAMÍLIAS, A PARTIR DA METADE DOS ECERAE.	Boecodure pugeje, barogwa kododure; ocagodure. Boe enojagodure: - gigi gigi gigi!\nUre tuiebu, aiwore: Oinore bai gigadure ba okwaji!\nUre tugeragu tugudawu kodoji, ure tugeragu joruji, kodo tabo ba oiado. Ure bado, ure jorugo. Dukeje icare ia imedu aregodure, akore Itaregodu! Iwo itowarudore iroino.\nAkore Arua (Bad. Ceb.) imire iroino. Arua imire itaregodure.	Anoiteceu de novo e amanheceu; assobiou e os Bororo responderam: - gigi gigi gigi!\nSaiu, observou: Tinha muitas casas branquejando na beira da aldeia!\nPegou sua esteira, pegou o fogo, e foi com eles para o centro da aldeia. Estendeu esteira e avivou o fogo. Nisso chegou um outro homem dizendo: - Eu cheguei. Eu vim para me esquentar. E acrescentou: - Sou eu, Arua, que estou chegando. Eu Arua cheguei.	confirmed	BOR-CORBO-HM001-u122	Exact normalized Bororo match. Human-reviewed exact correspondence.
JAKO.109	Jakomea Jiwu	jakomeaJiwu.txt	123	12. OS BORORO APRESENTAM-SE A JERIGI OTOJIWU, POR FAMÍLIAS, A PARTIR DA METADE DOS ECERAE.	Boecodure pugeje, barogwa kododure; ocagodure. Boe enojagodure gigi gigi gigi!\nUre tuiebu ta! Aiwore: Oinore bai gigadure ba okwa ji.\nUre tugeragu tugudawo kodoji, joruji tu! Ure tugudawu kodo bado, ure jorugo tu...\nDukeje ia imedu aregodure, akore Itaregodu! Iwo itowarudore iroino.\nAkore Bakorokudu (Bad. Boiad.) imire iroino. Bakorokudu imire itaregodure.	Anoiteceu de novo e amanheceu; assobiou e os Bororo assobiaram: - Gigi gigi gigi!\nSaiu, observou: Muitas casas branquejavam na beira da aldeia!\nPegou logo sua esteira e o fogo. Estendeu sua esteira e avivou o fogo. Aí chegou um outro homem dizendo: - Eu cheguei. Eu vim para me esquentar.\nE acrescentou: - Sou eu, Bakoro Kudu, que cheguei. Eu Bakoro Kudu cheguei.	confirmed	BOR-CORBO-HM001-u123	High-similarity candidate (0.999); requires human confirmation.
JAKO.110	Jakomea Jiwu	jakomeaJiwu.txt	124	12. OS BORORO APRESENTAM-SE A JERIGI OTOJIWU, POR FAMÍLIAS, A PARTIR DA METADE DOS ECERAE.	Boecodure, barogwa kododure; ocagodure. Boe enojagodure: - gigi gigi gigi! Ba okwa ji.\nUre tuiebu, aiwore tu... Oinore bai gigadure ba okwaji!\nUre tugeragu tugudawu kodoji ta! Ure tugerago joruji tu... Kodo tabo ba oiado. Ure bado. Ure jorugo. Dukeje icare ia imedu aregodure.\nAkore - Ikuira (Bad. Ceb.) imire itaregodure. Ikuira imire iroino.	Anoiteceu e amanheceu; assobiou e os Bororo responderam: - gigi gigi gigi! Na beira da aldeia.\nSaiu, observou: Tinha muitas casas branquejando na beira da aldeia!\nPegou sua esteira, pegou o fogo, e foi com eles para o centro da aldeia. Estendeu a esteira e avivou o fogo. Logo chegou um outro homem dizendo: - Sou eu, Ikuira, que estou chegando. Eu Ikuira cheguei.	confirmed	BOR-CORBO-HM001-u124	High-similarity candidate (0.998); requires human confirmation.
JAKO.111	Jakomea Jiwu	jakomeaJiwu.txt	125	12. OS BORORO APRESENTAM-SE A JERIGI OTOJIWU, POR FAMÍLIAS, A PARTIR DA METADE DOS ECERAE.	Boecodure, barogwa kododure; ocagodure. Boe enojagodure: - gigi gigi gigi!\nUre tuiebu, aiwore tu… Oinore bai gigadure ba okwaji!\nUre tugeragu tugudawu kodoji ta! Ure tugeragu joruji ta! Kodo tabo ba oiado. Ure tugudawu kodo baado. Ure jorugo tu.\nDukeje icare ia imedu aregodure, akore Itaregodu! Iwo itowarudore iroino.\nAkore Mano Kurireu (Ar. Ceb) imire iroino. Mano Kurireu imire itaregodure.	Anoiteceu e amanheceu; ele assobiou e os Bororo responderam: - gigi gigi gigi!\nSaiu logo e observou: Tinha muitas casas branquejando na beira da aldeia!\nPegou a sua esteira, pegou o fogo e foi com eles para o centro da aldeia. Estendeu sua esteira e avivou o fogo. Logo chegou um outro homem dizendo: - Eu cheguei. Eu vim para me esquentar. E acrescentou: - Sou eu, Mano Kurireu, que estou chegando. Eu Mano Kurireu cheguei.	confirmed	BOR-CORBO-HM001-u125	High-similarity candidate (0.996); requires human confirmation.
JAKO.112	Jakomea Jiwu	jakomeaJiwu.txt	126	12. OS BORORO APRESENTAM-SE A JERIGI OTOJIWU, POR FAMÍLIAS, A PARTIR DA METADE DOS ECERAE.	Icare boecodure, barogwa kododure; ocagodure. Boe enojagodure: - gigi gigi gigi!\nUre tuiebu ta! Aiwore: Oinore bai gigadure ba okwaji!\nUre tugeragu tugudawu kodoji, ure tugeragu joriji ta! Kodo tabo, ure bu ba oiadoda, ure jorugo tu... Dukeje icare ia imedu aregodure, akore Itaregodu! Iwo itowarudore iroino.\nAkore Tadugo (Iw. Ceb.) oinore ikiere. Tadugo, oinore itagarure. Tadugo imire itaregodure.	Depois aniteceu e amanheceu; assobiou e os Bororo assobiaram: - gigi gigi gigi!\nSaiu logo, observou: - Tinha muita casa branquejando na beira da aldeia!\nPegou logo sua esteira e o fogo. Foi com eles, estendeu a esteira no centro da aldeia e avivou o fogo. Aí um outro homem chegou e disse: - Eu cheguei. Eu vim para me esquentar. E acrescentou. – Sou eu Tadugo, que estou chegando. Eu Tadugo cheguei.	confirmed	BOR-CORBO-HM001-u126	Exact normalized Bororo match. Human-reviewed exact correspondence.
JAKO.113	Jakomea Jiwu	jakomeaJiwu.txt	127	12. OS BORORO APRESENTAM-SE A JERIGI OTOJIWU, POR FAMÍLIAS, A PARTIR DA METADE DOS ECERAE.	Boecodure, barogwa kododure; ocagodure pugeje. Boe enojagodure: - gigi gigi gigi!\nUre tuiebu, aiwore: Oinore bai gigadure ba okwaji!\nUre tugeragu tugudawu kododji tu... Ure tugeragu joruji tu... Kodo tabo ba oiado. Ure bado tu... Ure jorugo tu...Dukeje icare ia imedu aregodure, akore Itaregodu! Iwo itowarudore iroino.\nAkore Aroia Kurireu (Iw. Boiad.) oinore ikiere, oinore itagarure. Aroia Kurireu imire itaregodure.	Anoiteceu e amanheceu; ele assobiou e os Bororo responderam: - gigi gigi gigi!\nSaiu, observou: - Quantas casas branquejando na beira da aldeia!\nPegou logo sua esteira, pegou o fogo e levou-os para o centro da aldeia. Estendeu a esteira e avivou o fogo. Nisso um outro homem chegou dizendo: - Eu cheguei. Eu vim para me esquentar. E Acrescentou: - Sou eu, Aroia Kurireu, que estou chegando. Eu, Aroia Kurireu cheguei.	confirmed	BOR-CORBO-HM001-u127	High-similarity candidate (0.997); requires human confirmation.
JAKO.114	Jakomea Jiwu	jakomeaJiwu.txt	128	12. OS BORORO APRESENTAM-SE A JERIGI OTOJIWU, POR FAMÍLIAS, A PARTIR DA METADE DOS ECERAE.	Boecodure pugeje, barogwa kododure; ocagodure. Boe enojagodure: - gigi gigi gigi!\nUre tuiebu ta! Aiwore: Oinore bai gigadure ba okwaji!\nUre tugeragu tugudawu kodoji ta!, joruji ta! Kodo tabo, ure baado ba oiadoda, ure jorugo tu...\nDukeje icare ia imedu aregodure, akore Itaregodu! Iwo itowarudore iroino.\nAkore Koge Ebowu (Iw. Cob.) imire iroino.	Anoiteceu de novo e amanheceu; ele assobiou. Os Bororo responderam: - gigigigi gigi!\nSaiu logo, observou: Tinha muitas casas branquejando na beira da aldeia!\nPegou logo sua esteira e o fogo e foi com eles, estendeu a esteira no centro da aldeia e avivou o fogo. Aí chegou um outro homem dizendo: - Eu cheguei. Eu vim para me esquentar. E acrescentou: - Sou eu, Koge Ebowu, que estou chegando.	confirmed	BOR-CORBO-HM001-u128	Exact normalized Bororo match. Human-reviewed exact correspondence.
JAKO.115	Jakomea Jiwu	jakomeaJiwu.txt	129	12. OS BORORO APRESENTAM-SE A JERIGI OTOJIWU, POR FAMÍLIAS, A PARTIR DA METADE DOS ECERAE.	Boecodure, barogwa kododure; ocagodure. Boe enojagodure: - gigi gigi gigi!\nUre tuiebu, aiwore: Oinore bai gigadure ba okwaji!\nUre tugeragu tugudawu kododji tu... Ure tugeragu joruji tu... Ure tugudawu kodo bado tu... Ure jorugo tu... Dukeje icare ia imedu aregodure, akore -Itaregodu! Iwo itowarudore iroino.\nAkore Butoregadu (Iw. Cob.) imire iroino. Butoregadu imire itaregodure.	Anoiteceu e amanheceu; ele assobiou e os Bororo responderam: - gigi gigi gigi!\nSaiu, observou: Tinha muitas casas branquejando na beira da aldeia!\nPegou a sua esteira, pegou o fogo, estendeu sua esteira e avivou o fogo. Nisso um outro homem chegou dizendo: - Eu cheguei. Eu vim para me esquentar.\nE acrescentou: - Sou eu, Butoregadu, que estou chegando. Eu Butoregadu cheguei.	confirmed	BOR-CORBO-HM001-u129	Exact normalized Bororo match. Human-reviewed exact correspondence.
JAKO.116	Jakomea Jiwu	jakomeaJiwu.txt	130	12. OS BORORO APRESENTAM-SE A JERIGI OTOJIWU, POR FAMÍLIAS, A PARTIR DA METADE DOS ECERAE.	Boecodure, barogwa kododure; ocagodure. Boe enojagodure gigi gigi gigi! Ba okwa ji.\nUre tuiebu ta! Oinore bai gigadure ba okwaji!\nUre tugeragu tugudawu kodoji ta! Ure tugeragu joruji ta! Kodo tabo ba oiado. Ure jorugo tu.. Dukeje icare ia imedu aregodure.\nAkore Kaboreu (Ar. Cob.) imire iroino. Kaboreu imire itaregodure.	Anoiteceu e amanheceu; ele assobiou e os Bororo responderam - gigi gigi gigi!\nSaiu logo: Tinha muitas casas branquejando na beira da aldeia!\nPegou logo sua esteira, pegou logo o fogo e foi com eles para o centro da aldeia. Quando avivou o fogo, chegou um outro homem dizendo: - Eu cheguei. Eu vim para me esquentar. E acrescentou: - Sou eu, Kaboreu, que estou chegando. Eu, Kaboreu cheguei.	confirmed	BOR-CORBO-HM001-u130	High-similarity candidate (0.995); requires human confirmation.
JAKO.117	Jakomea Jiwu	jakomeaJiwu.txt	131	12. OS BORORO APRESENTAM-SE A JERIGI OTOJIWU, POR FAMÍLIAS, A PARTIR DA METADE DOS ECERAE.	Boecodure, barogwa kododure; ocagodure. Boe enojagodure gigi gigi gigi! Ba okwa ji.\nUre tuiebu ta! Aiwore: Oinore bai gigadure ba okwaji!\nUre tugeragu tugudawu kodoroguji, joruji ta! Kodo tabo ba oiado, ure tugudawu kodo bado tu... Ure jorugo tu... Dukeje icare ia imedu aregodure, akore Itaregodu! Iwo itowarudore iroino.\nAkore Birimodo (Ar. Cob.) imire iroino. Birimodo imire itaregodure.	Anoiteceu e amanheceu; ele assobiou e os Bororo responderam: - gigi gigi gigi! Na beira da aldeia.\nSaiu logo, observou: - Como as casas branquejavam na beira da aldeia!\nPegou a sua esteira e o fogo e foi com eles para o centro da aldeia. Estendeu a sua esteira e avivou o fogo. Nisso chegou um outro homem dizendo: - Eu cheguei. Eu vim para me esquentar. E acrescentou: - Sou eu, “Birimodo”, que estou chegando. Eu, Birimodo, cheguei.	confirmed	BOR-CORBO-HM001-u131	High-similarity candidate (0.997); requires human confirmation.
JAKO.118	Jakomea Jiwu	jakomeaJiwu.txt	132	12. OS BORORO APRESENTAM-SE A JERIGI OTOJIWU, POR FAMÍLIAS, A PARTIR DA METADE DOS ECERAE.	Boecodure, barogwa kododure; ocagodure pugeje. Boe enojagodure: - gigi gigi gigi! Ba okwa ji.\nUre tuiebu ta! Aiwore: Oinore bai gigadure ba okwaji!\nUre tugeragu tugudawu kodoji ta! Ure tugeragu joruji ta! Ure tugudawu kodo bado tu... Ure jorugo tu... Dukeje icare ia imedu aregodure, akore -Itaregodu! Iwo itowarudore iroino.\nAkore Akaruio Boroge (Ap. Ceb) imire iroino. Akaruio Boroge imire itaregodure.	Anoiteceu e amanheceu; ele assobiou de novo e os Bororo responderam: - gigi gigi gigi! Na beira da aldeia.\nEle saiu logo e observou: Quantas casas branquejavam na beira da aldeia!\nPegou logo sua esteira, pegou logo o fogo, estendeu sua esteira e avivou o fogo. Aí um outro homem chegou dizendo: - Eu cheguei. Eu vim para me esquentar.\nE acrescentou: - Sou eu, Akaruio Boroge, que estou chegando. Eu Akaruio Borogue cheguei.	confirmed	BOR-CORBO-HM001-u132	High-similarity candidate (0.999); requires human confirmation.
JAKO.119	Jakomea Jiwu	jakomeaJiwu.txt	133	12. OS BORORO APRESENTAM-SE A JERIGI OTOJIWU, POR FAMÍLIAS, A PARTIR DA METADE DOS ECERAE.	Boecodure, barogwa kododure; ocagodure. Boe enojagodure: - gigi gigi gigi! Ba okwa ji.\nUre tuiebu ta! Aiwore: Oinore bai gigadure ba okwaji!\nUre tugeragu tugudawu kodoji tu... Ure tugeragu joruji tu.. Kodo tabo ba oiado. Ure bado tu... Ure jorugo tu... Dukeje icare ia imedu aregodure, akore Itaregodu! Iwo itowarudore iroino.\nAkore Meregege (Ap. Boiad.) imire iroino. Meregege imire itaregodure.	Foi noite e foi manhã; ele assobiou e os Bororo responderam - gigi gigi gigi! Na beira da aldeia.\nEle saiu logo e observou: Tinha muitas casas branquejando na beira da aldeia!\nPegou sua esteira, pegou o fogo e foi com eles para o centro da aldeia. Estendeu a esteira e avivou o fogo, quando um outro homem chegou dizendo: -Eu cheguei. Eu vim para me esquentar. E acrescentou: - Sou eu Meregege, que estou chegando. Eu Meregege cheguei.	confirmed	BOR-CORBO-HM001-u133	High-similarity candidate (0.999); requires human confirmation.
JAKO.120	Jakomea Jiwu	jakomeaJiwu.txt	134	12. OS BORORO APRESENTAM-SE A JERIGI OTOJIWU, POR FAMÍLIAS, A PARTIR DA METADE DOS ECERAE.	Boecodure, barogwa kododure; ocagodure. Boe enojagodure gigi gigi gigi! Ba okwa ji.\nUre tuiebu. Aiwore: Oinore bai gigadure ba okwaji!\nUre tugeragu tugudawu kodoji tu...Ure tugeragu joruji tu... Ure tugudawu kodo bado tu.. Urejorugo tu... Dukeje icare ia imedu aregodure, akore Itaregodu! Iwo itowarudore iroino.\nAkore Kuruguga (Ap. Cob.) imire iroino. Kuruguga imire itaregodure.	Foi noite e foi manhã; ele assobiou e os Bororo responderam: - gigi gigi gigi! Na beira da aldeia.\nEle saiu, observou: Tinha muitas casas branquejando na beira da aldeia!\nPegou o a sua esteira, pegou o fogo, estendeu a esteira e avivou o fogo. Aí chegou um outro homem dizendo: - Eu cheguei. Eu vim para me esquentar.\nE acrescentou: - Sou eu, Kuruguga, que estou chegando. Eu Kuruguga cheguei.	confirmed	BOR-CORBO-HM001-u134	High-similarity candidate (0.999); requires human confirmation.
JAKO.121	Jakomea Jiwu	jakomeaJiwu.txt	135	12. OS BORORO APRESENTAM-SE A JERIGI OTOJIWU, POR FAMÍLIAS, A PARTIR DA METADE DOS ECERAE.	Boecodure, barogwa kododure; ocagodure. Boe enojagodure: - gigi gigi gigi!\nUre tuiebu, aiwore: oinore bai gigadure ba okwaji!\nUre tugeragu tugudawu kodaji ta! Ure tugeragu joruji ta! Ure tugudawu kodo bado tu.. ba oiadoda. Ure jorugo tu...\nDukeje icare ia imedu aregodure, akore Itaregodu! Iwo itowarudore iroino.\nAkore Mariri Baru (Paiwedu) oinore ikiere. Meriri Baru imire itaregodure.	Anoiteceu e amanheceu; ele assobiou e os Bororo responderam: - gigi gigi gigi!\nSaiu, observou: Quantas casas branquejando na beira da aldeia!\nPegou logo a sua esteira, pegou logo o fogo, estendeu a sua esteira no centro da aldeia e avivou o fogo. Ai chegou um outro homem dizendo: - Eu cheguei. Eu vim para me esquentar. E acrescentou: Sou eu, Meriri Baru, que estou chegando. Eu Meriri Baru cheguei.	confirmed	BOR-CORBO-HM001-u135	Exact normalized Bororo match. Human-reviewed exact correspondence.
JAKO.122	Jakomea Jiwu	jakomeaJiwu.txt	136	12. OS BORORO APRESENTAM-SE A JERIGI OTOJIWU, POR FAMÍLIAS, A PARTIR DA METADE DOS ECERAE.	Jerigi Otojiwu o Boe boekorikare ei. Emagere ewu bokware. Enogwa bu bokware; ekera, ewure bu bokware; etoborora bu bokware.	O povo de Jerigi Otojiwu é manso. Eles não têm pêlos, não têm barba, não têm pêlos nas mãos e nem nos pés; seu tronco não tem pêlo.	confirmed	BOR-CORBO-HM001-u136	Exact normalized Bororo match. Human-reviewed exact correspondence.
CIR.001	Cirilo Discurso	ciriloDiscurso.txt	1		Nosso Pai está aí.\nFoi ele que fez a terra.\nFoi ele que fez o céu.\nFoi ele que fez a terra, para ficarmos aqui, para nós todos ficarmos aqui.\nEle colocou o grande rio entre nós e vocês, para vocês não virem para cá, para nós ficarmos aqui.\nEra para vocês brancos ficarem lá, lá do outro lado, lá, lá.\nLá ele nos fez nascer, e nisso ele nos deu um nome a todos nós.\nPor isso ele chamou vocês de Tarae, de Barae. E disse: - Vocês são meus súditos, Vocês são meus filhos. Meus súditos e filhos são vocês brancos.\nTambém a nós ele deu nome e disse: Vocês são os meus súditos, vocês são os meus filhos. Disse: - Meus súditos e filhos são vocês Orari Mugudoge (moradores da região dos peixes pintados), vocês Boe (Bororo). Ceno moto reo, kode cedure mato, oino mato.		unmatched		
CIR.002	Cirilo Discurso	ciriloDiscurso.txt	2		Ca! Nonore ure i bu pobo kajeje pagai.\nUre jewu jicewu urubaru, ure po redo jece oino jice; awu jetuwu urubaru, ure po redo tu oino.\nCa! Nono ure pado pagado iji, pobo oia keje, pagodo joi, tagodo jore ceberagi.\nDukeje, nowu ire tugado.\nCa! Nowu i paru, pobore tuiodo jice keje. Ca! Nawu i oto paduwo jetu, awu urubarure tuiodo keje woje cedabo, cegi cedabo.\nKodi icare woere cere cedawuje.\nCa! Akado! Ceduwo mato tabiji. Tagi taeduwo toro, tameruwo toro.\nTago reno. Tago moto reno. Nowu jire tagagomode: - “Ceno moto reno” , “Ino moto reo”, oino.\nAwurema, ceno moto reo. Emare kodo oino, emare kodo oino, emare kodo oino, emare kodo oino, oino.	Então ele colocou uma madeira através do rio para nós.\nNa beirada de lá ele fez a água correr para lá, na beirada de cá ele fez a água correr para cá. Aí ele nos fez navegar na madeira no meio do rio. Vocês (brancos) estavam colocados atrás de nós (Bororo). Aí a madeira se quebrou.\nEntão água empurrou para lá o pedaço que ficou para trás, enquanto o outro pedaço foi empurrado conosco para a beirada de cá.\nPor isso nos saímos para cá.\nOlhem bem! Era para nós ficarmos aqui longe de vocês e para vocês ficarem lá, para andarem lá.\nIsso é de vocês. Essa é sua terra. Lá vocês podem dizer: - Esta é nossa terra.\nEsta, porém, é terra nossa. Eis, vai assim, vai assim, vai assim (indicando o horizonte ao redor)	unmatched		Portuguese translation follows Bororo without a repeated number.
CIR.003	Cirilo Discurso	ciriloDiscurso.txt	3		Woere icare nowu kodure boetojigoduwu pagi, pare pabegado. Pobo koia! Pobo koiare ure pabegado.\nRoino paiwure Meriri Poro rema. Nowu koiare ure pabegado Itugodunure Aroe Jakomeadogei kago jeto.\nKodi icare nowuge ere pobo arego.\nCa! Meriri Poro rekodo etododai jii mato, woe, awu kujibo keje, kujibo kajeje jii mato!\nCa! Makore Taburedo, taburedo.\nUre tu oino pudui dukeje, makore jeto, jeto.\nAkore Tarego! Pabo kodo pagae! Tarego! Pobo kodo pagae!\nA! Oredujere tuiebu pó, onaregedu apo.\nAiwore: A! tonaregedu aku nabure mugu woe, woje aogeje.\nCa! Kodo mato, akore U! Inagurae aregoduiagu.\nCa! Kodo ji, ure ipo tugu ji taci.\nPobo kodo rekodaji, ricore awu boeto. Ure erugadu bito.\nUre turorido eiogi gr!....\nCa! Akore Arego! Akore Arego! Akore Arego! Toredujeji.\nIcare akore: akonaregedu mak´inai, awariwo ai.\nIcare ure tugeragu tonaregeduji, ure mugudo cidoru keje.\nAkore arego! Akore Arego! Akore Arego! (6X)\nIcá! Nono jokudugodure pobo joi puwugeje duji.\nKodi icare ure tugo toreduje kori. Mare ure “marca” ture tugo toreduje koriwoji.\nKodo... oino ia aopurure inodu kae.\nIcare ure taredo ao kae. Ure taredo ao kae, akore Iedaga, arijodudo itabo! Iedaga, arijodudo itabo! Iedaga Torowari, arijodudo itabo! Iedaga Torowari, arijodudo itabo!\nUre turicodudo, turicodudo turicodudo, icare ure tuwuredo.\nIcá! Pobo kodo mato, mato, mato mato mato! Puredugodure ji.\nAkore Iedaga, aricodudo itabo! Iedaga, aricodudo itabo! Iaedaga, aricodudo itabo!\nUre turicodudo apo gu...Ca! Nono ure tuwuredo.\nIcá! Pobo puredugodure ae pugeje.	Esta é a nossa terra, por isso nos viemos para cá, assim para cá.\nAqui, porém, em tempos antigos, fomos prejudicados pela água. Foi a água que nos prejudicou.\nQuem fez isso conosco foi Meriri Poro. Foi ele que nos prejudicou. Ele flechou os espíritos Jakomeadoge na armadilha de pegar peixe.\nEntão o os espíritos fizeram a água aumentar.\nEntão Meriri Paro correwu na frente das águas, para cá, atravessando o Córrego Kujibo (Coxipó) para cá.\nEle falava (para as águas): Parem! Parem!\nDepois ele correwu mais forte e falou para cá (para os Bororo): Corram que a água está vindo no nosso rumo.\nA mulher dele saiu com o seu filho.\nEle olhou e viu a arara de seu filho que estava aí encima.\nEle chegou e disse: Eu falei que é para vocês correrem!\nLogo foi e alargou um pau (para pegar a arara).\nA água estava chegando atrás, cresceu por todo lado e matou todo mundo.\nEla cobriu todo mundo.\n(Meriri Poro) dizia à sua mulher: - Corra, corra, corra!\nDepois lhe disse: - Dê-me o seu filho para você ficar mais leve. Aí ele pegou seu filho e o jogou no ombro.\nDizia: Corra! Corra! Corra! Corra! Corra! Corra!\nAí viu que a água estava se aproximando dele.\nPor isso passou na frete de sua mulher, marcando o lugar onde tinha passado para frente dela. Correwu para cima de um morro e falou para ele:.\n- Meu padrinho, cresça comigo! Meu padrinho, cresça comigo! Meu padrinho Morro do gavião Torowa, cresça comigo!\nEle cresceu, cresceu, cresceu e depois parou de crescer.\nA água ia subindo, subindo, subindo, estava se aproximando dele.\nDe novo disse: meu padrinho, cresça comigo; meu padrinho, cresça comigo; meu padrinho, cresça comigo!\nO morro foi crescendo com ele até que parou de novo.\nA água estava chegando nele novamente.	unmatched		
CIR.004	Cirilo Discurso	ciriloDiscurso.txt	4		Dukodire icare ure jorugo. Ure jorugo... Ca! Torirogure oino tu je, ure kowu.\nUre ri kujagurewu barigu “co” poroguto. Rogu reture toi toi toi toi toi toi.\nPo akore ju...nowu torirogu tudu, pore tuwuredo.\nAkore A! Oinoradu iromode! Oinoradu iromode! Oinore iromode!\nCa! Ure tugeragu ri kurire tu oinowurogu ji. Ure kowu, kowu, kowu. Po kodo mato gu gu gu gu gu!\nUre barigu to pugeje. Rogu reture toi toi toi toi toi toi! Po akore ju... jice tududu kae.Nono tudure pugeje. Dukeje ure tuwuredo.\nAkore A! Ca! Ure tugeragu ri kurirewu oinowuji. Ure kowu, icare ri kujagure. Icare ure barigu to pugeje “co”! Reture toi toi toi toi toi toi toro tori paru kae.\nCa! Pobo biture toro rugadu, jii toro rugadu.\nPobo biture toro rugadu.\nCá! Nono ure turawuje tonaregedu apo.\nMare nowu aku nabure mugure nono, cewu tori aogeje. Du kodi awu nabure jari jeture torito.	Então ele acendeu fogo, acendeu fogo e foi esquentando pedrinhas.\nJogou na água uma pedra incandescente. A pedra foi pulando toi toi toi.\nA água fez barulho quando a pedra caiu nela, e parou de subir.\nEle disse: - Ah! È assim que eu vou fazer, assim que eu vou fazer, assim que é vou fazer.\nPegou uma outra pedra e foi esquentando-a. A água estava subindo de novo.\nEla jogou a pedra novamente na água. A pedra rolou: toi toi toi toi toi toi!\nA água fez barulho lá onde ela estava voltando, ai voltou de novo e parou.\n(Mariri Poro) disse: - Ah! Agora!\nEntão pegou uma pedra maior e a esquentou até ficar incandescente. Logo a jogou contra a água novamente. A pedra rolou: toi toi toi toi toi até no pé do morro. A água acabou para lá. Diminuiu mesmo lá para baixo.\nEntão ele desceu com o seu filho.\nMas a sua arara ficou lá em cima do morro. Por isso que o ninho da arara vermelha fica dentro da pedra.	unmatched		
CIR.005	Cirilo Discurso	ciriloDiscurso.txt	5		Ca! Ure turawuje, uture.\nAkore U! Iaboe! Kaiba itoreduje kodure?\nCa! Kodo jii..\nU! Woegurae ikodure itoreduje apo!\nJiii je dukeje icare jorudure awu pobogoji. Rekodo oino pobo aiarogure tu oino du piji cu cu cu|!. Ure tao tugu ji. Ure tugeragu ji.\nAkore A!... Ure tubodo apo rugadu. A! Rore ji, akore jio, rore ji, akore ji, rore ji, akore ji.\nCare cewiri kedogodure oino. Kodire boetojiwugere tagireo, tagireo. Kodire awu tamo bire oino. Kodire tagogwa bure oino.\nImi inogwabu kare. Imo bukare, itobo bukare. Mare awu iwidudurogu paru pijire itaga aregodure. Oino tu je.	Desceu, veio embora.\nDisse: Oh! Para onde foi a minha mulher?\nEle foi andando de novo e dizendo: - Oh! Era por aqui que eu ía com a minha mulher.\nDepois de muito andar viu uma corça. Ela estava correndo de uma baía de água. Foi atrás dela e pegou-a. Gostou dela, e casou com ela. Por isso que a nossa pele é limpa. Os primeiros que nasceram foram vocês, por isso que vocês têm pêlo no peito, por isso que vocês têm barba.\nEu não tenho barba, o meu peito não tem pêlos, as minhas costas não têm pêlos.	unmatched		
CIR.006	Cirilo Discurso	ciriloDiscurso.txt	6		Dukodire tare oino. Tagire tagodo boeto ji, cedododai; cere cegodo boi.\nCa! du tabore icare cedure. Tagodukare cedabo. Taogwa kimore toro.\nKado! Tagododaire cedo gu gu gu gu gu gu.\nKaciworo re magai barogo jitu rerere tarore cei!\nCeregodaji. Jii... tu awu Cuiabá kae.\nMare taigoiare tare cedudo oino mato, pugeje, piji. Cere maku tagai.\nCeeruduware cemananure tagi, cewienure tagi, cewobenure tagi, cegobonure tagi.\nKodire cedure, cedure, cedure, ceno moto piji tagai. Jii oino awu Cuiabá kae.	Por isso vocês são assim. Vocês nasceram primeiro, antes de nós. Nós nós nascemos de últimos.\nMesmo assim nos viemos embora. Vocês não vieram conosco. Vocês ficaram para lá.\nAgora vocês nos estão tocando para frente.\nComo o cachorro corre atrás do bicho, assim vocês estão fazendo conosco.\nVocês vieram atrás de nós até Cuiabá.De lá, porém, vocês nos tocaram de novo para cá.\nNós entregamos (essas terras) para vocês porque nós sabíamos que vocês eram nossos irmãos, nosso povo, um pedaço de nós.\nPor isso fomos indo embora sempre, indo embora de vocês, de nossa terra que demos para vocês até Cuiabá.	unmatched		
CIR.007	Cirilo Discurso	ciriloDiscurso.txt	7		Woe pera keje, pera kejere tagopá padure. Meridoge eido eidore puiwo du ure pado oinono Cuiabá pera keje. Nonore Arire awu jetu oinowu bito.\nCegodo nowu Cuiabá kae. Nonore icare Merire turawuje Ari ae, nono, nowu Cuiabá keje.\nNonore ceerudure pogodo kodui nono duji. Merunure oino gu je. Du jire ceerudure. Kodi icare cenagore: Pogodo Bororo, oino, nowu Cuiabáj. Kodire Pogodo \Bororo reno , keje, nono.\nCa! Nonore Merire ikuia pemegado Ari utugoce..\nUre tudugo remawu otoga urugu maedo. Arire ure utugo otogwa ekudo.\nDu nonore icare ure okogedo pudumi ai.\nArire itugodo ji, ure bito nono.\nDukodire icare cemugo nono, nowu Pogodo Bororo keje. Cemerure, cemerure, toro, woje, oino.	Para lá de Cuiabá vocês tinham o seu lugar. O lugar onde o Sol e a Lua se flechavam fica para lá de Cuiabá. Ali que a lua matou esse que esta aí (indicando o Sol)\nEstávamos chegando a Cuiabá quando o Sol desceu para se encontrar com a Lua, aí em Cuiabá.\nAli nos vimos a jibóia que estava andando. Vimos que estava andando só aí. Por isso demos a Cuiabá o nome de Aldeia da Jibóia. Por isso era aí que ficava a Aldeia da Jibóia.\nEntão Meri fez uma flecha arpão para Ari. Ele fez a emplumação de sua flecha toda vermelha, e fez amarela a emplumação da flecha de Ari.\nFoi ali onde ele se transformou em peixe dourado para a Lua.\nA lua o flechou e o matou.\nEntão nós ficávamos lá, na Aldeia da Jibóia. Lá nós andávamos por todo lado.	unmatched		
CIR.008	Cirilo Discurso	ciriloDiscurso.txt	8		Ca! Tagaregodo cedae nono. Brae etaregodo cedae nono.\nKodi icare cedure mato pugeje. Oino mato.\nKodire ia braedu, ia tagi paerudukare awuji jao jao jao.\nCegire ceerdo ji.\nKodi ceno baeku pado tu tu tu tu tu tu tu tu.\nOino jeto, jeto!\nMaigodure cere cemugudo oino.Ca! Kado! Cere iarogu akudo oino. Cenagore “Bororo” oino ji. Oino.\nKodire awu ceedarogu ie re tare bu oino cewugeje. Kodire tagagore: “ Bororo” “Bororo”, oino cei.	Depois vocês chegarm lá onde nós estávamos. Os Brancos chegaram ali onde nós estávamos.\nPor isso tivemos que vir embora novamente para o lado de cá.\nPor isso nenhum branco, nenhum de vocês conhecia (esse lugar). Nós o conhecíamos.\nPor isso as nossas aldeias foram ficando, ficando, para cá.\nFaz pouco tempo que nós nos estabelecemos aqui.\nOlhem, nós limpamos um pedacinho aqui que chamamos Bororo (pátio, aldeia).\nPor isso vocês puseram em nós o nome da nossa aldeia. Por isso que vocês nos chamam Bororo.	unmatched		
CIR.009	Cirilo Discurso	ciriloDiscurso.txt	9		Kode! Cegi cenorogu makakare. Emareo. Kodire awu cenorogu biegare tu oino,cenorogu reore, cedagedunure.\nOinore ure. Oinore boere. Oinore cerore.\nDukeje icare awu brae egore Inoreo, Inoreo, Inoreo!\nDu kodi icare ere cebagududo, awu cenoroe jetaroguce.\nKode cegire cedaregodo awu kae jao. Kodire cegimo parikore, ceekejewure.\nOino cere etaro, eigodo, cere kogudo cekana gajeje, cegera ra paru gajejej, cedao gajeje. Oino.	Então! Agora nós já não somos muitos. Eis aqui. Por isso a nossa terra agora é pequena igual a nós. Nós estamos nos acabando.\nAssim que é. Assim que acontece. Assim que nós fizemos.\nDepois os brancos diziam: - Isto é meu. Isto é meu. Isto é meu!\nPor isso os brancos infundiram medo em nós, por causa do nosso lugar.\nEntão nós viemos para cá.\nNós fabricamos os nossos enfeites: Temos diadema de penas, viseira de penas.\nAmarramos as peninhas e as penas de asa nos nossos braços, nos nossos pulsos, na nossa cabeça.	unmatched		
CIR.010	Cirilo Discurso	ciriloDiscurso.txt	10		Macare, Ca! Kado! Awuge ere tumaedo joki, kodi icare ere cebagududo oino ce pugeje.\nCedu kaiagu toro! Cedu kaiagu toro!\nToieno! To motoieno. To toriieno.\nPaga! Cegi ceno. Boe eno. Bororodoge eno!\nDukodire icare cenoroe bokware oino. Cedadugo biri jetu woe.\nKaboba cemode to morice, nowu o remawu ai?\nJao, marigudu rema, cemagurure, cemerure nabure bogai, kuido bogai, kuruguga bogai. Dure cegimo rema. Dutabore cererure.\nCere cero moturewu, cenago moturewu, cere pemegado, cere motudo.\nCa! Du iare cererogu bega begado tu oino. Mare ceigoia karega cere bito, du kodirerogu beba begare tu je.\nMare ca! Moture, motu dure oino. Ca!	Mas, vejam! Esses (os brancos) se espalharam sobre (esta nossa terra), e nos infundiram medo novamente por causa dela.\nDisseram que era para nós não irmos mais lá. Disseram que era deles! Que era terra deles. Que os morros eram deles.\nNada! É nosso! É dos Boe! É dos Bororo!\nPor isso que agora não temos mais enfeites. Agora as nossas coisas estão aí. A nossa pele de onça está aqui. Como vamos fazer para pagar aquele que a conseguiu?\nAntigamente, fazíamos maguru íamos lá caçar araras vermelhas, araras amarela, gaviões. Eles são nosso enfeite com o qual nós dançamos.\nNós fazemos os nossos enfeites muito bonitos.\nOlhem! Aqui nós fizemos alguns mal e mal. Mas não fomos nós que caçamos, por isso estão feitos mais ou menos.\nMesmo assim são bonitos.	unmatched		
