id	witness_a	witness_b	reviewed	portuguese	similarity	provisional_class	difference_summary
BOR-CORBO-HM001-u001	PEMO e BRAEDUGUME	Pemo, oinore Pao iere boe oto ji.		Pemo, oinore Pao iere boe otoji.	0.160	substantive-or-segmentation	replace: [PEMO e BRAEDUGUME] -> [Pemo, oinore Pao iere boe oto ji.]
BOR-CORBO-HM001-u002	Pemo koiare icare ure Pemo metuia iegi. Mare ia pagaboe karega. Nowu Pemo onaregedu. Tonaregedure ure jeto boei pugeje. Mare nowu onaregedu botukare aredu piji. Koia karega ure towuje jamedu.	Pemo koiare icare ure Pemo metyia iegi. Mare ia pagaboe karega. Nowy Pemo onaregedu. Tonaregedure ure jeto boei pugeje. Mare nowy onaregedy botukare aredy piji. Koia karega ure towyje jamedu.	Pemo koiare icare ure Pemo metuia iegi. Mare ia pagaboe karega. Nowu Pemo onaregedu. Tonaregedure ure jeto boei pugeje. Mare nowu onaregedu botukare aredu piji. Koia karega ure towuje jamedu.	"Foi Pemo que chamou o outro Pemo. Mas ele não era qualquer um. Era o filho de Pemo. Foi ao seu filho que ele colocou para tomar conta da gente.
Mas esse seu filho não nasceu de mulher, e também não foi ele quem o fez.."	0.969	orthographic/editorial	replace: [metuia] -> [metyia] | replace: [Nowu] -> [Nowy] | replace: [nowu onaregedu] -> [nowy onaregedy] | replace: [aredu] -> [aredy] | replace: [towuje] -> [towyje]
BOR-CORBO-HM001-u003	Ure boecodudo. Nowu Pemore boecodudo. Dutabo re icare makore nowu tonaregedu bogai baito. Bai tadare ure tuguwo.	Ure boecodydo. Nowy Pemore boecodydo. Dytabore icare makore nowy tonaregedy bogai baito. Bai tadare ure tuguwo.	Ure boecodudo. Nowu Pemore boecodudo. Dutabo re icare makore nowu tonaregedu bogai baito. Bai tadare ure tuguwo.	Ele fez a noite. Foi Pemo quem fez a noite. Aí ele chamou seu filho dentro do baito (casa central). Foi no baito que ele apareceu.	0.942	orthographic/editorial	replace: [boecodudo. Nowu] -> [boecodydo. Nowy] | replace: [boecodudo. Dutabo re] -> [boecodydo. Dytabore] | replace: [nowu tonaregedu] -> [nowy tonaregedy]
BOR-CORBO-HM001-u004	Makore tonaregedu bogai nowu baito, akore Imedu! Dukeje icare ure iegi. Akore Imedu Baraedugume! Makore pugeje. Akore Imedu Baraedugume!	Makore tonaregedy bogai nowy baito, akore: Imedy! Dykeje icare ure iegi. Akore: Imedy Baraedugume! Makore pugeje. Akore: Imedy Baraedugume!	Makore tonaregedu bogai nowu baito, akore Imedu! Dukeje icare ure iegi. Akore Imedu Baraedugume! Makore pugeje. Akore Imedu Baraedugume!	"Chamou seu filho lá dentro do baito, dizendo: - Meu filho!
Aí ele lhe deu nome dizendo: - Meu filho Baraedugume!
Chamou de novo dizendo: - Meu filho Baraedugume!"	0.945	orthographic/editorial	replace: [tonaregedu] -> [tonaregedy] | replace: [nowu] -> [nowy] | replace: [akore Imedu! Dukeje] -> [akore: Imedy! Dykeje] | replace: [Akore Imedu] -> [Akore: Imedy] | replace: [Akore Imedu] -> [Akore: Imedy]
BOR-CORBO-HM001-u005	Dukeje icare kudugodure, akore Kao!	Dykeje icare kudugodyre, akore: Kao!	Dukeje icare kudugodure, akore Kao!	Então ele respondeu gritando: - Kao!	0.930	orthographic/editorial	replace: [Dukeje] -> [Dykeje] | replace: [kudugodure, akore] -> [kudugodyre, akore:]
BOR-CORBO-HM001-u006	Akore Aebu mato, awo akowarudo, aeruduwo joruji, aeruduwo barogwa kododuji; awo akera kabi, awo ae kabi, awo aia kabi, awo awu re kabi; awo ape kujagu barigu, awo akiguru kujagu barigu; amearudu awaduwo ai!	Akore: Aebu mato, awo akowarudo, aerydywo joru ji, aerydywo barogwa kododu ji; awo akera kabi, awo ae kabi, awo aia kabi, awo awy re kabi; awo ape kujagu barigu, awo akiguru kujagu barigu; amearudu awaduwo ai!	Akore: Aebu mato, awo akowarudo, aerydywo joru ji, aeruduwo barogwa kododu ji; awo akera kabi, awo ae kabi, awo aia kabi, awo aww re kabi; awo ape kujagu barigu, awo akiguru kujagu barigu; amearudu awaduwo ai!	Ele disse: Saia para cá, para se esquentares, para ver o dia, para contemplar o amanhecer; para lavar as mãos, para lavar a boca, para lavar os pés; para fazer as suas necessidades, para ficar esperto.	0.810	substantive-or-segmentation	replace: [Akore] -> [Akore:] | replace: [aeruduwo joruji, aeruduwo] -> [aerydywo joru ji, aerydywo] | replace: [kododuji;] -> [kododu ji;] | replace: [awu] -> [awy]
BOR-CORBO-HM001-u007	Akore U! (icare makore ).	Akore: U! (icare makore ).	Akore Uu! (icare makore ).	Ele respondeu: - Sim! (Ele já estava falando)	0.980	near-identical	replace: [Akore] -> [Akore:]
BOR-CORBO-HM001-u008	Icare ure boecodudo pugeje. Icare barogwa kododudo, dutabore icare nowu onaregedu makore tumedage ewogai pugeje, akore João! Makore pugeje, akore João! Kudugodure, akore Kao!	Icare ure boecodydo pugeje. Icare barogwa kododydo, dytabore icare nowy onaregedy makore tumedage ewogai pugeje, akore: João! Makore pugeje, akore: João! Kudugodyre, akore: Kao!	Icare ure boecodudo pugeje. Icare barogwa kododudo, dutabore icare nowu onaregedu makore tumedage ewogai pugeje, akore João! Makore pugeje, akore João! Kudugodure, akore Kao!	"Depois ele fez de novo anoitecer e quando fez de novo amanhecer, o Filho dele chamou os seus colegas dizendo: - João!
Camou de novo dizendo: - João!
Ele respondeu gritando: - Kao!"	0.957	orthographic/editorial	replace: [boecodudo] -> [boecodydo] | replace: [kododudo, dutabore] -> [kododydo, dytabore] | replace: [nowu onaregedu] -> [nowy onaregedy] | replace: [akore] -> [akore:] | replace: [akore] -> [akore:] | replace: [Kudugodure, akore] -> [Kudugodyre, akore:]
BOR-CORBO-HM001-u009	Akore Aebu! Awo akowarudo, aeruduwo joruji, awo akera kabi, awo ae kabi. Akore Awo ape kujagu barigu, awo akiguru kujagu barigu, amearudu awaduwo ai.	Akore: Aebu! Awo akowarudo, aerydywo joru ji, awo akera kabi, awo ae kabi. Akore: Awo ape kujagu barigu, awo akiguru kujagu barigu, amearudu awaduwo ai.	Akore Aebu! Awo akowarudo, aeruduwo joru ji, awo akera kabi, awo ae kabi. Akore Awo ape kujagu barigu, awo akiguru kujagu barigu, amearudu awaduwo ai.	Desse: - Saia! Para se esquentar, para ver o fogo, para lavar as mãos e o rosto, para fazer as sus necessidades, para ficar esperto.	0.977	near-identical	replace: [Akore] -> [Akore:] | replace: [aeruduwo joruji,] -> [aerydywo joru ji,] | replace: [Akore] -> [Akore:]
BOR-CORBO-HM001-u010	Icare ure boecodudo pugeje. Icare ure barogwa kododudo pugeje. Icare nowu onaregedu makore pugeje. Akore Mané! Akore Mané! Dukeje icare kudugodure, akore Kao! Akore Aebu mato! awo akowarudo, aeruduwo joruji, awo akera kabi, awo aia kabi, awo awu re kabi, amearudu awaduwo ai!	Icare ure boecodydo pugeje. Icare ure barogwa kododydo pugeje. Icare nowy onaregedy makore pugeje. Akore: Mané! Akore: Mané! Dykeje icare kudugodyre, akore: Kao! Akore: Aebu mato! awo akowarudo, aerydywo joru ji, awo akera kabi, awo aia kabi, awo awy re kabi, amearudu awaduwo ai!	Icare ure boecodudo pugeje. Icare ure barogwa kododudo pugeje. Icare nowu onaregedu makore pugeje. Akore Mané! Akore Mané! Dukeje icare kudugodure, akore Kao! Akore Aebu mato! Awo akowarudo, aeruduwo joru ji, awo akera kabi, awo aia kabi, awo awu re kabi, amearudu awaduwo ai!	"Depois fez anoitecer de novo, e fez amanhecer de novo. Aí o filho dele chamou também, dizendo: - Manoel! Ð Manoel!
Este respondeu gritando: - Kao!
Ele disse: - Saia para cá! Para se esquentar, para ver o fogo, para lavar as mãos, para lavar a boca, para lavar os pés, para ficar esperto."	0.656	substantive-or-segmentation	replace: [boecodudo] -> [boecodydo] | replace: [kododudo] -> [kododydo] | replace: [nowu onaregedu] -> [nowy onaregedy] | replace: [Akore] -> [Akore:] | replace: [Akore] -> [Akore:] | replace: [Dukeje] -> [Dykeje] | replace: [kudugodure, akore] -> [kudugodyre, akore:] | replace: [Akore] -> [Akore:]
BOR-CORBO-HM001-u011	Ure tuiebu.	Ure tuiebu.	Ure tuiebu.	Ele saiu.	1.000	near-identical	
BOR-CORBO-HM001-u012	Mare nowu ime eerudukare ji. Eerudukare nowu imeduji, eerudukare Pemoji. Eerudure nowu Pemoji, ukare emeardae reore: aora bokware, joku bokware, enoja bokware, kana bokware, pogora bokware. Ia boe aiarewu padure nono joru okwai: ekure, kujagure, core, kaworure. Oinore ure, dure padure nono, nowu inodu renure ji gu...	Mare nowy ime eerydykare ji. Eerydykare nowy imedy ji, eerydykare Pemo ji. Eerydyre nowy Pemo ji, ukare emeardae reore: aora bokware, joku bokware, enoja bokware, kana bokware, pogora bokware. Ia boe aiarewy padure nono joru okwai: ekure, kujagure, core, kaworure. Oinore ure, dure padure nono, nowy inodu renure ji gu...	Mare nowu ime eerudukare ji. Eerudukare nowu imedu ji, eerudukare Pemo ji. Eerudure nowu Pemo ji, ukare emeardae reore: aora bokware, joku bokware, enoja bokware, kana bokware, pogora bokware. Ia boe aiarewu padure nono joru okwai: ekure, kujagure, core, kaworure. Oinore ure, dure padure nono, nowu inodu renure ji gu...	"Mas os homens não o viam. Não viam aquele homem. Não viam Pemo.
Viam Pemo mas não era como eles se imaginavam. Não tinha cabeça, não tinha olhos, não tinha nariz, não tinha braços, não tinha pernas.
Era uma coisa redonda que estava ali na beira do fogo: era amarelo, vermelho, preto, azul. Assim que era, ele estava Aí ....."	0.833	substantive-or-segmentation	replace: [nowu] -> [nowy] | replace: [eerudukare] -> [eerydykare] | replace: [Eerudukare nowu imeduji, eerudukare Pemoji. Eerudure nowu Pemoji,] -> [Eerydykare nowy imedy ji, eerydykare Pemo ji. Eerydyre nowy Pemo ji,] | replace: [aiarewu] -> [aiarewy] | replace: [nowu] -> [nowy]
BOR-CORBO-HM001-u013	Nowu koiare ure nowu tonaregedu bataru towuje. Nowu tonaregedu ure paerududo ji, mare ema remawu rema ukare paeredudo pudui.	Nowy koiare ure nowy tonaregedy batary towyje. Nowy tonaregedy ure paerdydo ji, mare ema remawy rema ukare paeredydo pudui.	Nowu koiare ure nowu tonaregedu bataru towuje. Nowu tonaregedu ure paerududo ji, mare ema remawu rema ukare paeredudo pudui.	Foi ele que fez a palavra do filho. Foi ele que nos fez ver o seu filho, mas a si mesmo ele não nos fez ver.1	0.919	orthographic/editorial	replace: [Nowu] -> [Nowy] | replace: [nowu tonaregedu bataru towuje. Nowu tonaregedu] -> [nowy tonaregedy batary towyje. Nowy tonaregedy] | replace: [paerududo] -> [paerdydo] | replace: [remawu] -> [remawy] | replace: [paeredudo] -> [paeredydo]
BOR-CORBO-HM001-u014	Ca! Boecodure pugeje. Ure barogwa kododudo pugeje. Icare akore Nowé! Akore Nowé! Dukeje icare kudugodure. Akore Kao! Akore Aebu! Awo akowarudo, aeruduwo joruji, awo akera kabi, awo ae kabi, awo aia kabi, awo awu re kabi, awo ape kujagu barigu, awo akiguru kujagu barigu, amearudu awaduwo ai!	Ca! Boecodure pugeje. Ure barogwa kododydo pugeje. Icare akore: Nowé! Akore: Nowé! Dykeje icare kudugodyre. Akore: Kao! Akore: Aebu! Awo akowarudo, aerydywo joru ji, awo akera kabi, awo ae kabi, awo aia kabi, awo awy re kabi, awo ape kujagu barigu, awo akiguru kujagu barigu, amearudu awaduwo ai!	Ca! Boecodure pugeje. Ure barogwa kododudo pugeje. Icare akore Nowé! Akore Nowé! Dukeje icare kudugodure. Akore Kao! Akore Aebu! Awo akowarudo, aeruduwo joru ji, awo akera kabi, awo ae kabi, awo aia kabi, awo awu re kabi, awo ape kujagu barigu, awo akiguru kujagu barigu, amearudu awaduwo ai!	"Eis! Anoiteceu de novo, e de novo ele fez amanhecer.
Então disse: - Noé! Disse: - Noé!
Ele respondeu gritando: - Kao!
Disse: - Saia! Para se esquentar, para ver o fogo, pala lavar as mãos, para lavar o rosto, para lavar a boca, para lavar os pés, para fazer as suas necessidades, para ficares esperto."	0.678	substantive-or-segmentation	replace: [kododudo] -> [kododydo] | replace: [akore] -> [akore:] | replace: [Akore] -> [Akore:] | replace: [Dukeje] -> [Dykeje] | replace: [kudugodure. Akore] -> [kudugodyre. Akore:] | replace: [Akore] -> [Akore:] | replace: [aeruduwo joruji,] -> [aerydywo joru ji,] | replace: [awu] -> [awy]
BOR-CORBO-HM001-u015	Icare boecodure pugeje. Icare ure barogwa kododudo pugeje. Icare makore ia imedu bogai pugeje. Akore Kiko! Akore Kiko! Kudugodure: - Kao! Akore Aebu! Awo akowarudo, aeruduwo joruji, awo akera kabi, awo ae kabi, awo aia kabi, awo ape kujagu barigu, awo kiguru kujagu barigu, amearudu awaduwo ai.	Icare boecodure pugeje. Icare ure barogwa kododydo pugeje. Icare makore ia imedy bogai pugeje. Akore: Kiko! Akore: Kiko! Kudugodyre: - Kao! Akore: Aebu! Awo akowarudo, aerydywo joru ji, awo akera kabi, awo ae kabi, awo aia kabi, awo ape kujagu barigu, awo kiguru kujagu barigu, amearudu awaduwo ai.	Icare boecodure pugeje. Icare ure barogwa kododudo pugeje. Icare makore ia imedu bogai pugeje. Akore Kiko! Akore Kiko! Kudugodure: - Kao! Akore Aebu! Awo akowarudo, aeruduwo joru ji, awo akera kabi, awo ae kabi, awo aia kabi, awo ape kujagu barigu, awo kiguru kujagu barigu, amearudu awaduwo ai.	"Fez anoitecer de novo, e de novo fez amanhecer. Aí chamou um outro homem dizendo: - Kiko! Chamou: - Kiko!
gritou: - Kao!
Disse-lhe: Saia! Para se esquentar, para ver o fogo, para lavar as mãos, para lavar o rosto, para lavar a boca; para fazer as suas necessidades, para ficar esperto."	0.709	substantive-or-segmentation	replace: [kododudo] -> [kododydo] | replace: [imedu] -> [imedy] | replace: [Akore] -> [Akore:] | replace: [Akore] -> [Akore:] | replace: [Kudugodure:] -> [Kudugodyre:] | replace: [Akore] -> [Akore:] | replace: [aeruduwo joruji,] -> [aerydywo joru ji,]
BOR-CORBO-HM001-u016	Icá, akado! Kodure boeto jiwo paomage reno. Nonore kodure boeto jiwu paomage eiere. Nowu Pao Pemo koia. Nowu tore pawadure jore, nowu pijire pawadaru uture. Nowu tore pagie jore, nowu pijire pagie uture. Nowu tore page jore. Nowu pijire page uture. Nowu tore pagoroe jore, nowu pijire pagoroe uture. Nowu tore bakaru jore, nowu pijire bakaru uture... Nowu kodure boeto jiwu Pao koia.	Icá, akado! Kodure boeto jiwo paomage reno. Nonore kodure boeto jiwy paomage eiere. Nowy Pao Pemo koia. Nowy tore pawadure jore, nowy pijire pawadary uture. Nowy tore pagie jore, nowy pijire pagie uture. Nowy tore page jore. Nowy pijire page uture. Nowy tore pagoroe jore, nowy pijire pagoroe uture. Nowy tore bakaru jore, nowy pijire bakaru uture... Nowy kodure boeto jiwy Pao koia.		Eis! Veja! Esses são os nossos primeiros pais. Assim que era o nome dos nossos primeiros pais. Pela ação do nosso Pai Pemo. Nele estava a nossa palavra, dele saiu a nossa palavra. Nele estava o nosso nome, o nosso nome saiu dele. O nosso alimento estava nele. Dele saiu o nosso alimento. Nossos enfeites estavam nele, dele sAíram os nossos enfeites. Nele estava a nossa hist—ria. A nossa hist—ria saiu dele. Pela ação daquele nosso primeiro Pai.	0.300	substantive-or-segmentation	replace: [jiwu] -> [jiwy] | replace: [Nowu] -> [Nowy] | replace: [Nowu] -> [Nowy] | replace: [nowu] -> [nowy] | replace: [pawadaru] -> [pawadary] | replace: [Nowu] -> [Nowy] | replace: [nowu] -> [nowy] | replace: [Nowu] -> [Nowy]
BOR-CORBO-HM001-u017	Emare ure ciegi. Akore Pemo! Akore Pemo! Du kodaji pagagore Pemo, oino ji.	Emare ure ciegi. Akore: Pemo! Akore: Pemo! Du kodaji pagagore Pemo, oino ji.	Emare ure ciegi. Akore Pemo! Akore Pemo! Dukodaji pagagore Pemo, oino ji.	"Ele mesmo se deu nome dizendo Ð Pemo! Pemo!
DAí para frente nós  o chamamos assim: Pemo.2"	0.987	near-identical	replace: [Akore] -> [Akore:] | replace: [Akore] -> [Akore:]
BOR-CORBO-HM001-u018	Areme pugeje. Icá! Woere icare Pemo ure areme etowuje woe.	Areme pugeje. Icá! Woere icare Pemo ure areme etowyje woe.	Areme pugeje. Icá! Woere icare Pemo ure areme etowuje woe.	Agora as mulheres. Eis! Foi aqui que Pemo fez as mulheres.	0.983	near-identical	replace: [etowuje] -> [etowyje]
BOR-CORBO-HM001-u019	Ca! Ure boecodudo, ure barogwa kododudo. Akore okoge Ekurewudo ! Aebu mato ! Kudugodure kuri je , akore bwé ! Oino.	Ca! Ure boecodydo, ure barogwa kododydo. Akore: Okoge Ekurewydo! Aebu mato! Kudugodyre kuri je, akore: Bwé! Oino.	Ca! Ure boecodudo, ure barogwa kododudo. Akore okoge Ekurewudo ! Aebu mato ! Kudugodure kuri je , akore bwe ! Oino.	"Eis! Ele fez anoitecer e fez amanhecer.
E disse:- Okoge Ekurewudo! Sai para cá!
Ela gritou dizendo assim: - Bwé!"	0.921	orthographic/editorial	replace: [boecodudo,] -> [boecodydo,] | replace: [kododudo. Akore okoge Ekurewudo !] -> [kododydo. Akore: Okoge Ekurewydo!] | replace: [mato ! Kudugodure] -> [mato! Kudugodyre] | replace: [je , akore bwé !] -> [je, akore: Bwé!]
BOR-CORBO-HM001-u020	Akore- Aeruduwo barogwa kododuji, awo akowarudo, awo akera kabi, awo ae kabi, awo aia kabi, awo awu re kabi, awo ape kujagu barigu, awo akiguru kujagu barigu, Amearudu awaduwo ai!	Akore:- Aerydywo barogwa kododuji, awo akowarudo, awo akera kabi, awo ae kabi, awo aia kabi, awo awy re kabi, awo ape kujagu barigu, awo akiguru kujagu barigu, Amearudu awaduwo ai!	Akore- Aeruduwo barogwa kododuji, awo akowarudo, awo akera kabi, awo ae kabi, awo aia kabi, awo awu re kabi, awo ape kujagu barigu, awo akiguru kujagu barigu, amearudu awaduwo ai!	Ele disse: - Para você contemplar o amanhecer, para você se esquentar, para lavar as mãos, para lavar o rosto, para lavar a boca, para lavar os pés, para fazer as suas necessidades, para ficar animada.	0.981	near-identical	replace: [Akore- Aeruduwo] -> [Akore:- Aerydywo] | replace: [awu] -> [awy]
BOR-CORBO-HM001-u021	Ure boecodudo pugeje, ure barogwa kododudo. Icare makogodure toro aredu bogai pugeje. Akore Cibae Ekurewudo! Aebu mato! Kudugodure kuri je, akore Bwé!	Ure boecodydo pugeje, ure barogwa kododydo. Icare makogodyre toro aredy bogai pugeje. Akore: Cibae Ekurewydo! Aebu mato! Kudugodyre kuri je, akore: Bwé!	Ure boecodudo pugeje, ure barogwa kododudo. Icare makogodure toro aredu bogai pugeje. Akore Cibae Ekurewudo! Aebu mato! Kudugodure kuri je, akore bwe!	"Ele fez anoitecer de novo e fez amanhecer. Ai chamou de novo uma mulher dizendo: - Cibae Ekurewudo! Sai para cá!
Ela respondeu logo gritando: - Bwé!"	0.954	orthographic/editorial	replace: [boecodudo] -> [boecodydo] | replace: [kododudo.] -> [kododydo.] | replace: [makogodure] -> [makogodyre] | replace: [aredu] -> [aredy] | replace: [Akore] -> [Akore:] | replace: [Ekurewudo!] -> [Ekurewydo!] | replace: [Kudugodure] -> [Kudugodyre] | replace: [akore] -> [akore:]
BOR-CORBO-HM001-u022	Akore Aebu mato! Aeruduwo barogwa kododuji,awo akowarudo, awo akera kabi, awo aia kabi, awo ae kabi, awo awu re kabi, awo ape kujagu barigu, awo akiguru kujagu barigu, ameardu awaduwo ai!.	Akore: Aebu mato! Aerydywo barogwa kododu ji,awo akowarudo, awo akera kabi, awo aia kabi, awo ae kabi, awo awy re kabi, awo ape kujagu barigu, awo akiguru kujagu barigu, ameardu awaduwo ai!.	Akore Aebu mato! Aeruduwo barogwa kododu ji,awo akowarudo, awo akera kabi, awo aia kabi, awo ae kabi, awo awu re kabi, awo ape kujagu barigu, awo akiguru kujagu barigu, ameardu awaduwo ai!.	Ele disse: - Saia para cá! Para contemplar o amanhecer, para se esquentar, para lavar as mãos, para lavar a boca, para lavar o rosto, para lavar os pés, para fazer as suas necessidades, para ficar animada	0.979	near-identical	replace: [Akore] -> [Akore:] | replace: [Aeruduwo] -> [Aerydywo] | replace: [kododuji,awo] -> [kododu ji,awo] | replace: [awu] -> [awy]
BOR-CORBO-HM001-u023	Ca! Nonore icare ure tonaregedu Baraedugume udo boe eke iegi pugeje. Ure boecodudo. Ure barogwa kododudo.	Ca! Nonore icare ure tonaregedy Baraedugume udo boe eke iegi pugeje. Ure boecodydo. Ure barogwa kododydo.		Eis! Então ele (Pemo) fez com que seu filho Baraedugume nomeasse os alimentos. Ele fez anoitecer e fez amanhecer.	0.971	near-identical	replace: [tonaregedu] -> [tonaregedy] | replace: [boecodudo.] -> [boecodydo.] | replace: [kododudo.] -> [kododydo.]
BOR-CORBO-HM001-u024	Icare Baraedugume ure tuie maedu pugeje tu...Akore E! Itugare braedu uke iro bokwa ra... Itugare braedu uke kuiada bokwa ra... Itugare braedu uke riboarewu bokwa ra... Itugare braedu uke tako bokwa ra...Itugare braedu uke bako bokwa ra...	Icare Baraedugume ure tuie maedy pugeje ty...Akore: E! Itugare braedy uke iro bokwa ra... Itugare braedy uke kuiada bokwa ra... Itugare braedy uke riboarewy bokwa ra... Itugare braedy uke tako bokwa ra...Itugare braedy uke bako bokwa ra...	Icare Baraedugume ure tuie maedu pugeje tu... Akore e! Itugare baraedu uke iro bokwa ra... Itugare baraedu uke kuiada bokwa ra... Itugare baraedu uke riboarewu bokwa ra... Itugare baraedu uke tako bokwa ra...Itugare baraedu uke bako bokwa ra...	"Então Baraedugume estendeu a vista e disse: - Eh! O meu súdito o branco não tem arroz... O meu súdito branco não tem milho... O meu súdito branco não tem ab—bora...O meu súdito branco não tem cana... O meu súdito branco não tem banana...


##########"	0.273	substantive-or-segmentation	replace: [maedu] -> [maedy] | replace: [tu...Akore] -> [ty...Akore:] | replace: [braedu] -> [braedy] | replace: [braedu] -> [braedy] | replace: [braedu] -> [braedy] | replace: [riboarewu] -> [riboarewy] | replace: [braedu] -> [braedy] | replace: [braedu] -> [braedy]
BOR-CORBO-HM001-u025	Icare Pemore tonaregedudo tudugu tuguda, ure udo tudo motoji pr! Cewu makore jiboe jamedu pado moto kajeje já tuku. Oinore nowu makore jiboere boe joki!	Icare Pemore tonaregedydo tudugu tuguda, ure udo tudo moto ji pr! Cewy makore jiboe jamedy pado moto kajeje já tuku. Oinore nowy makore jiboere boe joki!	Icare Pemore tonaregedudo tudugu tuguda, ure udo tudo moto ji pr! Cewu makore jiboe jamedu pado moto kajeje já tuku. Oinore nowu makore jiboere boe joki!	"Então Pemo fez com que seu filho o levantasse e o jogasse no chão.
De repente todas as coisas que tinha falado apareceram na terra.
Tudo o que ele tinha gfalado estava espalhado por toda parte."	0.970	near-identical	replace: [tonaregedudo] -> [tonaregedydo] | replace: [motoji] -> [moto ji] | replace: [Cewu] -> [Cewy] | replace: [jamedu] -> [jamedy] | replace: [nowu] -> [nowy]
BOR-CORBO-HM001-u026	Icare ure boecodudo pugeje, icare ure barogwa kododudo. Icare okeare (desejou, achou falta ) pugeje, akore Wo! Itugare braedu uke tapira bokwa ra! Uke kagariga bokwa ra! Uke jugorewu bokwa ra! Aku kowaru bokwa ra!	Icare ure boecodydo pugeje, icare ure barogwa kododydo. Icare okeare (desejou, achou falta ) pugeje, akore: Wo! Itugare braedy uke tapira bokwa ra! Uke kagariga bokwa ra! Uke jugorewy bokwa ra! Aku kowaru bokwa ra!	Icare ure boecodudo pugeje, icare ure barogwa kododudo. Icare okeare (desejou, achou falta ) pugeje, akore Wo! Itugare braedu uke tapira bokwa ra! Uke kagariga bokwa ra! Uke jugorewu bokwa ra! Aku kowaru bokwa ra!	"Depois ele fez anoitecer e amanhecer novamente.
Então ele continuou achando falta, dizendo: - Oh! Eis que o meu súdito branco não tem gado... Ele não tem galinha... Ele não tem porcos... Ele não tem cavalos!"	0.979	near-identical	replace: [boecodudo] -> [boecodydo] | replace: [kododudo.] -> [kododydo.] | replace: [akore] -> [akore:] | replace: [braedu] -> [braedy] | replace: [jugorewu] -> [jugorewy]
BOR-CORBO-HM001-u027	Dukeje icare ure tonaregedu Baraedugume udo tudugu tuguda. Ure udo tudo motoji pr! Nono nowu makore jiboe jamedu padure moto kajeje pugeje	Dykeje icare ure tonaregedy Baraedugume udo tudugu tuguda. Ure udo tudo moto ji pr! Nono nowy makore jiboe jamedy padure moto kajeje pugeje	Dukeje icare ure tonaregedu Baraedugume udo tudugu tuguda. Ure udo tudo moto ji pr! Nono nowu makore jiboe jamedu padure moto kajeje pugeje	Então ele (Pemo), fez com que seu filho Baraedugume o levantasse e o jogasse no chão. Aí tudo o que ele tinha falado apareceu também na terra. 4	0.968	orthographic/editorial	replace: [Dukeje] -> [Dykeje] | replace: [tonaregedu] -> [tonaregedy] | replace: [motoji] -> [moto ji] | replace: [nowu] -> [nowy] | replace: [jamedu] -> [jamedy]
BOR-CORBO-HM001-u028	Icare pare kowuje: pemegare pai rugadu. Ukare paguri kugudo, pegakare pai. Mare pagogwagekare kuri je. Boe raire pagogwage kaduji. Mare page boikare pai. Pagiarigodukare page boi koia. Kodire page kodukare boeto ji. Pare parugadu, dukeje icare page aregodure. Oino.	Icare pare kowyje: pemegare pai rugadu. Ukare paguri kugudo, pegakare pai. Mare pagogwagekare kuri je. Boe raire pagogwage kadu ji. Mare page boikare pai. Pagiarigodykare page boi koia. Kodire page kodukare boeto ji. Pare parugadu, dykeje icare page aregodyre. Oino.		"Aí nós  comemos e gostamos. Não nos revoltou o est™mago, não nos fez mal.
Mas não foi logo que comemos. Passamos muito tempo sem comer, porque não sent’amos fome. Não ficávamos tristes por falta de comida. Então não foi a comida que apareceu primeiro. Depois que nós  estávamos prontos foi que veio a comida."	0.983	near-identical	replace: [kowuje:] -> [kowyje:] | replace: [kaduji.] -> [kadu ji.] | replace: [Pagiarigodukare] -> [Pagiarigodykare] | replace: [dukeje] -> [dykeje] | replace: [aregodure.] -> [aregodyre.]
BOR-CORBO-HM001-u029	Boe, oinore pagiere boeto ji. Boe, oinore Pao Pemore Pao Baraedugume akodo pai boeto ji.	Boe, oinore pagiere boeto ji. Boe, oinore Pao Pemore Pao Baraedugume akodo pai boeto ji.		"""Gente"", foi assim que nos chamamos primeiro. ""Gente"", foi assim que o nosso Pai Pemo fez com que o nosso Pai Baraedugume nos chamasse primeiro."	1.000	near-identical	
BOR-CORBO-HM001-u030	Nowu pijire icare Pao Pemore tonaregedudo tumugatowuge eiegi pugeje.	Nowy pijire icare Pao Pemore tonaregedydo tumugatowyge eiegi pugeje.		Depois daquilo, o nosso Pai Pemo fez com que seu filho chamasse os seus sucessores.	0.956	orthographic/editorial	replace: [Nowu] -> [Nowy] | replace: [tonaregedudo tumugatowuge] -> [tonaregedydo tumugatowyge]
BOR-CORBO-HM001-u031	Du Pao Baraedugume mugutowugere eiere Mano Kurirewu , Aroroedu Cebegiwu.	Du Pao Baraedugume mugutowygere eiere Mano Kurirewy (Aroroedy Cebegiwu).		Esses sucessores do nosso Pai Baraedugume se chamam Mano Kurirewu (do Clã das larvas do lado de baixo)	0.931	orthographic/editorial	replace: [mugutowugere] -> [mugutowygere] | replace: [Kurirewu , Aroroedu Cebegiwu.] -> [Kurirewy (Aroroedy Cebegiwu).]
BOR-CORBO-HM001-u032	Du paore iere Tadugo (Iwagudu Cebegiwu), Pao Baraedugume mugatowu. Pao Baraedugume mugatowu iere Aroia Kurirewu (Iwagudu Cebegiwu.). Pao Baraedugume mugatowu iere Koge Ebowu (Iwagudu Cobugiwu) Pao Baraedugume mugatowu iere Butoregadu.(Iwagudu Cobugiwu)	Du paore iere Tadugo (Iwagudu Cebegiwu), Pao Baraedugume mugatowu. Pao Baraedugume mugatowy iere Aroia Kurirewy (Iwagudu Cebegiwu.). Pao Baraedugume mugatowy iere Koge Ebowy (Iwagudu Cobugiwu) Pao Baraedugume mugatowy iere Butoregadu.(Iwagudu Cobugiwu)		"Esse nosso pai chama-se Tadugo (do clã das gralhas, do lado de baixo), sucessor de nosso Pai Bradugume.         O sucessor do nosso Pai Baraedugume chama-se Aroia Kurirewu (do clã das gralhas do lado de baixo)
O sucessor do nosso Pai Baraedugume chama-se Koge Ebowu (do clã das gralhas do lado de cima)
O sucessor do nosso Pai Baraedugume chama-se Butoregadu (do clã das gralhas do lado de cima)"	0.492	substantive-or-segmentation	replace: [mugatowu] -> [mugatowy] | replace: [Kurirewu] -> [Kurirewy] | replace: [mugatowu] -> [mugatowy] | replace: [Ebowu] -> [Ebowy] | replace: [mugatowu] -> [mugatowy]
BOR-CORBO-HM001-u033	Pao Baraedugume mugatowu iere Kaborewu (Ar. Cob.). Pao Baraedugume mugatowu iere Birimodu (Ar. Cob.).	Pao Baraedugume mugatowy iere Kaborewy (Ar. Cob.). Pao Baraedugume mugatowy iere Birimodu (Ar. Cob.).		"O sucessor do nosso Pai Baraedugume chama-se Kaborewu (do clã das larvas, do lado de cima).
O sucessor do nosso Pai Baraedugume chama-se Birimodu (do clã das larvas, do lado de cima)."	0.970	near-identical	replace: [mugatowu] -> [mugatowy] | replace: [Kaborewu] -> [Kaborewy] | replace: [mugatowu] -> [mugatowy]
BOR-CORBO-HM001-u034	Pao Baraedugume mugatowu iere Akaruio Boroge (Ap. Ceb.). Pao Baraedugume mugatowu iere Apuie Eceba (Ap.) Pao Baraedugume mugatowu iere Kuruguga (Ap. Cob.)	Pao Baraedugume mugatowy iere Akaruio Boroge (Ap. Ceb.). Pao Baraedugume mugatowy iere Apuie Eceba (Ap.) Pao Baraedugume mugatowy iere Kuruguga (Ap. Cob.)		"O sucessor do nosso Pai Baraedugume chama-se Akaruio Boroge (do clã da palmeira acuri, do lado de baixo).
O sucessor do nosso Pai Baraedugume chama-se Apuie Eceba (Id.)
O sucessor do nosso Pai Baraedugume chama-se Kuruguga ( do clão da palmeia acuri, do lado de cima)."	0.981	near-identical	replace: [mugatowu] -> [mugatowy] | replace: [mugatowu] -> [mugatowy] | replace: [mugatowu] -> [mugatowy]
BOR-CORBO-HM001-u035	Pao Baraedugume mugatowu iere Meriri Baru (Paiwedu).	Pao Baraedugume mugatowy iere Meriri Baru (Paiwedu).		O sucessor do nosso Pai Baraedugume chama-se Meriri Baru (do clã dos Bugios)	0.981	near-identical	replace: [mugatowu] -> [mugatowy]
BOR-CORBO-HM001-u036	Pao Baraedugume mugatowuge reo. Awu gere icare ere tugeragu iagei pugeje, tumugato pugeje.	Pao Baraedugume mugatowyge reo. Awy gere icare ere tugeragu iagei pugeje, tumugato pugeje.		Esses são os sucessores do nosso Pai Baraedugume. Estes por sua vez pegaram outros para serem os seus sucessores.	0.978	near-identical	replace: [mugatowuge] -> [mugatowyge] | replace: [Awu] -> [Awy]
BOR-CORBO-HM001-u037	Duwugere eiere Jerigi Otojiwu.(O Cerae, Boro Cerae) Duwugere eiere Uiagudumaga (Bak. Ec.) Duwugere eiere Akaruio Bokodori (Bak Ec.).	Duwygere eiere Jerigi Otojiwu.(O Cerae, Boro Cerae) Duwygere eiere Uiagudumaga (Bak. Ec.) Duwygere eiere Akaruio Bokodori (Bak Ec.).		"Os quais se chamam Jerigi Otojiwu (do sub-clã dos soc— ou do caracol Boro)
Os quais se chamam Uiagudumaga ( do sub-clã do esp’rito Bakoro)
Os quais se chamam Akaruio Bokodori (do sub-clã do esp’rito Bakoro)"	0.977	near-identical	replace: [Duwugere] -> [Duwygere] | replace: [Duwugere] -> [Duwygere] | replace: [Duwugere] -> [Duwygere]
BOR-CORBO-HM001-u038	Duwugere eiere Kaigu (Bok. Ec. Cob). Duwugere eiere Imorio. Duwugere eiere Barogo Bororo.(Bok. Ec. Boiad.} Duwugere eiere Barameri (Barameri Pijiwu: Bok. Ec. Boiadowu). Duwugere eiere Poruiepa (Bok. Ec.) Duwugere eiere Aromerere (Aromere Ekenawu ?: Bok. Ec. Ceb.). Duwugere eiere Inokuri (Bok. Ec. Ceb.).	Duwygere eiere Kaigu (Bok. Ec. Cob). Duwygere eiere Imorio. Duwygere eiere Barogo Bororo.(Bok. Ec. Boiad.} Duwygere eiere Barameri (Barameri Pijiwu: Bok. Ec. Boiadowu). Duwygere eiere Poruiepa (Bok. Ec.) Duwygere eiere Aromerere (Aromere Ekenawy ?: Bok. Ec. Ceb.). Duwygere eiere Inokuri (Bok. Ec. Ceb.). Duwygere eiere Badojeba Kudoro (Kiedy Boiadowu). Duwygere eiere Ikiedu. Duwygere eiere Meredy (Ki. Ceb.). Duwygere eiere Ki Bakororo (Kie Ceb.).		"Os quais se chamam Kaigu (do clã do tatu canastra, do lado de cima).
Os quais se chamam Imorio (do clã do tatu-canastra, do lado de cima) 
Os quais se chamam Barogo Bororo (clã do tatu-canastra, do meio)
Os quais se chamam Poruiepa (do clã do tatu-canastra) 
Os quais se chamam Aromerere (do clã do tatu-canastra, do lado de baixo)
Os quais se chamam Inokuri (do clão dos tatu canastra, do lado de baixo)."	0.786	substantive-or-segmentation	replace: [Duwugere] -> [Duwygere] | replace: [Duwugere] -> [Duwygere] | replace: [Duwugere] -> [Duwygere] | replace: [Duwugere] -> [Duwygere] | replace: [Duwugere] -> [Duwygere] | replace: [Duwugere] -> [Duwygere] | replace: [Ekenawu] -> [Ekenawy] | replace: [Duwugere] -> [Duwygere]
BOR-CORBO-HM001-u039	Duwugere eiere Torobaru (Kie Cob.) Duwugere eiere Badojeba Kudoro (Kiedu Boiadowu). Duwugere eiere Ikiedu. Duwugere eiere Meredu (Ki. Ceb.). Duwugere eiere Ki Bakororo (Kie Ceb.).	Icare ure tugirimi ae pugeje. Akore: Imuga! Awora jado! Imuga, awora jado. Nowy ucere tuwora jado nowy i paru joki pugeje. Icare ure turemo pugeje, ure tumugudo nono tada pugeje tuku!		"Os quais se chamam Torobaru (do clã das antas, do lado de cima)
Os quais se chamam Badojeba Kudoro (do clã das antas, do meio)
Os quais se chamam Ikiedu
Os quais se chamam Meredu (do clã das antas, do lado de baixo)
Os quais se chamam Ki Bakororo (do clã das antas, do lado de baixo)"	0.243	substantive-or-segmentation	replace: [Duwugere eiere Torobaru (Kie Cob.) Duwugere eiere Badojeba Kudoro (Kiedu Boiadowu). Duwugere eiere Ikiedu. Duwugere eiere Meredu (Ki. Ceb.). Duwugere eiere Ki Bakororo (Kie Ceb.).] -> [Icare ure tugirimi ae pugeje. Akore: Imuga! Awora jado! Imuga, awora jado. Nowy ucere tuwora jado nowy i paru joki pugeje. Icare ure turemo pugeje, ure tumugudo nono tada pugeje tuku!]
BOR-CORBO-HM001-u040	Duwugere eiere Oca Kudurewu (Bad.Cob.). Duwugere eiere Atugorewu (Bad. Boiadowu). Duwugere eiere Boro Erudu (Bad.Cob.). Duwugere eiere Kaiaceba ( Bad.Boiadowu). Duwugere eiere Uwae Epa (Bad Boiadowu). Duwugere eiere Ewiriga (Bad.Cob.). Duwugere eiere Bakoro Akaru (Bad.Boiadowu). Duwugere eiere Bakoro Kudu (Bad. Boiadowu). Duwugere eiere Meriri Upo Duwugere eiere Kuiabaru. Ca! Eregodajiwuge eie reo.	Duwygere eiere Oca Kudurewy (Bad.Cob.). Duwygere eiere Atugorewy (Bad. Boiadowu). Duwygere eiere Boro Erudu (Bad.Cob.). Duwygere eiere Kaiaceba ( Bad.Boiadowu). Duwygere eiere Uwae Epa (Bad Boiadowu). Duwygere eiere Ewiriga (Bad.Cob.). Duwygere eiere Bakoro Akaru (Bad.Boiadowu). Duwygere eiere Bakoro Kudu (Bad. Boiadowu). Duwygere eiere Meriri Upo Duwygere eiere Kuiabaru. Ca! Eregodajiwyge eie reo.		"Os quais se chamam Oca Kudurewu (do clã dos chefes , do lado de cima)
Os quais se chamam Atugorewu Do clã dos chefes, do meio).
Os quais se chamam Boro Erudu ( do clã dos chefes, do lado de cima).
Os quais se chamam Kaiaceba (do clã dos chefes, do meio).
Os quais se chamam Uwae Epa (do clã dos chefes, do meio).
Os quais se chamam Ewiriga (do clã dos chefes, do lado de cima).
Os quais se chamam Bakoro Akaru (do clã dos chefes, do meio).
Os quais se chamamBakoro Kudu (do clã dos chefes, do meio).
Os quais se chamam Meri Upo
Os quais se chamam Kuiabaru
Eis, estes são os que vieram depois daqueles.5"	0.888	orthographic/editorial	replace: [Duwugere] -> [Duwygere] | replace: [Kudurewu] -> [Kudurewy] | replace: [Duwugere] -> [Duwygere] | replace: [Atugorewu] -> [Atugorewy] | replace: [Duwugere] -> [Duwygere] | replace: [Duwugere] -> [Duwygere] | replace: [Duwugere] -> [Duwygere] | replace: [Duwugere] -> [Duwygere]
BOR-CORBO-HM001-u041	Oinore Baraedugume maragodaere.mare Pemo koiare ure rodino. Pemo koiare ure tumearudae pemegarewu, Pemo koiare ure tuiordae pemegarewu, Pemo koiare ure tuwadaru pemegarewu ure maku nowu ime ewogai, Baraedugume ai. Baraedugume koiare ure maku nowu pemegarewuge ime etai, duwuge eie reno, duwuge etagaru reno.	Oinore Baraedugume maragodaere.mare Pemo koiare ure rodino. Pemo koiare ure tumearudae pemegarewy, Pemo koiare ure tuiordae pemegarewy, Pemo koiare ure tuwadary pemegarewy ure maky nowy ime ewogai, Baraedugume ai. Baraedugume koiare ure maky nowy pemegarewyge ime etai, duwyge eie reno, duwyge etagaru reno.		Essa foi obra de Baraedugume, mas foi Pemo que o fez agir assim. Pemo deu seu pensamento bom, seu bom saber e sua palavra boa a Baraedugume, para os homens. Baraedugume deu para esses homens bons, cujos nomes estão ai.	0.808	substantive-or-segmentation	replace: [pemegarewu,] -> [pemegarewy,] | replace: [pemegarewu,] -> [pemegarewy,] | replace: [tuwadaru pemegarewu] -> [tuwadary pemegarewy] | replace: [maku nowu] -> [maky nowy] | replace: [maku nowu pemegarewuge] -> [maky nowy pemegarewyge] | replace: [duwuge] -> [duwyge] | replace: [duwuge] -> [duwyge]
BOR-CORBO-HM001-u042	Ure eegare pemegarewu maku Baraedugume ai. Ure eegare moturewu, ure maku Baraedugume ai.. Ure eke beturewu ure maku Baraedugume ai. Ure eke rorewu ure maku Baraedugume ai. Dure ure maku pemegarewuge etai Du jire pemegarewuge enogwagere. Dure ure maku pemegarewuge ewogai, du jire enogwagere. Oino.	Ure eegare pemegarewy maky Baraedugume ai. Ure eegare moturewy, ure maky Baraedugume ai.. Ure eke beturewy ure maky Baraedugume ai. Ure eke rorewy ure maky Baraedugume ai. Dure ure maky pemegarewyge etai Du jire pemegarewyge enogwagere. Dure ure maky pemegarewyge ewogai, du jire enogwagere. Oino.		Ele entregou a alegria sadia deles para Baraedugume. Ele entregou a alegria bonita deles para Baraedugume. Ele entregou o alimento doce deles para Baraedugume. Ele entregou o alimento gostoso deles para Baraedugume. E este deu para os bons. É isso que os bons comeram. É isso que ele deu para os bons e é isso que eles comeram.	0.721	substantive-or-segmentation	replace: [pemegarewu maku] -> [pemegarewy maky] | replace: [moturewu,] -> [moturewy,] | replace: [maku] -> [maky] | replace: [beturewu] -> [beturewy] | replace: [maku] -> [maky] | replace: [rorewu] -> [rorewy] | replace: [maku] -> [maky] | replace: [maku pemegarewuge] -> [maky pemegarewyge]
BOR-CORBO-HM001-u043	Ure nowu ekerogu maku tu etai. dutabo icare eture. Ure etudo. Ekodure kuri, nowu Bakurebo okwato, Anabo Bororo kae. Icare eedure Anabo Bororo keje tuiamedu tabo.	Ure nowy ekerogu maky ty etai. dytabo icare eture. Ure etudo. Ekodure kuri, nowy Bakurebo okwato, Anabo Bororo kae. Icare eedure Anabo Bororo keje tuiamedy tabo.	Ure nowu ekerogu maku tu etai. dutabo icare eture. Ure etudo. Ekodure kuri, nowu Bakurebo okwa to, Anabo Bororo kae. Icare eedure Anabo Bororo keje tuiamedu tabo.	Quando ele (Pemo) deu os alimentos para os Bororo, eles foram embora. Ele fez que eles viajassem. Dirigiram-se para a margem do rio Bakurebo, para a aldeia de Anabo Bororo. Então ficaram na aldeia Anabo Bororo todos juntos.	0.963	orthographic/editorial	replace: [nowu] -> [nowy] | replace: [maku tu] -> [maky ty] | replace: [dutabo] -> [dytabo] | replace: [nowu] -> [nowy] | replace: [tuiamedu] -> [tuiamedy]
BOR-CORBO-HM001-u044	Nowu Anabo Bororo bukejere icare ure barogwa kododudo pugeje, awu kiege kugure ewogai pugeje. Icare akore Piroje! Piroje! Egogodure. Akore Taebu! Tagogwagewo okureboeji. Icare ere tuiebu. Emagare rugadu. Nowu boeto jiwuge eiekare, nowu boiwure icare eiegidure. Dure eiere oinono: Piroje, Piroje. Mare boenure emage. Ure boedo emage boi pugeje. Oino.	Nowy Anabo Bororo bukejere icare ure barogwa kododydo pugeje, awy kiege kugure ewogai pugeje. Icare akore: Piroje! Piroje! Egogodyre. Akore: Taebu! Tagogwagewo okureboeji. Icare ere tuiebu. Emagare rugadu. Nowy boeto jiwyge eiekare, nowy boiwure icare eiegidure. Dure eiere oinono: Piroje, Piroje. Mare boenure emage. Ure boedo emage boi pugeje. Oino. Ure boecodydo pugeje. Ure barogwa kododydo pugeje. Makore toro pugeje. Akore: Kiege kugure, taebu mato! Tawoaduwo boe otoji, taegarewo boe otoji, tagogwagewo okureboeji, tudureboeji.	Nowu Anabo Bororo bukejere icare ure barogwa kododydo pugeje, awu kiege kugure ewogai pugeje. Icare akore: Piroje! Piroje! Egogodure. Akore: Taebu! Tagogwagewo okureboeji. Icare ere tuiebu. Emagare rugadu. Nowy boe to jiwuge eiekare, nowu boiwure icare eiegidure. Dure eiere oinono: Piroje, Piroje. Mare boenure emage. Ure boedo emage boi pugeje. Oino. Ure boecodudo pugeje. Ure barogwa kododudo pugeje. Makore toro pugeje. Akore kiege kugure, taebu mato! Tawoaduwo boe oto ji, taegarewo boe oto ji, tagogwagewo okureboe ji, tudureboe ji.	"Aí na aldeia de Anabo ele fez amanhecer novamente para os passarinhos
Aí ele disse: -Andorinhas! Andorinhas! - Saiam! Para comer frutas.
Então elas sAíram. Eram muitas mesmo. As primeiras não tinham nome. As últimas tinham. Elas se chamavam ""Andorinhas"". Mas elas eram gente. Ultimamente ele as tinha convertido em gente. 
. Ure boecodudo pugeje. Ure barogwa kododudo pugeje. 
Makore toro pugeje. Akore  Kiege kugure, taebu mato! Tawoaduwo boe otoji, taegarewo boe otoji, tagogwagewo okureboeji, tudureboeji."	0.752	substantive-or-segmentation	replace: [Nowu] -> [Nowy] | replace: [kododudo] -> [kododydo] | replace: [awu] -> [awy] | replace: [akore] -> [akore:] | replace: [Egogodure. Akore] -> [Egogodyre. Akore:] | replace: [Nowu] -> [Nowy] | replace: [jiwuge] -> [jiwyge] | replace: [nowu] -> [nowy]
BOR-CORBO-HM001-u045	Icare akore nono tagomagadure ji pugeje. Akore O! ia boe pa? Eruduia to ikeje. Akore Imuga! Imire irudumode to akeje, imire irudumode to akeje. Akore Imuga, awora jadoi paru joki. Imuga, awora jado i paru joki. Icare ure tuwora jado i paru joki.	Icare akore nono tagomagadure ji pugeje. Akore: O! ia boe pa? Eruduia to ikeje. Akore: Imuga! Imire irudumode to akeje, imire irudumode to akeje. Akore: Imuga, awora jadoi paru joki. Imuga, awora jado i paru joki. Icare ure tuwora jado i paru joki. Boekare! Nowy uwuri kuredugodyrewy akore pudumie tonagodymode ji. Icare onagodyre ji rugadu.		"Então ela faloudo mesmo jeito que tinha falado primeiro, dizendo: - Oh! Se tivesse alguém para subir nele para mim!
(O filho) Disse: - Mãe, abra as pernas na frente da árvore. (2x)
Aí ela abroiu as pernas na frente da árvore."	0.836	substantive-or-segmentation	replace: [Akore] -> [Akore:] | replace: [Akore] -> [Akore:] | replace: [Akore] -> [Akore:] | insert: [] -> [Boekare! Nowy uwuri kuredugodyrewy akore pudumie tonagodymode ji. Icare onagodyre ji rugadu.]
BOR-CORBO-HM001-u046	A! Ere tuiebu rugadu... ja... Toro boeto rugadu! Ure etudo toro boeto. Etaregodure tuiabagi toro nowu tunu pa kae pugeje. A! Nowu enupare iere Tori bai otorewu. Nowu tadare enudare, nowu otojire enudare. Koiare ure towuje, ure nowu tori towuje. Nowu bai onajire torire tudowuje	A! Ere tuiebu rugadu... ja... Toro boeto rugadu! Ure etudo toro boeto. Etaregodyre tuiabagi toro nowy tunu pa kae pugeje. A! Nowy enupare iere Tori bai otorewy. Nowy tadare enudare, nowy otojire enudare. Koiare ure towyje, ure nowy tori towyje. Nowy bai onajire torire tudowyje		Ah! Eles sAíram mesmo! E foram lá para o campo! Ele as mandou para o campo. Depois elas voltaram de novo para os seu lugar de dormir. O lugar delas dormirem chamava-se Pedra parecida com o interior de uma casa. Ali dentro elas dormiram Foi ele quem fes essa pedra. Foi na frente da aldeia que surgiu a pedra.	0.758	substantive-or-segmentation	replace: [Etaregodure] -> [Etaregodyre] | replace: [nowu] -> [nowy] | replace: [Nowu] -> [Nowy] | replace: [otorewu. Nowu] -> [otorewy. Nowy] | replace: [nowu] -> [nowy] | replace: [towuje,] -> [towyje,] | replace: [nowu] -> [nowy] | replace: [towuje. Nowu] -> [towyje. Nowy]
BOR-CORBO-HM001-u047	Boecojire igurure tudowuje. Boecojire boebuture tudowuje.	Boecojire igurure tudowyje. Boecojire boebuture tudowyje.		As plantas e o capim foram feitas de noite.	0.965	orthographic/editorial	replace: [tudowuje.] -> [tudowyje.] | replace: [tudowuje.] -> [tudowyje.]
BOR-CORBO-HM001-u048	Pobore boe eerudukare ui tudowujeduji. Barogwa kododure Pemo apo pobo keje rugadu. Unudure nowu pobo tada, merure nowu pobo aoji. Kodire nowu Pao Pemo apore nowu pobo boture boeto ji (relação da água com Pemo). Awu baru, awu moto, awu itura, awu kiaorewu, awu ipogurutoru jamedu boe otodaire pobo kodure Pao apo. Ca! Oino.	Pobore boe eerydykare ui tudowyjeduji. Barogwa kododure Pemo apo pobo keje rugadu. Unudure nowy pobo tada, merure nowy pobo aoji.		Quanto ˆ água ninguém sabe quando ela foi feita. O dia amanheceu com Pemo, na água. Ele dormia na água, e andava na água. Por isso a água brotou com Pemo no começo. Antes do céu e da terra, da mata, do campo e do cerrado, antes de tudo veio a água com Pemo. Eis! Foi assim.	0.550	substantive-or-segmentation	replace: [eerudukare] -> [eerydykare] | replace: [tudowujeduji.] -> [tudowyjeduji.] | replace: [nowu] -> [nowy] | replace: [nowu] -> [nowy] | delete: [Kodire nowu Pao Pemo apore nowu pobo boture boeto ji (relação da água com Pemo). Awu baru, awu moto, awu itura, awu kiaorewu, awu ipogurutoru jamedu boe otodaire pobo kodure Pao apo. Ca! Oino.] -> []
BOR-CORBO-HM001-u049	Awu otobiji padumode pugeje Pao akore Bakaru ino jiboe tabo. Awu makore jiboeji. Ure pawadarudo emaboeji. Awu maiwu ime, awu maiwu ipare, awu maiwu nege kugure, awu maiwu ipare kugure, awu maiwu areme, awu maiwu nogware kugure emagowo ji, erdiwawo ji	Awy otobiji padumode pugeje Pao akore Bakaru ino jiboe tabo. Awy makore jiboeji. Ure pawadarydo emaboeji. Awy maiwy ime, awy maiwy ipare, awy maiwy nege kugure, awy maiwy ipare kugure, awy maiwy areme, awy maiwy nogware kugure emagowo ji, erdiwawo ji	Awu otobiji padumode pugeje Pao akore Bakaru ino jiboe tabo. Awu makore jiboeji. Ure pawadarudo emaboe ji. Awu maiwu ime, awu maiwu ipare, awu maiwu nege kugure, awu maiwu ipare kugure, awu maiwu areme, awu maiwu nogware kugure emagowo ji, eruduiwawo ji	Daqui para frente continuaremos com o que nosso Pai chamou Bakaru6. O que ele falou, o que ele nos fez falar, para que os novos, os homens de agora, os rapazes, as moças, os meninos, as mulheres de agora, as meninas, todos, leiam e aprendam.7	0.640	substantive-or-segmentation	replace: [Awu] -> [Awy] | replace: [Awu] -> [Awy] | replace: [pawadarudo] -> [pawadarydo] | replace: [Awu maiwu] -> [Awy maiwy] | replace: [awu maiwu] -> [awy maiwy] | replace: [awu maiwu] -> [awy maiwy] | replace: [awu maiwu] -> [awy maiwy] | replace: [awu maiwu] -> [awy maiwy]
BOR-CORBO-HM001-u050	Icare eedure nono jerigigi padu pagai tu. tori parudure. Mare jerigigi matadukare. Pemo koiare ure bu tu nono, marenaru bogai, marenaru joruduwo ji ma uwo tugeragu ji, kuduwo kuru roguji..	Icare eedure nono jerigigi padu pagai tu. tori parudure. Mare jerigigi matadukare. Pemo koiare ure bu ty nono, marenaru bogai, marenaru jorydywo ji ma uwo tugeragu ji, kuduwo kururogu ji..	Icare eedure nono jerigigi padu pagai tu. tori parudure. Mare jerigigi matadukare. Pemo koiare ure bu tu nono, marenaru bogai, marenaru joruduwo ji ma uwo tugeragu ji, kuduwo kururogu ji...	Eles ficam Aí parecendo tartarugas que ficam ˆ toa perto das pedras. Mas a tartaruga não é boba. Pemo a colocou Aí, para o pobre, para que o pobre a encontre e a pegue, e possa beber um caldinho dela.	0.979	near-identical	replace: [tu] -> [ty] | replace: [joruduwo] -> [jorydywo] | replace: [kuru roguji..] -> [kururogu ji..]
BOR-CORBO-HM001-u051	Du inodu karega ure Boece. Eeruduware Pao Pemoji, eeruduware Pao Baraedugumeji, eeruduware Paje Okoge Ekurewudoji. Eruduware eiamedu ewadaruji. Du inodu tabo icare etaidure tuwo tudo nono torire. Etaidure tuwo tudo nono pobore. Pobore bataru bokware, torire bataru bokware. Mare tori batarure bakuru rema, pobo batarure bakuru rema. Bakurire ji du du du du, du bataru reno. Icare joruduwarewugere tudo nono reore	Du inodu karega ure Boece. Eerydyware Pao Pemo ji, eerydyware Pao Baraedugumeji, eerydyware Paje Okoge Ekurewydo ji. Erydyware eiamedy ewadaryji. Du inodu tabo icare etaidyre tuwo tudo nono torire. Etaidyre tuwo tudo nono pobore. Pobore batary bokware, torire batary bokware. Mare tori bataryre bakuru rema, pobo bataryre bakuru rema. Bakurire ji du du du du, du batary reno. Icare jorydywarewygere tudo nono reore		"Mas os Bororo não são assim.
Eles conhecem o nosso Pai Pemo, eles conhecem o nosso Pai Baraedugume, conhecem a nossa Mãe Okoge Ekurewudo. Conhecem todas as palavras deles. A pesar disso querem ser como pedras, querem ser como água. A água não fala, a pedra não fala. Mas a fala da pedra é o vento, a fala da água é o vento. Quando o vento sopra neles, essa é a sua fala. Então os sabidos se fazem como eles.8"	0.901	orthographic/editorial	replace: [Eeruduware] -> [Eerydyware] | replace: [Pemoji, eeruduware] -> [Pemo ji, eerydyware] | replace: [eeruduware] -> [eerydyware] | replace: [Ekurewudoji. Eruduware eiamedu ewadaruji.] -> [Ekurewydo ji. Erydyware eiamedy ewadaryji.] | replace: [etaidure] -> [etaidyre] | replace: [Etaidure] -> [Etaidyre] | replace: [bataru] -> [batary] | replace: [bataru] -> [batary]
BOR-CORBO-HM001-u052	Ekodure, etaregodure nowu to joru ba kae. Etaiwore tododai: oinore boe tuginoiwure! Arigaodoge egogodure etogi: Wau! Wau! Wau! Wau! Emage jamedu, egogodure jamedu, egore: M m m m m! Toro ei toro. Ekodo toro etae rugadu. Nowu arigaodoge erugodukare ei. Eegarenure ei.	Oino. Icá! Tawiapaga pemegado Pao Pemo ko boeto jiwy pawadary ji. Icare imode pawadary pemagado pui, mare Pao Pemo koia, Paore Pemo rema dykoia. Oino. Paore pagogiedae maky pagai, duwure iere pagogiedae..		"Andaram até chegar no lugar onde tinham feito a fogueira. Observaram na frente e viram que tinha muita coisa diferente!
Os cachorros latiam para eles: - Wau! Wau! Wau Wau!
E eles também gritavam dizendo: - M m m m m! Para os cachorros.
Dirigiram-se a onde estavam os cachorros e estes não brigaram com eles. Faziam-lhes festa."	0.030	substantive-or-segmentation	replace: [Ekodure, etaregodure nowu to joru ba kae. Etaiwore tododai: oinore boe tuginoiwure! Arigaodoge egogodure etogi: Wau! Wau! Wau! Wau! Emage jamedu, egogodure jamedu, egore: M m m m m! Toro ei toro. Ekodo toro etae rugadu. Nowu arigaodoge erugodukare ei. Eegarenure ei.] -> [Oino. Icá! Tawiapaga pemegado Pao Pemo ko boeto jiwy pawadary ji. Icare imode pawadary pemagado pui, mare Pao Pemo koia, Paore Pemo rema dykoia. Oino. Paore pagogiedae maky pagai, duwure iere pagogiedae..]
BOR-CORBO-HM001-u053	Egore: - Kakodiboe ba? Inoba ureboe ba? Egore: - Boe kadiboe cegi karegao. Arigaodoge cegiereo. Cegire cegiere Arigao gugure. Boe eke epaenure cegi, boe eeguieenure cegi.	Rekodajire, ure pagagodo: - Iro. Ure pagagodo: - Kuiada. Ure pagagodo: - Ju. Ure pagagodo: - Bako. Ure pagagodo: - Tako. Ure Pagagodo: - Tapira. Ure pagagodo: - Kagariga. Ure pagagodo: - Kawaru. Ure pagagodo: - Meriacia (melancia). Ure pagagodo: Riboarewy (abora).		"Eles perguntaram: O que é isto? Que classe de seres são estes?
Responderam: - N—s não somos qualquer coisa. N—s somos os cachorros. Nas nos chamamos cachorrinhos. N—s somos encarregados da comida dos Bororo. N—s somos animais domésticos dos Bororo."	0.055	substantive-or-segmentation	replace: [Egore:] -> [Rekodajire, ure pagagodo:] | replace: [Kakodiboe ba? Inoba ureboe ba? Egore:] -> [Iro. Ure pagagodo:] | replace: [Boe kadiboe cegi karegao. Arigaodoge cegiereo. Cegire cegiere Arigao gugure. Boe eke epaenure cegi, boe eeguieenure cegi.] -> [Kuiada. Ure pagagodo: - Ju. Ure pagagodo: - Bako. Ure pagagodo: - Tako. Ure Pagagodo: - Tapira. Ure pagagodo: - Kagariga. Ure pagagodo: - Kawaru. Ure pagagodo: - Meriacia (melancia). Ure pagagodo: Riboarewy (abora).]
BOR-CORBO-HM001-u054	Ca! Pagaguierogu reno, pagerogu reno. Nowure Pemore maku pagai boeto ji. Ure pagagodo: - Itogeare, ino nowu pagaguierogu bogai, nowu pagerogu bogai.	Ca! Pagaguierogu reno, pagerogu reno. Nowure Pemore maky pagai boeto ji. Ure pagagodo: - Itogeare, ino nowy pagaguierogu bogai, nowy pagerogu bogai.		"Eis! Esses são os nossos animais domésticos, esse é o nosso alimento. Mas foi Pemo quem nos deu no começo. Ele nos fez dizer: ""Eu desejo"" com referencia aos nossos animais domésticos e aos nossos alimentos."	0.980	near-identical	replace: [maku] -> [maky] | replace: [nowu] -> [nowy] | replace: [nowu] -> [nowy]
BOR-CORBO-HM001-u055	Nowu Pao Pemo orenure pagi. Mare akokare itore ino pai. Ure nowu tonagegedu Baraedugume ure akodo itugarege oino pai, paiamedu boeji. Kodire nowu Pao onaregedu Baraedugume utugaregenure paiamedu boe. Ure akodo: itugarege oino paiamedu boeji.	Nowy Pao Pemo orenure pagi. Mare akokare itore ino pai. Ure nowy tonagegedy Baraedugume ure akodo itugarege oino pai, paiamedy boeji. Kodire nowy Pao onaregedy Baraedugume utugaregenure paiamedy boe. Ure akodo: itugarege oino paiamedy boeji.		"N—s somos filhos de nosso Pai Pemo. Mas ele mesmo não falou para nós : 
- Meus filhos. Ele fez com que seu filho Baraedugume nos chamasse todos nós  assim: - Meus súditos. Por isso, nós  todos somos súditos de Baraedugume o filho de nosso Pai Pemo"	0.925	orthographic/editorial	replace: [Nowu] -> [Nowy] | replace: [nowu tonagegedu] -> [nowy tonagegedy] | replace: [paiamedu] -> [paiamedy] | replace: [nowu] -> [nowy] | replace: [onaregedu] -> [onaregedy] | replace: [paiamedu] -> [paiamedy] | replace: [paiamedu] -> [paiamedy]
BOR-CORBO-HM001-u056	Ure tonaregedu Baraedugume akodo: Itugagerege eke iro bokwa ra! Eke kuiada bokwa ra... Eke tako bokwa ra... Eke bako bokwa ra! Eke meriacia bokwa ra...	Ure tonaregedy Baraedugume akodo: Itugagerege eke iro bokwa ra! Eke kuiada bokwa ra... Eke tako bokwa ra... Eke bako bokwa ra! Eke meriacia bokwa ra... Dykeje icare nowy makore bogaiboe jamedy padure moto kajeje.		Ele (Pemo) fez o seu filho braeduguma dizer: - Eis que meus súditos não têm arroz!, eles não têm milho... não têm cana..., não têm banana... não têm melancia!	0.826	substantive-or-segmentation	replace: [tonaregedu] -> [tonaregedy] | insert: [] -> [Dykeje icare nowy makore bogaiboe jamedy padure moto kajeje.]
BOR-CORBO-HM001-u057	Ca! Nonore icare ure boecodudo, icare ure barogwa kododudo. Dukeje icare ure kagariga akogo. Kogoriga kudugodure dukejere icare Pemore tonaregedu udo tudo motoji, pr! Dukeje icare nowu makore bogaiboe jamedu padure moto kajeje.	Etaiwore ia raruji, aru kurire . Egore: Kakodiboebao? Inoba ureboe bao? Akore: Boe kadiboe imi karegao. Boe eke imireo. Iire Boe egore, mea, mea, oino. Iredudu jire Boe enogwagere. Itogorire pemegare boei. Itogorire koiare ure Boe emearudo awadydo pudui, Boe emeruwo, Boe eragodywo, Boe emagowo. Boere iwy baku keje, Boere baku bu nowaguru je keje itabo. Mea, oinre Boe egore ii, mearoga, oinore Boe egore ii.		Eis! Então ele fez anoitecer e fez amanhecer. Então ele fez cantar o galo. Quando o galo gritou, Pemo se fez jogar no chão pelo seu filho. Então tudo aquilo que ( o filho) tinha falado apareceu sobre a terra.	0.025	substantive-or-segmentation	replace: [Ca! Nonore icare] -> [Etaiwore ia raruji, aru kurire . Egore: Kakodiboebao? Inoba ureboe bao? Akore: Boe kadiboe imi karegao. Boe eke imireo. Iire Boe egore, mea, mea, oino. Iredudu jire Boe enogwagere. Itogorire pemegare boei. Itogorire koiare] | replace: [boecodudo, icare ure barogwa kododudo. Dukeje icare ure kagariga akogo. Kogoriga kudugodure dukejere icare Pemore tonaregedu udo tudo motoji, pr! Dukeje icare nowu makore bogaiboe jamedu padure moto kajeje.] -> [Boe emearudo awadydo pudui, Boe emeruwo, Boe eragodywo, Boe emagowo. Boere iwy baku keje, Boere baku bu nowaguru je keje itabo. Mea, oinre Boe egore ii, mearoga, oinore Boe egore ii.]
BOR-CORBO-HM001-u058	Ca! Oinore boe erore, parore, paegare tabo, nowu pagerogu aregoduji.	Ca! Oinore boe erore, parore, paegare tabo, nowy pagerogu aregodyji.		Eis! O povo, nós  todos, ficamos muito animados e alegres pela chegada do nosso alimento.	0.971	near-identical	replace: [nowu] -> [nowy] | replace: [aregoduji.] -> [aregodyji.]
BOR-CORBO-HM001-u059	Ca! Dukodire kagariga akore kimo oino. Pemo koiare ure akodino. Dukodire kagariga akogodumodukare dukeje, bo eke botumodukare. Boe jamedu boe kuiarumodukare. Oino pagaguierogu aregoduji!	Ca! Dykodire kagariga akore kimo oino. Pemo koiare ure akodino. Dykodire kagariga akogodymodykare dykeje, bo eke botumodykare. Boe jamedy boe kuiarumodykare. Oino pagaguierogu aregodyji!		Eis! Por isso o galo canta ainda assim. Foi Pemo quem fez cantar assim. Então se o galo não cantasse, alimento do povo não apareceria. Ninguém engravidaria. A mesma coisa acontece com os nossos animais.	0.952	orthographic/editorial	replace: [Dukodire] -> [Dykodire] | replace: [Dukodire] -> [Dykodire] | replace: [akogodumodukare dukeje,] -> [akogodymodykare dykeje,] | replace: [botumodukare.] -> [botumodykare.] | replace: [jamedu] -> [jamedy] | replace: [kuiarumodukare.] -> [kuiarumodykare.] | replace: [aregoduji!] -> [aregodyji!]
BOR-CORBO-HM001-u060	Ca! Dutabo re icare Pemore boe etudo. Ure boe egodo. Kodure boe ebo. Ure boe etudo. Ure kodure boe otojiwuge ekudugo.	Ca! Dytabore icare Pemore boe etudo. Ure boe egodo. Kodure boe ebo. Ure boe etudo. Ure kodure boe otojiwyge ekudugo.		Eis! Nesse tempo Pemo fez o povo andar. Ele o fez falar. Ele andava com o povo. Os fez ir embora. Fez com que aqueles que iam na ponta gritassem.	0.979	near-identical	replace: [Dutabo re] -> [Dytabore] | replace: [otojiwuge] -> [otojiwyge]
BOR-CORBO-HM001-u061	Egogodure: - Egore: m m m m m m, dutabo. Emagore, egore: gae gae! gae gae! gae gae! tudu tabo.	Egogodyre: - Egore: m m m m m m, dytabo. Emagore, egore: gae gae! gae gae! gae gae! tudu tabo.		"Começaram a gritar dizendo: - m m m m m m ' 
Andando eles gritavam: - gae gae! gae gae! gae gae!"	0.979	near-identical	replace: [Egogodure:] -> [Egogodyre:] | replace: [dutabo.] -> [dytabo.]
BOR-CORBO-HM001-u062	Eregodajiwuge egore: Ho'o... 'o... 'ooo (3x. Kodure eregodajiwuge egore: 'u 'u... 'u 'u...'u 'u... Kodure eregodajiwuge egore: Tori to to to, tori to to to (3x). Oino dutabo.	Eregodajiwyge egore: Ho'o... 'o... 'ooo (3x. Kodure eregodajiwyge egore: 'u 'u... 'u 'u...'u 'u... Kodure eregodajiwyge egore: Tori to to to, tori to to to (3x). Oino dytabo.		"Os que iam depois deles diziam: Ho'o... 'o... 'ooo (3x).
Os seguintes diziam: - 'u 'u... 'u 'u...'u 'u...
Os que iam depois destes diziam: Tori to to to, tori to to to (3x) . Assim."	0.977	near-identical	replace: [Eregodajiwuge] -> [Eregodajiwyge] | replace: [eregodajiwuge] -> [eregodajiwyge] | replace: [eregodajiwuge] -> [eregodajiwyge] | replace: [dutabo.] -> [dytabo.]
BOR-CORBO-HM001-u063	Oinore Pemore Boe ewadarudo boeto ji. Boe eiamedu boe reno. Boe, Brae, Boe doge, Boe Bororomanadoge, Boe Barege, Boe Kiaodoge, Boe Barumogodoge, Boe Bokwarege, Boe Kaadarege, Boe Codoge, Boe Kuiagure, Boe Kanaworoe, Boe Paiamarege, Boe Poroboe, Boe Boroboe, Boe Taboe, Boe Koroge. Nonore Pemore boe eiedo. Dutabo re ure boe etudo.12	Oinore Pemore Boe ewadarydo boeto ji. Boe eiamedy boe reno. Boe, Brae, Boe doge, Boe Bororomanadoge, Boe Barege, Boe Kiaodoge, Boe Barumogodoge, Boe Bokwarege, Boe Kaadarege, Boe Codoge, Boe Kuiagure, Boe Kanaworoe, Boe Paiamarege, Boe Poroboe, Boe Boroboe, Boe Taboe, Boe Koroge. Nonore Pemore boe eiedo. Dytabore ure boe etudo.12		Foi assim que Pemo fez falar o povo no começo. A mesma coisa para toda a gente. índios, brancos, negros ( muitos outros povos aqui enumerados)	0.989	near-identical	replace: [ewadarudo] -> [ewadarydo] | replace: [eiamedu] -> [eiamedy] | replace: [Dutabo re] -> [Dytabore]
BOR-CORBO-HM001-u064	Boe eture nowu tuwadaru tabo. Boe ekodure jii... je. Icare boe etaregodure nowu Anabo Bororo kae, nowu tuwadaru tabo, nowu tumago tabo, nowu tugerogu tabo. Ca!	Boe eture nowy tuwadary tabo. Boe ekodure jii... je. Icare boe etaregodyre nowy Anabo Bororo kae, nowy tuwadary tabo, nowy tumago tabo, nowy tugerogu tabo. Ca!		O povo foi embora com sua pr—rpia fala. Andaram muito tempo. Até que chegaram ˆ aldeia Anabo Boror, com sua l’ngua, com sua fala, com sua comida.	0.950	orthographic/editorial	replace: [nowu tuwadaru] -> [nowy tuwadary] | replace: [etaregodure nowu] -> [etaregodyre nowy] | replace: [nowu tuwadaru] -> [nowy tuwadary] | replace: [nowu] -> [nowy] | replace: [nowu] -> [nowy]
BOR-CORBO-HM001-u065	Nonore icare boe ekuiarure. Kuiarure boetiojiwu aredure iere Arogiarewudo. Metago iere Kuogori Pijiwudo (as duas são do subclã do narrador). Ie boeto jiwu reo: Kuborewumana, nowu metago iere Kuboruroe. Boe emagore jiwu ie reo.	Nonore icare boe ekuiarure. Ie boeto jiwy reo: Kuborewymana, nowy metago iere Kuboruroe. Boe emagore jiwy ie reo.		"Então as bororas começaram a engravidar.
A primeira que engravidou foi Arogiarewudo, a outra chama-se Kuogori Pijiwudo.
O primeiro nome era Kuborumana e o da companheira, Kuboruroe, assim que os Bororos as chamavam."	0.643	substantive-or-segmentation	delete: [Kuiarure boetiojiwu aredure iere Arogiarewudo. Metago iere Kuogori Pijiwudo (as duas são do subclã do narrador).] -> [] | replace: [jiwu] -> [jiwy] | replace: [Kuborewumana, nowu] -> [Kuborewymana, nowy] | replace: [jiwu] -> [jiwy]
BOR-CORBO-HM001-u066	Nowu areme etaire Pao Pemore tuguo, dure iere Baraedugume. Icare nowu Anabo Bororo bukejere care boere tuwiredo. Mare boe etuo Pemo koia. Icare ure boe etuwiredo, nowu ime pemegarewuge eiamedu uwiredo. Ure etore eiedo Ecerae. Ure nowu Etuomage eiedo Tugarege. Oino.	Nowy areme etaire Pao Pemore tuguo, dure iere Baraedugume. Icare nowy Anabo Bororo bukejere care boere tuwiredo. Mare boe etuo Pemo koia. Icare ure boe etuwiredo, nowy ime pemegarewyge eiamedy uwiredo. Ure etore eiedo Ecerae. Ure nowy Etuomage eiedo Tugarege. Oino.		"A essas mulheres o nosso Pai Pemo se manifestou, o que se chama Baraedugume.13 Então foi na aldeia Anabo Bororo que os homens casaram. Mas foi por obra de Pemo. Então ele os fez casar. Ele fez casar todos os homens bons. Aos filhos ele os chamou ""Ecerae"" e aos pais os chamou ""Tugarege""."	0.943	orthographic/editorial	replace: [Nowu] -> [Nowy] | replace: [nowu] -> [nowy] | replace: [nowu] -> [nowy] | replace: [pemegarewuge eiamedu] -> [pemegarewyge eiamedy] | replace: [nowu] -> [nowy]
BOR-CORBO-HM001-u067	Dutabo re icare eture. Eemarure, eerudure podojaji.Ie metuiare kuio, ie metuiare marido okwabora. Nonore boe eno ibora (ponte) iere, tuwo bu pobo kajeje, tuduwo jeto awu moto kae.	Dytabore icare eture. Eemarure, eerydyre podojaji.Ie metyiare kuio, ie metyiare marido okwabora. Nonore boe eno ibora (ponte) iere, tuwo bu pobo kajeje, tuduwo jeto awy moto kae.		Aí eles foram embora. Procuraram e encontraram o cip— de espinho, outro nome dele é kuio, um outro nome é buriti emendado. Assim que se chamava a ponte dos Bororo, para colocarem sobre o rio, para virem para cá para esta terra.	0.964	orthographic/editorial	replace: [Dutabo re] -> [Dytabore] | replace: [eerudure] -> [eerydyre] | replace: [metuiare] -> [metyiare] | replace: [metuiare] -> [metyiare] | replace: [awu] -> [awy]
BOR-CORBO-HM001-u068	Ia boe etareia iere kowai, ipare etareia, boe etareia, Oinore ure: bure tugudure nowu pobo okwai. Pao Pemore boe erududo ji toro oto kae. Icare edo taredo poboto co, co, co!	Ia boe etareia iere kowai, ipare etareia, boe etareia, Oinore ure: bure tugudure nowy pobo okwai. Pao Pemore boe erudydo ji toro oto kae. Icare edo taredo poboto co, co, co!		Um trampolim para pular na água, chama-se embaúba, trampolim dos rapazes, tranpolim dos Bororo. Ele é assim: o pé dele fica dentro dÕ água. Nosso Pai Pemo fazia os Bororos subir nele até na ponta, e depois os fazia pular na água ch™, ch™ ch™!	0.988	near-identical	replace: [nowu] -> [nowy] | replace: [erududo] -> [erudydo]
BOR-CORBO-HM001-u069	Ia pugeje: ure boe eerududo nowu kowaiji, icare boe etaregodure oto kae, dukeje icare ure tugado boe ebo po! Poboto. Jeture cebegiwuge etao gigirire; jeture cobugiwuge etao kororogodure.	Ia pugeje: ure boe eerdydo nowy kowaiji, icare boe etaregodyre oto kae, dykeje icare ure tugado boe ebo po! Poboto. Jeture cebegiwyge etao gigirire; jeture cobugiwyge etao kororogodyre.		Em outra ocasião, ele mostrou aos Bororo o pé de embaúba, Aí eles subiran até a ponta dele, nisso a árvore quebrou com eles dentro dÕ ádua p—! O cabelo dos que cAíram para o lado de baixo ficou ensortilhado, e o dos que cAíram do lado de cima ficou lisso.	0.962	orthographic/editorial	replace: [eerududo nowu] -> [eerdydo nowy] | replace: [etaregodure] -> [etaregodyre] | replace: [dukeje] -> [dykeje] | replace: [cebegiwuge] -> [cebegiwyge] | replace: [cobugiwuge] -> [cobugiwyge] | replace: [kororogodure.] -> [kororogodyre.]
BOR-CORBO-HM001-u070	Ca! Boetojiwu boe ewadae reno, tuiamedu tabo. Pemore boe ewadaedo. Mare nowu Pemo karega ure eerududo pudui. Unure emearudae maku etai, unure emearudae tugu eto, epaga inoduji. Kodire Pemore Boe emearudae pemegarewu maku Boe etai, boeto ji du reo. Oinore rore boei.	Ca! Boetojiwy boe ewadae reno, tuiamedy tabo. Pemore boe ewadaedo. Mare nowy Pemo karega ure eerdydo pudui. Unure emearudae maky etai, unure emearudae tugu eto, epaga inoduji. Kodire Pemore Boe emearudae pemegarewy maky Boe etai, boeto ji du reo. Oinore rore boei.		Eis! Essee é o primeiro brinquedo dos Bororo, de todos. Foi Pemo quem os fez brincar. Mas não se fez ver deles. Ele lhes dava o pensamento, infundia-lhes o penmsamente sem que eles percebessem. Então este foi o primeiro bom pensamento que Pemo deu aos Bororo. Fez assim com os Bororo.	0.879	orthographic/editorial	replace: [Boetojiwu] -> [Boetojiwy] | replace: [tuiamedu] -> [tuiamedy] | replace: [nowu] -> [nowy] | replace: [eerududo] -> [eerdydo] | replace: [maku] -> [maky] | replace: [pemegarewu maku] -> [pemegarewy maky]
BOR-CORBO-HM001-u071	Dutabo re icare ure eeruduwado tuwo nowu kuio bu nowu pobo kajeje, Boewo pagado mato bakowuto awu moto kae. Nowu podoja iku ui mito tu je ie jamedu reno. Kodire ukare tuginoi. Nowu jamedu iere tu... podoja iku. Pao Pemore roino.	Dytabore icare ure eerydywado tuwo nowy kuio bu nowy pobo kajeje, Boewo pagado mato bakowuto awy moto kae. Nowy podoja iku ui mito ty je ie jamedy reno. Kodire ukare tuginoi. Nowy jamedy iere ty... podoja iku. Pao Pemore roino.		"Com iiso ele os ensinou a colocar aquele kuio através do rio, para eles atravessar para cá, para este lado, para esta terra.
Kuio tem também o nome de podoja iku (cip—-espinho). Ele chama-se também cip—-espinho. O nosso Pai Pemo que disp™s assim."	0.611	substantive-or-segmentation	replace: [Dutabo re] -> [Dytabore] | replace: [eeruduwado] -> [eerydywado] | replace: [nowu] -> [nowy] | replace: [nowu] -> [nowy] | replace: [awu] -> [awy] | replace: [Nowu] -> [Nowy] | replace: [tu] -> [ty] | replace: [jamedu] -> [jamedy]
BOR-CORBO-HM001-u072	Ure mito tu je. Pao Pemore mito tu je. Metuia bokwa tuwodu tabo. Icare ure turugadu. Nowu Paore mito tu je. Icare boture. Icare mito tu rugadu.	Ure mito ty je. Pao Pemore mito ty je. Metyia bokwa tuwodu tabo. Icare ure turugadu. Nowy Paore mito ty je. Icare boture. Icare mito ty rugadu.		Ele é único. O nosso Pai Pemo é s— um. Quando ele brotou não tinha companheiro. Então ele bastava. Aquele nosso Pai era s— um. Aí nasceu. Aí ele era s— um mesmo.	0.958	orthographic/editorial	replace: [tu] -> [ty] | replace: [tu] -> [ty] | replace: [Metuia] -> [Metyia] | replace: [Nowu] -> [Nowy] | replace: [tu] -> [ty] | replace: [tu] -> [ty]
BOR-CORBO-HM001-u073	Dukeje icare tuiemaedo. Dutabo re icare ure tugogado kodumode boeto jiowu tumearudae bogai, kodumode boeto jiwu tuiorudae bogai. Kodumode boeto jiwu tuwadaru bogai, kodumode boeto jiwu turo bogai. Dutabo re icare ure nowu ime eko boeto ji. Du eregodaji ure areme ekodudo. Du eregodaji ure boe ekerogu kodudo. Du eregodaji ure Boe eeguierogu kodudo. Oino.	Dykeje icare tuiemaedo. Dytabore icare ure tugogado kodumode boeto jiowy tumearudae bogai, kodumode boeto jiwy tuiorudae bogai. Kodumode boeto jiwy tuwadary bogai, kodumode boeto jiwy turo bogai. Dytabore icare ure nowy ime eko boeto ji. Du eregodaji ure areme ekodydo. Du eregodaji ure boe ekerogu kodydo. Du eregodaji ure Boe eeguierogu kodydo. Oino.		Então estendeu a vista e ficou meditamdo sobre qual seria os eu primeiro pensamento, a sua primeira idéia. Qual seria a su aprimeira palavra, a sua primeira ação. Com isso ele criou primeiro os omens, depois criou as mulheres, depois foz vir os alimentos e depois os animais domésticos.	0.646	substantive-or-segmentation	replace: [Dukeje] -> [Dykeje] | replace: [Dutabo re] -> [Dytabore] | replace: [jiowu] -> [jiowy] | replace: [jiwu] -> [jiwy] | replace: [jiwu tuwadaru] -> [jiwy tuwadary] | replace: [jiwu] -> [jiwy] | replace: [Dutabo re] -> [Dytabore] | replace: [nowu] -> [nowy]
BOR-CORBO-HM001-u074	Nowu Paore mito tu je. Du reorere bataru boeto jiwure. Bataru boeto jiwure mito tu je. Dukeje icare makaguragare. Ro boeto jiwure mito tu je. Dukeje icare makaguragare. Meardae boetujiwure mito tu je. Dukeje icare makaguragare.	Nowy Paore mito ty je. Du reorere batary boeto jiwure. Bataru boeto jiwure mito ty je. Dykeje icare makaguragare. Ro boeto jiwure mito ty je. Dykeje icare makaguragare. Meardae boetujiwure mito ty je. Dykeje icare makaguragare.		O nosso Pai era um s—. Assim também aprimeira linguagem. A primeira liguagem era uma s—. Depois se multiplicou. O primeiro costume era um s—. Depois se multiplicou. O primeiro pensamento era um s—. Depois se multiplicou.	0.789	substantive-or-segmentation	replace: [Nowu] -> [Nowy] | replace: [tu] -> [ty] | replace: [bataru] -> [batary] | replace: [tu] -> [ty] | replace: [Dukeje] -> [Dykeje] | replace: [tu] -> [ty] | replace: [Dukeje] -> [Dykeje] | replace: [tu] -> [ty]
BOR-CORBO-HM001-u075	Icare ure Boedo pagado nowu pabo kajeje, awu moto kae. Ure Boe ekududo pugeje, ure boe egogo. Boe egore: m m m m... Icare boe eture..Eekuiere ekodure boeto ji.	Icare ure Boedo pagado nowy pabo kajeje, awy moto kae. Ure Boe ekudydo pugeje, ure boe egogo. Boe egore: m m m m... Icare boe eture..Eekuiere ekodure boeto ji.		"Aí ele fez os Bororo atravessar o rio para o lado de cá. Mandou os Bororo gritarem de novo. Eles diziam: - m m m m...
Então foram embora. Os seus animais iam na frente."	0.981	near-identical	replace: [nowu] -> [nowy] | replace: [awu] -> [awy] | replace: [ekududo] -> [ekudydo]
BOR-CORBO-HM001-u076	Emearudure pu okwa bataruji. Egore: - Taedu puredu pui. Taedu jaemode pui ma, tamearudumodukare nowu kodo. tagododaiwuge ewadariji, tamearumodukare enogwa bataruji, taeruduwamodukare kaba jiba emagore.	Emearudure pu okwa batary ji. Egore: Taedy puredy pui. Taedy jaemode pui ma, tamearudumodykare nowy kodo. tagododaiwyge ewadary ji, tamearumodykare enogwa batary ji, taerydywamodykare kaba jiba emagore.		"Eles escutavam a fala uns dos outros.
Diziam: - Fiquem unidos. Se vocês ficam longe uns dos outros, não vão pode escutar os da frente, e se não os escutarem, não vão saber o que eles falam."	0.620	substantive-or-segmentation	replace: [bataruji.] -> [batary ji.] | replace: [- Taedu puredu] -> [Taedy puredy] | replace: [Taedu] -> [Taedy] | replace: [tamearudumodukare nowu] -> [tamearudumodykare nowy] | replace: [tagododaiwuge ewadariji, tamearumodukare] -> [tagododaiwyge ewadary ji, tamearumodykare] | replace: [bataruji, taeruduwamodukare] -> [batary ji, taerydywamodykare]
BOR-CORBO-HM001-u077	Care eture. Ekodure... Care epuredugodure awu moto kae. Dukeje icare edu jaere pui. Icare nowu kodure eekuie eregodajiwuge emearudukare enogwa bataruji. Egore: -Taedu puredo cei! Inagore! Boekare! Emeardukare. Eruduwakare inoba egore. Dukeje icare egore:Inagore: - Taedu puredo cei, taedu puredu cei! Oinore inagore!	Care eture. Ekodure... Care epuredugodyre awy moto kae. Dykeje icare edy jaere pui. Icare nowy kodure eekuie eregodajiwyge emearudukare enogwa batary ji. Egore:Taedy puredo cei! Inagore! Boekare! Emeardukare. Erydywakare inoba egore. Dykeje icare egore:Inagore: Taedy puredo cei, taedy puredy cei! Oinore inagore!		"Aí foram embora. Andaram... e quando já estavam se paroximando deste lado, foram ficando longe uns dos outros. Assim os que iam seguindo logo atrás dos animais já não escutavam o que os outros falavam.
Diziam: - Andem perto de nós ! Eu falei!
Nada! Não escutavam. Não sabiam o que eles estavam falando.
Aí eles reptiam: - Eu disse: - Andem perto de nós ! Fiquem perto de nós ! É assim que eu falei!"	0.789	substantive-or-segmentation	replace: [epuredugodure awu] -> [epuredugodyre awy] | replace: [Dukeje] -> [Dykeje] | replace: [edu] -> [edy] | replace: [nowu] -> [nowy] | replace: [eregodajiwuge] -> [eregodajiwyge] | replace: [bataruji. Egore: -Taedu] -> [batary ji. Egore:Taedy] | replace: [Eruduwakare] -> [Erydywakare] | replace: [Dukeje] -> [Dykeje]
BOR-CORBO-HM001-u078	Ca! Emagore nowu turegodajiwugei pugeje. Boekare! Emeardukare enogwa bataruji pugeje. Oino tuiamedu tabo rugadu. Icare nowu eeguie eiore awu mototo. Ekare tuwuredo nowu tumedage etogi. Eture rugadu ekoda piji. Emearudukare enogwa bataruji kodi.	Ca! Emagore nowy turegodajiwygei pugeje. Boekare! Emeardukare enogwa batary ji pugeje. Oino tuiamedy tabo rugadu. Icare nowy eeguie eiore awy mototo. Ekare tuwuredo nowy tumedage etogi. Eture rugadu ekoda piji. Emearudukare enogwa batary ji kodi.		"Eis! Falavam de novo para os que iam atrás.
Nada! Não escutavam o que eles diziam. E assim com todos.
Aí os animais chegarm deste lado e, sem esperar pelos de atrás, foram embora deles. Porque não escutavam oo que os outros falavam."	0.706	substantive-or-segmentation	replace: [nowu turegodajiwugei] -> [nowy turegodajiwygei] | replace: [bataruji] -> [batary ji] | replace: [tuiamedu] -> [tuiamedy] | replace: [nowu] -> [nowy] | replace: [awu] -> [awy] | replace: [nowu] -> [nowy] | replace: [bataruji] -> [batary ji]
BOR-CORBO-HM001-u079	Kodure eregodajiwuge ewudure woje epera kajeje paci pagana koborewu jaogwai.. Kodure eregodajiwuge ewudure pagana pemegarewu jaogwai.	Kodure eregodajiwyge ewudure woje epera kajeje paci pagana koborewy jaogwai.. Kodure eregodajiwyge ewudure pagana pemegarewy jaogwai.		Os que iam atrás viraram para a esquerda. Os seguintes viraram para a direita.	0.970	orthographic/editorial	replace: [eregodajiwuge] -> [eregodajiwyge] | replace: [koborewu] -> [koborewy] | replace: [eregodajiwuge] -> [eregodajiwyge] | replace: [pemegarewu] -> [pemegarewy]
BOR-CORBO-HM001-u080	Icare etagedure taci mato bakowuto, awu moto kae. Jeture eiagejewuge ere taodo nowu eiagejewu motoji. Pemo koia.	Icare etagedure taci mato bakowuto, awy moto kae. Jeture eiagejewyge ere taodo nowy eiagejewy moto ji. Pemo koia.		"Então eles chegaram para este lado, para esta terra.
Os que ficaram do lado de lá, na ausência deles, ficaram nessa terra que eles deixaram. Por obra de Pemo."	0.960	orthographic/editorial	replace: [awu] -> [awy] | replace: [eiagejewuge] -> [eiagejewyge] | replace: [nowu eiagejewu motoji.] -> [nowy eiagejewy moto ji.]
BOR-CORBO-HM001-u081	Icare Pemore boecodudo. Icare ure barogwa kododudo. Akore Taedadudo! Tameruwo! Pameruwo! Pawo pagado tu, paerudumode ia pagerogu jitu bogai. Icá oinore Pemo akore.	Icare Pemore boecodydo. Icare ure barogwa kododydo. Akore: Taedadydo! Tameruwo! Pameruwo! Pawo pagado tu, paerydymode ia pagerogu jitu bogai. Icá oinore Pemo akore.		Aí Pemo fez anoitecer. Depois fez amanhecer e disse: - Acordem! Vão caçar! Vamos andar! Vamos procurar para ver se enc ontramos alguma coisa para comer. Foi assim que o nossso Pai falou.	0.966	orthographic/editorial	replace: [boecodudo.] -> [boecodydo.] | replace: [kododudo. Akore Taedadudo!] -> [kododydo. Akore: Taedadydo!] | replace: [paerudumode] -> [paerydymode]
BOR-CORBO-HM001-u082	Page jamedu boe jire akoino. Pagoroe jamedurogu boe jire akoino. Pamaragodae jamedurogu jire akoino. Ure iegi mito tu je, icare boture. Icare Boe eerudure ji. Dukeje icare makaguragare. Dukejere icare kuricigore. Oino. Oinore Pemore paiamedu batarudo. Ure pureore, mare pagogiegidaere ukare pureore.	Page jamedy boe jire akoino. Pagoroe jamedurogu boe jire akoino. Pamaragodae jamedurogu jire akoino. Ure iegi mito ty je, icare boture. Icare Boe eerydyre ji. Dykeje icare makaguragare. Dykejere icare kuricigore. Oino. Oinore Pemore paiamedy batarydo. Ure pureore, mare pagogiegidaere ukare pureore.		Ela falava de toda a nossa comida.. Falava de todas as nossas coisas. Falava de todos os nossos trabalhos. Ele os nomeava s— uma vez e logo apareciam. Aí o povo os via. Depois aumentavam e se multiplicavam. Assim Pemo nos fez todos falar. Era igual, mas a nossa linguagem não era igual.	0.950	orthographic/editorial	replace: [jamedu] -> [jamedy] | replace: [tu] -> [ty] | replace: [eerudure] -> [eerydyre] | replace: [Dukeje] -> [Dykeje] | replace: [Dukejere] -> [Dykejere] | replace: [paiamedu batarudo.] -> [paiamedy batarydo.]
BOR-CORBO-HM001-u083	Ure nowu jeture puiagejewuge ewadarudo nono nowu kodure boeto jiwuge ewadaru reore.	Ure nowy jeture puiagejewyge ewadarydo nono nowy kodure boeto jiwyge ewadary reore.		Os que ficaram receberam a mesma linguagem que os que passaram primeiro.	0.928	orthographic/editorial	replace: [nowu] -> [nowy] | replace: [puiagejewuge ewadarudo] -> [puiagejewyge ewadarydo] | replace: [nowu] -> [nowy] | replace: [jiwuge ewadaru] -> [jiwyge ewadary]
BOR-CORBO-HM001-u084	Nowu eeguiee eture tabowu awu moto kaewu eke rogure iere kuiada, iere ju, pobe tu je. Ure towujewu imedure iere Kuieje Bakidobo, metuia iere Bure Koibo. Oinore pemore eiedo. Dure ere tugu ira igodagori (pau queimado) urugudato (na cinza). Du tore ere nowu kuiada tugu. Nowu Pemo koiare ure eeruduwado tuwo tugu, turowo oino ji, boe jameedu ukeje; okudu rakaguragare Boe ebo duko.	Nowy eeguiee eture tabowy awy moto kaewy eke rogure iere kuiada, iere ju, pobe ty je. Ure towyjewy imedyre iere Kuieje Bakidobo, metyia iere Bure Koibo. Oinore pemore eiedo. Dure ere tugu ira igodagori (pau queimado) urugudato (na cinza). Du tore ere nowy kuiada tugu. Nowy Pemo koiare ure eerydywado tuwo tugu, turowo oino ji, boe jameedy ukeje; okudu rakaguragare Boe ebo dyko.		"O alimento dos que vieram para cá, para esta terra com os seu animais chama-se milho, chama-se mandioca. S— dois. 
A pessoa que os fez chama-se Kuieje Bakidobo, o companheiro dele chama-se Bure Koibo. Esse foi o nome que Pemo lhes deu. Eles plantaram nas cinzas de paus queimados. Aí eles plantaram o milho. Foi Pemo quem lhes ensinou a plantar, para fazerem assim, para alimento de todo mundo. Porque tinha muita compaixão dos Bororo."	0.731	substantive-or-segmentation	replace: [Nowu] -> [Nowy] | replace: [tabowu awu] -> [tabowy awy] | replace: [kaewu] -> [kaewy] | replace: [tu] -> [ty] | replace: [towujewu imedure] -> [towyjewy imedyre] | replace: [metuia] -> [metyia] | replace: [nowu] -> [nowy] | replace: [Nowu] -> [Nowy]
BOR-CORBO-HM001-u085	Icare kuiarure pugeje. Kuributure. Aiwore ji. Akore Atudo. Woere amugure. Barogo Bororo (Bak. Ec. Boiad. Uwie), oinore akiere, oinore akagarure.	Icare kuiarure pugeje. Kuributure. Aiwore ji. Akore: Atudo. Woere amugure. Barogo Bororo (Bak. Ec. Boiad. Uwie), oinore akiere, oinore akagarure.		"Novamente engravidou e deu ˆ luz.
Observou-o: Era também parecido com os seus colegas. 
Disse-lhe: - Venha. Você fique aqui. Barogo Bororo61 é o seu nome. É assim que você se chama."	0.997	near-identical	replace: [Akore] -> [Akore:]
BOR-CORBO-HM001-u086	Icare kuiarure pugeje. Kuributure. Aiwore ji: Ure tumedage ereore. Akore Atudo. Woere amugure. Barameri (Bok Ec. Boiad. Etuwie), oinore akiere, oinore akagarure.	Icare kuiarure pugeje. Kuributure. Aiwore ji: Ure tumedage ereore. Akore: Atudo. Woere amugure. Barameri (Bok Ec. Boiad. Etuwie), oinore akiere, oinore akagarure.		"Novamente engravidou e deu ˆ luz.
Observou-o: Era também parecido com os seus colegas. 
Disse-lhe: - Venha. Você fique aqui. Baramere62 é o seu nome. É assim que você se chama."	0.997	near-identical	replace: [Akore] -> [Akore:]
BOR-CORBO-HM001-u087	Icare kuiarure pugeje. Kuributure. Aiwore ji: Ure tumedage ereore. Akore Atudo. Woere amugure woe. Arogiarewu (Bok Ec. Boeupo kejewu),oinore akiere, oinoire akagarure.	Icare kuiarure pugeje. Kuributure. Aiwore ji: Ure tumedage ereore. Akore: Atudo. Woere amugure woe. Arogiarewy (Bok Ec. Boeupo kejewu),oinore akiere, oinoire akagarure.		"Novamente engravidou e deu ˆ luz.
Observou-o: Era parecido com os seus colegas. 
Disse-lhe: - Venha. Você fique aqui. Arogiarewu63 é o seu nome. É assim que você se chama."	0.991	near-identical	replace: [Akore] -> [Akore:] | replace: [Arogiarewu] -> [Arogiarewy]
BOR-CORBO-HM001-u088	Icare kuiarure pugeje. Kuributure. Aiwore ji: Ure nono tumedagere. Akore Atudo. Woere amugure. Inokuri (Bok. Ec. Ceb)nure aki. Inokuri, oinore akiere, oinore akagarure.	Icare kuiarure pugeje. Kuributure. Aiwore ji: Ure nono tumedagere. Akore: Atudo. Woere amugure. Inokuri (Bok. Ec. Ceb)nure aki. Inokuri, oinore akiere, oinore akagarure.		"Novamente engravidou e deu ˆ luz.
Observou-o: Era também parecido com os seus colegas. 
Disse-lhe: - Venha. Você fique aqui. Inokuri64 é o seu nome. É assim que você se chama"	0.997	near-identical	replace: [Akore] -> [Akore:]
BOR-CORBO-HM001-u089	Icare kuiarure pugeje. Kuributure. Aiwore ji: Ure nono tumedagere. Akore Atudo. Woere amugure woe. Torobaru (Kiedu Cob.), oinore akiere, oinore akagarure.	Icare kuiarure pugeje. Kuributure. Aiwore ji: Ure nono tumedagere. Akore: Atudo. Woere amugure woe. Torobaru (Kiedy Cob.), oinore akiere, oinore akagarure.		"Novamente engravidou e deu ˆ luz.
Observou-o: Era parecido com os seus colegas. 
Disse-lhe: - Venha. Você fique aqui. Torobaru65 é o seu nome. É assim que você se chama."	0.990	near-identical	replace: [Akore] -> [Akore:] | replace: [(Kiedu] -> [(Kiedy]
BOR-CORBO-HM001-u090	Icare kuiarure pugeje. Icare kuributure. Aiwore ji: - Ure nono tumedagere. Akore Atudo. Woere amugure woe. Kudoro (Kiedu Boiad.), oinore akiere, oinore akagarure.	Icare kuiarure pugeje. Icare kuributure. Aiwore ji: - Ure nono tumedagere. Akore: Atudo. Woere amugure woe. Kudoro (Kiedy Boiad.), oinore akiere, oinore akagarure.		"Novamente engravidou e deu ˆ luz.
Observou-o: Era parecido com os seus colegas. 
Disse-lhe: - Venha. Você fique aqui. Kudoro66 é o seu nome. É assim que você se chama."	0.991	near-identical	replace: [Akore] -> [Akore:] | replace: [(Kiedu] -> [(Kiedy]
BOR-CORBO-HM001-u091	Icare kuiarure pugeje. Kuributure. Aiwore ji: Ure nono tumedagere. Akore Atudo. Woere amugure woe. Uwaborewu (Bad. Cob.), oinore akiere, oinore akagarure.	Icare kuiarure pugeje. Kuributure. Aiwore ji: Ure nono tumedagere. Akore: Atudo. Woere amugure woe. Uwaborewy (Bad. Cob.), oinore akiere, oinore akagarure.		"Novamente engravidou e deu ˆ luz.
Observou-o: Era parecido com os seus colegas. 
Disse-lhe: - Venha. Você fique aqui. Uwaborewu67 é o seu nome. É assim que você se chama."	0.990	near-identical	replace: [Akore] -> [Akore:] | replace: [Uwaborewu] -> [Uwaborewy]
BOR-CORBO-HM001-u092	Icare kuributure pugeje. Aiwore ji: - Ure tumedage ereore. Akore; Atudo. Woere amugure woe. Oca Kudurewu (Ecerae), oinore akiere, oinore akagarure.	Icare kuributure pugeje. Aiwore ji: - Ure tumedage ereore. Akore; Atudo. Woere amugure woe. Oca Kudurewy (Ecerae), oinore akiere, oinore akagarure.		"Novamente engravidou e deu ˆ luz.
Observou-o: Era parecido com os seus colegas. 
Disse-lhe: - Venha. Você fique aqui. Oca Kudurewu68 é o seu nome. É assim que você se chama."	0.993	near-identical	replace: [Kudurewu] -> [Kudurewy]
BOR-CORBO-HM001-u093	Icare kuiarre pugeje. Kuributure. Aiwore ji: Ure nono tumedagere. Akore Atudo. Woere amugure woe. Bakorokudu (Bad. Boiad. ), oinore akiere, oinore akagarure.	Icare kuiarre pugeje. Kuributure. Aiwore ji: Ure nono tumedagere. Akore: Atudo. Woere amugure woe. Bakorokudu (Bad. Boiad. ), oinore akiere, oinore akagarure.		"Novamente engravidou e deu ˆ luz.
Observou-o: Era parecido com os seus colegas. 
Disse-lhe: - Venha. Você fique aqui. Bakoro Kudu69 é o seu nome. É assim que você se chama.70"	0.997	near-identical	replace: [Akore] -> [Akore:]
BOR-CORBO-HM001-u094	Icare kuiarre pugeje. Kuributure. Aiwore ji: Ure nono tumedagere. Akore Atudo. Woere amugure woe. Arua (Bad. Ceb), oinore akiere, oinore akagarure.	Icare kuiarre pugeje. Kuributure. Aiwore ji: Ure nono tumedagere. Akore: Atudo. Woere amugure woe. Arua (Bad. Ceb), oinore akiere, oinore akagarure.		"Novamente engravidou e deu ˆ luz.
Observou-o: Era parecido com os seus colegas. 
Disse-lhe: - Venha. Você fique aqui. Arua71 é o seu nome. É assim que você se chama."	0.997	near-identical	replace: [Akore] -> [Akore:]
BOR-CORBO-HM001-u095	Icare kuiarure pugeje. Kuributure. Aowore ji: Ure tumedage ereore. Akore Atudo. Woere amugure woe. Ikuira (Bad. Ceb. Etuwie), oinore akiere, oinore akagarure.	Icare kuiarure pugeje. Kuributure. Aowore ji: Ure tumedage ereore. Akore: Atudo. Woere amugure woe. Ikuira (Bad. Ceb. Etuwie), oinore akiere, oinore akagarure.		"Novamente engravidou e deu ˆ luz.	
Observou-o: Era parecido com os seus colegas. 
Disse-lhe: - Venha. Você fique aqui. Ikuira72 é o seu nome. É assim que você se chama."	0.997	near-identical	replace: [Akore] -> [Akore:]
BOR-CORBO-HM001-u096	Du kodire, Meriri Poro koiare ure Boe eiegi. Meriri Poro koiare ure Boe eie bu Boe ewugeje. Ure barege eie bu barege ewugeje.	Du kodire, Meriri Poro koiare ure Boe eiegi. Meriri Poro koiare ure Boe eie bu Boe ewygeje. Ure barege eie bu barege ewygeje.		Por isso foi Meriri Poro que deu nomes ás pessoas. Foi Meriri Poro que p™s nomes ˆs pessoas. Foi também ele quem p™s nome nos animais.	0.984	near-identical	replace: [ewugeje.] -> [ewygeje.] | replace: [ewugeje.] -> [ewygeje.]
BOR-CORBO-HM001-u097	Jerigi Otojiwu jire Boere ciegi. Jerigi Otogiwu ocagodure, akore Ps ps ps ps! Boe ewogai. Mare Boe enojagodukare. Kiarigodure tuÉ Kiarigodure Boe ewogai	Jerigi Otojiwy jire Boere ciegi. Jerigi Otogiwy ocagodyre, akore: Ps ps ps ps! Boe ewogai. Mare Boe enojagodykare. Kiarigodyre tuÉ Kiarigodyre Boe ewogai		"Os Bororo se apresentam a Jerigi Otojiwu.73
Jerigi Otojiwu assobiou dizendo: - Ps ps ps ps! Chamando os Bororo. Mas eles não responderam. Ele ficou muito triste. Estava com saudade dos Bororo."	0.957	orthographic/editorial	replace: [Otojiwu] -> [Otojiwy] | replace: [Otogiwu ocagodure, akore] -> [Otogiwy ocagodyre, akore:] | replace: [enojagodukare. Kiarigodure] -> [enojagodykare. Kiarigodyre] | replace: [Kiarigodure] -> [Kiarigodyre]
BOR-CORBO-HM001-u098	Barogwa kododure, ocagodure pugeje. Biapagare. Boe enojagodukare. Barogwa kododure pugeje, ocagodure pugeje, biapagare, Boe enojagodukare. Barogwa kododure pugeje, ocagodure pugeje, biapagare, Boe enojagodukare.	Barogwa kododure, ocagodyre pugeje. Biapagare. Boe enojagodykare. Barogwa kododure pugeje, ocagodyre pugeje, biapagare, Boe enojagodykare. Barogwa kododure pugeje, ocagodyre pugeje, biapagare, Boe enojagodykare.		Durante vários dias, ao amanhecer, ele sempre assobiava e ficava esperando resposta, mas os Bororo não respondiam.	0.948	orthographic/editorial	replace: [ocagodure] -> [ocagodyre] | replace: [enojagodukare.] -> [enojagodykare.] | replace: [ocagodure] -> [ocagodyre] | replace: [enojagodukare.] -> [enojagodykare.] | replace: [ocagodure] -> [ocagodyre] | replace: [enojagodukare.] -> [enojagodykare.]
BOR-CORBO-HM001-u099	Nonore icare akore O! Boe enoiogwari kuri rabora woe! Boe eno bokudururu kurirabora woe! O! Kaiba Boe ekodure? ÔM!É Icare barogwa kododure, ocagodure pugeje. Biapagare. Okeare pugeje, akore ÔM!.. Wo!.. Arodu kaire? Oinore Jerigi Otojiwu akore. Icare barogwa kododure, ocagodure pugeje, biapagare.. O! Boe enojagodukare.	Nonore icare akore: O! Boe enoiogwari kuri rabora woe! Boe eno bokudururu kurirabora woe! O! Kaiba Boe ekodure? ÔM!É Icare barogwa kododure, ocagodyre pugeje. Biapagare. Okeare pugeje, akore: ÔM!.. Wo!.. Arodu kaire? Oinore Jerigi Otojiwy akore. Icare barogwa kododure, ocagodyre pugeje, biapagare.. O! Boe enojagodykare.		"Então disse: - Oh! Aqui os Bororo gritavam muito e faziam muito barulho! Oh! Para onde eles foram? ÔM!
Mais um dia amanheceu e ele assobiou de novo. Ficou escutando... Depois exclamou: - ÔM! Wo! Quando você apareceu? Assim falou Jerigi Otojiwu (Referindo-se ao Esp’rito Jakomea).
Na manhã seguinte assobiou de novo e ficou escutando. Mas os Bororo não respondiam."	0.969	orthographic/editorial	replace: [akore] -> [akore:] | replace: [ocagodure] -> [ocagodyre] | replace: [akore] -> [akore:] | replace: [Otojiwu] -> [Otojiwy] | replace: [ocagodure] -> [ocagodyre] | replace: [enojagodukare.] -> [enojagodykare.]
BOR-CORBO-HM001-u100	Icare barogwa kododure pugeje, icare ocagodure pugeje. A! Dukeje icare Boe enojagodure. Boe egore: - gi gi gi gigi gigi! Ba okwa jameduji. Dukeje ure tuiebu ta! tuwai piji, ure tuiemaedo tu... Boe bokware. Jordukare cewu ocare ino boeji.	Icare barogwa kododure pugeje, icare ocagodyre pugeje. A! Dykeje icare Boe enojagodyre. Boe egore: gi gi gi gigi gigi! Ba okwa jameduji. Dykeje ure tuiebu ta! tuwai piji, ure tuiemaedo ty... Boe bokware. Jordukare cewy ocare ino boeji.		"Amanheceu mais um dia e ele assobiou de novo.
Ah! Aí os Bororo assobiaram: - gi gi gi gigi gigi! Ao redor de toda a aldeia.
Então ele saiu logo da sua casa, e olhou para todo lado. Nada. Não viu quem tinha assobiado asssim."	0.970	near-identical	replace: [ocagodure] -> [ocagodyre] | replace: [Dukeje] -> [Dykeje] | replace: [enojagodure.] -> [enojagodyre.] | delete: [-] -> [] | replace: [Dukeje] -> [Dykeje] | replace: [tu...] -> [ty...] | replace: [cewu] -> [cewy]
BOR-CORBO-HM001-u101	Icare jekarere, mearudure Boe enojaji, kodi icare jekarere. Oinore rore! Kodo wojeÉ tuiegare tabo. Aiwore. Ure tuiemaedo tuiegare tabo. Icare ure Boe enojago, kodire icare jekarere.	Icare jekarere, mearudure Boe enojaji, kodi icare jekarere. Oinore rore! Kodo wojeÉ tuiegare tabo. Aiwore. Ure tuiemaedo tuiegare tabo. Icare ure Boe enojago, kodire icare jekarere.		Mas ele estava alegre. Tinha escutado o assobio dos Bororo, por isso estava alegre. Mexeu-se muito, foi para um lado e outro, alegre. Observou, olhou com alegria para todo lado. Finalmente ele tinha feito os Bororo assobiarem, por isso estava alegre.	1.000	near-identical	
BOR-CORBO-HM001-u102	Icare barogwa kododure pugeje, ocagodure pugeje. Há! Há! Boe enojagodure pugeje gi gi gigi gigi! Ca! Barogwa kododure pugeje. A! Boe enojagodure pugeje; gi gi gigi gigi! Ba okwa jameduji.	Icare barogwa kododure pugeje, ocagodyre pugeje. Há! Há! Boe enojagodyre pugeje gi gi gigi gigi! Ca! Barogwa kododure pugeje. A! Boe enojagodyre pugeje; gi gi gigi gigi! Ba okwa jameduji.		"Na manhã seguinte, assobiou de novo.
Ah! Ah! Os Bororo assobiaram novamente: gi gi gigi gigi! 
Eis! Mais um amanhecer e os Bororo assobiaram de novo: - gi gi gigi gigi! Ao redor de toda a aldeia."	0.984	near-identical	replace: [ocagodure] -> [ocagodyre] | replace: [enojagodure] -> [enojagodyre] | replace: [enojagodure] -> [enojagodyre]
BOR-CORBO-HM001-u103	Ure tuiebu ta! ... Ure tuiemaedo, jorudukare boeji. Ure turemo tuwaito pugeje. Jekarere pudui! Icare barogwa kododure pugeje.Ocagodure pugeje. A! Boe enojagodure pugeje: gigi gigi!. Ure tuiebu ta!É Ure tuiemaedo: Boe bokware. O! Boekare. Boe bokware.	Ure tuiebu ta! ... Ure tuiemaedo, jorudukare boeji. Ure turemo tuwaito pugeje. Jekarere pudui! Icare barogwa kododure pugeje.Ocagodyre pugeje. A! Boe enojagodyre pugeje: gigi gigi!. Ure tuiebu ta!É Ure tuiemaedo: Boe bokware. O! Boekare. Boe bokware.		"Saiu rápido. Olhou para todo lado, mas não viu os Bororo.
Entrou de novo na sua casa. Estava cheio de alegria.
Mais um amanhecer e ele assobiou de novo.
Ah! Os Bororo responderam assobiando de novo: - Gigi gigi!
Saiu logo, olhou estendeu a vista: Nada. Oh! Não. Não tinha nenhum Bororo."	0.992	near-identical	replace: [pugeje.Ocagodure] -> [pugeje.Ocagodyre] | replace: [enojagodure] -> [enojagodyre]
BOR-CORBO-HM001-u104	Barogwa kododure pugeje, ocagodure pugeje. Boe enojagodure pugeje: gigi gigi! Ure tuiebu ta! Ure tuiemaedo. Há! Há! Icare jorudure baiji. Oinore bai gigadure ba okwaji! A! Ure tugeragu jorubea paruji, kodo tabo ba oiado. Ure kodo baado, ure tumugudo keje, ure joru mugudo tuiogorai, tuwo towarudo.	Barogwa kododure pugeje, ocagodyre pugeje. Boe enojagodyre pugeje: gigi gigi! Ure tuiebu ta! Ure tuiemaedo. Há! Há! Icare jorudure baiji. Oinore bai gigadure ba okwaji! A! Ure tugeragu jorubea paruji, kodo tabo ba oiado. Ure kodo baado, ure tumugudo keje, ure joru mugudo tuiogorai, tuwo towarudo.		"Amanheceu mais uma vez e ele assobiou novamente. Os Bororo responderam: - Gigi gigi! Ele saiu logo. Estendeu a vista: Ah! Ah! Aí ele viu as casas. Era muita casa branquejando na beira da aldeia!
Ah! Pegou um tição acesso e foi com ele para o meio da aldeia. Estendeu a esteira, sentou-se nela e colocou o fogo na sua frente para se esquentar."	0.993	near-identical	replace: [ocagodure] -> [ocagodyre] | replace: [enojagodure] -> [enojagodyre]
BOR-CORBO-HM001-u105	Icare barogwa kododure pugeje, ocagodure pugeje. Boe enojagodure. Ure tuiebu. Há! Há! Oinore bai gigadure ba okwaji! Ure tugeragu joruji ta!, ure tugeragu tugudawu kodoji, kodo tabo ba oiada; ure nowu kodo bu, ure nowu jorugo, upagare Boe etaregodumode du bogai. Boe bokware.	Icare barogwa kododure pugeje, ocagodyre pugeje. Boe enojagodyre. Ure tuiebu. Há! Há! Oinore bai gigadure ba okwaji! Ure tugeragu joru ji ta!, ure tugeragu tugudawy kodoji, kodo tabo ba oiada; ure nowy kodo bu, ure nowy jorugo, upagare Boe etaregodymode du bogai. Boe bokware.		"Amanheceu de novo e novamente ele assobiou.
Os Bororo responderam. Ele saiu e viu muitas casas branquejando na beira da aldeia.
Pegou logo o fogo e a esteira e dirigiu-se paro o centro da aldeia; p™s a esteira no chão, avivou o fogo e ficou esperando para ver se os Bororo iam chegar. Nada."	0.813	substantive-or-segmentation	replace: [ocagodure] -> [ocagodyre] | replace: [enojagodure.] -> [enojagodyre.] | replace: [joruji] -> [joru ji] | replace: [tugudawu] -> [tugudawy] | replace: [nowu] -> [nowy] | replace: [nowu] -> [nowy] | replace: [etaregodumode] -> [etaregodymode]
BOR-CORBO-HM001-u106	Boecodure. Barogwa kododure pugeje. Ocagodure Boe ewogai pugeje. A! Boe enojagodure gigi gigi gigi! Ure tuiebu, oinore bai gigadure ba okwaji! Ure tugeragu tugudawu kododji, ure tugeragu joruji, ure baado ba oiadoda.	Boecodure. Barogwa kododure pugeje. Ocagodyre Boe ewogai pugeje. A! Boe enojagodyre gigi gigi gigi! Ure tuiebu, oinore bai gigadure ba okwaji! Ure tugeragu tugudawy kododji, ure tugeragu joru ji, ure baado ba oiadoda.		"Anoiteceu e amanheceu de novo. Novamente ele assobiou chamando os Bororo.
Ah! Os Bororo assobiaram:- gigi gigi gigi! Ele saiu, e viu as casas branquejando na beira da aldeia. Pegou sua esteira e o fogo, e colocou-os no centro da aldeia."	0.984	near-identical	replace: [Ocagodure] -> [Ocagodyre] | replace: [enojagodure] -> [enojagodyre] | replace: [tugudawu] -> [tugudawy] | replace: [joruji,] -> [joru ji,]
BOR-CORBO-HM001-u107	Dukeje icare ia imedu aregodure. Akore Akaregodure? Akore U! Itaregodu! Akore Bokarebo (Bak. Ec.Etuwie) imire iroino. Bokarebo, imire irtaregodure. Akore U! Akowarudo. Akore Amugudo, amugudo, amugudo!	Dykeje icare ia imedy aregodyre. Akore: Akaregodyre? Akore: U! Itaregody! Akore: Bokarebo (Bak. Ec.Etuwie) imire iroino. Bokarebo, imire irtaregodyre. Akore: U! Akowarudo. Akore: Amugudo, amugudo, amugudo! Cumprimentou-o: - Você chegou!		"Logo um homem chegou.
Cumprimentou-o: - Você chegou!
Respondeu: - Sim! Eu cheguei.
E acrescentou: - Sou eu Bokarebo74 que estou chegando. Eu, Bakorebo, cheguei.
Disse-lhe: - Sente, sente, sente!"	0.702	substantive-or-segmentation	replace: [Dukeje] -> [Dykeje] | replace: [imedu aregodure. Akore Akaregodure? Akore] -> [imedy aregodyre. Akore: Akaregodyre? Akore:] | replace: [Itaregodu! Akore] -> [Itaregody! Akore:] | replace: [irtaregodure. Akore] -> [irtaregodyre. Akore:] | replace: [Akore] -> [Akore:] | insert: [] -> [Cumprimentou-o: - Você chegou!]
BOR-CORBO-HM001-u108	Icare boecodure pugeje. Barogwa kododure. Ocagodure pugeje. A! Boe enojagodure pugeje gigi gigi! Ba okwa jameduji. Ure tugeragu tugudawu kodoji, joruji, kodo tabo ba oiado. Ure bado tu ba oiadoda.. Cewu aregodurewu aregodure, akore Itaregodu! Akore A! Akaregodure? Amugudo. Dukeje icare ia imedu aregodure pugeje, akore Itaregodu! Iwo itawarudore iroino. Akore U! Akowarudo, akowarudo, akowarudo. Amugudo, amugudo, amugudo. Ure tumugudo tu!.. Akore Akaruio Bokodori (Bak. Ec.) imire iroino, Akaruio Bokodori imire itaregodure.	Icare boecodure pugeje. Barogwa kododure. Ocagodyre pugeje. A! Boe enojagodyre pugeje gigi gigi! Ba okwa jameduji. Ure tugeragu tugudawy kodoji, joru ji, kodo tabo ba oiado. Ure bado ty ba oiadoda.. Cewy aregodyrewy aregodyre, akore: Itaregody! Akore: A! Akaregodyre? Amugudo. Dykeje icare ia imedy aregodyre pugeje, akore: Itaregody! Iwo itawarudore iroino. Akore: U! Akowarudo, akowarudo, akowarudo. Amugudo, amugudo, amugudo. Ure tumugudo tu!.. Akore: Akaruio Bokodori (Bak. Ec.) imire iroino, Akaruio Bokodori imire itaregodyre. Respondeu: -Ah! Você chegou? Tome assento.		"Anoiteceu de novo e amanheceu. Ele assobiou de novo. Ah! O povo respondeu assobiando ao redor da aldeia.
Ele pegou sua esteira e o fogo e foi com eles para o centro da aldeia e os colocou Aí no meio da praça.
O visitante chegou dizendo: - Eu cheguei.
Respondeu: -Ah! Você chegou? Tome assento.
Depois disso chegou um outro homem e disse: - Eu cheguei. Eu vim para me esquentar.
Respondeu: - Sim! Esquente-se, esquente-se, esquente-se. Sente, sente, sente.
Ele sentou-se e disse: - Sou eu, Akaruio Bokodori75, que estou chegando. Eu, Akaruio Bokodori, cheguei."	0.772	substantive-or-segmentation	replace: [Ocagodure] -> [Ocagodyre] | replace: [enojagodure] -> [enojagodyre] | replace: [tugudawu] -> [tugudawy] | replace: [joruji,] -> [joru ji,] | replace: [tu] -> [ty] | replace: [Cewu aregodurewu aregodure, akore Itaregodu! Akore] -> [Cewy aregodyrewy aregodyre, akore: Itaregody! Akore:] | replace: [Akaregodure?] -> [Akaregodyre?] | replace: [Dukeje] -> [Dykeje]
BOR-CORBO-HM001-u109	Boecodure pugeje. Barogwa kododure. Ocagodure pugeje. A! Boe enojagodure gigi gigi gigi! Ba okwaji. Ure tuiebu tugudawu kodo tabo, joru tabo. Mugure tu... dukeje icare ia imedu aregodure pugeje. Akore Itaregodure. Iwo itowarudore iroino. Akore Magurere (Bok. Ec. Cob) imire iroino. Magurere imire itaregodure. Jerigi Otogiwu akore ÔM Ôm Ôm! Ema rugadu, ema rugadu, ema rugadu!	Boecodure pugeje. Barogwa kododure. Ocagodyre pugeje. A! Boe enojagodyre gigi gigi gigi! Ba okwaji. Ure tuiebu tugudawy kodo tabo, joru tabo. Mugure ty... dykeje icare ia imedy aregodyre pugeje. Akore: Itaregodyre. Iwo itowarudore iroino. Akore: Magurere (Bok. Ec. Cob) imire iroino. Magurere imire itaregodyre. Jerigi Otogiwy akore: ÔM Ôm Ôm! Ema rugadu, ema rugadu, ema rugadu!		"Anoiteceu de novo. Ao amanhecer, ele assobiou de novo.
Os Bororos responderam Ð Gigi gigi gigi! Ao redor da aldeia.
Ele saiu com a sua esteira e com o fogo. Ficou esperando, até que um outro homem chegou e disse: - Eu cheguei. Vim para me esquentar. E acrescentou: Sou eu, Magurere76, que cheguei. Eu, Magurere, cheguei.
Jerigi Otojiwu disse: ÔM Ôm Ôm! Isso mesmo, isso mesmo, isso mesmo!"	0.922	orthographic/editorial	replace: [Ocagodure] -> [Ocagodyre] | replace: [enojagodure] -> [enojagodyre] | replace: [tugudawu] -> [tugudawy] | replace: [tu... dukeje] -> [ty... dykeje] | replace: [imedu aregodure] -> [imedy aregodyre] | replace: [Akore Itaregodure.] -> [Akore: Itaregodyre.] | replace: [Akore] -> [Akore:] | replace: [itaregodure.] -> [itaregodyre.]
BOR-CORBO-HM001-u110	Icare boecodure pugeje. Barogwa kododure, ocagodure pugeje. Boe enojagodure gigi gigi gigi! Ure tuiebu, aiwore: oinore bai gigadure ba okwaji! Ure tugeragu tugudawu kodoji, ure tugeragu joruji, ure bu ba oiadoda. Ure jorugo tu, dukeje icare ia imedu aregodure, akore Itaregodu, iwo itowarudore iroino. Akore Imorio (Bok. Ec. Cob.) imire iroino. Imorio imire itaregodure.	Icare boecodure pugeje. Barogwa kododure, ocagodyre pugeje. Boe enojagodyre gigi gigi gigi! Ure tuiebu, aiwore: oinore bai gigadure ba okwa ji! Ure tugeragu tugudawy kodo ji, ure tugeragu joru ji, ure bu ba oiadoda. Ure jorugo tu, dykeje icare ia imedy aregodyre, akore: Itaregody, iwo itowarudore iroino. Akore: Imorio (Bok. Ec. Cob.) imire iroino. Imorio imire itaregodyre.		"Anoiteceu de novo. Ao amanhecer, ele assobiou de novo.
Os Bororos responderam Ð Gigi gigi gigi
Ele saiu, observou: tinha muita casa branquejando na beira da aldeia. 
Pegou sua esteira e o fogo e colocou-os no centro da aldeia.
Quando estava avivando o fogo, chegou um outro homem dizendo: - Eu cheguei, eu vim para me esquentar.
E disse: - Sou eu, Imorio77, que cheguei. Eu Imorio, cheguei."	0.803	substantive-or-segmentation	replace: [ocagodure] -> [ocagodyre] | replace: [enojagodure] -> [enojagodyre] | replace: [okwaji!] -> [okwa ji!] | replace: [tugudawu kodoji,] -> [tugudawy kodo ji,] | replace: [joruji,] -> [joru ji,] | replace: [dukeje] -> [dykeje] | replace: [imedu aregodure, akore Itaregodu,] -> [imedy aregodyre, akore: Itaregody,] | replace: [Akore] -> [Akore:]
BOR-CORBO-HM001-u111	Boecodure pugeje, barogwa kododure, ocagodurepugeje. Boe enojagodure: gigi gigi gigi! Ure tuiebu. Oinore bai gigadure ba okwaji! Ure tugeragu tugudawu kodoji, ure tugeragu joruji tu... Mugure tu je, dukejere icare ia imedu aregodure. Akore Itaregodure. Iwo itowarudore iroino. Akore Bokodoribaru (Bok Ec. Cob) imire iroino. Bokodoribaru imire itaregodure..	Boecodure pugeje, barogwa kododure, ocagodyrepugeje. Boe enojagodyre: gigi gigi gigi! Ure tuiebu. Oinore bai gigadure ba okwa ji! Ure tugeragu tugudawy kodoji, ure tugeragu joru ji ty... Mugure ty je, dykejere icare ia imedy aregodyre. Akore: Itaregodyre. Iwo itowarudore iroino. Akore: Bokodoribaru (Bok Ec. Cob) imire iroino. Bokodoribaru imire itaregodyre..		"Anoiteceu de novo. Ao amanhecer, ele assobiou de novo.
Os Bororos responderam Ð Gigi gigi gigi
Ele saiu, observou: tinha muita casa branquejando na beira da aldeia. 
Pegou sua esteira, pegou o fogo e, logo que sentou, chegou um outro homem dizendo. Eu cheguei. Eu vim para me esquentar.
E acrescentou: - Sou eu, Bokodoribaru78, que cheguei. Eu Bokodoribaru, cheguei."	0.925	orthographic/editorial	replace: [ocagodurepugeje.] -> [ocagodyrepugeje.] | replace: [enojagodure:] -> [enojagodyre:] | replace: [okwaji!] -> [okwa ji!] | replace: [tugudawu] -> [tugudawy] | replace: [joruji tu...] -> [joru ji ty...] | replace: [tu] -> [ty] | replace: [dukejere] -> [dykejere] | replace: [imedu aregodure. Akore Itaregodure.] -> [imedy aregodyre. Akore: Itaregodyre.]
BOR-CORBO-HM001-u112	Icare boecodure pugeje, barogwa kododure, ocagodure pugeje. Ure tuiebu: Oinore bai gigadure ba okwaji! Dukeje ia imedu aregodure, akore Itaregodu. Iwo itowarudore iroino. Akore Poruiepa (Bok Ec. Boiad.) imire iroino. Poruiepa imire itaregodure.	Icare boecodure pugeje, barogwa kododure, ocagodyre pugeje. Ure tuiebu: Oinore bai gigadure ba okwa ji! Dykeje ia imedy aregodyre, akore: Itaregody. Iwo itowarudore iroino. Akore: Poruiepa (Bok Ec. Boiad.) imire iroino. Poruiepa imire itaregodyre.		"Anoiteceu de novo. Ao amanhecer, ele assobiou de novo.
Os Bororos responderam Ð Gigi gigi gigi
Ele saiu. Tinha muita casa branquejando na beira da aldeia. 
Logo chegou um outro homem, dizendo: - Eu cheguei. Vim para me esquentar.
E acrescentou: - Sou eu, Poruiepa79, que cheguei. Eu Poruiepa, cheguei."	0.929	orthographic/editorial	replace: [ocagodure] -> [ocagodyre] | replace: [okwaji! Dukeje] -> [okwa ji! Dykeje] | replace: [imedu aregodure, akore Itaregodu.] -> [imedy aregodyre, akore: Itaregody.] | replace: [Akore] -> [Akore:] | replace: [itaregodure.] -> [itaregodyre.]
BOR-CORBO-HM001-u113	Boecodure pugeje, Barogwa kododure, ocagodure pugeje. A! Boe enojagodure pugeje: gigi gigi gigi! Ure tuiebu ta! Ure tugeragu tugudawu kodoji, joruji, ure baado. Ure jorugo, icare ia imedu aregodure.Akore Itaregodu. Iwo itowarudore iroino. Akore Barogo Bororo (Bok Ec. Boiad.) imire iroino. Barogo Bororo imire itaregodure.	Boecodure pugeje, Barogwa kododure, ocagodyre pugeje. A! Boe enojagodyre pugeje: gigi gigi gigi! Ure tuiebu ta! Ure tugeragu tugudawy kodoji, joru ji, ure baado. Ure jorugo, icare ia imedy aregodyre.Akore: Itaregody. Iwo itowarudore iroino.		"Anoiteceu de novo. Ao amanhecer, ele assobiou de novo.
Os Bororos responderam Ð Gigi gigi gigi
Ele saiu logo! Pegou sua esteira e o fogo e os colocou no lugar.
Quando estava avivando o fogo, chegou um outro homem dizendo: - Eu cheguei. Eu vim para me esquentar. 
E acrescentou: Sou eu, Barogo Bororo80, que cheguei. Eu Barogo Bororo cheguei."	0.801	substantive-or-segmentation	replace: [ocagodure] -> [ocagodyre] | replace: [enojagodure] -> [enojagodyre] | replace: [tugudawu] -> [tugudawy] | replace: [joruji,] -> [joru ji,] | replace: [imedu aregodure.Akore Itaregodu.] -> [imedy aregodyre.Akore: Itaregody.] | delete: [Akore Barogo Bororo (Bok Ec. Boiad.) imire iroino. Barogo Bororo imire itaregodure.] -> []
BOR-CORBO-HM001-u114	Boecodure pugeje, barogwa kododure, ocagodure. Boe enojagodure: gigi gigi gigi! Kodo kuri. Ure tuiebu. Aiwore: A! Oinore bai gigadure ba kwaji! Ure tugeragu tugudawu kodoji, ure tugeragu joruji, ure tugudawu kodo baado, ure jorugo tu.. Mugure tu...je, dukeje icare ia imedu aregodure. Akore Itaregodu! Iwo itowarudore iroino. Akore Baramere (Bok. Ec. upo kejewu) imire iroino. Baramere imire itaregodure.	Boecodure pugeje, barogwa kododure, ocagodyre. Boe enojagodyre: gigi gigi gigi! Kodo kuri. Ure tuiebu. Aiwore: A! Oinore bai gigadure ba kwaji! Ure tugeragu tugudawy kodoji, ure tugeragu joru ji, ure tugudawy kodo baado, ure jorugo tu.. Mugure ty...je, dykeje icare ia imedy aregodyre. Akore: Itaregody! Iwo itowarudore iroino. Akore: Baramere (Bok. Ec. upo kejewu) imire iroino. Baramere imire itaregodyre.		"Anoiteceu de novo. Ao amanhecer, ele assobiou de novo.
Os Bororos responderam Ð Gigi gigi gigi
Rapidamente ele saiu, observou: Ah! Tinha muita casa branquejando na beira da aldeia. 
Pegou sua esteira, pegou o fogo. Estendeu sua esteira, avivou o fogo, e apenas sentou, chegou um outro homem, dizendo: - Eu cheguei. Eu vim para me esquentar.
E acrescentou: - Sou eu, Barameri81, que cheguei. Eu, Barameri, cheguei."	0.826	substantive-or-segmentation	replace: [ocagodure.] -> [ocagodyre.] | replace: [enojagodure:] -> [enojagodyre:] | replace: [tugudawu] -> [tugudawy] | replace: [joruji,] -> [joru ji,] | replace: [tugudawu] -> [tugudawy] | replace: [tu...je, dukeje] -> [ty...je, dykeje] | replace: [imedu aregodure. Akore Itaregodu!] -> [imedy aregodyre. Akore: Itaregody!] | replace: [Akore] -> [Akore:]
BOR-CORBO-HM001-u115	Boecodure pugeje, barogwa kododure, ocagodure pugeje. Boe enojagodure: gigi gigi gigi! Ure tuiebu. A! Oinore bai gigadure ba okwaji! Wo!.. Ure tugeregu tugudawu kodoji, joruji, ure tugudawu kodo baado, ure jorugo. Dukeje icare ia imedu aregodure, akore Itaregodu! Iwo itowarudore iroino. Akore Aromerere (Bok. Ec. Ceb.) imire itaregodure. Aromerere imire itaregodure.	Boecodure pugeje, barogwa kododure, ocagodyre pugeje. Boe enojagodyre: gigi gigi gigi! Ure tuiebu. A! Oinore bai gigadure ba okwaji! Wo!.. Ure tugeregu tugudawy kodoji, joru ji, ure tugudawy kodo baado, ure jorugo. Dykeje icare ia imedy aregodyre, akore: Itaregody! Iwo itowarudore iroino. Akore: Aromerere (Bok. Ec. Ceb.) imire itaregodyre. Aromerere imire itaregodyre.		"Anoiteceu de novo. Ao amanhecer, ele assobiou.
Os Bororos responderam Ð Gigi gigi gigi
Ele saiu: Ah! Tinha muita casa branquejando na beira da aldeia. 
Pegou sua esteira e o fogo. Estendeu a esteira e avivou o fogo. Nisso chegou um outro homem dizendo: - Eu cheguei. Eu vim para me esquentar.
E acrescentou: - Sou eu, Aromerere82, que cheguei. Eu Aromerere, cheguei."	0.841	substantive-or-segmentation	replace: [ocagodure] -> [ocagodyre] | replace: [enojagodure:] -> [enojagodyre:] | replace: [tugudawu] -> [tugudawy] | replace: [joruji,] -> [joru ji,] | replace: [tugudawu] -> [tugudawy] | replace: [Dukeje] -> [Dykeje] | replace: [imedu aregodure, akore Itaregodu!] -> [imedy aregodyre, akore: Itaregody!] | replace: [Akore] -> [Akore:]
BOR-CORBO-HM001-u116	Icare boecodure pugeje, barogwa kododure. Ocagodure, ure tuiebu. A! Oinore bai gigadure ba okwaji! Icare ure tugeragu tugudawu kodoji. Ure tugeragu joruji. Ure baado, ure jorugo. Dukeje icare ia imedu aregodure, akore Itaregodu. Iwo itowarudore iroino. Akore Inokuri (Bok. Ec. Ceb.) imire iroino. Inokuri imire itaregodure iroino	Icare boecodure pugeje, barogwa kododure. Ocagodyre, ure tuiebu. A! Oinore bai gigadure ba okwaji! Icare ure tugeragu tugudawy kodoji. Ure tugeragu joru ji. Ure baado, ure jorugo. Dukeje icare ia imedy aregodyre, akore: Itaregody. Iwo itowarudore iroino. Akore: Inokuri (Bok. Ec. Ceb.) imire iroino. Inokuri imire itaregodyre iroino		"Anoiteceu de novo e amanheceu.
Ele assobiou e saiu: Ah! Tinha muita casa branquejando na beira da aldeia!
Pegou sua esteira, pegou o fogo. Estendeu a esteira e avivou o fogo. Então um outro homem chegou dizendo: - Eu cheguei. Eu vim para me esquentar.
E acrescentou: - Sou eu, Inokuri83, que estou chegando. Eu Inokuri cheguei."	0.902	orthographic/editorial	replace: [Ocagodure,] -> [Ocagodyre,] | replace: [tugudawu] -> [tugudawy] | replace: [joruji.] -> [joru ji.] | replace: [imedu aregodure, akore Itaregodu.] -> [imedy aregodyre, akore: Itaregody.] | replace: [Akore] -> [Akore:] | replace: [itaregodure] -> [itaregodyre]
BOR-CORBO-HM001-u117	Icare boecodure, barogwa kododure, ocagodure. Boe enojagodure: gigi gigi! Ure tuiebu: Oinore bai gigadure ba okwaji!. Ure tugeragu tugudawu kodoji, ure tugeragu joruji, ure baado tuÉ ba oiadoda. Ure jorugo tu.. Dukeje icare ia imedu aregodure. Akore Itaregodu. Iwo itowarudore iroino. Akore Torobaru (Kie Kuj.) imire iroino, imire itaregodure.	Icare boecodure, barogwa kododure, ocagodyre. Boe enojagodyre: gigi gigi! Ure tuiebu: Oinore bai gigadure ba okwaji!. Ure tugeragu tugudawy kodoji, ure tugeragu joru ji, ure baado tuÉ ba oiadoda. Ure jorugo tu.. Dykeje icare ia imedy aregodyre. Akore: Itaregody. Iwo itowarudore iroino. Akore: Torobaru (Kie Kuj.) imire iroino, imire itaregodyre.		"Anoiteceu, amanheceu, ele assobiou e os Bororo responderam: - gig gigi!
Ele saiu: Tinha muita casa branquejando na beira da aldeia!
Pegou sua esteira, pegou o fogo, estendeu a esteira no meio da aldeia e acendeu o fogo.
Logo um outro homem chegou dizendo: - Eu cheguei. Eu vim para me esquentar.
E acrescentou: Sou eu, Torobaru84, que estou chegando. Eu Torobaru cheguei."	0.868	orthographic/editorial	replace: [ocagodure.] -> [ocagodyre.] | replace: [enojagodure:] -> [enojagodyre:] | replace: [tugudawu] -> [tugudawy] | replace: [joruji,] -> [joru ji,] | replace: [Dukeje] -> [Dykeje] | replace: [imedu aregodure. Akore Itaregodu.] -> [imedy aregodyre. Akore: Itaregody.] | replace: [Akore] -> [Akore:] | replace: [itaregodure.] -> [itaregodyre.]
BOR-CORBO-HM001-u118	Boecodure pugeje,barogwa kododure, ocagodure. Boe enojagodure: gigi gigi gigi! Ure tuiebu: oinore bai gigadure! Ure tugeragu tugudawu kodoji, ure tugeragu joruji ta! Kodo tabo ba oiado. Ure tugudawu kodo baado. Ure jorugo. Icare ia imedu aregodure, akore Itaregodu. Iwo itowarudore iroino. Akore Kudoro (Kiedu Boiad.) imire iroino. Kudoro imire itaregodure.	Boecodure pugeje,barogwa kododure, ocagodyre. Boe enojagodyre: gigi gigi gigi! Ure tuiebu: oinore bai gigadure! Ure tugeragu tugudawy kodoji, ure tugeragu joru ji ta! Kodo tabo ba oiado. Ure tugudawy kodo baado. Ure jorugo. Icare ia imedy aregodyre, akore: Itaregody. Iwo itowarudore iroino. Akore: Kudoro (Kiedy Boiad.) imire iroino. Kudoro imire itaregodyre.		"Anoiteceu de novo, amanheceu, ele assobiou. Os Bororo responderam: 
- Gigi gigi gigi! Ele saiu. Tinha muita casa branquejando!
Pegou logo sua esteira e o fogo. Levou-os para o centro da aldeia. Estendeu sua esteira e acendeu o fogo.
Logo um outro homem apareceu dizendo: - Eu cheguei. Eu vim para me esquentar.
E acrescentou: - Sou eu, Kudoro85, que estou chegando. Eu Kudoro cheguei."	0.943	orthographic/editorial	replace: [ocagodure.] -> [ocagodyre.] | replace: [enojagodure:] -> [enojagodyre:] | replace: [tugudawu] -> [tugudawy] | replace: [joruji] -> [joru ji] | replace: [tugudawu] -> [tugudawy] | replace: [imedu aregodure, akore Itaregodu.] -> [imedy aregodyre, akore: Itaregody.] | replace: [Akore] -> [Akore:] | replace: [(Kiedu] -> [(Kiedy]
BOR-CORBO-HM001-u119	Boecodure pugeje, barogwa kododure; ocagodure. Boe egore: gigi gigi gigi! Ure tuiebu ta! Aiwore tu... Oinore bai gigadure ba okwaji! Wo! Ure tugeragu tugudawu kodoji, joruji ta! Kodo tabo ba oiado. Dukeje icare ia imedu aregodure. Akore Itaregodu! Iwo itowarudore iroino. Akore Ki Bakororo (Kiedu Ceb.) imire iroino. Ki Bakororo imire itaregodure.	Boecodure pugeje, barogwa kododure; ocagodyre. Boe egore: gigi gigi gigi! Ure tuiebu ta! Aiwore ty... Oinore bai gigadure ba okwaji! Wo! Ure tugeragu tugudawy kodoji, joru ji ta! Kodo tabo ba oiado. Dykeje icare ia imedy aregodyre. Akore: Itaregody! Iwo itowarudore iroino. Akore: Ki Bakororo (Kiedy Ceb.) imire iroino. Ki Bakororo imire itaregodyre.		"Anoiteceu de novo e amanheceu; ele assobiou e os Bororo responderam: - gigi gigi gigi!
Saiu logo, observou: Tinha muita casa branquejando na beira da aldeia! Oh!
Pegou logo sua esteira e o fogo e foi com eles para o centro da aldeia.
Logo um outro homem chegou dizendo: - Eu cheguei. Eu vim para me esquentar.
E acrescentou: - Sou eu, Ki Bakororo86, que estou chegando. Eu Ki Bakororo cheguei."	0.941	orthographic/editorial	replace: [ocagodure.] -> [ocagodyre.] | replace: [tu...] -> [ty...] | replace: [tugudawu] -> [tugudawy] | replace: [joruji] -> [joru ji] | replace: [Dukeje] -> [Dykeje] | replace: [imedu aregodure. Akore Itaregodu!] -> [imedy aregodyre. Akore: Itaregody!] | replace: [Akore] -> [Akore:] | replace: [(Kiedu] -> [(Kiedy]
BOR-CORBO-HM001-u120	Boecodure, barogwa kododure; ocagodure. Boe enojagodure. Ure tuiebu, aiwore: Oinore bai gigadure ba okwaji! Ure tugeragu tugudawu kodoji, ure tugeragu joruji, kodo tabo ba oiado. Ure tugudawu kodo bu tu...Ure jorugo tu... Dukeje icare ia imedu aregodure. Akore Itaregodu! Iwo itowarudore iroino. Akore Uwaborewu (Bad. Cob) imire iroino. Uwaborewu imire itaregodure.	Boecodure, barogwa kododure; ocagodyre. Boe enojagodyre. Ure tuiebu, aiwore: Oinore bai gigadure ba okwaji! Ure tugeragu tugudawy kodoji, ure tugeragu joru ji, kodo tabo ba oiado. Ure tugudawy kodo bu ty...Ure jorugo ty... Dykeje icare ia imedy aregodyre. Akore: Itaregody! Iwo itowarudore iroino. Akore: Uwaborewy (Bad. Cob) imire iroino. Uwaborewy imire itaregodyre.		"Anoiteceu, amanheceu, ele assobiou e os Bororo responderam.
Saiu, observou: Quantas casas branquejando na beira da aldeia!
Pegou sua esteira, pegou o fogo e levou-os para o centra da aldeia. Estendeu sua esteira e avivou o fogo. Aí um outro homem chegou dizendo: - Eu cheguei. Eu vim para me esquentar. E acrescentou: - Sou eu, Uwaborewu87, que estou chegando. Eu Uwaborewu cheguei."	0.840	substantive-or-segmentation	replace: [ocagodure.] -> [ocagodyre.] | replace: [enojagodure.] -> [enojagodyre.] | replace: [tugudawu] -> [tugudawy] | replace: [joruji,] -> [joru ji,] | replace: [tugudawu] -> [tugudawy] | replace: [tu...Ure] -> [ty...Ure] | replace: [tu... Dukeje] -> [ty... Dykeje] | replace: [imedu aregodure. Akore Itaregodu!] -> [imedy aregodyre. Akore: Itaregody!]
BOR-CORBO-HM001-u121	Boecodure pugeje, barogwa kododure; ocagodure pugeje. Boe enojagodure gigi gigi gigi! Ba okwaji. Ure tuiebu. Aiwore tu... Oinore bai gigadure ba okwaji! Ure tugeragu tugudawu kodoji, ure tugeragu joruji, kodo tabo ba oiado. Ure bado. Ure jorugo. Dukeje icare ia imedu aregodure, akore Itaregodu! Iwo itowarudore iroino. Akore Oca Kudurewu (Bad. Cob) imire iroino. Oca Kudurewu imire itaregodure.	Boecodure pugeje, barogwa kododure; ocagodyre pugeje. Boe enojagodyre gigi gigi gigi! Ba okwaji. Ure tuiebu. Aiwore ty... Oinore bai gigadure ba okwaji! Ure tugeragu tugudawy kodoji, ure tugeragu joru ji, kodo tabo ba oiado. Ure bado. Ure jorugo. Dykeje icare ia imedy aregodyre, akore: Itaregody! Iwo itowarudore iroino. Akore: Oca Kudurewy (Bad. Cob) imire iroino. Oca Kudurewy imire itaregodyre.		"Anoiteceu de novo, amanheceu, ele assobiou de novo. Os Bororos assobiaram: - gigi gigi gigi! na beira da aldeia.
Saiu, observou: Quantas casas branquejando na beira da aldeia!
Pegou sua esteira, pegou o fogo e levou-os para o centro da aldeia. Estendeu a esteira e avivou o fogo. Aí chegou um outro homem dizendo: - Eu cheguei. Eu vim para me esquentar. E acrescentou: - Sou eu, Oca Kudurewu88, que estou chegando. Eu Oca Kudurewu cheguei."	0.943	orthographic/editorial	replace: [ocagodure] -> [ocagodyre] | replace: [enojagodure] -> [enojagodyre] | replace: [tu...] -> [ty...] | replace: [tugudawu] -> [tugudawy] | replace: [joruji,] -> [joru ji,] | replace: [Dukeje] -> [Dykeje] | replace: [imedu aregodure, akore Itaregodu!] -> [imedy aregodyre, akore: Itaregody!] | replace: [Akore] -> [Akore:]
BOR-CORBO-HM001-u122	Boecodure pugeje, barogwa kododure; ocagodure. Boe enojagodure: - gigi gigi gigi! Ure tuiebu, aiwore: Oinore bai gigadure ba okwaji! Ure tugeragu tugudawu kodoji, ure tugeragu joruji, kodo tabo ba oiado. Ure bado, ure jorugo. Dukeje icare ia imedu aregodure, akore Itaregodu! Iwo itowarudore iroino. Akore Arua (Bad. Ceb.) imire iroino. Arua imire itaregodure.	Boecodure pugeje, barogwa kododure; ocagodyre. Boe enojagodyre: - gigi gigi gigi! Ure tuiebu, aiwore: Oinore bai gigadure ba okwaji! Ure tugeragu tugudawy kodoji, ure tugeragu joru ji, kodo tabo ba oiado. Ure bado, ure jorugo. Dykeje icare ia imedy aregodyre, akore: Itaregody! Iwo itowarudore iroino. Akore: Arua (Bad. Ceb.) imire iroino. Arua imire itaregodyre.		"Anoiteceu de novo e amanheceu; assobiou e os Bororo responderam: - gigi gigi gigi!
Saiu, observou: Tinha muitas casas branquejando na beira da aldeia!
Pegou sua esteira, pegou o fogo, e foi com eles para o centro da aldeia. Estendeu esteira e avivou o fogo. Nisso chegou um outro homem dizendo: - Eu cheguei. Eu vim para me esquentar. E acrescentou: - Sou eu, Arua89, que estou chegando. Eu Arua cheguei."	0.849	substantive-or-segmentation	replace: [ocagodure.] -> [ocagodyre.] | replace: [enojagodure:] -> [enojagodyre:] | replace: [tugudawu] -> [tugudawy] | replace: [joruji,] -> [joru ji,] | replace: [Dukeje] -> [Dykeje] | replace: [imedu aregodure, akore Itaregodu!] -> [imedy aregodyre, akore: Itaregody!] | replace: [Akore] -> [Akore:] | replace: [itaregodure.] -> [itaregodyre.]
BOR-CORBO-HM001-u123	Boecodure pugeje, barogwa kododure; ocagodure. Boe enojagodure gigi gigi gigi! Ure tuiebu ta! Aiwore: Oinore bai gigadure ba okwaji. Ure tugeragu tugudawo kodoji, joruji tu! Ure tugudawu kodo bado, ure jorugo tu... Dukeje ia imedu aregodure, akore Itaregodu! Iwo itowarudore iroino. Akore Bakorokudu (Bad. Boiad.) imire iroino. Bakorokudu imire itaregodure.	Boecodure pugeje, barogwa kododure; ocagodyre. Boe enojagodyre gigi gigi gigi! Ure tuiebu ta! Aiwore: Oinore bai gigadure ba okwaji. Ure tugeragu tugudawo kodoji, joru ji tu! Ure tugudawy kodo bado, ure jorugo ty... Dykeje ia imedy aregodyre, akore: Itaregody! Iwo itowarudore iroino. Akore: Bakorokudu (Bad. Boiad.) imire iroino. Bakorokudu imire itaregodyre.		"Anoiteceu de novo e amanheceu; assobiou e os Bororo assobiaram: - Gigi gigi gigi!
Saiu, observou: Muitas casas branquejavam na beira da aldeia!
Pegou logo sua esteira e o fogo. Estendeu sua esteira e avivou o fogo. Aí chegou um outro homem dizendo: - Eu cheguei. Eu vim para me esquentar.
E acrescentou: - Sou eu, Bakoro Kudu90, que cheguei. Eu Bakoro Kudu cheguei."	0.943	orthographic/editorial	replace: [ocagodure.] -> [ocagodyre.] | replace: [enojagodure] -> [enojagodyre] | replace: [joruji] -> [joru ji] | replace: [tugudawu] -> [tugudawy] | replace: [tu... Dukeje] -> [ty... Dykeje] | replace: [imedu aregodure, akore Itaregodu!] -> [imedy aregodyre, akore: Itaregody!] | replace: [Akore] -> [Akore:] | replace: [itaregodure.] -> [itaregodyre.]
BOR-CORBO-HM001-u124	Boecodure, barogwa kododure; ocagodure. Boe enojagodure: - gigi gigi gigi! Ba okwaji. Ure tuiebu, aiwore tu... Oinore bai gigadure ba okwaji! Ure tugeragu tugudawu kodoji ta! Ure tugerago joruji tu... Kodo tabo ba oiado. Ure bado. Ure jorugo. Dukeje icare ia imedu aregodure. Akore - Ikuira (Bad. Ceb.) imire itaregodure. Ikuira imire iroino.	Boecodure, barogwa kododure; ocagodyre. Boe enojagodyre: - gigi gigi gigi! Ba okwaji. Ure tuiebu, aiwore ty... Oinore bai gigadure ba okwaji! Ure tugeragu tugudawy kodoji ta! Ure tugerago joru ji ty... Kodo tabo ba oiado. Ure bado. Ure jorugo. Dykeje icare ia imedy aregodyre. Akore - Ikuira (Bad. Ceb.) imire itaregodyre. Ikuira imire iroino.		"Anoiteceu e amanheceu; assobiou e os Bororo responderam: - gigi gigi gigi! Na beira da aldeia.
Saiu, observou: Tinha muitas casas branquejando na beira da aldeia!
Pegou sua esteira, pegou o fogo, e foi com eles para o centro da aldeia. Estendeu a esteira e avivou o fogo. Logo chegou um outro homem dizendo: - Sou eu, Ikuira91, que estou chegando. Eu Ikuira cheguei."	0.940	orthographic/editorial	replace: [ocagodure.] -> [ocagodyre.] | replace: [enojagodure:] -> [enojagodyre:] | replace: [tu...] -> [ty...] | replace: [tugudawu] -> [tugudawy] | replace: [joruji tu...] -> [joru ji ty...] | replace: [Dukeje] -> [Dykeje] | replace: [imedu aregodure.] -> [imedy aregodyre.] | replace: [itaregodure.] -> [itaregodyre.]
BOR-CORBO-HM001-u125	Boecodure, barogwa kododure; ocagodure. Boe enojagodure: - gigi gigi gigi! Ure tuiebu, aiwore tuÉ Oinore bai gigadure ba okwaji! Ure tugeragu tugudawu kodoji ta! Ure tugeragu joruji ta! Kodo tabo ba oiado. Ure tugudawu kodo baado. Ure jorugo tu. Dukeje icare ia imedu aregodure, akore Itaregodu! Iwo itowarudore iroino. Akore Mano Kurirewu (Ar. Ceb) imire iroino. Mano Kurirewu imire itaregodure.	Boecodure, barogwa kododure; ocagodyre. Boe enojagodyre: - gigi gigi gigi! Ure tuiebu, aiwore tuÉ Oinore bai gigadure ba okwaji! Ure tugeragu tugudawy kodoji ta! Ure tugeragu joru ji ta! Kodo tabo ba oiado. Ure tugudawy kodo baado. Ure jorugo tu. Dykeje icare ia imedy aregodyre, akore: Itaregody! Iwo itowarudore iroino. Akore: Mano Kurirewy (Ar. Ceb) imire iroino. Mano Kurirewy imire itaregodyre.		"Anoiteceu e amanheceu; ele assobiou e os Bororo responderam: - gigi gigi gigi!
Saiu logo e observou: Tinha muitas casas branquejando na beira da aldeia!
Pegou a sua esteira, pegou o fogo e foi com eles para o centro da aldeia. Estendeu sua esteira e avivou o fogo. Logo chegou um outro homem dizendo: - Eu cheguei. Eu vim para me esquentar. E acrescentou: - Sou eu, Mano Kurirewu92, que estou chegando. Eu Mano Kurirewu cheguei."	0.870	orthographic/editorial	replace: [ocagodure.] -> [ocagodyre.] | replace: [enojagodure:] -> [enojagodyre:] | replace: [tugudawu] -> [tugudawy] | replace: [joruji] -> [joru ji] | replace: [tugudawu] -> [tugudawy] | replace: [Dukeje] -> [Dykeje] | replace: [imedu aregodure, akore Itaregodu!] -> [imedy aregodyre, akore: Itaregody!] | replace: [Akore] -> [Akore:]
BOR-CORBO-HM001-u126	Icare boecodure, barogwa kododure; ocagodure. Boe enojagodure: - gigi gigi gigi! Ure tuiebu ta! Aiwore: Oinore bai gigadure ba okwaji! Ure tugeragu tugudawu kodoji, ure tugeragu joriji ta! Kodo tabo, ure bu ba oiadoda, ure jorugo tu... Dukeje icare ia imedu aregodure, akore Itaregodu! Iwo itowarudore iroino. Akore Tadugo (Iw. Ceb.) oinore ikiere. Tadugo, oinore itagarure. Tadugo imire itaregodure.	Icare boecodure, barogwa kododure; ocagodyre. Boe enojagodyre: - gigi gigi gigi! Ure tuiebu ta! Aiwore: Oinore bai gigadure ba okwaji! Ure tugeragu tugudawy kodoji, ure tugeragu joriji ta! Kodo tabo, ure bu ba oiadoda, ure jorugo ty... Dykeje icare ia imedy aregodyre, akore: Itaregody! Iwo itowarudore iroino. Akore: Tadugo (Iw. Ceb.) oinore ikiere. Tadugo, oinore itagarure. Tadugo imire itaregodyre.		"Depois aniteceu e amanheceu; assobiou e os Bororo assobiaram: - gigi gigi gigi!
Saiu logo, observou: - Tinha muita casa branquejando na beira da aldeia!
Pegou logo sua esteira e o fogo. Foi com eles, estendeu a esteira no centro da aldeia e avivou o fogo. Aí um outro homem chegou e disse: - Eu cheguei. Eu vim para me esquentar. E acrescentou. Ð Sou eu Tadugo93, que estou chegando. Eu Tadugo cheguei."	0.928	orthographic/editorial	replace: [ocagodure.] -> [ocagodyre.] | replace: [enojagodure:] -> [enojagodyre:] | replace: [tugudawu] -> [tugudawy] | replace: [tu... Dukeje] -> [ty... Dykeje] | replace: [imedu aregodure, akore Itaregodu!] -> [imedy aregodyre, akore: Itaregody!] | replace: [Akore] -> [Akore:] | replace: [itaregodure.] -> [itaregodyre.]
BOR-CORBO-HM001-u127	Boecodure, barogwa kododure; ocagodure pugeje. Boe enojagodure: - gigi gigi gigi! Ure tuiebu, aiwore: Oinore bai gigadure ba okwaji! Ure tugeragu tugudawu kododji tu... Ure tugeragu joruji tu... Kodo tabo ba oiado. Ure bado tu... Ure jorugo tu...Dukeje icare ia imedu aregodure, akore Itaregodu! Iwo itowarudore iroino. Akore Aroia Kurirewu (Iw. Boiad.) oinore ikiere, oinore itagarure. Aroia Kurirewu imire itaregodure.	Boecodure, barogwa kododure; ocagodyre pugeje. Boe enojagodyre: - gigi gigi gigi! Ure tuiebu, aiwore: Oinore bai gigadure ba okwaji! Ure tugeragu tugudawy kododji ty... Ure tugeragu joru ji ty... Kodo tabo ba oiado. Ure bado ty... Ure jorugo ty...Dykeje icare ia imedy aregodyre, akore: Itaregody! Iwo itowarudore iroino. Akore: Aroia Kurirewy (Iw. Boiad.) oinore ikiere, oinore itagarure. Aroia Kurirewy imire itaregodyre.		"Anoiteceu e amanheceu; ele assobiou e os Bororo responderam: - gigi gigi gigi!
Saiu, observou: - Quantas casas branquejando na beira da aldeia!
Pegou logo sua esteira, pegou o fogo e levou-os para o centro da aldeia. Estendeu a esteira e avivou o fogo. Nisso um outro homem chegou dizendo: - Eu cheguei. Eu vim para me esquentar. E Acrescentou: - Sou eu, Aroia Kurirewu94, que estou chegando. Eu, Aroia Kurirewu cheguei."	0.906	orthographic/editorial	replace: [ocagodure] -> [ocagodyre] | replace: [enojagodure:] -> [enojagodyre:] | replace: [tugudawu] -> [tugudawy] | replace: [tu...] -> [ty...] | replace: [joruji tu...] -> [joru ji ty...] | replace: [tu...] -> [ty...] | replace: [tu...Dukeje] -> [ty...Dykeje] | replace: [imedu aregodure, akore Itaregodu!] -> [imedy aregodyre, akore: Itaregody!]
BOR-CORBO-HM001-u128	Boecodure pugeje, barogwa kododure; ocagodure. Boe enojagodure: - gigi gigi gigi! Ure tuiebu ta! Aiwore: Oinore bai gigadure ba okwaji! Ure tugeragu tugudawu kodoji ta!, joruji ta! Kodo tabo, ure baado ba oiadoda, ure jorugo tu... Dukeje icare ia imedu aregodure, akore Itaregodu! Iwo itowarudore iroino. Akore Koge Ebowu (Iw. Cob.) imire iroino.	Boecodure pugeje, barogwa kododure; ocagodyre. Boe enojagodyre: - gigi gigi gigi! Ure tuiebu ta! Aiwore: Oinore bai gigadure ba okwa ji! Ure tugeragu tugudawy kodoji ta!, joru ji ta! Kodo tabo, ure baado ba oiadoda, ure jorugo ty... Dykeje icare ia imedy aregodyre, akore: Itaregody! Iwo itowarudore iroino. Akore: Koge Ebowy (Iw. Cob.) imire iroino.		"Anoiteceu de novo e amanheceu; ele assobiou. Os Bororo responderam: - gigigigi gigi!
Saiu logo, observou: Tinha muitas casas branquejando na beira da aldeia!
Pegou logo sua esteira e o fogo e foi com eles, estendeu a esteira no centro da aldeia e avivou o fogo. Aí chegou um outro homem dizendo: - Eu cheguei. Eu vim para me esquentar. E acrescentou: - Sou eu, Koge Ebowu95, que estou chegando."	0.874	orthographic/editorial	replace: [ocagodure.] -> [ocagodyre.] | replace: [enojagodure:] -> [enojagodyre:] | replace: [okwaji!] -> [okwa ji!] | replace: [tugudawu] -> [tugudawy] | replace: [joruji] -> [joru ji] | replace: [tu... Dukeje] -> [ty... Dykeje] | replace: [imedu aregodure, akore Itaregodu!] -> [imedy aregodyre, akore: Itaregody!] | replace: [Akore] -> [Akore:]
BOR-CORBO-HM001-u129	Boecodure, barogwa kododure; ocagodure. Boe enojagodure: - gigi gigi gigi! Ure tuiebu, aiwore: Oinore bai gigadure ba okwaji! Ure tugeragu tugudawu kododji tu... Ure tugeragu joruji tu... Ure tugudawu kodo bado tu... Ure jorugo tu... Dukeje icare ia imedu aregodure, akore Itaregodu! Iwo itowarudore iroino. Akore Butoregadu (Iw. Cob.) imire iroino. Butoregadu imire itaregodure.	Boecodure, barogwa kododure; ocagodyre. Boe enojagodyre: - gigi gigi gigi! Ure tuiebu, aiwore: Oinore bai gigadure ba okwaji! Ure tugeragu tugudawy kododji ty... Ure tugeragu joru ji ty... Ure tugudawy kodo bado ty... Ure jorugo ty... Dykeje icare ia imedy aregodyre, akore: Itaregody! Iwo itowarudore iroino. Akore: Butoregadu (Iw. Cob.) imire iroino. Butoregadu imire itaregodyre.		"Anoiteceu e amanheceu; ele assobiou e os Bororo responderam: - gigi gigi gigi!
Saiu, observou: Tinha muitas casas branquejando na beira da aldeia!
Pegou a sua esteira, pegou o fogo, estendeu sua esteira e avivou o fogo. Nisso um outro homem chegou dizendo: - Eu cheguei. Eu vim para me esquentar.
E acrescentou: - Sou eu, Butoregadu96, que estou chegando. Eu Butoregadu cheguei."	0.731	substantive-or-segmentation	replace: [ocagodure.] -> [ocagodyre.] | replace: [enojagodure:] -> [enojagodyre:] | replace: [tugudawu] -> [tugudawy] | replace: [tu...] -> [ty...] | replace: [joruji tu...] -> [joru ji ty...] | replace: [tugudawu] -> [tugudawy] | replace: [tu...] -> [ty...] | replace: [tu... Dukeje] -> [ty... Dykeje]
BOR-CORBO-HM001-u130	Boecodure, barogwa kododure; ocagodure. Boe enojagodure gigi gigi gigi! Ba okwaji. Ure tuiebu ta! Oinore bai gigadure ba okwaji! Ure tugeragu tugudawu kodoji ta! Ure tugeragu joruji ta! Kodo tabo ba oiado. Ure jorugo tu.. Dukeje icare ia imedu aregodure. Akore Kaborewu (Ar. Cob.) imire iroino. Kaborewu imire itaregodure.	Boecodure, barogwa kododure; ocagodyre. Boe enojagodyre gigi gigi gigi! Ba okwaji. Ure tuiebu ta! Oinore bai gigadure ba okwaji! Ure tugeragu tugudawy kodoji ta! Ure tugeragu joru ji ta! Kodo tabo ba oiado. Ure jorugo tu.. Dykeje icare ia imedy aregodyre. Akore: Kaborewy (Ar. Cob.) imire iroino. Kaborewy imire itaregodyre.		"Anoiteceu e amanheceu; ele assobiou e os Bororo responderam - gigi gigi gigi!
Saiu logo: Tinha muitas casas branquejando na beira da aldeia!
Pegou logo sua esteira, pegou logo o fogo e foi com eles para o centro da aldeia. Quando avivou o fogo, chegou um outro homem dizendo: - Eu cheguei. Eu vim para me esquentar. E acrescentou: - Sou eu, Kaborewu97, que estou chegando. Eu, Kaborewu cheguei."	0.938	orthographic/editorial	replace: [ocagodure.] -> [ocagodyre.] | replace: [enojagodure] -> [enojagodyre] | replace: [tugudawu] -> [tugudawy] | replace: [joruji] -> [joru ji] | replace: [Dukeje] -> [Dykeje] | replace: [imedu aregodure. Akore Kaborewu] -> [imedy aregodyre. Akore: Kaborewy] | replace: [Kaborewu] -> [Kaborewy] | replace: [itaregodure.] -> [itaregodyre.]
BOR-CORBO-HM001-u131	Boecodure, barogwa kododure; ocagodure. Boe enojagodure gigi gigi gigi! Ba okwaji. Ure tuiebu ta! Aiwore: Oinore bai gigadure ba okwaji! Ure tugeragu tugudawu kodo roguji, joruji ta! Kodo tabo ba oiado, ure tugudawu kodo bado tu... Ure jorugo tu... Dukeje icare ia imedu aregodure, akore Itaregodu! Iwo itowarudore iroino. Akore Birimodo (Ar. Cob.) imire iroino. Birimodo imire itaregodure.	Boecodure, barogwa kododure; ocagodyre. Boe enojagodyre gigi gigi gigi! Ba okwaji. Ure tuiebu ta! Aiwore: Oinore bai gigadure ba okwaji! Ure tugeragu tugudawy kodo roguji, joru ji ta! Kodo tabo ba oiado, ure tugudawy kodo bado ty... Ure jorugo ty... Dykeje icare ia imedy aregodyre, akore: Itaregody! Iwo itowarudore iroino. Akore: Birimodo (Ar. Cob.) imire iroino. Birimodo imire itaregodyre.		"Anoiteceu e amanheceu; ele assobiou e os Bororo responderam: - gigi gigi gigi! Na beira da aldeia.
Saiu logo, observou: - Como as casas branquejavam na beira da aldeia!
Pegou a sua esteira e o fogo e foi com eles para o centro da aldeia. Estendeu a sua esteira e avivou o fogo. Nisso chegou um outro homem dizendo: - Eu cheguei. Eu vim para me esquentar. E acrescentou: - Sou eu, Birimodo98, que estou chegando. Eu, Birimodo, cheguei."	0.912	orthographic/editorial	replace: [ocagodure.] -> [ocagodyre.] | replace: [enojagodure] -> [enojagodyre] | replace: [tugudawu] -> [tugudawy] | replace: [joruji] -> [joru ji] | replace: [tugudawu] -> [tugudawy] | replace: [tu...] -> [ty...] | replace: [tu... Dukeje] -> [ty... Dykeje] | replace: [imedu aregodure, akore Itaregodu!] -> [imedy aregodyre, akore: Itaregody!]
BOR-CORBO-HM001-u132	Boecodure, barogwa kododure; ocagodure pugeje. Boe enojagodure: - gigi gigi gigi! Ba okwaji. Ure tuiebu ta! Aiwore: Oinore bai gigadure ba okwaji! Ure tugeragu tugudawu kodoji ta! Ure tugeragu joruji ta! Ure tugudawu kodo bado tu... Ure jorugo tu... Dukeje icare ia imedu aregodure, akore Itaregodu! Iwo itowarudore iroino. Akore Akaruio Boroge (Ap. Ceb) imire iroino. Akaruio Boroge imire itaregodure.	Boecodure, barogwa kododure; ocagodyre pugeje. Boe enojagodyre: - gigi gigi gigi! Ba okwaji. Ure tuiebu ta! Aiwore: Oinore bai gigadure ba okwaji! Ure tugeragu tugudawy kodoji ta! Ure tugeragu joru ji ta! Ure tugudawy kodo bado ty... Ure jorugo ty... Dykeje icare ia imedy aregodyre, akore: Itaregody! Iwo itowarudore iroino. Akore: Akaruio Boroge (Ap. Ceb) imire iroino. Akaruio Boroge imire itaregodyre.		"Anoiteceu e amanheceu; ele assobiou de novo e os Bororo responderam: - gigi gigi gigi! Na beira da aldeia.
Ele saiu logo e observou: Quantas casas branquejavam na beira da aldeia!
Pegou logo sua esteira, pegou logo o fogo, estendeu sua esteira e avivou o fogo. Aí um outro homem chegou dizendo: - Eu cheguei. Eu vim para me esquentar.
E acrescentou: - Sou eu, Akaruio Boroge99, que estou chegando. Eu Akaruio Borogue cheguei."	0.914	orthographic/editorial	replace: [ocagodure] -> [ocagodyre] | replace: [enojagodure:] -> [enojagodyre:] | replace: [tugudawu] -> [tugudawy] | replace: [joruji] -> [joru ji] | replace: [tugudawu] -> [tugudawy] | replace: [tu...] -> [ty...] | replace: [tu... Dukeje] -> [ty... Dykeje] | replace: [imedu aregodure, akore Itaregodu!] -> [imedy aregodyre, akore: Itaregody!]
BOR-CORBO-HM001-u133	Boecodure, barogwa kododure; ocagodure. Boe enojagodure: - gigi gigi gigi! Ba okwaji. Ure tuiebu ta! Aiwore: Oinore bai gigadure ba okwaji! Ure tugeragu tugudawu kodoji tu... Ure tugeragu joruji tu.. Kodo tabo ba oiado. Ure bado tu... Ure jorugo tu... Dukeje icare ia imedu aregodure, akore Itaregodu! Iwo itowarudore iroino. Akore Meregege (Ap. Boiad.) imire iroino. Meregege imire itaregodure.	Boecodure, barogwa kododure; ocagodyre. Boe enojagodyre: - gigi gigi gigi! Ba okwaji. Ure tuiebu ta! Aiwore: Oinore bai gigadure ba okwaji! Ure tugeragu tugudawy kodoji ty... Ure tugeragu joru ji tu.. Kodo tabo ba oiado. Ure bado ty... Ure jorugo ty... Dykeje icare ia imedy aregodyre, akore: Itaregody! Iwo itowarudore iroino. Akore: Meregege (Ap. Boiad.) imire iroino. Meregege imire itaregodyre.		"Foi noite e foi manhã; ele assobiou e os Bororo responderam - gigi gigi gigi! Na beira da aldeia.
Ele saiu logo e observou: Tinha muitas casas branquejando na beira da aldeia!
Pegou sua esteira, pegou o fogo e foi com eles para o centro da aldeia. Estendeu a esteira e avivou o fogo, quando um outro homem chegou dizendo: -Eu cheguei. Eu vim para me esquentar. E acrescentou: - Sou eu Meregege100, que estou chegando. Eu Meregege cheguei."	0.827	substantive-or-segmentation	replace: [ocagodure.] -> [ocagodyre.] | replace: [enojagodure:] -> [enojagodyre:] | replace: [tugudawu] -> [tugudawy] | replace: [tu...] -> [ty...] | replace: [joruji] -> [joru ji] | replace: [tu...] -> [ty...] | replace: [tu... Dukeje] -> [ty... Dykeje] | replace: [imedu aregodure, akore Itaregodu!] -> [imedy aregodyre, akore: Itaregody!]
BOR-CORBO-HM001-u134	Boecodure, barogwa kododure; ocagodure. Boe enojagodure gigi gigi gigi! Ba okwaji. Ure tuiebu. Aiwore: Oinore bai gigadure ba okwaji! Ure tugeragu tugudawu kodoji tu...Ure tugeragu joruji tu... Ure tugudawu kodo bado tu.. Urejorugo tu... Dukeje icare ia imedu aregodure, akore Itaregodu! Iwo itowarudore iroino. Akore Kuruguga (Ap. Cob.) imire iroino. Kuruguga imire itaregodure.	Boecodure, barogwa kododure; ocagodyre. Boe enojagodyre gigi gigi gigi! Ba okwaji. Ure tuiebu. Aiwore: Oinore bai gigadure ba okwaji! Ure tugeragu tugudawy kodoji ty...Ure tugeragu joru ji ty... Ure tugudawy kodo bado tu.. Urejorugo ty... Dykeje icare ia imedy aregodyre, akore: Itaregody! Iwo itowarudore iroino. Akore: Kuruguga (Ap. Cob.) imire iroino. Kuruguga imire itaregodyre.		"Foi noite e foi manhã; ele assobiou e os Bororo responderam: - gigi gigi gigi! Na beira da aldeia.
Ele saiu, observou: Tinha muitas casas branquejando na beira da aldeia!
Pegou o a sua esteira, pegou o fogo, estendeu a esteira e avivou o fogo. Aí chegou um outro homem dizendo: - Eu cheguei. Eu vim para me esquentar. 
E acrescentou: - Sou eu, Kuruguga101, que estou chegando. Eu Kuruguga cheguei."	0.741	substantive-or-segmentation	replace: [ocagodure.] -> [ocagodyre.] | replace: [enojagodure] -> [enojagodyre] | replace: [tugudawu] -> [tugudawy] | replace: [tu...Ure] -> [ty...Ure] | replace: [joruji tu...] -> [joru ji ty...] | replace: [tugudawu] -> [tugudawy] | replace: [tu... Dukeje] -> [ty... Dykeje] | replace: [imedu aregodure, akore Itaregodu!] -> [imedy aregodyre, akore: Itaregody!]
BOR-CORBO-HM001-u135	Boecodure, barogwa kododure; ocagodure. Boe enojagodure: - gigi gigi gigi! Ure tuiebu, aiwore: oinore bai gigadure ba okwaji! Ure tugeragu tugudawu kodaji ta! Ure tugeragu joruji ta! Ure tugudawu kodo bado tu.. ba oiadoda. Ure jorugo tu... Dukeje icare ia imedu aregodure, akore Itaregodu! Iwo itowarudore iroino. Akore Mariri Baru (Paiwedu) oinore ikiere. Meriri Baru imire itaregodure.	Boecodure, barogwa kododure; ocagodyre. Boe enojagodyre: - gigi gigi gigi! Ure tuiebu, aiwore: oinore bai gigadure ba okwaji! Ure tugeragu tugudawy kodaji ta! Ure tugeragu joru ji ta! Ure tugudawy kodo bado tu.. ba oiadoda. Ure jorugo ty... Dykeje icare ia imedy aregodyre, akore: Itaregody! Iwo itowarudore iroino. Akore: Mariri Baru (Paiwedu) oinore ikiere. Meriri Baru imire itaregodyre.		"Anoiteceu e amanheceu; ele assobiou e os Bororo responderam: - gigi gigi gigi!
Saiu, observou: Quantas casas branquejando na beira da aldeia!
Pegou logo a sua esteira, pegou logo o fogo, estendeu a sua esteira no centro da aldeia e avivou o fogo. Ai chegou um outro homem dizendo: - Eu cheguei. Eu vim para me esquentar. E acrescentou: Sou eu, Meriri Baru102, que estou chegando. Eu Meriri Baru cheguei."	0.721	substantive-or-segmentation	replace: [ocagodure.] -> [ocagodyre.] | replace: [enojagodure:] -> [enojagodyre:] | replace: [tugudawu] -> [tugudawy] | replace: [joruji] -> [joru ji] | replace: [tugudawu] -> [tugudawy] | replace: [tu... Dukeje] -> [ty... Dykeje] | replace: [imedu aregodure, akore Itaregodu!] -> [imedy aregodyre, akore: Itaregody!] | replace: [Akore] -> [Akore:]
BOR-CORBO-HM001-u136	Jerigi Otojiwu o Boe boekorikare ei. Emagere ewu bokware. Enogwa bu bokware; ekera, ewure bu bokware; etoborora bu bokware.	Jerigi Otojiwy o Boe boekorikare ei. Emagere ewy bokware. Enogwa bu bokware; ekera, ewure bu bokware; etoborora bu bokware.		"O povo de Jerigi Otojiwu é manso. Eles não têm pêlos, não têm barba, não têm pêlos nas mãos e nem nos pés; seu tronco não tem pêlo.103




TERCEIRA PARTE

CAPíTULO XII. Ð PRIMEIRAS ANDAN‚AS"	0.984	near-identical	replace: [Otojiwu] -> [Otojiwy] | replace: [ewu] -> [ewy]
BOR-CORBO-HM001-u137	Egore: - U! Kaboba? Ia baarodugodu radeo pugeje.	Egore: U! Kaboba? Ia baarodugody radeo pugeje.		E perguntaram: - Oh! O que é isto. Eis uma coisa extraordinária de novo.	0.957	orthographic/editorial	delete: [-] -> [] | replace: [baarodugodu] -> [baarodugody]
BOR-CORBO-HM001-u138	Akore O! Ia kodiboe imi karega! Ia baarodugodu imi karega. Boe eke pemegaguragarewu nure imi. Iire Boe egore: Ki, Ki, ino.	Akore: O! Ia kodiboe imi karega! Ia baarodugody imi karega. Boe eke pemegaguragarewy nure imi. Iire Boe egore: Ki, Ki, ino.		Respondeu: - Eu não sou uma coisa qualquer. Eu não sou uma coisa extraordinária. Eu sou alimento gostoso dos Bororo. Eles me chamam de Anta.	0.980	near-identical	replace: [Akore] -> [Akore:] | replace: [baarodugodu] -> [baarodugody] | replace: [pemegaguragarewu] -> [pemegaguragarewy]
BOR-CORBO-HM001-u139	Tugo tabore, baiga tabore boere iwido. Boe enure bakuredo ii, boe enure imugudo. Bakure tadare boe eidogodure ii, bakure tadare boere iwido.	Tugo tabore, baiga tabore boere iwido. Boe enure bakuredo ii, boe enure imugudo. Bakure tadare boe eidogodyre ii, bakure tadare boere iwido.		Os Bororo me matam com flecha e arco. Os Bororo me fazem cerco, me empurram, e dentro do cerco eles me flecham e me matam.	0.993	near-identical	replace: [eidogodure] -> [eidogodyre]
BOR-CORBO-HM001-u140	Icare egore: Wo! Kode! Tugo pa? Baiga pa? Paia bito pageje!	Icare egore: Wo! Kode! Tugo pa? Baiga pa? Paia bito pageje!		Então os homens disseram: - Oh! Então! Onde estão a flecha e o arco? Pudéssemos matá-la para nós .	1.000	near-identical	
BOR-CORBO-HM001-u141	Dukeje icare nowu tugo, baiga, akore Tugo imireo! Baiga imeireo!	Dykeje icare nowy tugo, baiga, akore: Tugo imireo! Baiga imeireo!		Aí a flecha e o arco responderam: - Eu sou a flecha! Eu sou o arco!	0.961	orthographic/editorial	replace: [Dukeje] -> [Dykeje] | replace: [nowu] -> [nowy] | replace: [akore] -> [akore:]
BOR-CORBO-HM001-u142	Ere bakuredo ji ta! Icare eidogodure ji. Ere bito.	Ere bakuredo ji ta! Icare eidogodyre ji. Ere bito.		Eles a cercaram (a anta), a flecharam e a mataram.	0.980	near-identical	replace: [eidogodure] -> [eidogodyre]
BOR-CORBO-HM001-u144	Icare boe eture apo. Boe egore: Gae gae gae! Tuiegare tabo. Boe etaregodure apo bato, icare boere akagirido. Boere tuku.	Icare boe eture apo. Boe egore: Gae gae gae! Tuiegare tabo. Boe etaregodyre apo bato, icare boere akagirido. Boere tuku.		Depois os Bororo foram embora com ela, dizendo alegres: Gae gae gae! Chegando na aldeia a cortaram em pedaços. E acabaram.	0.992	near-identical	replace: [etaregodure] -> [etaregodyre]
BOR-CORBO-HM001-u145	Iage eture eregodaji pugeje. Ekodure... ere baado.	Iage eture eregodaji pugeje. Ekodure... ere baado.		Outros bororos foram depois destes. Andaram bastante e depois acamparam.	1.000	near-identical	
BOR-CORBO-HM001-u146	Icare emerure. Icare etaregodure nowu eerudure jiboe kae, nowu tubore etae.	Icare emerure. Icare etaregodyre nowy eerydyre jiboe kae, nowy tubore etae.		Depois foram caçar e chegaram onde estavam aqueles mesmos que os outros tinham visto; onde estavam os lambaris.	0.933	orthographic/editorial	replace: [etaregodure nowu eerudure] -> [etaregodyre nowy eerydyre] | replace: [nowu] -> [nowy]
BOR-CORBO-HM001-u147	Egore nono nowu tumedage egore pugeje. Egore: - O! Kakodiboe bao? Inoba ureboe bao?	Egore nono nowy tumedage egore pugeje. Egore: O! Kakodiboe bao? Inoba ureboe bao?		Falaram a mesma coisa que os anteriores tinham falado, dizendo: - Oh! O que é isto? Que coisa é isto?	0.976	near-identical	replace: [nowu] -> [nowy] | delete: [-] -> []
BOR-CORBO-HM001-u148	Boekare! Egore nono tagomagare nowu etumedage eiwore pugeje. Egore: - O! Boe kodiboe cegi karega. Inoba ureboe cegi karega. Boe eke cegireo. Cegire cegiere tubore. Bukerogu tabore boere cewido.	Boekare! Egore nono tagomagare nowy etumedage eiwore pugeje. Egore: O! Boe kodiboe cegi karega. Inoba ureboe cegi karega. Boe eke cegireo. Cegire cegiere tubore. Bukerogu tabore boere cewido.		Então eles lhes responderam do mesmo jeito que tinham respondido para os anteriores, dizendo: - N—s não somos qualquer coisa. N—s aqui somos comida dos Bororo. Nos nos chamamos lambaris. Os Bororo nos matam com a rede pequena.	0.990	near-identical	replace: [nowu] -> [nowy] | delete: [-] -> []
BOR-CORBO-HM001-u149	Icare egore: U! Kode! Bukerogu pa? Paia ewido pageje!	Icare egore: U! Kode! Bukerogu pa? Paia ewido pageje!		Os homens disseram; - Oh! Então! Onde está a rede pequena? Poderiamos matá-los para nós .	1.000	near-identical	
BOR-CORBO-HM001-u150	Dukeje icare cewu bukerogu akore U! Bukerogu imirewu! (3x). Padure boe kajeje já...	Dykeje icare cewy bukerogu akore: U! Bukerogu imirewy! (3x). Padure boe kajeje já...		Então a rede pequena respondeu: Eu sou a rede pequena (3x) . E apareceu logo estendida no chão.	0.958	orthographic/editorial	replace: [Dukeje] -> [Dykeje] | replace: [cewu] -> [cewy] | replace: [akore] -> [akore:] | replace: [imirewu!] -> [imirewy!]
BOR-CORBO-HM001-u151	Ere taredo kae, ere tugeragu ji. Ere taredo tabo eto jo!	Ere taredo kae, ere tugeragu ji. Ere taredo tabo eto jo!		Os homens pularam no rumo dela. Pegaram-na e pularam com ela nos peixes.	1.000	near-identical	
BOR-CORBO-HM001-u152	Oinore erore ie! Keadu karega nowu inoduji. Ekedu amanure ei.	Oinore erore ie! Keadu karega nowy inoduji. Ekedy amanure ei.		Mexeram muito com eles. A coisa não estava nada ruim. Pegaram com vontade.	0.967	orthographic/editorial	replace: [nowu] -> [nowy] | replace: [Ekedu] -> [Ekedy]
BOR-CORBO-HM001-u153	Enure bukerogu tugu tugu ei rugadu. Icare ere tugera ra epiji.	Enure bukerogu tugu tugu ei rugadu. Icare ere tugera ra epiji.		Jogaram muitas vezes a pequena rede neles. Depois largaram deles.	1.000	near-identical	
BOR-CORBO-HM001-u154	Ere cewu buke gugure jeto oino tu... boeru keje.	Ere cewy buke gugure jeto oino ty... boeru keje.		Estenderam suas pequenas redes no sol.	0.958	orthographic/editorial	replace: [cewu] -> [cewy] | replace: [tu...] -> [ty...]
BOR-CORBO-HM001-u155	Icare nowu tubore egore: Tugarege emode toge emagu Ecerae etai. Egore: - Ecerae emode toge emagu Tugarege etai. Oinore egore.	Icare nowy tubore egore: Tugarege emode toge emagu Ecerae etai. Egore: Ecerae emode toge emagu Tugarege etai. Oinore egore.		Depois os peixes disseram: - Os Tugarege vão dar seus peixes para os Ecerae e os Ecerae vão dar seus peixes para os Tugarege. Assim que eles falaram.	0.984	near-identical	replace: [nowu] -> [nowy] | delete: [-] -> []
BOR-CORBO-HM001-u156	Dutabo re icare erore ebo taci tudui bato kodi. Tugudu tabo, tumago tabo, tuiegare tabo.	Dytabore icare erore ebo taci tudui bato kodi. Tugudu tabo, tumago tabo, tuiegare tabo.		Aí eles foram todos com os peixes para a aldeia, gritando e falando alegres.	0.983	near-identical	replace: [Dutabo re] -> [Dytabore]
BOR-CORBO-HM001-u157	Ere tuie codo. Ere jorubo aru tugu tuwiaboroto. Ere kaidaga bu tuwugeje.	Ere tuie codo. Ere jorubo aru tugu tuwiaboroto. Ere kaidaga bu tuwygeje.		Pintaram-se o rosto, colocaram folhas de remédio nas orelhas e se enfeitaram com palha de palmeira acumã.	0.986	near-identical	replace: [tuwugeje.] -> [tuwygeje.]
BOR-CORBO-HM001-u158	Oinore egore tuiegare tabo, icai tudui bato duji. E! Ekudu kodu awadunure.	Oinore egore tuiegare tabo, icai tudui bato duji. E! Ekudu kodu awadunure.		Comentavam muito, alegres por voltar para a aldeia. Os seus gritos se escutavam longe.	1.000	near-identical	
BOR-CORBO-HM001-u159	Dukeje icare areme etaregodure turidu tabo etogi.	Dykeje icare areme etaregodyre turidu tabo etogi.		Depois as mulheres sairam ao encontro deles para ajudar a carregar.	0.959	orthographic/editorial	replace: [Dukeje] -> [Dykeje] | replace: [etaregodure] -> [etaregodyre]
BOR-CORBO-HM001-u160	Egore: Woie! Woie! Woie! Tubore woie!	Egore: Woie! Woie! Woie! Tubore woie!		Os homens diziam: - Aqui! Aqui! Aqui! Aqui os lambaris!	1.000	near-identical	
BOR-CORBO-HM001-u161	Icare areme egore pugeje: - Woie! Woie! Ak— woie! - Woie! Woie! Pobodori woie! - Woie! Woie! Tadari woie!! - Woie! Woie! Aigujo woie! - Woie! Woie! Ot— woie! - Woie! Woie! Mici woie! - Woie! Woie! Pogodawu woie! -Woie! Woie! Otoe woie! Oinore areme egore ime etogi!	Icare areme egore pugeje: - Woie! Woie! Ak— woie! - Woie! Woie! Pobodori woie! - Woie! Woie! Tadari woie!! - Woie! Woie! Aigujo woie! - Woie! Woie! Ot— woie! - Woie! Woie! Mici woie! - Woie! Woie! Pogodawy woie! -Woie! Woie! Otoe woie! Oinore areme egore ime etogi! -Aqui! Aqui! Aqui a fruta de bocaiuba! -Aqui! Aqui! Aqui a raiz comest’vel! -Aqui! Aqui! Aqui o cará! -Aqui! Aqui! Aqui a raiz de cip—! - Aqui! Aqui! Aqui o inhame! - Aqui! Aqui! Aqui carás silvestres.		"As mulheres respondiam:
-Aqui! Aqui! Aqui a fruta de bocaiuba!
-Aqui! Aqui! Aqui a raiz comest’vel!
-Aqui! Aqui! Aqui o cará!
-Aqui! Aqui! Aqui a raiz de cip—!
-Aqui! Aqui! Aqui outra raiz de cip—!
- Aqui! Aqui! Aqui o inhame!
- Aqui! Aqui! Aqui carás silvestres.
Assim que as mulheres falavam indo ao encontro dos homens."	0.721	substantive-or-segmentation	replace: [Pogodawu] -> [Pogodawy] | insert: [] -> [-Aqui! Aqui! Aqui a fruta de bocaiuba! -Aqui! Aqui! Aqui a raiz comest’vel! -Aqui! Aqui! Aqui o cará! -Aqui! Aqui! Aqui a raiz de cip—! - Aqui! Aqui! Aqui o inhame! - Aqui! Aqui! Aqui carás silvestres.]
BOR-CORBO-HM001-u162	Icare eiore pudo. Icare ere tudugu cewu tuborei ime epiji, tuiegare tabo.	Icare eiore pudo. Icare ere tudugu cewy tuborei ime epiji, tuiegare tabo.		Ao encontrar-se, elas carregavam os peixes recebendo-os dos homens com alegria.	0.986	near-identical	replace: [cewu] -> [cewy]
BOR-CORBO-HM001-u163	Etaregodure ebo tu... U! Oinore egore tuiegare tabo cewu moto tadaboeji.	Etaregodyre ebo ty... U! Oinore egore tuiegare tabo cewy moto tadaboeji.		Chegando com eles... falavam muito alegres das batatas da terra (que elas tinham preparado).	0.958	orthographic/editorial	replace: [Etaregodure] -> [Etaregodyre] | replace: [tu...] -> [ty...] | replace: [cewu] -> [cewy]
BOR-CORBO-HM001-u164	Egore: - Tagaiwodo, ituiemage, imugamage, aredumage: awu tabore cere tubore ewido. Akore bukerogu oinoie ciere. Baarodugodunure! Ire taeruduia. Oinore bukerogure boe joki. Tagado ji: emare tabore cedaregodure oino.	Egore: Tagaiwodo, ituiemage, imugamage, aredymage: awy tabore cere tubore ewido. Akore bukerogu oinoie ciere. Baarodugodynure! Ire taerydyia. Oinore bukerogure boe joki. Tagado ji: emare tabore cedaregodyre oino.		Os homens diziam: - Olhai, minhas tias, minhas m‰es, minhas irmãs: foi com esta (rede) que nós  matamos os lambaris. Ela disse que se chamava a rede pequena. Era uma coisa admirável. Eu queria que vocês vissem: ela estava Aí estendida no chão. Observem-na. N—s a trouxemos aqui. 202	0.925	orthographic/editorial	delete: [-] -> [] | replace: [aredumage: awu] -> [aredymage: awy] | replace: [Baarodugodunure!] -> [Baarodugodynure!] | replace: [taeruduia.] -> [taerydyia.] | replace: [cedaregodure] -> [cedaregodyre]
BOR-CORBO-HM001-u165	Ekodure pugeje jii... Icare eiore kidoguruto.	Ekodure pugeje jii... Icare eiore kidoguruto.		Foram (caçar) de novo e encontraram a resina.	1.000	near-identical	
BOR-CORBO-HM001-u166	Egore: - Kakodiboe ba? Boekare! Akore Boe kodiboe imi karega. Kidoguru imireo. Boe enoroe imireo.	Egore: Kakodiboe ba? Boekare! Akore: Boe kodiboe imi karega. Kidoguru imireo. Boe enoroe imireo.		Eles perguntaram: - O que é isto? Então (a resina) respondeu; - Eu não sou qualquer coisa. Eu sou a resina. Eu sou enfeite dos Bororo.	0.984	near-identical	delete: [-] -> [] | replace: [Akore] -> [Akore:]
BOR-CORBO-HM001-u167	Dukejere icare eregodure kodure tododaiwu tumedage ewogai nowu kidoguru tabo, egore: Cedogeadure pagoroeji.	Dykejere icare eregodyre kodure tododaiwy tumedage ewogai nowy kidoguru tabo, egore: Cedogeadure pagoroeji.		Logo eles foram com a not’cia da resina para onde estavam os que tinham ido primeiro e disseram: - Encontramos um enfeite nosso.	0.963	orthographic/editorial	replace: [Dukejere] -> [Dykejere] | replace: [eregodure] -> [eregodyre] | replace: [tododaiwu] -> [tododaiwy] | replace: [nowu] -> [nowy]
BOR-CORBO-HM001-u168	Egore: - O! Kaboba pagoroeba?	Egore: O! Kaboba pagoroeba?		Eles perguntaram: - Oh! Que classe de enfeite nosso?	0.964	orthographic/editorial	delete: [-] -> []
BOR-CORBO-HM001-u169	Egore: - U! Boe kodiboe pagoroe karega: pagoroe kidoguru.	Egore: U! Boe kodiboe pagoroe karega: pagoroe kidoguru.		Responderam: - Sim! Não é qualquer enfeite. É a resina.	0.982	near-identical	delete: [-] -> []
BOR-CORBO-HM001-u170	Icare ere bu tuie kajeje. Boekare! Bekurukare. Jirire rugadu, mare bekurukare.	Icare ere bu tuie kajeje. Boekare! Bekurukare. Jirire rugadu, mare bekurukare.		Então eles a passaram no rosto. Nada! Não grudava. Cheirava, mas não grudava.	1.000	near-identical	
BOR-CORBO-HM001-u171	Kodi icare pemega jokodukare. Etaidure ji, etaidukare ji. Tugiarigodu tabore ere bu tuie kajeje.	Kodi icare pemega jokodukare. Etaidyre ji, etaidukare ji. Tugiarigody tabore ere bu tuie kajeje.		Por tanto não era muito boa. Eles gostaram e não gostaram. Sem vontade eles a untavam no rosto.	0.979	near-identical	replace: [Etaidure] -> [Etaidyre] | replace: [Tugiarigodu] -> [Tugiarigody]
BOR-CORBO-HM001-u172	Icare eture pugeje. Cewu ere bakaru barigu bogaiwugere eture pugeje.	Icare eture pugeje. Cewy ere bakaru barigu bogaiwygere eture pugeje.		Depois foram embora de novo. Aqueles que tinham recebido a not’cia da resina foram embora de novo.	0.971	near-identical	replace: [Cewu] -> [Cewy] | replace: [bogaiwugere] -> [bogaiwygere]
BOR-CORBO-HM001-u173	Erore taci, icai tudure kodi. Emage eture jamedu. Ewarudure jamedu. Ekodo jii... ere baado pugeje.	Erore taci, icai tudure kodi. Emage eture jamedu. Ewarudure jamedu. Ekodo jii... ere baado pugeje.		Depois foram embora partindo dali. Eles também partiram. Eles também mudaram. Andaram muito tempo e depois acamparam.	1.000	near-identical	
BOR-CORBO-HM001-u174	Icare emerure. Dukeje icare etaregodure kare etae pugeje. Icare ekudugodure puwogai. Egore: Kaao! Kaaao! Tumedage ewogai.	Icare emerure. Dykeje icare etaregodyre kare etae pugeje. Icare ekudugodyre puwogai. Egore: Kaao! Kaaao! Tumedage ewogai.		Depois foram caçar e chegaram onde tinha peixes. Aí gritaram uns para os outros, dizendo: Kaao! Kaao! Chamando os companheiros.	0.975	near-identical	replace: [Dukeje] -> [Dykeje] | replace: [etaregodure] -> [etaregodyre] | replace: [ekudugodure] -> [ekudugodyre]
BOR-CORBO-HM001-u175	A! Nowu etumedage ekudugodure ekudu togi. Icare ere tudo pui tu je. Dukeje icare egore: Taeruduwo ceerudure jiboe jire cenagoino tawogai. Egore: tagaiwodo! Boe pegagodunure.	A! Nowy etumedage ekudugodyre ekudu togi. Icare ere tudo pui ty je. Dykeje icare egore: Taerydywo ceerydyre jiboe jire cenagoino tawogai. Egore: tagaiwodo! Boe pegagodynure.		Ah! Os colegas deles responderam a seus gritos gritando também, e logo se rewuniram. Depois disseram: - Estávamos chamando vocês para que vejam o que nós  encontramos. Olhem! É demais!	0.948	orthographic/editorial	replace: [Nowu] -> [Nowy] | replace: [ekudugodure] -> [ekudugodyre] | replace: [tu] -> [ty] | replace: [Dukeje] -> [Dykeje] | replace: [Taeruduwo ceerudure] -> [Taerydywo ceerydyre] | replace: [pegagodunure.] -> [pegagodynure.]
BOR-CORBO-HM001-u176	Egore: - O! Hu! Kakodiboe ba? Inoba ureboe ba?	Egore: O! Hu! Kakodiboe ba? Inoba ureboe ba?		Eles perguntaram: - Oh! Uh! O que é isto?	0.978	near-identical	delete: [-] -> []
BOR-CORBO-HM001-u177	Dukeje icare emagore, egore: Boe kodiboe cegi karega. Inoba ureboe cegi karega. Egore: - Boe eke cegi reo. Kare, oinore boe egore cei. Buke tabore boere cewido.	Dykeje icare emagore, egore: Boe kodiboe cegi karega. Inoba ureboe cegi karega. Egore: Boe eke cegi reo. Kare, oinore boe egore cei. Buke tabore boere cewido.		"Depois (os peixes) falaram e dizeram: - N—s não somos qualquer coisa. N—s somos alimento dos Bororo.
Os Bororo nos chamam de peixes.Os Bororo nos matam com a rede."	0.987	near-identical	replace: [Dukeje] -> [Dykeje] | delete: [-] -> []
BOR-CORBO-HM001-u178	Egore: - Wo! Buke pa? Paia ewido pageje! Dukeje icare cewu buke akore Buke imireo! Buke imireo! Buke imireo! Ei pugeje.	Egore: Wo! Buke pa? Paia ewido pageje! Dykeje icare cewy buke akore: Buke imireo! Buke imireo! Buke imireo! Ei pugeje.		(Os homens) disseram: Oh! Onde está a rede? Queriamos matá-los para nós ! Aí a rede falou também para eles: - A rede sou eu! Arede sou eu! A rede sou eu!	0.970	near-identical	delete: [-] -> [] | replace: [Dukeje] -> [Dykeje] | replace: [cewu] -> [cewy] | replace: [akore] -> [akore:]
BOR-CORBO-HM001-u179	Icare ere taredo kae, ere tugeragu ji, ere jado. Ere tubogora roto bugu bugu bugu tuiegare tabo cewu bukeji.	Icare ere taredo kae, ere tugeragu ji, ere jado. Ere tubogora roto bugu bugu bugu tuiegare tabo cewy bukeji.		Então eles pularam no rumo dela, a pegaram e a abriram. Mexiam as pernas de alegria pela rede.	0.991	near-identical	replace: [cewu] -> [cewy]
BOR-CORBO-HM001-u180	Icare ere taredo tabo eto j™... U! Keadu karega ure. Ekedu amanure ei.	Icare ere taredo tabo eto j™... U! Keadu karega ure. Ekedy amanure ei.		Depois pularam nos peixes com a rede. Oh! Não foi nada ruim! Pegaram a vontade!	0.986	near-identical	replace: [Ekedu] -> [Ekedy]
BOR-CORBO-HM001-u181	Icare ere tudawuje ebo. Ere cewu buke rakojedo oino tu tu tu. Enure kidudo.	Icare ere tudawyje ebo. Ere cewy buke rakojedo oino ty tu tu. Enure kidydo.	Icare ere tudawuje ebo. Ere cewu buke rakojedo oino tu tu tu. Enure kidudo.	Depois eles sAíram, e colocaram em pé as redes para secarem.	0.947	orthographic/editorial	replace: [tudawuje] -> [tudawyje] | replace: [cewu] -> [cewy] | replace: [tu] -> [ty] | replace: [kidudo.] -> [kidydo.]
BOR-CORBO-HM001-u182	Icare nowu kare egore: Tugarege, tamode tagoge emagu Ecerae etai. Egore: - Cerae, tamode tagoge emagu Tugarege etai.	Icare nowy kare egore: Tugarege, tamode tagoge emagu Ecerae etai. Egore: Cerae, tamode tagoge emagu Tugarege etai.	Icare nowu kare egore Tugarege, tamode tagoge emagu Ecerae etai. Egore cerae, tamode tagoge emagu Tugarege etai.	Então os peixes disseram: - Vocês Tugarege vão dar os seus peixes para os Ecerae. Ð Vocês Ecerae vão dar os seus peixes para os Tugarege203.	0.983	near-identical	replace: [nowu] -> [nowy] | delete: [-] -> []
BOR-CORBO-HM001-u183	U! Keadu karega ure nowu inoduji!	U! Keadu karega ure nowy inoduji!	Uu! Keadu karega ure nowu inoduji!	Sim! Aquilo não era nada ruim!	0.970	orthographic/editorial	replace: [nowu] -> [nowy]
BOR-CORBO-HM001-u184	Egore: - Tamode tae codo, tamode kaidaga bu tawu geje, tamode jorubo aru bu tawiaboroto.	Egore: Tamode tae codo, tamode kaidaga bu tawy geje, tamode jorubo aru bu tawiaboroto.	Egore tamode tae codo, tamode kaidaga bu tawu geje, tamode jorubo aru bu tawiaboro to.	(Os peixes) acresentaram: - Vocês vão se pintar o rosto de preto, vão se enfeitar com palha de palmeira acumã e vão colocar folhas de remédio na orelha.204	0.977	near-identical	delete: [-] -> [] | replace: [tawu] -> [tawy]
BOR-CORBO-HM001-u185	Egore: - Tagudu rumode cedabo. Taegaredo cedabo bato.	Egore: Tagudu rumode cedabo. Taegaredo cedabo bato.	Egore tagudu rumode cedabo. Taegaredo cedabo bato.	E disseram também: - Vocês vão gritar conosco no rumoda aldeia. Vão chegar alegres conosco na aldeia.	0.981	near-identical	delete: [-] -> []
BOR-CORBO-HM001-u187	Icare eegarere ebo rugadu. Egore: Kaaao! Kaaao!	Icare eegarere ebo rugadu. Egore: Kaaao! Kaaao! 188 Icare areme etaregodyre pugeje turidu tabo, ekudugodyre jamedu, egore: Ba! ba!. ba! 189 Dykeje egore: Woie! Woie! Woie! Kuwobo Woie Woie Woie! Woie Woie Woie! Kuo Woie Woie Woie! Woie Woie Woie! Kuo kodu Woie Woie Woie! Woie Woie Woie! Kuo a Woie Woie Woie! Woie Woie Woie! Ak— kodu Woie Woie Woie! Woie Woie Woie! Aqui carne de bocaiuba! Aqui! Aqui! Aqui!	Icare eegarere ebo rugadu. Egore: Kaaao! Kaaao! 188 Icare areme etaregodure pugeje turidu tabo, ekudugodure jamedu, egore: Ba! ba!. ba! 189 Dukeje egore: Woie! Woie! Woie! Kuwobo Woie Woie Woie! Woie Woie Woie! Kuo Woie Woie Woie! Woie Woie Woie! Kuo kodu Woie Woie Woie! Woie Woie Woie! Kuo a Woie Woie Woie! Woie Woie Woie! Akodu Woie Woie Woie! Woie Woie Woie! Aqui carne de bocaiuba! Aqui! Aqui! Aqui!	"Eles estavam de verdade alegres com os peixes. E gritavam: - Kaao! Kaao!

188 Icare areme etaregodure pugeje turidu tabo, ekudugodure jamedu, egore: Ba! ba!. ba!
188 Então as mulheres vieram de novo ao encontro, gritando também e dizendo: - Ba! ba! ba!

189 Dukeje egore: Woie! Woie! Woie!
Kuwobo Woie Woie Woie! Woie Woie Woie!
Kuo Woie Woie Woie! Woie Woie Woie!
Kuo kodu Woie Woie Woie! Woie Woie Woie!
Kuo a Woie Woie Woie! Woie Woie Woie!
Ak— kodu Woie Woie Woie! Woie Woie Woie!"	0.207	substantive-or-segmentation	insert: [] -> [188 Icare areme etaregodyre pugeje turidu tabo, ekudugodyre jamedu, egore: Ba! ba!. ba! 189 Dykeje egore: Woie! Woie! Woie! Kuwobo Woie Woie Woie! Woie Woie Woie! Kuo Woie Woie Woie! Woie Woie Woie! Kuo kodu Woie Woie Woie! Woie Woie Woie! Kuo a Woie Woie Woie! Woie Woie Woie! Ak— kodu Woie Woie Woie! Woie Woie Woie! Aqui carne de bocaiuba! Aqui! Aqui! Aqui!]
BOR-CORBO-HM001-u190	Icare ere etugu. Icare ekodure. Icare ere etawuje.	Icare ere etugu. Icare ekodure. Icare ere etawyje.	Icare ere etugu. Icare ekodure. Icare ere etawuje.	Depois os puseram a cozinhar. Depois de cozidos os tiraram (da panela).	0.980	near-identical	replace: [etawuje.] -> [etawyje.]
BOR-CORBO-HM001-u191	Dukejere icare nowu karo kodu makore, akore Tagomeado itabo taedaga ai, tawu ri ai, taduie ai, tajarugo ai.	Dykejere icare nowy karo kodu makore, akore: Tagomeado itabo taedaga ai, tawy ri ai, taduie ai, tajarugo ai.	Dukejere icare nowu karo kodu makore, akore tagomeado itabo taedaga ai, tawu ri ai, taduie ai, tajarugo ai.	Então a carne do peixe falou dizendo: - Fazeis presente comigo para o vosso padrinho, para o vosso irmão mais velho, para as vossa irmã mais velha, para a vossa madrinha.	0.967	orthographic/editorial	replace: [Dukejere] -> [Dykejere] | replace: [nowu] -> [nowy] | replace: [akore] -> [akore:] | replace: [tawu] -> [tawy]
BOR-CORBO-HM001-u192	Akore Awu ikaguru tugu powarito. Akore tagagomode powari gaguru oino ji, meture powari tada kodi. Akore tabowarigaguru reno.	Akore: Awy ikaguru tugu powarito. Akore: tagagomode Òpowari gaguruÓ oino ji, meture powari tada kodi. Akore tabowarigaguru reno.	Akore awu ikaguru tugu powari to. Akore tagagomode powari gaguru oino ji, meture powari tada kodi. Akore tabowarigaguru reno.	E acrescentou: - Ponham a minha gordura numa cabacinha. Vocês vão chamá-la assim: gordura da cabacinha, porque fica dentro da cabacinha. Essa é a vossa gordura da cabacinha.	0.976	near-identical	replace: [Akore Awu] -> [Akore: Awy] | replace: [Akore] -> [Akore:] | replace: [powari gaguru] -> [Òpowari gaguruÓ]
BOR-CORBO-HM001-u193	Tamode bu tagao keje, tagao kugudugodumode. Akore Tagimo nonogo epa reno.	Tamode bu tagao keje, tagao kugudugodymode. Akore: Tagimo nonogo epa reno.	Tamode bu tagao keje, tagao kugudugodumode. Akore Tagimo nonogo epa reno.	Vocês vão passá-la no vosso cabelo, e o vosso cabelo vai ficar macio. E acrescentou: Ela vai servir também para preparar o vosso urucum.	0.980	near-identical	replace: [kugudugodumode. Akore] -> [kugudugodymode. Akore:]
BOR-CORBO-HM001-u194	E! Icare ere tugu powarito. Ere ia biegado tu tugera keje, ere tugu taoto.	E! Icare ere tugu powarito. Ere ia biegado ty tugera keje, ere tugu taoto.	E! Icare ere tugu powari to. Ere ia biegado tu tugera keje, ere tugu tao to.	Eh! Aí eles puseram (a gordura) dentro a cabacina. Um pouco eles puseram nas mãos e passaram no cabelo.	0.986	near-identical	replace: [tu] -> [ty]
BOR-CORBO-HM001-u195	I! ... Ure etao motudo! Ure etao kugudugodudo!	I! ... Ure etao motudo! Ure etao kugudugodydo!	I! Ure etao motudo! Ure etao kugudugodudo!	Ih! ... A gordura fez o cabelo deles ficar bonito! Fez o cabelo deles ficar macio!	0.978	near-identical	replace: [kugudugodudo!] -> [kugudugodydo!]
BOR-CORBO-HM001-u196	Egore: - E! Pemega remawu nure!	Egore: E! Pemega remawy nure!	Egore: - E! Pemega remawunure!	"E comentaram: - Eh! É muito bom



APæNDICE II


TEXTO DO BARI CIRILO - Bil’ngue

Discurso do Bari Cirilo Ð Aldeia Garças 1986.				    

Lenda colocada dentro de um discurso em uma Assembléia de chefes realizada na Aldeia Bororo do Rio Garças, com presença de autoridades da Funai, reivindicando uma região de morros onde antigamente os Bororo iam caçar araras."	0.933	orthographic/editorial	delete: [-] -> [] | replace: [remawu] -> [remawy]
