id	document	source_file	source_number	section	source	reviewed	portuguese	editorial_note
AIJ.001	Aijedoge	aijedoge.txt	1	OS TUGAREGE TIRAM DA ÁGUA OS PRIMEIROS AIJEDOGE	Boe ekodure jii... Boe ewarudunure tuiemaru tabo toroerogu bogai.\nDutabore icare boe etaregodure kuruga okwato. Mare kurugakare ema boetoji. Joruguda (queimada)nure ema boetoji. Dukeje icare kuruga rema boi pugeje. Pobo rema pugeje.\nIcare boera baado okwai.\nOinore boe egore tuiegare tabo!.		Os Bororo andavam muito. Mudavam-se de um lugarpara outro a procura de suas coisas. Assim eles chegaram à beira de uma lagoa. Mas no começo não era uma lagoa, antes era uma quiemada. Depois converteu-se numa lagoa. Foi depois que se converteu em lagoa que os bororos acamparam na sua beira.	
AIJ.002	Aijedoge	aijedoge.txt	2	OS TUGAREGE TIRAM DA ÁGUA OS PRIMEIROS AIJEDOGE	Icare boecodure. Icare boe awadugodure, barogwa kododure.\nDukeje icare aije akogodure. Akore Tbr tbr tbr tbr tbr !\nBirimodo akore tarodo pa ji (taiaedo ji = afastem-se dele).\nIcare ure taora tugu poboto ae, kodo ae... jore keje tuku! Ure todomo kajeje. Ure tao tawuje apo pobo piji.\nBoekimo rema, Aije karadega. Uwai rabodu!\nAkore Aije Uwai imireo. Ure bu tu...		Chegou a noite e depois o dia começou a abrir e quando amanheceu escutou-se a vos do espírito Aije: tbr tbr tbr tbr tbr!\nBirimodo disse: - Afastem-se dele!\nDepois pulou de cabeça dentro da água no rumo dele, foi no seu rumo, encostou nele, abraçou-o e saiu com ele para ora da água.\nEis porém, que não era o espírito Aije. Era o jacaré.\nEle disse: Eu sou o Aije jacaré. Ele o deixou aí.	
AIJ.003	Aijedoge	aijedoge.txt	3	OS TUGAREGE TIRAM DA ÁGUA OS PRIMEIROS AIJEDOGE	Icare boecodure pugeje. Barogwa kododure, du keje icare Aije akogodure pugeje. Akore Tbr tbr tbr tbr tbr...\nMano Kurireu akore taiaedo ji!\nUre taora tugu ae ta! poboto. Jore keje tuku! Ure todumo kajeje. Ure tao tawuje apo tu.. !\nAkore Aije Okiwa imireo(capivara). Ure mugudo tu...		Anoiteceu de novo e quando amanheceu, escutou-se de novo a voz do Aije: - Tbr tbr tbr tbr tbr!\nMano Kurireu disse: - Afastem-se dele!\nDepois pulou de cabeça na água no rumo dele. Logo encostou nele, abraçou-o e saiu com ele da água.\nO bicho disse: - Eu sou a Capivara. Então ele a deixou aí.	
AIJ.004	Aijedoge	aijedoge.txt	4	OS TUGAREGE TIRAM DA ÁGUA OS PRIMEIROS AIJEDOGE	Icare boecodure pugeje. Barogwa kododure, du keje icare Aije akogodure pugeje. Akore: Tbr tbr tbr tbr tbr.. .\nButoregadu akore tarodo po ji!\nUre taora tugu ae ta! Je padure apo pobo piji apo.\nAkore Aije imireo. Aije Ipie imireo.		Anoiteceu de novo e, quando amanheceu, escutou-se de novo a voz do Aije: - - Tbr tbr tbr tbr tbr!\nButoregadu disse: - Afastem-se dele!\nDepois pulou de cabeça na água no rumo dele. E logo apareceu com ele fora da água.\nO bicho disse: - Eu sou Aije. Eu sou a lontra.	
AIJ.005	Aijedoge	aijedoge.txt	5	OS TUGAREGE TIRAM DA ÁGUA OS PRIMEIROS AIJEDOGE	Icare boecodure pugeje. Barogea kododure , du keje icare Aije akogodure pugeje. Akore Tbr tbr tbr tbr tbr...\nKaboreu akore Tarodo po ji!\nUre taora tugu ae ta! Jore keje tuku! Ure todomo kajeje. Je pado apo pobo kajeje ta!\nAkore Aije imireo. Aije Mace Koguio imireo.		Anoiteceu de novo e, quando amanheceu, escutou-se de novo a voz do Aije: - Tbr tbr tbr tbr tbr!\nPulou de cabeça na água no rumo dele. Encostou nele, abraçou-o e saiu com ele da água.\nO bicho disse: - Eu sou Aije. Eu sou o Jaburu.	
AIJ.006	Aijedoge	aijedoge.txt	6	OS TUGAREGE TIRAM DA ÁGUA OS PRIMEIROS AIJEDOGE	Boecodure pugeje. Barogwa kodure pugeje, du keje icare Aije akogodure pugeje. -Tbr tbr tbr tbr tbr...\nMeriri Baru akore : -Tarodo po ji!\nUre taora tugu ae ja! Je pado apo pobo kajeje ta!\nAkore Aije imireo. Aije Tawie imireo.		Anoiteceu de novo e, quaando amanheceu, escutou-se de novo a voz do Aije: - Tbr tbr tbr tbr tbr!\nKaboreu disse: Afastem-se dele!\nPulou de cabeça na água no rumo dele e saiu da água com ele.\nO bicho disse: Eu sou Aije. Eu sou a Gaivota.	
AIJ.007	Aijedoge	aijedoge.txt	7	2. COMENTÁRIO EXPLICATIVO	Egore nono Aije akore, mare emage remawugere icare ere tuginoi tu... Ekare nono Aije reore.. Egore ure nono Aije akore, emage remawuge ere tuginoi tu. Icá! Aijedoge boetojiowuge reo. Bororo padukare etai, aroe eregodukare ei. Ere tu oino rugadu. Nowugere Jakomea Pore etagedudo.		A voz deles parecia com a do Aije, mas eles mesmos eram diferentes. Eles não pareciam com Aije. Eles gritavam igual ao Aije, mas eles mesmos eram bem diferentes. Eis! Esses eram os primeiros Aijes. No tinha ritual na praça para eles. As almas não corriam atrás deles. Eram so assim. A Inundação Geral acabou com eles.	
AIJ.008	Aijedoge	aijedoge.txt	8	2. COMENTÁRIO EXPLICATIVO	Ere pugeje, mare Aijekare emage pugeje. Aije akuieenure emage pugeje.\nNonore icare Jakomeao Pore boe etagedudo (Aqui acontece a inundação geral).\nPemo koiare ure awu udo oino. Pemo maragodae reo, okudure boe ebo kodi. Ure boe emagore jiboedo. Ure boe ekiarigodu maku boe etai oino du reo.		Eles voltaram a existir, mas não são Aije. Eles são os bichos de Aije..\nFoi no tempo em que a Inundação Geral acabou com os Bororo. Foi Pemo que dispôs assim. Essa foi obra de Pemo, porque ele se compadeceu dos Bororo. Ele fez com que os Bororo contassem isso. Foi esta a saudade que ele deu aos Bororo.	
BARU.001	Barujauwo	barujauwo.txt	1		Boe eture pugeje. Boe ere taodo. Meri rekodu tabo boere tudo pui. Boe eiamedu aregodukare, pugeje.		Os Bororos foram embora de novo. Espalharam-se. De tardinha reuniram-se e perceberam que não todos tinham regressado.	
BARU.002	Barujauwo	barujauwo.txt	2		Boekare! Boecodure pugeje. Barogwa kododure. Icare ia aredu akore tumeruiagu. Iere Kakuie, oino. Icare merure. Kodo jii toro boeto. Icare jorudure meiao borirewu ji (casa de abelhas parecida com cupim, nos troncos de jatobá). Icare nowu aredu akore Wo! Iwo irokagado ji!		Nada! Anoiteceu de novo e, quando amanheceu, uma mulher falou que iria passear. Chamava-se Kaduie. Ai foi andando. Foi longe no campo. Ai viu uma casa de abelhas e disse: Oh! Eu vou experimentar!	
BARU.003	Barujauwo	barujauwo.txt	3		Icare ruture ji. Icare ure tuwure ao (corda com que se amarram os pés para subir nas árvores) jaido. Icare ruture tabo gu gu gu. Aregodure ae. Icare ure nowu tudai (boruduna que a mulher usa para cavar o chão à procura de batata e para quebrar as caixas de abelhas) (itai, atai, utai, tudai, cedai, padai, tadai, etai). Ure tudai to ji tbr, tbr, tbr!		Subiu (na árvore onde estava o mel). Fez um suporte de corda para os pés e foi subindo com ele. Chegou a onde (o mel) estava e bateu com o seu bastão na casa das abelhas.	
BARU.004	Barujauwo	barujauwo.txt	4		Dukejere icare biarurugodure. Dukejere icare boe eragudugodure, raka rugadu. Dukeje icare eidogodure raka rugadu tra!		Logo começou a trovejar e a relampejar forte mesmo, seguido de fortes trovões.	
BARU.005	Barujauwo	barujauwo.txt	5		Boekimorema, cewu aredu jiradu eroino. Ere pegado rugadu. Ere roto ja tuku		Os raios cairam sobre aquela mulher e a despedaçaram.	
BARU.006	Barujauwo	barujauwo.txt	6	2. MERI E ARI VINGAM A MORTE DE SUA MÃE	Icare nowu etujarugo oragudure. Oinore akore toragudu tabo, meri rekodu jameduji, boeco jamedu ji. Icare nowu Merire tuwie Ari arego nowu tujarugo ae. Akore Imedu, arego pajarugo ae.\nAkore Akagodo: imarugo, imarugo! Kakodiwu kaiamo, kakodiwu braedu ro, ako, bataru koiaba rakuduie akagoino? Ure bakarudo nowu tuwuie Ariji, akore bia jetu ra kaiagu ure ciemagu boetojiwo ji.		Então a avó (dos irmãos Sol e Lua) estava chorando. Falava muito chorando todas as tardes e todas as noites. Aí o Sol mandou o seu irmão mais novo o Lua ir a onde estava a avó deles.dizendo: - Menino, vai lá onde está a nossa avó e pergunta para ela por causa de qual inimigo, de qual branco ela está falando assim. Ele instruiu bem o seu irmão mais novo o Lua para não deixar de observar bem para qual direção ela ia se mexer primeiro.	
BARU.007	Barujauwo	barujauwo.txt	7	2. MERI E ARI VINGAM A MORTE DE SUA MÃE	Rekodure ae, akore Imarugo, imarugo! Imana akore kakodiwu meri, ka- kodiwu braedu, kakodiwu adugo ro, ako, bataru koiaba rakuduie akagoino, awadarurino.\nIcare akore U! Woe rakudu. woe rakudu. woe rakudu! Oino nowu uwie ari ji. Akore ji.		Correu a onde ela estava e disse-lhe: - Minha avó, minha avó! O meu irmão manda perguntar por causa de qual malandro, de qual branco, de qual onça a senhora está falando assim.\nEla respondeu assim para o irmão mais novo o Lua: - É! Talvez por aqui, talvez por aqui!	
BARU.008	Barujauwo	barujauwo.txt	8	2. MERI E ARI VINGAM A MORTE DE SUA MÃE	Icare kodo kuri tumana ae, akore:. –lmana, imana! Woere pajarugore tuiemagu boetoji.		Logo ele foi a onde estava o seu irmão mais velho e lhe disse: - Meu irmão, meu irmão! A nossa avó se mexeu primeiro neste rumo.	
BARU.009	Barujauwo	barujauwo.txt	9	2. MERI E ARI VINGAM A MORTE DE SUA MÃE	Icare makogodure tuo Aroia Kurirewu ji. makogodure tuo Birimodo ji. Akore tuomage eiagu arago to tudaragoce. Icare nowu etuomagere arago to etaragoce.		Então ele falou para seu pai Pano Grande e para seu pai Pele Bonita pedindo-lhes para fazer para ele um cacete. Aí os pais deles fizeram cacetes para eles.	
BARU.010	Barujauwo	barujauwo.txt	10	2. MERI E ARI VINGAM A MORTE DE SUA MÃE	Icare oinore akore tpragudu tabo pugeje. Icare ure nowu tuwie arego tujarugo ae pugeje. Akore Imedu. Imedu! Arego pajarugo ae pugeje. Akagodo:\n-Kakodiwu meri, kakodiwu adugo. kakodiwu kaiamo. kakodiwu braedu ro. ako. bataru koiaba rakuduie akagoino? Oinore akagore ji.		Novamente (a avó deles) estava chorando muito. Então ele mandou novamente seu irmão mais novo a onde ela estava, dizendo: - Menino, menino, corre a onde está a nossa avó e pergunta para ela por causa de qual malandro, de qual fera, de qual inimigo, de qual branco está chorando assim. Pergunta isso para ela.	
BARU.011	Barujauwo	barujauwo.txt	11	2. MERI E ARI VINGAM A MORTE DE SUA MÃE	Icare rekodure toro ae. Nowu tujarugo ae. (Akore ji pugeje: -Aetu pemegado ure ciemagu boetojiwoji). Icare makore ji. akore Imarugo, imarugo! lmana akore: kakodiwu meri, kakodiwu adugo, kakodiwu kaiamo, kakodiwu braedu ro. Ak,. bataru koiaba rakuduie akagoino. awadarurino?		Aí ele correu para onde ela estava (mas ele tinha falado para ele de novo: -Ponha bem atenção para que lado ela se mexe primeiro) e falou assim para ela: - Minha avó, minha avó! O meu irmão está perguntando que por causa de qual malandro, de qual fera, de qual inimigo, de qual branco, a senhora está falando assim.	
BARU.012	Barujauwo	barujauwo.txt	12	2. MERI E ARI VINGAM A MORTE DE SUA MÃE	Akore 'M 'm 'm 'm! Woe rakudu, woe rakudu, woe rakudu! Akore.\nIcare kodo kuri tumana ae pugeje. akore Imana, imana! Pajarugo akore woe rakuduie, woe rakuduie, woe rakuduie.		Ela respondeu: - Tal vez neste rumo, talvez neste rumo, talvez neste rumo. Então ele foi logo a onde estava o seu irmão mais velho e lhe disse: - Meu irmão, meu irmão! A nossa avó disse que talvez neste rumo, que talvez neste rumo, que talvez neste rumo.	
BARU.013	Barujauwo	barujauwo.txt	13	2. MERI E ARI VINGAM A MORTE DE SUA MÃE	Icare nowu umana makogodure nowu tuwieji pugeje. akore:\n-Imedu. imedu! Akire akonagodure aigo biri ji. imire itonagodure adugo biri ji. Akore Akire akonagodure aigo oji, imire itonagodure adugo o ji. Akore:\n-Akire akonagodure meriri ekurewu ji, imire itona- godure meriri kujagurewu ji. Akore:\n-Akire akonagodure pariko ekurewu ji, imire itona- godumode pariko kujagurewu ji.		Aí o irmão mais velho falou de novo ao seu irmão mais novo, dizendo: - Menino, você fica com o couro da onça parda e eu fico com o couro da onça pintada. Você fica com o colar de dentes da onça parda e eu fico com o colar de dentes da onça pintada. Você fica com o enfeite de metal amarelo e eu fico com o enfeite de metal vermelho. Você fica com o diadema de penas amarelas e eu fico com o diadema de penas vermelhas.	
BARU.014	Barujauwo	barujauwo.txt	14	2. MERI E ARI VINGAM A MORTE DE SUA MÃE	Akore Bia karega iromode oino... Iromode oino tu... ai... (explica como ele vai matar Uiedaga com os raios -baigabe).\nAkore Marigu!		E acrescentou: - Não é às escondidas que eu vou agir assim com ele. Depois disse: - Vamos Vamos!	
BARU.015	Barujauwo	barujauwo.txt	15	2. MERI E ARI VINGAM A MORTE DE SUA MÃE	Icare uture, nowu tuwie apo, nowu tuiedaga uwororo kae. Aiwore tododai: Pariko kujagurewu jeture adugo biri keje, pariko ekurewu jeture aigo biri keje. Adugo o jeture, aigo o jeture. Nowu merire ekurewu jeture, meriri kujagurewu jeture, nowu uiedaga uwuroro keje.		Dirigiu-se então com o seu irmão mais novo para a praça do seu ancestral. Observando na frente viu que o diadema de penas vermelhas estava sobre o couro da onça pintada e o diadema de penas amarelas estava sobre o couro da onça parda. Também estavam o colar de dentes de onça pintada e o colar de dentes de onça parda, o enfeite de metal vermelho e o enfeite de metal amarelo, ali na praça do seu ancestral.	
BARU.016	Barujauwo	barujauwo.txt	16	2. MERI E ARI VINGAM A MORTE DE SUA MÃE	Icare eture. Ekodo jii toro nowu tuiedaga jari paru kae. Etaregodo kae. Makore tuwieji, akore Ado arugadu! Dukeje icare nowu umanare tuwure to nowu tuiedaga jari pariji tbr! tbr! tbr! Boe bokware!\nUre tuwure to ji pugeje: tbr! tbr! tbr ! Biapagare: Boe bokware!		Dirigiram-se então para a entrada da toca do seu ancestral. Chegando lá, o irmão mais velho falou assim para o mais novo: - Apronte-se!\nDepois o mais velho bateu com o pé na porta da toca do ancestral, tbr! tbr! tbr ! Nada!\nBateu de novo, tbr! tbr! tbr ! Ficou escutando e nada.	
BARU.017	Barujauwo	barujauwo.txt	17	2. MERI E ARI VINGAM A MORTE DE SUA MÃE	Ure tuwure to ji pugeje tbr! tbr! tbr!\nDukejere icare nowu etuiedaga jarurugodure: ku... tbr! tbr! tbr!\nKodo mato... Icare puredugodure tuwo tuiebu. Dukejere icare akore:\n- Bororo kae! Nowu tuwie ji.		Bateu com o pé de novo tbr! tbr! tbr !\nAí o ancestral rugiu: ku...tbr! tbr! tbr ! Veio se aproximando e quando já estava perto da saída, o mais velho falou para o mais novo: - Para a praça!	
BARU.018	Barujauwo	barujauwo.txt	18	2. MERI E ARI VINGAM A MORTE DE SUA MÃE	Icare eregodure. Ekodure... Uwiere tugeragu aigo biriji, ure barigu taoto kuri tuku! Umanare tugeragu adugo biriji, ure barigu taoto kuri tuku!\nUwiere tugeragu aigo oji, ure barigu taoto kuri tuku. Umanare tugeragu adugo oji, ure birigu taoto kuri tuku!\nUwiere tugeragu meriri ekurewu ji, ure barigu taoto, kuri tuku. Umanare tugeragu meriri kujagurewu ji, ure barigu taoto kuri tuku!\nUwiere tugeragu pariko ekurewu ji, ure barigu taoto kuri tuku! Umanare tugeragu pariko kujagurewu ji, ure barigu taoto kuri tuku!		Correram lá e rapidamente o mais novo pegou o couro da onça parda e o jogou na cabeça. O mais velho pegou o couro da onça pintada e o jogou na cabeça.\nO mais novo pegou o colar de dentes de onça parda e o jogou na cabeça. O mais velho pegou o colar de dentes de onça pintada e o jogou na cabeça.\nO mais novo pegou o enfeite de metal amarelo e o jogou na cabeça. O mais velho pegou o enfeite de metal vermelho e o jogou na cabeça.\nO mais novo pegou o diadema de penas amarelas e o jogou na cabeça. O mais velho pegou o diadema de penas vermelhas e o jogou na cabeça.	
BARU.019	Barujauwo	barujauwo.txt	19	2. MERI E ARI VINGAM A MORTE DE SUA MÃE	Nowu etuiedaga kodo eregodaji. Boekare! Ere nowu boe oroe kodudo koda piji. Icare jeture boei doi doi doi.		O ancestral deles foi atrás deles. Eles tinham tirado as armas dele. Por isso ele ficou desnorteado.	
BARU.020	Barujauwo	barujauwo.txt	20	2. MERI E ARI VINGAM A MORTE DE SUA MÃE	Boekare! Ere barigu taiado, ere tuiedaga ko taiadoda (O colocaram no meio).\nIcare eture apo nowu uwororo ji. Etaiwore pui tu je: eragudure ji.\nNowu etuiedaga akore m... Butugu tabo, butugu tabo, butugu tabo! Butugu tabore irore tabo, butugu tabore imagore bato.		Então jogaram-no no meio, jogaram o seu ancestral no meio deles e foram andando com ele pela praça. Virado um para o outro eles foram jogando nele o reflexo (dos metais).\nO ancestral dizia: - com calma, com calma, com calma! Eu usava eles com calma.	
BARU.021	Barujauwo	barujauwo.txt	21	2. MERI E ARI VINGAM A MORTE DE SUA MÃE	Ekodure apo uwororoji cuku cuku cuku! Etaiwore pui, eragudure ji.\nAkore m!... butugu, butugu, butugu! Butugu tabore irore tabo, butugu tabore imagore tabo.		Foram andando com ele pela praça e, virado um para o outro, jogavam o reflexo nele.\nEle dizia: - Calma, calma, calma! Eu usava isso com calma.	
BARU.022	Barujauwo	barujauwo.txt	22	2. MERI E ARI VINGAM A MORTE DE SUA MÃE	Ekodure jugu jugu jugu... Etaiwore pui, eragudure ji .. Nowu meriri urugure jore pudo.\nAkore m... butugu, butugu, butugu! Butugu tabore irore tabo, butugu tabore imagore tabo.		Foram andando, olhando um para o outro e jogando os raios (do metal) sobre ele. O brilho dos metais estava um na direção do outro.\nEle dizia: Calma, calma, calma! Eu usava (essa arma) com calma.	
BARU.023	Barujauwo	barujauwo.txt	23	2. MERI E ARI VINGAM A MORTE DE SUA MÃE	Icare emaragodugodure ji. Icare ere jeragudu tugu puguda ji gr... gr... gr...\nNowu etuiedaga akore Butugu, akore butugu, akore butugu.\nDukeje icare ere nowu barege ewiri okwa to pui ji pu! Ere roto ja tuku!		Ai eles trabalharam com ele. Jogaram raios nele com maior rapidez.\nO padrinho insistiu para fazer mais devagar.\nEles, porém, bateram nele com os dois couros, um virado para o outro, e acabaram com ele.	
BARU.024	Barujauwo	barujauwo.txt	24	2. MERI E ARI VINGAM A MORTE DE SUA MÃE	Nowu etuiedaga iere Barujauo, iere Pogu Biri Kagururewu, iere Kawarurewu.\nKoiare ure etuje bito, kodi icare ere bito nowu tuje mori bogai.\nDukeje icare eture.		O ancestral deles tinha vários nomes: Barujauo, Pogubo Biri, Kagururewu, Kawarurewu, Foi ele quem matou a mãe deles, e por isso eles o mataram em vingança pela mãe.	
BARU.025	Barujauwo	barujauwo.txt	25	2. MERI E ARI VINGAM A MORTE DE SUA MÃE	Duwu bubutu baigabe emare; bakuru rakaaguragare, nowu bito du keje.\nBakuru rakaguragarewu, ure i butudo, ure noido butudo. Dure boe egore badojebage, oinore boe egore ei, nowu butaodogei. Oinore ure.		Ele é o raio da chuva; tinha vento muito forte quando ele a matou.\nO vento muito forte derruba as árvores e as palmeiras.\nOs Bororos dão a isso o nome de badojebage. Assim que os bororos chamam essas tormentas. Assim que é.	
BARU.026	Barujauwo	barujauwo.txt	26	2. MERI E ARI VINGAM A MORTE DE SUA MÃE	Ekodure jugu jugu jugu... Etaiwore pui, eragudure ji .. Nowu meriri urugure jore pudo.\nAkore m... butugu, butugu, butugu! Butugu tabore irore tabo, butugu tabore imagore tabo.		Foram andando, olhando um para o outro e jogando os raios (do metal) sobre ele. O brilho dos metais estava um na direção do outro.\nEle dizia: Calma, calma, calma! Eu usava (essa arma) com calma.	
BARU.027	Barujauwo	barujauwo.txt	27	2. MERI E ARI VINGAM A MORTE DE SUA MÃE	Icare emaragodugodure ji. Icare ere jeragudu tugu puguda ji gr... gr... gr...\nNowu etuiedaga akore Butugu, akore butugu, akore butugu.\nDukeje icare ere nowu barege ewiri okwa to pui ji pu! Ere roto ja tuku!		Ai eles trabalharam com ele. Jogaram raios nele com maior rapidez.\nO padrinho insistiu para fazer mais devagar.\nEles, porém, bateram nele com os dois couros, um virado para o outro, e acabaram com ele.	
BARU.028	Barujauwo	barujauwo.txt	28	2. MERI E ARI VINGAM A MORTE DE SUA MÃE	Nowu etuiedaga iere Baru Jauo, iere Pogu Biri Kaguruo, iere Kawarurewu..\nKoiare ure etuje bito, kodi icare ere bito nowu tuje mori bogai.\nDukeje icare eture.		O ancestral deles tinha vários nomes: Baru Jauo, Pogubo Biri Kagururewu, Kawarurewu, Foi ele quem matou a mãe deles, e por isso eles o mataram em vingança pela mãe.	
BARU.029	Barujauwo	barujauwo.txt	29	2. MERI E ARI VINGAM A MORTE DE SUA MÃE	Duwu bubutu baigabe emare; bakuru rakaaguragare, nowu bito du keje.\nBakuru rakaguragarewu, ure i butudo, ure noido butudo. Dure boe egore badojebage, oinore boe egore ei, nowu butaodogei. Oinore ure.		Ele é o raio da chuva; tinha vento muito forte quando ele a matou.\nO vento muito forte derruba as árvores e as palmeiras.\nOs Bororos dão a isso o nome de badojebage. Assim que os bororos chamam essas tormentas. Assim que é.	
BARU.030	Barujauwo	barujauwo.txt	30	3. ORAÇÃO PARA ACALMAR A TORMENTA	Kodire boe egore Butaodogei, egore: - Iedaga Baru Jauo, iedaga Kogae Paradurewu, iedaga Kadogarewu, iedaga Pagedobo, iedaga Tururu, iedaga Mokureabo, iedaga Barukuruciri, boe epado toro, ikujegajeje toro, iporugajeje toro. Awuge eedure woe, taragomage eedure woe, tagore eedure woe, taerubodarege eedure woe, tamode epagudugo, tamode egugudugo. Eragicarugogore jorubo okori koia. Boe egore.		Por isso os Bororo falam com a chuva, dizendo: - Meu ancestral Baru Jauo, meu ancestral Kogae Paradurewu, meu ancestral Tururu, meu ancestral Kuriangu, meu ancestral Sabiá, conservem o temporal lonje, fora da aldeia longe. O povo está aqui, as vossas afilhadas estão aqui, os vosso filhos estão aqui, os vossos afilhados estão aqui, vocês vão assustá-los, vocês vão enfraquecê-los. Eles estão muito magrinhos por causa da doença.	
BARU.031	Barujauwo	barujauwo.txt	31	3. ORAÇÃO PARA ACALMAR A TORMENTA	Boe egore: - Iedaga Tarogware, iedaga Parogware Kudu, butugo pagimo pariko kudoroe eiari tabo, amade awu awage epagududo, amode aragomage epagudududo, amode akore epagududo. Ekogodu kuricigo tuge boi koia! Boe pado toro ekuiegajeje toro, eporugajeje toro. Boe egore.		Os Bororo dizem: - Meu ancestral Parogware Kudu, calma com o nosso diadema de penas de arara azul, você vai amedrontar estes seus afilhados, você vai dar medo nestas suas afilhadas, você vai amedrontar os seus filhos. Eles estão muito doentes por causa da fome! Segura para lá longe da aldeia, longe deles o temporal.	
BARU.032	Barujauwo	barujauwo.txt	32	3. ORAÇÃO PARA ACALMAR A TORMENTA	Butaodoge eiwu boe egoia reno; ewudu biegawo,ewo tamudo.		Esta é a oração dos Bororo para a chuva, para que caia suavemente, para que se calme.	
BARU.033	Barujauwo	barujauwo.txt	33	3. ORAÇÃO PARA ACALMAR A TORMENTA	Boe egore pugeje: - ‘M... ‘m... ‘m... ‘m....! Iedaga Pai, iedaga Pai, akogea burogu gaibodo toro! Akuri burogu gaibodo toro, akana burogu gaibodo toro, amo burogu gaibodo toro, aruwo burogu gaibodo toro, akogwa burogu gaibodo toro, ikujegajeje toro, iporugajeje toro. Aragomage eedure woe, awagoe eedure woe, amode epagududo, amodo egugudugo. Oino.		Os Bororo falam também assim: ‘M... ‘m... ‘m... ‘m....! Meu ancestral Bugio, vira para longe o pelo de sua frente, de sus barriga, de suas mãos de seu peito, de sua garganta, vira para longe, longe da aldeia, longe de mim. As suas afilhadas estão aqui, os seus afilhados estão aqui, você vai amedrontá-los, você vai enfraquecê-los.	
PAND.001	Primeiras Andanças	primeirasAndanca.txt	1	1.OS POVOS DE MERIRI PORO E DE JERIGI OTOJIWU SE UNEM	Icare eture. Mariri Poro uwarudure, uture towuge ebo. Ere tudo pui, ere tudo Jerigi Otojiwu ogei. Ere tumagu puai.		Depois eles foram embora. Meriri Poro foi embora com os seus. Estes se juntaram com o povo de Jerigi Otojiwu e casaram entre si.	
PAND.002	Primeiras Andanças	primeirasAndanca.txt	2	1.OS POVOS DE MERIRI PORO E DE JERIGI OTOJIWU SE UNEM	Icare eture. Ekodure jii... ere baado tu… baado tu... baado tu... tugodui, awu tuge batata do mato ji, awu tuge kurodureboe ji, awu tuge motore ji, , awu tuge oce ji, awu tuge no ji, tuge rumaga ji, tuge mano ji.		Então foram embora. Andaram muito tempo. Foram acampando, acampando, acampando, na medida que iam andando, para comer batatas do mato, frutas, macaúba, gravatá, cocos de babaçu, frutos de jatobá e de buriti.	
PAND.003	Primeiras Andanças	primeirasAndanca.txt	3	2. A TRAVESSIA DO RIO BAKUREBO	Icare etaregodure Bakurebo okwato. Icare ere kowai bure tugu, erudure to. Icare ure tugado ebo, buture ebo poboto po! Jeture cobugiwuge etao kororogodure, jeture cebegiwuge etao gigirire.		Depois chegaram ao rio Bakurebo (Rio Paraguai). Aí eles plantaram um pé de embaúba e subiram por ele. A embaúba quebrou e caiu com eles no rio. Os que caíram do lado de cima têm o cabelo liso e os que caíram de lado de baixo têm o cabelo enrolado.	
PAND.004	Primeiras Andanças	primeirasAndanca.txt	4	2. A TRAVESSIA DO RIO BAKUREBO	Icare ere tudawuje piji boeki kae.\nIcare ere marido bu pobo kajeje pugeje, ere arego bakowuto. Icare eture ji.\nKodure puregodajiwuge emearudure pu okwa bataru ji .\nKodo jice etododaiwuge emearudukare pu okwa bataru ji tu tu tu jii toro.		Logo eles saíram da água para o seco. Depois colocaram uma ponte de talos de buriti sobre o rio, fazendo-a chegar até a outra margem, e foram embora por ela. Os que iam pertinho um atrás do outro, escutavam a conversa uns dos outros. Os que iam longe na frente não escutavam a fala dos outros.	
PAND.005	Primeiras Andanças	primeirasAndanca.txt	5	2. A TRAVESSIA DO RIO BAKUREBO	Icare eiore bakowuto. Icare mearudure pu okwa bataru jiwuge eture puregodaji toro bato, puregodaji, puregodaji.\nAwu paobe ekodo jeto awu moto to . Icare etaregodure. Etaregodure taci!		Chegaram na outra margem do rio. Os que entendiam a mesma língua foram para a aldeia juntos, um atrás do outro.\nOs nossos parentes, dirigiram-se para cá, para esta terra. Foram chegando, até acabar.	
PAND.006	Primeiras Andanças	primeirasAndanca.txt	6	2. A TRAVESSIA DO RIO BAKUREBO	Icare awu kodure Bakurebo jipagiwuge ekodure toro nowu pobo jipagi Ere baado tu tu tu je. Duwuge enogwagere poruruji: kudu kigadure, pemegare.		Os que passaram para o outro lado do rio, foram andando pela margem oposta, e acampando muitas vezes. Eles comiam “poruru”(?): (Coqueiro disse que) a farinha desta planta é branca, é boa.	
PAND.007	Primeiras Andanças	primeirasAndanca.txt	7	3. NAS CABECEIRAS DO RIO PARAGUAI	Ekodure, ekodure, ekodure, icare etaregodure nowu Bakurebo uta kae.\nIcare barogwa kododure. Meri jeture pagaia keje du keje icare kuruguga akogodure, akore Psiu! Psiu!\nIcare Birimodo aiwore toro baruto, jorudure ji, akore: -Wo!... Boeia oiaga manorewu tawuje iwaiga oto kae!		Andaram, andaram, andaram, e, por fim, chegaram às cabeceiras do Bakurebo (Rio Paraguai).\nUm dia, quando o sol já estava no centro do céu, por cima de nossas cabeças, eis que um gavião caracaraí gritou: - Psiu, psiu!\nAí Birimodo olhou para o céu, viu o gavião e disse: - Oh! Se alguém pudesse tirar dele as penas maiores do rabo, para colocar na ponta do meu arco!	
PAND.008	Primeiras Andanças	primeirasAndanca.txt	8	3. NAS CABECEIRAS DO RIO PARAGUAI	Dukeje icare cewu kuruguga oiagare tuarawuje. Ure turawuje awu badojebage etae, tugarege etae, nowu Birimodo ae.\nDure ewaiga aokejewu rema, tuiamedu tabo.		Então as penas do rabo do gavião desceram. Desceram para o clã dos chefes, para os Tugarege, para Birimodo.\nElas são agora enfeite da ponta dos arcos de todos eles.	
PAND.009	Primeiras Andanças	primeirasAndanca.txt	9	4. DESCEM PELO RIO CUIABÁ, ATÉ A BARRA DO COXIPÓ	Icare ere turawuje nowu Cuiabá aoto. Icare ere turawuje nowu Cuiabá joki pugeje, nowu Kujibo paru kae. Etaregodure paru kae.		Depois, eles desceram, (das cabeceiras do Paraguai) para as cabeceiras do Cuiabá. Continuaram descendo pelo rio Cuiabá até na barra do rio Coxipó. Chegaram na barra dele.	
PAND.010	Primeiras Andanças	primeirasAndanca.txt	10	5. O CANTO “BAKURE ENOGWARI”	Badojeba kodure boetoji. Icare jorudure kaiaji. Ure taredo poboto co! koda piji. Kaiakare ema pugeje. Barogonure ema. Okiwanure ema.		Chegou primeiro um chefe, e encontrou o tambor dos Bororo. Este fugiu dele pulando no rio. Ele não era mais tambor. Era um bicho. Era a capivara.	Portuguese translation is numbered 0 in the source; aligned here with the preceding Bororo source number 10.
PAND.011	Primeiras Andanças	primeirasAndanca.txt	11	5. O CANTO “BAKURE ENOGWARI”	Ure Bakure Enogwari to ji,\nAkore Kujibo tadaiana Mamuiawuge ekaiare okiwado pudumi.\nKujibo tadaiana Mamuiawuge ekaia iwodorire inogigido pudumi		Aí cantou para ele o canto Bakure Enogwari:\n- Eis que no rio Coxipó, o tambor dos antigos Bororo transformou-se em Capivara. – No rio Coxipó, o ralador dos antigos Bororo transformou-se em tatu peba.	
PAND.012	Primeiras Andanças	primeirasAndanca.txt	12	5. O CANTO “BAKURE ENOGWARI”	Aiwore: Nowu je kejewure taiado oino gu… je.\nAkore Kujibo tadaiana Mamuiawuge ekaia jebirire merudo pudumi.\n- Kujibo tadaiana Mamuiawuge ekaiwarare inorubodo pudumi\n- kujibo tadaiana Mamuiawuge ekuikare uwaedo pudumi.		Observou que a tampa do tambor estava rolando na água e cantou:\n- Na beira do Coxipó, a couro da boca do tambor dos antigos Bororo se transformou em arraia.\n- Na beira rio Coxipó a vareta do tambor dos antigos Bororo se transformou em muçum.	
PAND.013	Primeiras Andanças	primeirasAndanca.txt	13	5. O CANTO “BAKURE ENOGWARI”	Aiwore pugeje, jorudure: Ba kodure guru guru guru. Ure rucado pudumi.\nAiwore: Bapo padure.\nAkore Kujibo tadaiana Mamuiawuge etarorore ruçado pudumi\nKujibo tadaiana Mamuiawuge ewabore kuodo pudumi.		Observou e viu que o estojo peniano dos antigos Bororo estava andando devagar, convertido em caranguejo.\nObservou que também estava o chocalho e cantou:\n- Na beira do rio Coxipó o estojo dos antigos Bororo se transformou em caranguejo\n- Na beira do rio Coxipó o chocalho dos antigos Bororo se transformou em jaó.	
PAND.014	Primeiras Andanças	primeirasAndanca.txt	14	5. O CANTO “BAKURE ENOGWARI”	Aiwore pugeje: Jorudure meruji, ure towubo kugaru kajeje.\nAkore:\n- Aroe Meru cere roga mato oiwara cigawudu aregodure tuia kugarubo enojogireroga mato mamuia.\nAroe Kurio (Aije) cere roga mato ako cigawudu aregodure tuia orowaribo enojogireroga mato mamuia.\n- Arowe kudobo cereroga mato upara cigawudu aregodure tuia Jerigi enoiogireroga mato mamuiawu.\nAroe Turubare cere roga mato oto kuruwaia aregodure tuia padaro enojogireroga mato mamuia\nArowe Irui cere roga mato upara ikuierewu aregodure tuia iwodu eno Jogireroga mato mamuia\nArowe Keiagu cere roga mato upara cigawudu aregodure tuia metoro enoiogireroga.\nArowe Kerekere cere roga mato ekeno jaruru (oto cigawudu: Kanajó)) aregodure tuia aroweri enojogireroga mato mamuia.\nArowe Bakure cere roga mato ewure jaruru aregodure ikaia parugajeje he ‘e he ‘e!\n- Imarugo ka ipagudu rakado arowe akuru aregodu iwai okwaiari, he ‘e, he ‘e!\n- Imarugo ka ipagudu rakado arowe akuru jaruru aregodu iwai okwaiari, he ‘e, he ‘e! OK. - Imarugo ka ipagudu rakado arowe akuru jaruru aregodu iwai okwaiari, he ‘e, he ‘e		Observou de novo e viu a arraia deitada de costas sobre a areia e cantou:\nEis o espírito arraia com o seu ferrão, que chegou no seu lugar, a areia da praia.\nEis o espírito Aije, de pescoço branco, que chegou no seu lugar, o ri.\n- Eis o espírito quati, de pescoço branco que chega no seu lugar, e os galhos secos.\nEis o espírito pato, de bico que faz barulho, que chegou no seu lugar, a espuma do rio.\nEis o espírito sinimbú, de papo parecido com colar de couro de tucaninho, que chegou no seu lugar, em baixo das folhas.\nEis o espírito gavião-fumaça, de pescoço preto, que chegou no seu lugar, onde tem capim gigante.\nEis o espírito papagaio, de nariz barulhento, que chegou no seu lugar, a ponta do morro das almas.\nEis o espírito vento, que anda fazendo barulho, passando perto do meu tambor. He ‘e! He ‘e!\n- A minha avó me infundiu medo quando chegou a ventania na frente da minha casa.\n- A minha avó me infundia medo quando chegava o barulho da ventania na frente da minha casa.	
PAND.015	Primeiras Andanças	primeirasAndanca.txt	15	6. O PRIMIRO BANQUETE DAS ALMAS.	Icare Jerigi Otojiwu, Meriri Poro, eture Boe ebo pugeje. Ewarudure Boe ebo pugeje.\nEkodure Boe ebo, ere tumugudo Boe ebo.\nIcare ere Aroe Enogwage parudo.\nEgore Bororoto!… Bororoto!…\nEgore Iro butudo bororoto!...\nEgore Iro kugu butudo bororoto!...\nEgore Iro kuru butudo bororoto!...\nEgore Iro ami butudo bororoto!..\nEgore Iro toru butudo bororoto!..\nEre iogwarido : Wo!...		Depois Meriri Poro e Jerigi Otojiwu foram embora com o povo. Foram mudando com o povo. Foram embora de novo até que pararam, sempre junto com o povo.\nAí, fizeram a festa do banquete das almas.\nEles gritaram: - Para a praça!... Para a praça!...\nTragam iro para a praça!\nTragam mingau de iro para a praça!\nTragam caldo de iro para a praça!\nTragam bolo de iro para a praça!\nTragam torta de iro para a praça!\nTodos gritaram: - Viva!...	
PAND.016	Primeiras Andanças	primeirasAndanca.txt	16	6. O PRIMIRO BANQUETE DAS ALMAS.	Boe eke paru boetojiwu reno pugeje.\nMare Boe eigoia karega Boere tumearudae tawuje, du karega. Pemo koiare ure Boe emearudae tawuje, du rekodajire Boe eture, du rekodajire Boe emagore.		Esse é o começo da festa do banquete.\nMas não foram os Bororo que pensaram assim por própria conta. Foi Pemo que deu o pensamento aos Bororo. E inspirados por ele os Bororo andavam. Inspirados por ele os Bororo falavam.	
PAND.017	Primeiras Andanças	primeirasAndanca.txt	17	6. O PRIMIRO BANQUETE DAS ALMAS.	Icare barogwa kododure, icare Kitoria (Birimodo) akore Meriri Baru, pawo pabemegado.\nMeriri Baru akore U! Pawo pabemegado.\nKitoria akore Paduwo bato.\nAkore: U! Paduwo bato.		No dia seguinte, Kitoria (Birimodo) disse: - Meriri Baru, vamos nos enfeitar.\nMeriri Baru respondeu: - Sim! Vamos nos enfeitar.\nKitoria disse: - Vamos lá em casa.\nMeriri Poro respondeu: - Sim! Vamos lá em casa\n.	
PAND.018	Primeiras Andanças	primeirasAndanca.txt	18	6. O PRIMIRO BANQUETE DAS ALMAS.	Icare Kitoria ure tubemegado, ure tugujagudo, mare nonogo tabo karega. Nonogo kodukare Boei jao. Urore kodure Boei boetoji. Kidoguru kodukare boei jao.Uwae eidoroborirewu kuru (uwae etorewu = planta parecida com o rabo de jacaré) kodure boetoji.. Nowu tabore eroino pudui. Nowu uae eidoroborirewu (uwae etorewu) kuru, nowu uro tabore eroino pudui boetoji. Nowure Boe eimore ema boetoji. Nowu tore boere kuje bo jodo boetoji, nowu tore boere kiogoagiri jodo boetoji. Nowu tabore Boere bororo bu. Nowu kaire Boere bororo bu. Nowu iere kidoguru kurirewu, nowure iere kidoguru bigodu. Nowure iere kidoguru pega, boetoji.		Então Kitoria enfeitou-se e pintou-se, não, porém, com urucum. Os Bororo ainda desconheciam o urucum. Primeiro conheceram a piçarra vermelha. Eles não conheciam a resina; conheciam o suco de uma planta chamada uwae etorewu (parecida com o rabo de jacaré). Com isso que eles se pintavam. Esse era o primeiro enfeite dos Bororo. Nisso que eles colavam antigamente a penugem de mutum, e a penugem das outras aves. Com isso que eles faziam os rituais. Isso se chamava, no começo, resina grande, resina morta, resina ruim.	
PAND.019	Primeiras Andanças	primeirasAndanca.txt	19	6. O PRIMIRO BANQUETE DAS ALMAS.	Icare ere tuiejiwudo. Meriri Barure tuiejiwudo, Kitoriare tuiejiwudo. Kitoriare togwa codo, Meriri Barure togwa codo.Tuiedaga kuido okwa co jire Meriri Barure roino.\nKitoriare taipodo. Ure taipo okwa codo tuiedaga nabure okwa coji\nMeriri Baryre taipodo. Ure togwa codo, tuiedaga kuido okwa coji.\nKitoriare kiogoaro ukigarewu mugudo tuwugeje. Ure kuruguga oiaga bu okea keje.\nMeriri Porore kuido oburugo tugu taipoto, kiogoaroto.		Aí eles se pintaram o rosto. Kitoria e Meriri se pintaram o rosto.\nKitoria se pintou a boca de preto e Meriri Baru também. Meriri Baru fez assim imitando o bico preto de seu padrinho a arara azul. Kitoria se colocou a peruca, pintando de preto a beira desse enfeite imitando o bico preto do seu padrinho arara vermelha. A mesma coisa fez Meriri Baru imitando o bico preto de seu padrinho arara amarela. Kitoria se colocou o kiogoaro chifrudo, que leva no meio uma pena de centro do rabo do gavião caracaraí. Meriri Baru botou uma pena do meio do rabo de arara amarela no seu birote e no seu kiogoaro.	
PAND.020	Primeiras Andanças	primeirasAndanca.txt	20	6. O PRIMIRO BANQUETE DAS ALMAS.	Icare Kitoria uture baito. Kodure Ecerae ewaiporo kae. Ure tubujodo tuku! Ecerae ewaiporoto, icare akogodure, akore m, m, m... ure tuiodo nowu baiporo keje gogo gogo gogo! Tago tabo m, m, m... Kodure Ecerae enogwaji. Kodure Ecerae etoiagi jii.. tumuga kae. Ure tumugudo tumuga keje, akogodure pugeje. Ure torodo gogo gogo, akore m, m, m... tui tumugudo du tabo.		Depois Kitoria dirigiu-se para o baito, e chegou na porta dos Ecerae. Ajoellou-se contra a porta dos Ecerae dizendo: - m, m, m... Encostou na porta gogo gogo gogo! Dizendo - ‘M m, m... Depois foi pela frente dos Ecerae, avançou pelo meio dos Ecerae até o seu lugar. Sentou-se no seu lugar falando de novo, mexendo-se gogo gogo gogo e dizendo: - m, m, m,., estando sentado.	
PAND.021	Primeiras Andanças	primeirasAndanca.txt	21	6. O PRIMIRO BANQUETE DAS ALMAS.	Meriri Baru uture baito pugeje, kodure baito Tugarege ewaiporo kae. Ure tubujodo pugeje tuku! Tugarege tuwaiporo keje. Akogodure pugeje: m, m, m,… Ure turagojedo taci! Ure tumugudo tu... nono baiporo keje. Akogodure pugeje: m, m, m... ure turagojedo taci! Ure tumugudo tu... nono baiporo keje. Dukeje ure turagojedo taci! Ure tumugudo nowu tumeduia jokorato.		Também Meriri Baru dirigiu-se para o baito pela porta dos Tugarege. Ajoelhou-se na porta dos Tugarege dizendo: - m, m, m... De repente levantou-se e logo sentou-se aí na porta, dizendo: - m, m, m... Levantou-se outra vez e sentou-se de novo. Depois levantou-se e foi sentar-se na frente do seu colega.	
PAND.022	Primeiras Andanças	primeirasAndanca.txt	22	6. O PRIMIRO BANQUETE DAS ALMAS.	Icare Boe ewarudure pugeje. Eture pugeje. Ekodure jii je. Ere baado pugeje. Ere tubemegado pugeje. Ecewu togwa kodaji rugadu enogwa kodure. Ere nowu toroe tugu pudui pugeje. Ere tudo nono pureore pugeje.\nIcare eture baito pugeje. Nowu Kitoria kodo tugodaji, Ecerae ewai poroto, Ecerae enogwaji, Ecerae etoiagi, tumuga kae pugeje.\nMeriri Baru kodure tugodaji pugeje, ure tubujodo baiporo keje pugeje, ure tumugudo tu.. Icare ure turagojedo cai! Pugeje. Ure tumugudo tu... nowu tumeduia jokorato.\nDue keje icare nuwu Tugarege emagogodure pui, egore: Inoba pagagomode pagimejeragei?\nEgore: Pagagkarae Baitogogo, Baitogogo, oino Kitoriaji?\nEgore Pagagokarae Baiporo, Baiporo, oino Meriri Baruji\nEgore Eie rugadu Reno, etagaru rugadu reno!\nEre iogwarido ei, egore; - Wo!…		Depois os Bororo se mudaram novamente. Foram embora, andaram bastante e acamparam de novo. Enfeitaram-se de novo como antes. Colocaram-se os enfeites como antes. Foram de novo no Baito. Kitoria foi pelo mesmo lugar, pela porta dos Ecerae, na frente e no meio dos Ecerae lá para o seu lugar.\nMeriri Baru foi pelo mesmo rumo de antes, ajoelhou-se na porta do baito, depois sentou-se, depois levantou-se, sentou-se de novo e levantou-se e foi sentar-se na frente do seu colega.\nEntão os Tugarege conversaram entre si, dizendo: Como vamos chamar estes nossos chefes?\n- Será que não vamos chamar de Baitogogo a Kitoria?\n- Será que não vamos chamar de Baiporo a Mariri Baru?\nE resolveram: - Esse é mesmo seu nome, é assim que eles vão ser chamados.\nE os aclamaram gritando: Viva!...	
PAND.023	Primeiras Andanças	primeirasAndanca.txt	23	6. O PRIMIRO BANQUETE DAS ALMAS.	Icare nowu Kaigu makogodure, akore:\nTagire tare iro kuru jodo atugoie ewugeje toro!\nTagire tare iro kuru jodo enawuie ewugeje toro!\nTagire tare iro kuru jodo uruguie ewugeje toro!\nTagire tare iro kuru jodo akirie ewugeje toro!\nTagire tare iro kuru jodo oiagaie ewugeje toro!\nTagire tare iro kuru jodo ukigaie ewugeje toro!\nEwugeje toro!..\nEre iogwarido: Wo!...\nNonore erore boetoji, nowu ciegi du keje. Icare erore tuginoi oino pugeje.		Depois Kaigu deu aviso dizendo:\nVocês, levem mingau de iro lá para os pintados\nLevem mingau de iro para os enfeitados\nLevem mingau de iro para os avermelhados de urucum\nLevem mingau de iro para os enfeitados de penugem branca\nLevem mingau de iro para os enfeitados com penas de rabo de araras\nLevem mingau de iro para os enfeitados de alfinetes de penas na cabeça.\nLá para eles!...\nO povo gritou: Viva!\nEra assim que faziam antigamente quando recebiam o nome. Agora, porém, fazem diferente.	
PAND.024	Primeiras Andanças	primeirasAndanca.txt	24	7. AS PRIMEIRAS DANÇAS (RERUIA, IPARE ERERU, JURE)	Icare ewarudure pugeje, emerure pugeje. Ekodo jii... icare ere baado.\nEre boe parudo pugeje. Ere tugera bu Baitogogo ao keje, egore: -Aroe enogwageiagu tuge iro kuguji, aroe enogwaeiagu tuge kuo kuguji.\nIcare akore :- Bororo to! Bororo to!...Iro kuguia girori rakare bororo to!…Kuobo kuguia bururi rakare bororo to!... Kuo kuguia kaduru rakare bororo to!…\nEre iogwartido: - Wo!…		Depois mudaram de novo, foram embora de novo. Andaram bastante e depois acamparam. Fizeram ritual novamente. Puseram a mão na cabeça de Baitogogo dizendo: - Que é para fazer as almas comer o seu mingau de iro e o mingau do coco da palmeira do cerrado. Aí ele fez proclamação: - Para o pátio! Para o pátio! Levem para o pátio bastante mingau cheiroso de iro, levem para o pátio bastante mingau amargo de batata kuobo, levem para o pátio bastante mingau perfumado de coco de piaçaba! E gritaram para ele: - Oh!...	
PAND.025	Primeiras Andanças	primeirasAndanca.txt	25	7. AS PRIMEIRAS DANÇAS (RERUIA, IPARE ERERU, JURE)	Icare barogwa kododure. Emagore iparei, ipare etuwo kaidaga kae, tuwo reruia tawuje, tuwo ipare ereru parudo, tuwo jure parudo, ipare ereruwo bororoji.\nIcare eture kaidaga kae. Etaregodure tabo; ere bu puwugeje, ere kogudo taogajeje.\nIcare eture bororoji. Ere iogwearido, egore Wo!… Tudui nowu bororojitu tabo.		Ao amanhecer, falaram para os rapazes irem buscar palha de palmeira acumã, para dançarem com ela no pátio.\nAí foram buscar a palha de acumã, ornaram-se a cabeça com ela e depois voltaram para a aldeia (trazendo a palha). Chegaram na aldeia gritando para ele: Wo!...	
PAND.026	Primeiras Andanças	primeirasAndanca.txt	26	7. AS PRIMEIRAS DANÇAS (RERUIA, IPARE ERERU, JURE)	Nowu bororo iere Ecerae Awororo (mugure toro Corumbá oino mato)\nIcare ererugodure, egore : - Wo!... Wo!.. Wo!…Wo!…Wo!… Wo!… Wo!… Wo!…\nEgore Aki pugeje, aki pugeje!. Puibagi, puibagi, jii…etagedu kae.\nEtagedu keje, egore Wo!…\nIcá, akedure tu…		Aquela aldeia chamava-se Aldeia dos Ecerae (ficava para cá de Corumbá).\nAí eles dançaram gritando Wo! Wo!... Wo!.. Wo!…Wo!…Wo!… Wo!… Wo!… Wo!\nE diziam: Agora é você, agora é você. Sucediam-se na ponta da dança um após o outro até acabar.	
PAND.027	Primeiras Andanças	primeirasAndanca.txt	27	7. AS PRIMEIRAS DANÇAS (RERUIA, IPARE ERERU, JURE)	Mare baporogu tabo karega. Baporogu bokware.\nPapo kurirewu bokware. Tugera bai, tugera raru tabore ererure. Ekedure tu oino ji.\nAkedure, ere iogwarido nono: Wo!...\nIcare akedure.		Mas não dançavam com chocalho Não tinham chocalho. Não tinham o chocalho grande. Dançavam levando nas mãos folhas e palmas. Ao terminar gritavam: Wo!...\nAgora acabou.	
PAND.028	Primeiras Andanças	primeirasAndanca.txt	28	8. A PRIMEIRA RESINA ENCONTRADA PELOS TUGAREGE.	Icare bocodure pugeje. Barogwa kododure. Nonore icare ewarudure pugeje.\nEgore: -Kodire inagoino tagae!.. Kodire iwadarurino tagae!…Kodire boedino tagae!...\nCare padumode pugeje! Icare pawarudumode pugeje!. Taemaru pemegado! Taemaru butudugo! Tagaiwo pemegado! Tagaiwo butugudo!Tagaiwo pemegado tardure jiboerogu boeji: pageroguji, pagoroeroguji. Oino.\nIcare eture. Erore taci! Cai tudure kodi.		Anoiteceu e amanheceu. Aí eles mudaram de novo. (O chefe) deu aviso: - Estou falando para vocês, estou dizendo para vocês, estou orientando vocês! Eis que vamos embora de novo! Vamos mudar novamente. Procurem bem, procurem com cuidado, observem bem, observem com cuidado. Observem bem o que forem encontrando para o nosso alimento, para os nossos enfeites.\nAí foram embora. Sumiram, indo embora.	
PAND.029	Primeiras Andanças	primeirasAndanca.txt	29	8. A PRIMEIRA RESINA ENCONTRADA PELOS TUGAREGE.	Icare ekodure, du kejere icare Aroia Kurirewu enomearudure kidoguru jerimagaji\nAkore jerimagare toro (oino Butoregaduji)\nButoregadu akore U! Padure ikajeje.\nAkore Akado toro bogai.\nAroia Kurirewu akore Emareo !\nUre tugeragu ji, akore U! Kabobaba?\nDukeje icare nowu kidoguru makore, akore: -Boe kodiboe imi karega. Boe enoroe imi.\nAkore Kido kuru, oinore Boe emagore ii.\nAroia Kurirewu akore m, m, m,! Imire itonagodo ai, imire itonagodo ai, imire itonagodo ai!\nIcare ere jodo tuwugeje. Boekaare. Pemega jokodukaare. Bekurure mare kuru ierikare.\nAkore Butoregaduji: - Arokagado ji ka!\nAkore: Ure turugadu, mare kuru ierikare. Jirire ure turugadu, mare kuru ierikae.		Quando iam andando, Aroia Kurirewu sentiu um cheiro de resina e disse a Butoregadu: tem cheiro para lá.\nButoregadu respondeu: - Sim! Estou sentindo.\nE acrescentou: - Vai atrás.\nAroia Kurirewu disse: - Está aqui!\nApanhou-o dizendo: O! O que é isto?\nA resina respondeu: - Eu não sou qualquer coisa. Eu sou enfeite dos Bororo. Eu sou Kido kuru (seiva de kido = resina), é assim que me chamam.\nAroia Kurirewu disse: - m, m, m,! Você me pertence, você me pertence, você me pertence!\nAí eles passaram em si (a resina). Não era muito boa. O cheiro era bom, mas não tinha muito líquido.\n(Aroia Kurirewu) disse para Butoregadu: Experimente! Ela é boa, mas não tem muito líquido. O cheiro é bom, mas não tem bastante líquido.	
PAND.030	Primeiras Andanças	primeirasAndanca.txt	30	8. A PRIMEIRA RESINA ENCONTRADA PELOS TUGAREGE.	Icare boecodure. Barogwa kododure, icare eewadodure. Aroia Kurirewu uwadodure, Butoregadu uwadodure. Kaborewu uwadodure, Birimodo uwadodure, Akaruio Boroge uwadodure, Kuruguga akogodure, Meriri Baru uwadodure\nEgore Taemaru pemegado boe paruji, boe otoji (por baixo e por cima da mata), bakuru kuda. (no vento)\nIcare padumode pugeje. Taerudumode jiboe tagududo puwogai, tamagodo puwogai. Icare padumode pugeje.		Anoiteceu e amanheceu. Aí os Tugarege (Aroia Kurirewu, Butoregadu, Kaborewu, Birimodo, Akaruio Boroge, Kuruguga e Meriri Baru) deram aviso dizendo: - Eis que vamos embora.\n- Procurem bem por todo lado (por baixo e por cima da mata, e no vento). Sempre que encontrarem alguma coisa, gritem para nós avisando-nos. Eis que vamos embora novamente.	
PAND.031	Primeiras Andanças	primeirasAndanca.txt	31	8. A PRIMEIRA RESINA ENCONTRADA PELOS TUGAREGE.	Icare eture. Ekodo jii... Boekare! Meriri Baru aregodure etogi, akore Itogeadure ji.\nIça! Tugarege eeerudui kidoguru jitu reno. Tugarege eerudui kidoguru remawu jitu reno\nNowu boetojiwu kidoguru rema, ema karega. Nowu boiwu ema remawu rema. Nowu icare Boe enoroe rema tuiamedu tabo.		Foram embora. Andaram muito e eis que Mariri Baru veio ao encontro deles dizendo: Eu a encontrei. Eis a resina encontrada pelos Tugarege. Eis a verdadeira resina encontrada pelos Tugarege. Mas aquela primeira resina, não prestava. Esta última é a verdadeira. Esta é a resina autêntica para todos os Bororo.	
PAND.032	Primeiras Andanças	primeirasAndanca.txt	32	8. A PRIMEIRA RESINA ENCONTRADA PELOS TUGAREGE.	Meriri Barure nowu kidogure bu tuie kajeje tai! Ure oto bigodudo puibiji. Ure oto aiado tuie kodu keje puibiji, tuiedaga pai oji.\nAkaruio Boroge akore Imi pugeje!\nKodo kuri tu kae pugeje, ure bu tuie kajeje pugeje, nowu tumeduia ro reore, tuiedaga bakure oji.\nBirimodo akore Imi pugeje. Kodo kuri tu… ae, nowu tumeduia jipagi, ure bu tuie kajeje. Ure bu oino tubaru kajeje oino tu... togwa kajeje. Nowure icare Boe egore oino ji, Boe egore uie udo nono boko pere tuie joki. Boe egore uie orodudo (fez descer) tuie joki. Boe egore ji.\nIcare Butoregadu akore Imi pugeje. Kodo tuku ae tumeduia jipagi pugeje, ure bu tuku tuie keje. Ure jodo tuku, togwa jeto pudogi. Boe egore uie bu tuie okwaji.		Meriri Baru passou aquela resina no rosto. Traçou com ela uma linha dos dois lados do cara, enrolando nos dois lados, imitando o rabo do seu padrinho o bugio.\nAkaruio Boroge disse: - Agora eu! Pegou logo a resina e a passou no seu rosto como tinha feito o colega, desenhando o rabo do seu padrinho o macaco.\nBirimodo disse: Agora eu! Foi logo pegá-la depois do seu colega a passou-a no seu rosto. Passou-a assim pelo pé da cara atravessando a boca. Dizem que fez como se passasse suco de marmelo preto atravessando o seu rosto. Dizem que o derramou no seu rosto.\nDepois Butoregadu disse: - Agora é minha vez. Pegou (a resina) depois de seu colega e a passou no seu rosto. Passou-a nos dois lados da boca. Dizem que a passou ao redor do rosto.	
PAND.033	Primeiras Andanças	primeirasAndanca.txt	33	8. A PRIMEIRA RESINA ENCONTRADA PELOS TUGAREGE.	Boe egore Aroia Kurirewu akoe: - Imi pugeje! Koduie kuri tuku kae jipagi, uie bu tuie kajeje ta! Uie jodo togwa (no canto da sua boca) jeketo pudogi tuku! Nowuie icare uie bu tuioku okwaji.\nIcare Tadugo akore Imi pugeje!\nKodo kuri tuku ae jipagi. Boe egore uie bu tuie kajeje ta! Uie jodo togwa jeketo pudogi tuku. Boe egore uie bu tu tuioku okwaji.		Dizem que Aroia Kurirewu falou: - Agora eu! E que foi pegar (a resina) por sua vez e que a passou no seu rosto. Que a passou nos dois cantos da boca e depois a passou na beirada dos olhos.\nDepois Tadugo disse: - Agora eu!\nFoi pegá-la por sua vez. E dizem que a passou no rosto, que a passou nos dois lados da boca. E dizem que a passou ao redor dos olhos.	
PAND.034	Primeiras Andanças	primeirasAndanca.txt	34	8. A PRIMEIRA RESINA ENCONTRADA PELOS TUGAREGE.	Boe egore Mano Kurirewu akoe: - Imi pugeje! Uie bu tuie kajeje ta! Woe tuwia paruto tuku.\nNowure icare Boe egore jii oino. Boe egore tuiedaga jugo imo jie roino. Oinore Boe egore\nIcare Tugaregere tuwadaru kagado. Egore tuiagu tuwadaru rokagado iwodu iji. Ere rokagado ji, ure turugadu. Ere cewu boetojiwu kidoguru rokagado. Boekare, nuwuia rugadu, ure turugadu.\nNowu jire icare ere iogwarido, nowure icare pemegare kodi. Nowu Boe enoroe jiwu bakaru oto pa reno.		Dizem que Mano Kurirewu falou: - Agora eu! Dizem que a passou no rosto até no pé dos ouvidos.\nOs Bororo falam dele até agora e dizem que desenhou (no rosto) o enfeite do seu padrinho o queixada.\nEntão os Tugarege contaram a sua história. Dizeram que iam contar a história da árvore de iwodu. Experimentaram com ele e deu certo. Experimentaram com a primeira resina e viram que a outra era melhor. A esta eles aclamaram por que era boa. E aqui termina a história do enfeite (resina) dos Bororo.	
PAND.035	Primeiras Andanças	primeirasAndanca.txt	35	"9. TAGOGO MATA A ÁGUIA ""AROECEBA"""	Icare boe ewarudure pugeje, Boe eture pugeje. Boere baado.		Depois os Bororos se mudaram novamente, foram embora de novo, e acamparam.	
PAND.036	Primeiras Andanças	primeirasAndanca.txt	36	"9. TAGOGO MATA A ÁGUIA ""AROECEBA"""	Icare boe puredugodure, du kejere Mano Kurirewu uwadodure.\nIcare Tadugo uwadodure, akore: -Ku' ku' ku'.\nIcare Birimodo uwadodure. Akore Kudugi!... Kudigi!... Kudugi!...\nIcare Akaruio Boroge uwadodure, akore Buri... Buri... Buri...!\nMeriri Baru uwadodure, akore: -Ku ku ku ku ku ku ku ku ku ku!\ntuwadodu paruji.		Quando estava perto (o tempo desta mudança), Mano Kurirewu discursou.\nDepois Tadugo discursou dizendo: Ku' ku' ku'.\nDepois Birimodo discursou dizendo: -Kudugi!... Kudugi!... Kudugi!...\nDepois Akaruio Boroge discursou dezendo: -Buri... Buri... Buri...!\nMeriri Baru discursou dizendo: -Ku ku ku ku ku ku ku ku ku ku!\nPara começar o seu discurso.	
PAND.037	Primeiras Andanças	primeirasAndanca.txt	37	"9. TAGOGO MATA A ÁGUIA ""AROECEBA"""	Dukeje icare egore Icare pawarudumode pugeje. Icare pamerumode pugeje. Taedadudo! Tawo taerugo, tawo tagera kabi, tawure kabi, tawo tagiguru kujagu barigu, tamearudu awaduwo tai, taeruduwo barogwa kododuji, tawo tagado tagodadai, tawo tagado boe otoji ia pardumode jiboe bogai!		Depois falaram: Então vamos mudar de novo. Vamos viajar de novo. Levantem, acordem, para lavar as mãos, para lavar os pés, para verter água, para ficarem espertos, para contemplar o amanhecer, para olharem na sua frente para ver se encontramos alguma coisa.	
PAND.038	Primeiras Andanças	primeirasAndanca.txt	38	"9. TAGOGO MATA A ÁGUIA ""AROECEBA"""	Icare boe eture. Boe ekodo jii... Boere baado. Dukeje icare Akaruio Boroge aregodure. Iedure boe eraji, iedure ia kiogo boce.		Depois os Bororo foram embora. Andaram bastante até que acamparam.\nDepois chegou Akaruio Boroge, segurando ossos de gente e penas de um pássaro.	
PAND.039	Primeiras Andanças	primeirasAndanca.txt	39	"9. TAGOGO MATA A ÁGUIA ""AROECEBA"""	"Akore Iorudure aroeji. ""Aroe"", oinore akore.\nAkore Iorudure aroe braeduji, kodire ire tawie oino.\nAkore Uke pobogo ra reno. Akore Bo reo!"		Ele disse: - Eu vi um aroe. Assim que ele disse: aroe\nVi um espírito de branco, por isso eu estou avisando vocês.\nDisse: - Eis aqui os ossos de veado que ele come. Eis aqui as penas dele.	
PAND.040	Primeiras Andanças	primeirasAndanca.txt	40	"9. TAGOGO MATA A ÁGUIA ""AROECEBA"""	Egore: -Kode, paduwo ae, pawo bito.\nIcare Birimodo uwadodure, akore: -Kodire inagoino tagae.\nAkore Imeduregedu (iwie) jorudure aroeji, aregodure bo tabo, aregodure uke pobogo ra tabo. Kodire inagoino tai, paduwo bogai, paeruduwo ji, pawo pagado umode bitowu ia pawogai.		Eles responderam: - Então, vamos atrás dele para matá-lo.\nEntão Boirimodo fez discurso dizendo: - Eu estou falando para vocês. – O meu irmão mais novo encontrou um espírito, ele chegou trazendo as penas dele e os ossos do veado que ele comeu. Por isso eu digo a vocês: vamos lá para vê-lo, para ver quem de nós vai matá-lo para nós.	
PAND.041	Primeiras Andanças	primeirasAndanca.txt	41	"9. TAGOGO MATA A ÁGUIA ""AROECEBA"""	Ia iparedu utugo akuru pemegaguragare, du eedorire ji.\nEgore: -Tagaba bie; tamode bie ma, umode bito pabiji.\nNowu iparedu iere Tagogo.		Tinha um rapaz de flecha muito certeira. Eles não queriam que participasse.\nDisseram: - Não contem para ele; se contarem para ele, ele o vai matar antes de nós.\nO rapaz chamava-se Tagogo (coruja-do-campo).	
PAND.042	Primeiras Andanças	primeirasAndanca.txt	42	"9. TAGOGO MATA A ÁGUIA ""AROECEBA"""	Icare barogwa kododure, Icare ere pu bie, du icare eture piji.		Quando amanheceu, eles se avisaram em segredo e foram embora sem ele.	
PAND.043	Primeiras Andanças	primeirasAndanca.txt	43	"9. TAGOGO MATA A ÁGUIA ""AROECEBA"""	Ekodo jii... Icare etaregodure tugoguruto		Andaram bastante até que chegaram a um taquaral.	
PAND.044	Primeiras Andanças	primeirasAndanca.txt	44	"9. TAGOGO MATA A ÁGUIA ""AROECEBA"""	Egore: -Pawo jorugo. Icare ere jorugo. Icare ere tugo kado tudugoce. Nowu kiogo kurirewu epace.		Disseram: - Vamos acender o fogo. Aí acenderam o fogo. Depois cortaram taquaras para fazer suas flechas para matar o grande pássaro.	
PAND.045	Primeiras Andanças	primeirasAndanca.txt	45	"9. TAGOGO MATA A ÁGUIA ""AROECEBA"""	Icare ere tudugo akedudo. Erore taci! Cai tudure pugeje kodi, nowu aroe bogai, nowu kiogo kurirewu bogai.		Quando terminaram de fazer suas flechas, foram-se embora de novo, a procura do monstro, a procura do grande pássaro.	
PAND.046	Primeiras Andanças	primeirasAndanca.txt	46	"9. TAGOGO MATA A ÁGUIA ""AROECEBA"""	Ekodo jii... Etaregodure ae. Icare ere jiwu paru. Edure woe.		Andaram bastante e chegaram a ele. Fizeram um limpo ao pé da árvore onde ele estava. E ficaram aí.	
PAND.047	Primeiras Andanças	primeirasAndanca.txt	47	"9. TAGOGO MATA A ÁGUIA ""AROECEBA"""	"Dukeje icare aregodure: nowu kiogo kurirewu aregodure (ie boetojiwure iwodudu, rekodaji pugeje ure boe enoiko, kodi icare iere ""aroeceba"").\nIcare eidogodure ji, mare etugo jetukare ji. Oinore erore cido tabo ji! Ero kudunure joki (ninguém acertava)."		"Depois ele chegou. O grande pássaro chegou (o primeiro nome dele era beija-flor, depois ele foi comendo o povo e por isso foi chamado ""matador de gente""). Flecharam nele, mas as flechas deles não o atingiam. Atiraram muitas flechas nele e as flechas passavam por cima dele. (não acertaram)."	
PAND.048	Primeiras Andanças	primeirasAndanca.txt	48	"9. TAGOGO MATA A ÁGUIA ""AROECEBA"""	Icare cewu iparedu jetadure toro eiageje. Icare rekodure eregodaji. Kodo eregodaji jii...		Aquele rapaz acordou depois que eles já tinham ido embora e foi correndo atrás deles. Andou muito tempo atrás deles.	
PAND.049	Primeiras Andanças	primeirasAndanca.txt	49	"9. TAGOGO MATA A ÁGUIA ""AROECEBA"""	Aregodure eno jipa tugo tabowu kae, nowu eno joruba kae. Aiwore tu je ma, oinore nowu eno tugo kobo boe ure jice boe joki		Até que chegou ao lugar onde eles tinham feito as flechas, onde haviam acendido o fogo. Ficou observando e viu que tinha muitos pedaços das taquaras deles esparramados pelo chão.	
PAND.050	Primeiras Andanças	primeirasAndanca.txt	50	"9. TAGOGO MATA A ÁGUIA ""AROECEBA"""	Ia iwurewu bokware utugoce. Kodi icare utugo bokware. Icare ure tumaeardaedo. Icare meardae pemegarewu aregodure ae. Icare ure tugeragu cewu tugo koboji, ure ako tu pudae (juntou os pedaços).		Não havia nenhuma taquara inteira para fabricar sua flecha. E ele não tinha flecha. Aí ficou pensando... até que lhe veio uma boa idéia. Então recolheu os pedaços de taquara que tinham ficado.	
PAND.051	Primeiras Andanças	primeirasAndanca.txt	51	"9. TAGOGO MATA A ÁGUIA ""AROECEBA"""	Icare ure ia iwararogu tugu kobo jagi ji ji je. Ure jeto podoji, podoji, podoji, du pemegare.		Depois enfiou uma varinha por dentro dos pedaços, um depois do outro, e deu certo.	
PAND.052	Primeiras Andanças	primeirasAndanca.txt	52	"9. TAGOGO MATA A ÁGUIA ""AROECEBA"""	Kocare rore oino ji rugadu. Ure inodurogu makado tu, tumugui woe, tuginoigodu, nowu eno jipa keje. Emage ere marigudu toro piji.		Então ele fez assim mesmo. Fez muitas flechas estando ali sozinho no lugar onde eles tinham se rewunido e do qual eles já tinham ido embora.	
PAND.053	Primeiras Andanças	primeirasAndanca.txt	53	"9. TAGOGO MATA A ÁGUIA ""AROECEBA"""	Nowu meardaekare emoduie bito tugoda piji. Kode ro jonure nowu turoino jiboeroguji. Motudure nowu tumaregodaeroguji. Icare ure akedudo, icare ure turagojedo.		Ele sabia que não matariam (o pássaro) antes dele chegar. Por isso ele caprichou no seu trabalho. Fez um trabalho bonito. Quando terminou, levantou-se.	
PAND.054	Primeiras Andanças	primeirasAndanca.txt	54	"9. TAGOGO MATA A ÁGUIA ""AROECEBA"""	Icare ure turokogado tabo. Ure turugadu rugadu. Pemegare rugadu. Icare uture eregodaji pugeje. Nonore icare rekodure tai tai tai tai tai tai, eregodaji.\nIcare biapagare tododai: oinore egore tuiedui paru! Kodo etae rugadu... je		Experimentou (as flechas). Estavam boas. Eram suficientes. Então foi embora atrás deles. Foi correndo atrás deles. Escutou lá na frente: estavam conversando animados ao pé da árvore (onde o bicho tinha o seu ninho). Foi no rumo deles.	
PAND.055	Primeiras Andanças	primeirasAndanca.txt	55	"9. TAGOGO MATA A ÁGUIA ""AROECEBA"""	Egore Aregodo! Aregodo! Aregodo!\nMakokare. Kodure ja tuku, nowu aroe paru kae rugadu. Ure tuie towubo, aiwore ji: mugure rugadu! Mare tugo metukare tada. Kedo akurugudunure 21		Eles disseram: - Está chegando, está chegando, está chegando!\nEle não falou nada. Foi direto no rumo do bicho. Levantou a vista, observou: estava lá mesmo, mas nenhuma flecha o tinha atingido. Estava limpo (de flechas).	
PAND.056	Primeiras Andanças	primeirasAndanca.txt	56	"9. TAGOGO MATA A ÁGUIA ""AROECEBA"""	Icare ure tugeragu taci nowu toeji. Itogodo ji kuci! Utugo kodo ae m!... Nowu oe jore mo oiado tu! Icare nowu metagere iogwarido ji, egore: -Wo! ...\nKana jare poku! (abriu as asas). Buture mato moto kae pou!		Aí ele logo pegou a sua arma e flechou-o. A flecha dirigiu-se a ele m!... e o atingiu no meio do peito. Então os colegas o aclamaram gritando: Viva!....\n(O gavião) abriu as asas e caiu no chão.	
PAND.057	Primeiras Andanças	primeirasAndanca.txt	57	"9. TAGOGO MATA A ÁGUIA ""AROECEBA"""	Ere kana bu keje. Icare ere kogudo bai tabo, ere ikarewudo joki.		Eles lhe recolheram as asas e o embrulharam em folhas de palmeira acuri.	
PAND.058	Primeiras Andanças	primeirasAndanca.txt	58	"9. TAGOGO MATA A ÁGUIA ""AROECEBA"""	Icare eture apo. Etaregodo apo bato, icare ere bo ra. Ere ikodo ta, ere oiaga ta, ere bo rawuge, icare ere jeto baku keje, icare ere jeto pemegado.		Depois foram embora com ele. Chegando com ele na aldeia, lhe tiraram a penugem, tiraram-lhe as penas daa asas e es penas da cauda, colocaram tudo numa bandeja de palha e guaradaram.	
PAND.059	Primeiras Andanças	primeirasAndanca.txt	59	"9. TAGOGO MATA A ÁGUIA ""AROECEBA"""	Eragodukare joki. Ekare batarudo. Ere padu pemegado. Ere nowu remawu barigu bakujebiji. Icare enure bakaru kogado. Nowu ikodo moture, nowu oiaga moture. Ere bu nono.		Eles não cantaram nele. Não fizeram proclamação (batarudo) com ele. O arrumaram (a penugem e as penas). O corpo dele o jogaram fora da aldeia. Aí eles contaram a história. As penas das asas e do rabo dele eram bonitas. Eles as guardaram.	
PAND.060	Primeiras Andanças	primeirasAndanca.txt	60	"10. KURUGUGA MATA O GAVIÃO ""KURUGUGA"""	Dukeje icare Tugaregedu jorudure kurugugaji pugeje.\nAkore Iorudure aroeji pugeje.\nA! Ure Birimodo bie pugeje.\nAkore Imana, imana! Itogeadure aroeji pugeje.		Depois um Tugaregedu encontrou o gavião caracaraí.\nEle disse: - Encontrei um espírito de novo.\nAh! – Ele foi de novo avisar Birimodo, dizendo: - Meu irmão, meu irmão! Encontrei novamente um espírito.	
PAND.061	Primeiras Andanças	primeirasAndanca.txt	61	"10. KURUGUGA MATA O GAVIÃO ""KURUGUGA"""	Icare makore pugeje, akore: -Imeduregedu jorudure, okeadure aroeji pugeje.\nAkore Paduwo ae, pawo bito.		Então (Birimodo) falou novamente dizendo: O meu menino viu, encontrou novamente um espírito.\nE acrescentou: - Vamos à procura dele, para matá-lo.	
PAND.062	Primeiras Andanças	primeirasAndanca.txt	62	"10. KURUGUGA MATA O GAVIÃO ""KURUGUGA"""	Icare eture ae. Nowure icare epaere turugadu (as flechas estavam prontas). Icare etaregodure ae. Ere jiwu paru.		Então eles foram à procura dele. Desta vez tinham flechas prontas para matá-lo. Quando chegaram, acamparam ao pé (da árvore onde ele estava).	
PAND.063	Primeiras Andanças	primeirasAndanca.txt	63	"10. KURUGUGA MATA O GAVIÃO ""KURUGUGA"""	Icare tugaregedu Kuruguga itogodure ji; kurugugaji. Utugo jore keje co! Ure barigu mato moto kae kuri po!		Aí o Tugaregedu Kuruguga flechou o gavião.\nA flecha o atingiu e o jogou no chão.	
PAND.064	Primeiras Andanças	primeirasAndanca.txt	64	"10. KURUGUGA MATA O GAVIÃO ""KURUGUGA"""	Icare ere ikarewudo joki pugeje. Icare eture apo.		Enrolaram-no com palha de palmeira acuri trançada, e depois foram embora com ele.	
PAND.065	Primeiras Andanças	primeirasAndanca.txt	65	"10. KURUGUGA MATA O GAVIÃO ""KURUGUGA"""	Etaregodure apo bato, icare ere ikodo ta, ere oiaga ta, ere bo rawuje, ere akiri rawuje, ere jeto pemegado pugeje baku keje.		Quando chegaram com ele na aldeia, arrancaram-lhe as penas das asas, arrancaram-lhe as penas do rabo, as penas pequenas e a penugem, e as colocaram numa bandeja de palha.	
PAND.066	Primeiras Andanças	primeirasAndanca.txt	66	"10. KURUGUGA MATA O GAVIÃO ""KURUGUGA"""	Icare ere pobe: Aroecebare, Kurugugare.\nIcare Akaruio Boroge, Kuruguga, emagagodure tumana Birimodoji:\nEgore: -Imana, imana! Inoba paromode awu aroei?		Agora eram dois: O gavião real e o gavião caracaraí.\nEntão Akaruio Boroge e Kuruguga falaram para seu irmão mais velho Birimodo, dizendo: Meu irmão, meu irmão! Como vamos fazer com estes bichos?	
PAND.067	Primeiras Andanças	primeirasAndanca.txt	67	"10. KURUGUGA MATA O GAVIÃO ""KURUGUGA"""	Nowu etumana akore U! Parumode pagera pemegado pagorei. Pawo pagore epemegado.\nIcare egore U!		O irmão deles respondeu: - Sim! Vamos enfeitar os nossos filhos, vamos arrumar os nossos filhos.\nEles aceitaram.	
PAND.068	Primeiras Andanças	primeirasAndanca.txt	68	AROECEBA E KURUGUGA	Nonore icare Jure parure tudawuje pugeje. Enoranure pui inoba turomode nowu Aroecebaji, Kurugugaji. Inoba turumode torei.		Aí surgiu a festa da dança (Jure Paru). Eles se perguntaram uns aos outros como iriam fazer com a águia (Aroeceba) e com o gavião caracaraí (Kuuruguga). Como iriam fazer com os seus filhos.	
PAND.069	Primeiras Andanças	primeirasAndanca.txt	69	AROECEBA E KURUGUGA	Icare egore uie, tumoduie tore pemegado rugadu, tumoduie maku tore etai.\nMare woje, Bokodori Ecerae etaere ekodure ebo boetoji. Etaire ere emagu boetoji.		Combinaram que iam arrumar mesmo os seus filhos. Que os iam entregar para eles. Foi, porém, para os do clã do tatu canastra (Bokodori Ecerae) que os levaram primeiro, foi a eles que os deram primeiro.	
PAND.070	Primeiras Andanças	primeirasAndanca.txt	70	AROECEBA E KURUGUGA	Meri rekodure, emagore iparei ewo Aroe Enogwage parudo.\nIcare eregodure Badojeba ae, Badojeba Akiró Aogejewu ae. Ere tugera bu ao keje, egore:\n-Aroe enogwageiagu tuge iworoji, iworo betuji, iworo pagoduji, iworo okwabagoduji (meio azedo).		De tardinha, falaram para os rapazes cantar os cantos da festa de banquete (Aroe Enogwage Paru).\nDepois correram ao chefe Akiró Aogejewu, impuseram as mãos sobre a cabeça dele dizendo:\nAvise que as almas vão beber vinho de acuri, vinho doce de acuri, vinho fermentado de acuri, vinho meio azedo de acuiri.	
PAND.071	Primeiras Andanças	primeirasAndanca.txt	71	AROECEBA E KURUGUGA	Icare Kaigu makore, akore.\n-Ino atugoie. Ino enawuie. Ino uruguie. Ino akirie, Ino oiagaie. Ino ukigaie. Tagire tare iworo jodo ewugeje (dá para eles) toro! Tagire tare iworo pagodu jodo ewugeje toro! Tagire tare iworo betu jodo ewugeje toro! Tagire tare iworo okwabagodu jodo ewugeje toro! Ewugeje toro! Wa!...		Então Kaigu gritou dizendo:\nMeu povo pintado, meu povo enfeitado, meu povo avermelhado, meu povo enfeitado de branca penugem, meu povo enfeitado de penas de cauda de arara, meu povo enfeitado de alfinetes de penas. São vocês que vão dar vinho de acuri para as almas. São vocês que vão dar vinho fermentado para elas. São vocês que vão dar vinho doce para elas. São vocês que vão dar vinho meio fermentado para elas. Para elas. Wo!...	
PAND.072	Primeiras Andanças	primeirasAndanca.txt	72	AROECEBA E KURUGUGA	Icare barogwa kododure. Icare ekudure nowu tuge iworoce, du tabore icare nowu Akaruio Boroge. Kuruguga, emagore nowu tumanaji pugeje (tuma Birimodoji). Egore: -Imana, imana! Kaba pagodumode tabo jao?		Na manhã seguinte eles beberam o seu vinho de acuri, enquanto Akaruio Boroge e Kuruguga falaram com o seu irmão mais velho Birimodo dizendo:\n-Meu irmão, meu irmão, aonde o levaremos agora? (o conjunto de penas do gavião).	
PAND.073	Primeiras Andanças	primeirasAndanca.txt	73	AROECEBA E KURUGUGA	Akore U! Woje Kaigu ae jao.\nIcare Akaruio Boroge, Kuruguga, ere turagojedo, cewu baku kae. Akaruio Borogere tudugu aroecebaji, taci, baku tabo; Kurugugare tudugu Kurugugaji ta, baku tabo. Ere baku bu puwugeje, icare eture tabo.		Ele respondeu: Ali para a casa de Kaigu.\nAkaruio Boroge e Kuruguga levantaram-se para pegar as bandejas. Akaruio Boroge pegou a bandeja da águia e Kuruguga pegou a bandeja do gavião. Carregaram as bandejas e foram embora com elas.	
PAND.074	Primeiras Andanças	primeirasAndanca.txt	74	AROECEBA E KURUGUGA	Akaruio Boroge kodure tuwie Kuruguga otodai.\nEkodo toro. Icare epuredugodure toro Kaigu uwai kae. Dukeje icare emagore tododai, toro nowu Kaigu bogai. Egore: Mato mato mato! Mato mato! (4x).		Akaruio Boroge foi na frente do seu irmão mais novo Kuruguga. Dirigiram-se para lá e quando estavam se aproximando chamaram Kaigu dizendo: Venha, venha, venha! (4x)	
PAND.075	Primeiras Andanças	primeirasAndanca.txt	75	AROECEBA E KURUGUGA	Egore bogai toro uwaito, epuredugodui uwai kae du keje. Dukeje icare ure ciemagu mato tbr tbr tbr tbr tbr tuwai poro kae. Icare ure tuiebu etogi.		Quando estavam perto, o chamaram lá da casa. Aí ele veio dançando de arrasta-pés no rumo da porta de sua casa e saiu ao encontro deles.	
PAND.076	Primeiras Andanças	primeirasAndanca.txt	76	AROECEBA E KURUGUGA	Boekare! Akaruio Boroge kodure boetoji aroeceba apo ae. Ukare tado nowu aroecebaji. Ure tugo Akaruio Boroge kori ta! Uwie Kuruguga ae. Ure tugeragu nowu bakujií nowu kuruguga apo rugadu akore: -Awu aroeceba apore awiapagare Bakoro Kuduji. Awu aroeceba apore awiapagare Akaruio Bokodoriji. Akore jí, ure tugiemagu apo tuibagi rugadu tuwaito (Kaigu).		Então Akaruio Boroge adiantou-se primeiro com a águia no rumo dele.\nEle (Kaigu) não olhou a águia. Passou por Akaruio Boroge no rumo de Kuruguga. Pegou a bandeja com o gavião caracaraí e disse: - Com esta águia você vai esperar Bakoro Kudu, com esta águia você vai esperar Akaruio Bokodori. Disse-lhe e voltou para dentro de sua casa com o gavião, dançando de arrasta pé.	
PAND.077	Primeiras Andanças	primeirasAndanca.txt	77	AROECEBA E KURUGUGA	Nowu Akaruio Boroge kodure nowu aroeceba apo, nowu Akaruio Bokodori ae. Akaruio Bokodorire todomo kajeje (nowu aroeceba kajeje).. Akaruio Bokodorire turemo woje Aroeceba apo tuwaito. Ica! Eture toro baito		Akaruio Boroge levou a águia para Akaruio Bokodori. Akaruio Bokodori pegou nos braços a águia e entrou com ela na sua casa.\nAí eles (Akarauio Boroge e Kuruguga) foram para o baito.	
PAND.078	Primeiras Andanças	primeirasAndanca.txt	78	AROECEBA E KURUGUGA	Icare Kaigu makogodure Akaruio Bokodoriji, akore: -Inoba paromode nowu aroei?\nAkore U! Pamode aroe enogwage parudo, pawo maku etai pugeje. Emagere emode pemegado.		Depois Kaigu falou para Akaruio Bokodori dizendo: Como vamos fazer com os espíritos (a águia e o gavião)?\nEle respondeu; - Sim! Vamos fazer banquete e vamos devolvê-los a eles. Eles vão arrumá-los.	
PAND.079	Primeiras Andanças	primeirasAndanca.txt	79	AROECEBA E KURUGUGA	Icare Kaigu makogodure tuo Birimodoji. Icare ere aroe enogwage parudo.\nIcare barogwa kododure. Dutabore icare nowu Kaigu, Akaruio Bokodori eture baito nowu toroe tabo.		Então Kaigu conversou com seu pai Birimodo e fizeram o canto do banquete das almas. Ao amanhecer, Kaigu e Akaruio Bokodori dirigiram-se para o baito com os seus (gaviões).	
PAND.080	Primeiras Andanças	primeirasAndanca.txt	80	AROECEBA E KURUGUGA	Ere maku nowu ure maku puduiwuge etai pugeje. Ere todomo kajeje... Tuku! Icare padure nono ebo nono (Aroeceba, Akaruio Boroge apo, Kuruguga, Kuruguga apo).		Entregaram-nos para aqueles dos quais os tinham recebido. Eles pegaram-nos nos braços. E ficaram com eles (a águia com Akaruio Boroge, e o gavião com Kuruguga).	
PAND.081	Primeiras Andanças	primeirasAndanca.txt	81	AROECEBA E KURUGUGA	Dukeje icare emagore pui.\nBirimodo akore: -Tadumode bukidaga kae, bukidaguru tabore ikudodumode; bukigu tabore kogudumode, bukigu bekururewu kogumode kajeje.		Depois combinaram entre si.\nBirimodo disse: - Vocês irão procurar tucum. A corda vai ser feita de seda de tucum. Ele vai ser amarrado com corda, vai ser amarrado com corda passada em resina.	
PAND.082	Primeiras Andanças	primeirasAndanca.txt	82	AROECEBA E KURUGUGA	Icare ewadodure, ere pu jamedu bie tu, tuduwo bukidaga (tucum) kae. Icare barogwa kododure. Erore taci bukidaga kae.		Aí eles comunicaram, avisaram-se uns aos outros para irem procurar brotos de tucum. Ao amanhecer do dia seguinte, partiram a procura dos brotos de tucum	
PAND.083	Primeiras Andanças	primeirasAndanca.txt	83	AROECEBA E KURUGUGA	Etaregodure tabo. Ere iru ta, ere iru barigu boeru kae. Icare iru kidure, du keje icare ere ikudo. Ere bukigu bekurudo nowu ira epace. Ere beragu reko ia iruji, tuwo kogudo nowu ikodo paru tabo, nowu kado mega (pedaço de taboca) oto tabo.		Chegando com eles, tiraram a seda e a passaram pelo fogo. Depois de secar a seda, fizeram a corda. Passaram cola nela para amarrar as varas, passaram resina em uma parte da seda para amarrar as penas da asa na ponta dos pedaços de taquara.	
PAND.084	Primeiras Andanças	primeirasAndanca.txt	84	AROECEBA E KURUGUGA	Boe bu bokware, nabure bu bokware, kuido bu bokware, kuje bu bokware. Kodire nowu ira kedore kogure oino etaora kajeje; mare pemegare rugadu, moture rugadu. Pariko ira kogunure tu boe oiaga paru tabo, kodire motukare, mare moture rugadu.		Faltavam penas. Não havia penas de arara vermelha, nem de arara amarela, nem de mutum. Por isso eles amarravam as varinhas limpas (de enfeite) ao redor da cabeça deles; mas ficava bem, era bonito. A nervura do pé do pariko era amarrada diretamente no pé das plumas de rabo, por isso não era bonito, mas assim mesmo era bonito.	
PAND.085	Primeiras Andanças	primeirasAndanca.txt	85	12. CASTIGO AOS VIOLADORES DE AROGIAREUDO.	Icare eture pugeje. Dutabore icare Birimodore toreduje Arogiarewudo udo tuwurimage eke butudo etae. Eke kuo kudu, eke iworo pagodu, iworo betu, iworo ogwabagodu butudo etae. Ure udo eke noidoia butudo etae, eke meiawoe ewududo etae. Dutabore icare udo oko butudo etae.		Depois foram embora de novo. Nesse tempo, Birimodo mandou a sua mulher Arogiarewudo levar alimento para os irmãos dela: Cocos de piaçaba, vinho doce e fermentado de acuri, palmito e mel de abelhas. Mandou também levar-lhes batata do mato.	
PAND.086	Primeiras Andanças	primeirasAndanca.txt	86	12. CASTIGO AOS VIOLADORES DE AROGIAREUDO.	Nowu tui eke butudo etaedu ureorere, akore Nowu, nowu! Itaidure iwo itaiwodo iwuremagei.\nOredu akore Akaba akaiwodo: boe pega, boe mono, boe arodu, boe okwarigodu kejere egore tuieduie oinono. Oino.		Quando foi levar-lhes a comida, ela disse (para o seu marido): - Eu quero ver os meus irmãos.\nO marido respondeu: - Não olhe: dizem que lá tem coisa muito ruim, muito perigosa.	
PAND.087	Primeiras Andanças	primeirasAndanca.txt	87	12. CASTIGO AOS VIOLADORES DE AROGIAREUDO.	Nowu oreduje Arogiaredudo akore Mare itaidure iwo itaiwodo rugadu.\nAkore Ukarino, ukarino! Akaba akaiwodo, akaba akaiwodo. Akore nowu oredujeji.		A mulher dele, Arogiarewudo, respondeu: - Mas eu quero ver mesmo.\nEle lhe disse: - Nada! Nada! Não vai olhar, não vai olhar. Assim que falou para sua mulher.	
PAND.088	Primeiras Andanças	primeirasAndanca.txt	88	12. CASTIGO AOS VIOLADORES DE AROGIAREUDO.	Icere ure nowu oko butudo etae, du tabore icare ure taiwodo ei. Ure taiwodo ei du tabore icare etuwie ure tugeragu nowu tuduieji, ure tumugudo keje mato baito. Ere iogwarido nowu tugeji, tuge okoji, nowu areduji jamedu. Icare emaragodure ji tuiamedu tabo. Ere tugeragu ji tuiamedu tabo.		Quando foi levar-lhes a comida, ela olhou para eles. Logo que ela olhou para eles, o mais novo pegou essa sua irmã e puxou-a para dentro do salão. Eles aclamaram a comida: O alimento e a mulher também. Depois todos mexeram com ela.	
PAND.089	Primeiras Andanças	primeirasAndanca.txt	89	12. CASTIGO AOS VIOLADORES DE AROGIAREUDO.	Icare uture bato. Nowu oredu Birmodo makogodure toreduji Arogiarewudoji, akore Arogiarewudo, pameruwo! Pawo pagado tu... paerudumode ia meiaorogu jitu bogai, awurimage ekeje.\nAkore: U!		Depois disso ela foi embora para a casa. O marido, Birimodo, falou com sua mulher Arogiarewudo, dizendo: - Arogiarewudo, vamos caçar. Vamos procurar para ver se encontramos algum mel de abelha silvestre para os seus irmãos.\nEla disse: - Sim!	
PAND.090	Primeiras Andanças	primeirasAndanca.txt	90	12. CASTIGO AOS VIOLADORES DE AROGIAREUDO.	Icare ure tugeragu tugodoji. Icare eture boeto, iturato. Ekodo jii... toro, du keje icare eerudure jerikurirewugei. Icare rugodure ei, ure i butudo ebo, ure porodo ei, ure i okwaborodo ei. U! Ekugudugodunure. Icare ure tugeragu ei,ure nowu toreduje Arogiarewudo upori korawu. Icare uture ebo. Kodo jii... Aregodure bato.\nAkore Arogiarewudo, awurimage ja eke oto kabi.		Então ela pegou o seu cesto e foram embora para a mata. Andaram bastante até que encontraram uma casa de abelhas mumbuca. Ai lutou com elas, derrubou a árvore com a casa delas e furou o favo. Sim o mel estava molinho, recolheu-o e encheu com ele o pote de Arogiarewudo. Depois levou embora. Foi andando até chegar na aldeia. E disse: Arogiarewudo lava a bacilha da comida de seus irmãos.	
PAND.091	Primeiras Andanças	primeirasAndanca.txt	91	12. CASTIGO AOS VIOLADORES DE AROGIAREUDO.	Icare ure oto kabi. Aria, oinore nowu eke ja iere.\nIcare ure nowu meiawoe etugu to. Ure okorawu. Ure betogigudu udo nono nowu toreduje uwurimage ereore.		Aí ela lavou a panela (aria é o nome do recipiente da comida deles).\nDepois despejou nela o mel até encher. Depois fez tantas espátulas de palha quantos eram os irmãos dela.	
PAND.092	Primeiras Andanças	primeirasAndanca.txt	92	12. CASTIGO AOS VIOLADORES DE AROGIAREUDO.	Icare ure tugeragu nowu oredujeji, icare ure tugera ra piji. Icare ure toboe tugu nowu meiaboe ekurutu. Korigodunure nowu torei. Ro peganure ei, du kodire roino, nowu eroi nowu tuwie jitudu kodire roino ei. Imaredunure ei.		Depois pegou sua mulher e logo se afastou dela, jogando seu líquido dentro do mel. Ele estava muito zangado com esses seus filhos. Por isso ele fez ruindade com eles, por aquilo que eles tinham feito com sua própria irmã. Estava ciumento com eles.	
PAND.093	Primeiras Andanças	primeirasAndanca.txt	93	12. CASTIGO AOS VIOLADORES DE AROGIAREUDO.	Icare akore Icá! Toro tabo! Ure tudugu ji, kodure tabo ewaiporo kae, makore Icá, emareo, emareo, emareo! Iwurimage, tage meiawoe kugure reo.\nEre iogwarido ji .- Wa!...\nEgogodure m m m, m, m,! Ere nowu tudaria mugudo tu.. toiadoda.		Então disse para ela: - Eis! Leva (para eles). Ela pegou (a panela com o mel) e a levou no rumo da porta do salão onde eles estavam e disse: - Pronto! Eis aqui, eis aqui, eis aqui. Meus irmãos eis o seu mel.\nEles gritaram: - Wo!...\nDisseram: - m, m, m, m, m,! E puseram a panela no centro	
PAND.094	Primeiras Andanças	primeirasAndanca.txt	94	12. CASTIGO AOS VIOLADORES DE AROGIAREUDO.	Icare ere tuburedo ji. Dukejere nowu etumana akore Ko go go go go go go go! Kajao!\nKajao! Kajao!\nIcare erore tuku!\nJoruduware nowu todowu romode puduiduji. Icare ure tugeragu nowu boe otogiguduji, ure to co! nowu meiawoe ekuruto, ure aogado baruto, bekurure pugeje, rore co! tudo pugeje.		Estavam se aproximando (da panela) quando o mais velho disse: - . Ko go go go go go go go! Calma! Um momento! Um momento!\nAí eles se assustaram.\nEle sabia o que o seu cunhado ia fazer com eles. Então pegou uma daquelas espátulas de palha e introduziu-a no mel e levantou-a de novo. O mel estava líquido e caiu pingando dentro da panela.	
PAND.095	Primeiras Andanças	primeirasAndanca.txt	95	12. CASTIGO AOS VIOLADORES DE AROGIAREUDO.	Dukeje icare epagudugodure, egore m, m, m, m, m, m, m, m, m,…\nIcare nowu etumana kudugodure, kudugodure, kudu rore du du du du du! Kudu rore jagi.. tuku!\nDukeje egogodure pugeje, egore m, m, m, m, m, m, m, m, m,…		Então eles ficaram com medo e disseram: - m, m, m, m, m, m, m, m, m,…\nAí o mais velho quis gritar, gritar, mas o grito não saia, o grito sumiu na sua garganta.\nDepois todos disseram: -m, m, m, m, m, m, m, m, m,…	
PAND.096	Primeiras Andanças	primeirasAndanca.txt	96	12. CASTIGO AOS VIOLADORES DE AROGIAREUDO.	Icare uwie kudugodure, kudugodure, kudu rore d’ d’ d’ d’ d’ d’… kudu rore gu .. tuku\nEgogodure pugeje: - m, m, m, m, m,…\nDukeje icare ekudugodure pugeje, egore m, m,… m, m,….’m m...\nEgore m, m, m, m, m, m,…		Aí o segundo irmão quis gritar, gritar, e o grito foi mais cortado ainda e sumiu\nEles começaram a dizer: - m, m, m, m, m,…\nDepois gritaram de novo dizendo: - m, m,… m, m,….’m m...\nDiziam: - m, m, m, m, m, m,…	
PAND.097	Primeiras Andanças	primeirasAndanca.txt	97	12. CASTIGO AOS VIOLADORES DE AROGIAREUDO.	Dukeje icare ere tuiemagu, ere tuiemagu tbr tbr tbr tbr tbr tbr! Tuwai otoji.\nEre tuburedo pugeje, egore m, m, m, m, m,.\nIcare epagudugodure pugeje: - m, m, m, m, m, m...\nEgore pugeje m, m, m, m, m, m...		Depois começaram a dançar de arrasta pé tbr tbr tbr tbr tbr! Dentro do salão.\nDepois pararam, disseram: - m, m, m, m, m...\nFicaram com medo: ­- m, m, m, m, m...\nDisseram: - m, m, m, m, m...	
PAND.098	Primeiras Andanças	primeirasAndanca.txt	98	12. CASTIGO AOS VIOLADORES DE AROGIAREUDO.	Dutabore icare ere tuiebu bai piji nowu tuiemagudu tabo tbr tbr tbr tbr tbr!Ere taiado nowu bai tabo. Ere tuwuredo, egore - m, m, m, m, m, m,!\nIcare epagudure pugeje m, m, m, m, m, m,!		Aí saíram do salão dançando de arrasta pé tbr tbr tbr tbr tbr! Rodearam o salão. E pararam, dizendo: - m, m, m, m, m, m,!\nE ficaram novamente com medo m, m, m, m, m, m,!	
PAND.099	Primeiras Andanças	primeirasAndanca.txt	99	12. CASTIGO AOS VIOLADORES DE AROGIAREUDO.	Dukeje icare etuwiere joru tugu baito.\nEgore pugeje: - m, m, m, m, m, m,!\nEpagudunure nowu joruji, egore m, m, m, m, m, m,!		Depois o mais novo deles pôs fogo no baito.\nEles disseram: - m, m, m, m, m, m,!\nFicaram com medo daquele fogo e diziam: - m, m, m, m, m, m,!	
PAND.100	Primeiras Andanças	primeirasAndanca.txt	100	12. CASTIGO AOS VIOLADORES DE AROGIAREUDO.	Ere tuwuredo. Dukeje icare nowu etumana makogodure nowu tuwieji. Nowu umana iere Cibaiaritowu, nowu uwie iere Kuogoritowu, nowu tuwai kaere eierino.\nAkore Imedu, imedu, imire ikodumode akododai\nAkore: Dukeje akodumode iregodaji.		Depois que pararam, o mais velho falou com o seu irmão mais novo. O irmão mais velho chamava-se Cibaiaritowu, o mais novo chamava-se: - Kuogoritowu. Tinham esse nome lembrando a casa deles.\nO mais velho disse: - Menino eu vou na sua frente. Depois você irá atrás de mim.	
PAND.101	Primeiras Andanças	primeirasAndanca.txt	101	12. CASTIGO AOS VIOLADORES DE AROGIAREUDO.	Akore Dukejere icare awu pawiemage ekodumode paregodaji.\nCeje pudabo, Keiagu pudabo, Kuruguga Ciwiarewu pudabo, Kuruguga Bokwadoiarewu pudabo, Kuruguga makodu akiri pudabo, Kuruguga Buturorewu pudabo, Kuruguga Kadogadurewu pudabo, Kuruguga jeparu kujagurewu pudabo.		E acrescentou: Depois estes nossos irmãos mais novos irão atrás de nós convertidos em toda classe de gaviões. Gavião fumaça (Ceje), e varias outras classes de gavião Karacarai.	
PAND.102	Primeiras Andanças	primeirasAndanca.txt	102	12. CASTIGO AOS VIOLADORES DE AROGIAREUDO.	Icare joru kurire! Icare ure tugera pemegado pudui, tuwo taredo joruto.\nIcare akore Oiu ho! Oiu ho!\nUre tugana bu tume keje, ure tuie jodo paci! Toro nowu joruto.\nJe pado joru kajeje... taci!\nAkore Gae!.. tubadui joru kajeje du tabo. Ura taiado, ure tuwuredo ca! Ure turagojedo taci!\nAkore Ibagi! (nowu tuwieji).		Logo o fogo cresceu e ele se aprontou para pular no fogo.\nAí ele disse: - Oiu ho! Oiu ho!.\nEncostou os braços contra o corpo e pulou no fogo.\nDepois apareceu por cima do fogo.\nGritou: - Gae! atravessando o fogo. Deu algumas voltas por cima do fogo e depois parou e ficou em pé.\nE disse para o seu irmão mais novo: - Siga-me!	
PAND.103	Primeiras Andanças	primeirasAndanca.txt	103	12. CASTIGO AOS VIOLADORES DE AROGIAREUDO.	Uwiere tugana bu tume keje, nowu tumana ro reore.\nUre tuie jodo pa! Joruto. Mare kodure joru okwaji. Kodukare joru oiaji.\nAkore: ‘O ‘o oiwo hu!, tui taredo joruto du tabo. Jore toro joruto...pa! nowu tagoino du tabo. Je padure nowu joru kajeje ta!\nAkore Grao! Tubadui joru kajeje du tabo. Kuidonure ema. Umana, nabure.		O irmão mais novo encostou os braços no corpo, como tinha feito o irmão mais velho. E se lançou no fogo. Mas ele foi pela beira do fogo. Não foi pelo meio do fogo.\nAo pular no fogo, ele disse: - ‘O ‘o iwo hu! E dizendo isso, caiu no fogo.\nLogo apareceu por cima do fogo gritando: - Grao! Voando por cima do fogo. Era a arara amarela, o mais velho era a arara vermelha.	
PAND.104	Primeiras Andanças	primeirasAndanca.txt	104	12. CASTIGO AOS VIOLADORES DE AROGIAREUDO.	Dukeje icare nowu uwiemagere taredo joruto tuiamedu tabo. Epadure nowu joru kajeje, nowu tomana okwa kodaji rugadu.. Nowu kuruguga pudabo rugadu, kuruguga bokwadoiare, kuruguga ciwajerewu, kuruguga porurewu, kuruguga butororewu, kuruguga mo kodu akiri, kuruguga kodagodurewu, ceje, keiagu pudabo, oino.		Depois os irmãos mais novos pularam todos juntos. Apareceram por cima do fogo gritando como o irmão mais velho, transformados em toda classe de gaviões.	
PAND.105	Primeiras Andanças	primeirasAndanca.txt	105	12. CASTIGO AOS VIOLADORES DE AROGIAREUDO.	Icare ere taodo boe paru kajeje, ipo otoji, i otoji, tori okwaji, nowari okwaji, tuge kurodureboeji, tuge nowaji, tuge kudureboeje, tuge metugojoi, tuge kujeji, tuge parigogoji, jukoji, tuge iweji.		Logo eles se espalharam por todo lado, nas pontas dos paus, nas pontas das árvores, na beira dos morros, na beira dos barrancos, para comer frutas, tabatinga, farinha, pombas, mutuns, jacus, macacos e ouriços.	
PAND.106	Primeiras Andanças	primeirasAndanca.txt	106	12. CASTIGO AOS VIOLADORES DE AROGIAREUDO.	Du kodi icare Boe eimore nabure bu pugeje, Boe eimore kuido bu pugeje. Boe eimo pariko moture, Boe eimo parikore nabure oiaga, Boe eimo parikore kuido oiaga, boe eimo parikore kudoro oiaga.		Por isso que as penas de arara amarela são enfeite dos Bororo e também as penas de arara vermelha. O diadema dos bororos é lindo. O diadema dos bororos é de penas de cauda de arara vermelha, de arara amarela e de arara preta.	
PAND.107	Primeiras Andanças	primeirasAndanca.txt	107	13. OS TUGAREGE APERFEIÇOAM OS ENFEITES NA ALDEIA ECERAE BORORO	Dutabore icare Mano Kurirewu, Tadugo, Aroia Kurirewu, Okogebowu, Butoregadu, Kaborewu, Birimodo, Akaruio Boroge, Apuie, Kuruguga, Meriri Baru emagogodure pui tuwo nowu tore enoroe okwa akirido, tuwo nabure bu jodo to, tuwo kuido bu jodo to, tuwo kuje bu jodo to, tuwo iworeboe pemegado epace, tuwo meriporira (taquara para enfeite) pemegado epace, tuwo meriporira kuidorewu (nabure bu misturado com kuido bu) pemegado epace, tuwo meriripora ekurewu (idem) to epace, tuwo meriripora corewu towuje epace, tuwo baruboro kigadurewu towuje epace, tuwo baruboro ekurewu towuje epace.		Aí todos os chefes da metade dos Tugarege combinaram entre si para enfeitar de penugem branca os enfeites dos seus filhos (os Ecerae), para colocar nos enfeites deles peninhas de arara vermelha, de arara amarela e de mutum; para fazer para eles alfinetes de penas, taquarinhas enfeitadas de vermelho, de amarelo, de preto, e enfeites baruboro brancos e amarelos.	
PAND.108	Primeiras Andanças	primeirasAndanca.txt	108	13. OS TUGAREGE APERFEIÇOAM OS ENFEITES NA ALDEIA ECERAE BORORO	Nonore icare ere nabure bu bu pariko paruji, nonore icare ere kuido bu bu pariko paruji. Nonore icare ere nabure etaro bu pariko paruji. Nonore icare ere kuidoe etaro bu pariko paruji. Nonore icare ere iwe oto bu pariko paruji. Nonore icare ere kiege etoiaga bure jodo cirato. Nonore icare ere barugidoge etoiaga bu pariko paruji, nonore icare ere koraoe etoiaga bu pariko paruji, nonore icare ere kuruguga oiaga bu pariko paruji, nonore icare ere ciwaboe etoiaga bu pariko paruji.		Ali eles começaram a colocar peninhas de arara vermelha no pé do pariko, ali eles colocaram peninhas de arara amarela no pé do pariko. Ali eles colocaram peninhas do pé da asa de arara vermelha e de arara amarela no pé do pariko. Eles amarraram penas de cauda de aves em taquarinhas. Ali eles colocaram penas de cauda de gaviões no pé do pariko. Ali eles colocaram penas de rabo de papagaio no pé do pariko. Ali eles puseram penas de cauda de gavião caracarai no pé do pariko. Ali eles puseram penas de rabo de japu no pé do pariko.	
PAND.109	Primeiras Andanças	primeirasAndanca.txt	109	13. OS TUGAREGE APERFEIÇOAM OS ENFEITES NA ALDEIA ECERAE BORORO	Nonore icare ere kiogoaro bu taobaru keje. Nonore icare ere kiogoaro mugudo tuwugeje.\nNonore icare ere tao budo: Nonore icare ere taobaru budo, ere tugudu budo, nonore icare ere tuiba budo, nonore icare ere taerajiwudo.\nCa! Nowu Bororo iere Ecerae Ewororo.\nNowu Bororo kejere ere tubemegado. Nowu Bororo kejere ere tugera pemegado torei. Nowu Bororo kejere toredo pureore, du iere Ecerae Ewororo		Ali eles penduraram na sua nuca o kiogoaro . Ali eles penduraram nas suas costas o kiogoaro.\nAli eles puseram na sua cabeça o conjunto de enfeites de peninhas coloridas: o enfeite do occipício, o enfeite da fronte, o enfeite das têmporas e o enfeite do centro da cabeça.\nEis! Essa aldeia chama-se Ecerae Ewororo (Aldeia dos Ecerae).\nFoi nessa aldeia que eles se enfeitaram. Foi nessa aldeia que eles enfeitaram os seus filhos.\nFoi nessa aldeia que eles (os Tugarege) enfeitaram os seus filhos igual a eles.\nÉ essa que se chama Aldeia dos Ecerae.	
GBAK.001	Gêmeos Bakororodoge	gemeosBakororodoge.txt	1	1. ADUGO EDU BRIGA COM ADUGO	lmedu iere Adugo Edu; oreduje iere Akigurodo.		Havia um homem chamado Adugo Edu e sua mulher chamava-se Akigurodo.	
GBAK.002	Gêmeos Bakororodoge	gemeosBakororodoge.txt	2	1. ADUGO EDU BRIGA COM ADUGO	Imedu merure, icare jorudukare boeji; du keje icare jorudure Adugoji.		O homem estava caçando e não encontrava nada; até que encontrou uma onça pintada.	
GBAK.003	Gêmeos Bakororodoge	gemeosBakororodoge.txt	3	1. ADUGO EDU BRIGA COM ADUGO	Icare ecewu Adugo rugodure ji; erugodure pui jii je.		Aí a onça pintada atacou-o e os dois ficaram brigando muito tempo.	
GBAK.004	Gêmeos Bakororodoge	gemeosBakororodoge.txt	4	1. ADUGO EDU BRIGA COM ADUGO	Dukeje icare imedu metugodure, du kodi icare okwamagudure Adugoji, akore:		Por fim o homem cansou e por isso suplicou à onça dizendo:	
GBAK.005	Gêmeos Bakororodoge	gemeosBakororodoge.txt	5	1. ADUGO EDU BRIGA COM ADUGO	Adugo, Adugo, akera rawuje ipiji, akaba iwido; du kejere imode itonaregedurogu utudo awogai.		Onça, onça! Me solte, não me mate: eu vou mandar vir para você uma filinha minha.	
GBAK.006	Gêmeos Bakororodoge	gemeosBakororodoge.txt	6	1. ADUGO EDU BRIGA COM ADUGO	Du kodi icare adugo ure tugera ra imedu piji.		Por isso então a onça largou o homem.	
GBAK.007	Gêmeos Bakororodoge	gemeosBakororodoge.txt	7	1. ADUGO EDU BRIGA COM ADUGO	Icare imedu akore Kaiba amuguire?		Então o homem perguntou: - Aonde você mora?	
GBAK.008	Gêmeos Bakororodoge	gemeosBakororodoge.txt	8	1. ADUGO EDU BRIGA COM ADUGO	Adugo akore U! Aerudu rakado: imire imugure boe aokeje.		A onça respondeu: -Sim! Ponha bem atenção: Eu moro na parte mais alta.	
GBAK.009	Gêmeos Bakororodoge	gemeosBakororodoge.txt	9	1. ADUGO EDU BRIGA COM ADUGO	Adugo mugure, mare Adugo karega: Okwa emare.		Tem um bicho, mas não é a onça pintada: é o lobinho.	
GBAK.010	Gêmeos Bakororodoge	gemeosBakororodoge.txt	10	1. ADUGO EDU BRIGA COM ADUGO	O oto gigadure, eta core; okwagere batarareugei, kiege kugurei.		A ponta do rabo tem uma franja, tem o espinhaço preto; come lagartixas e pássaros pequenos.	
GBAK.011	Gêmeos Bakororodoge	gemeosBakororodoge.txt	11	1. ADUGO EDU BRIGA COM ADUGO	Adugo mugure, mare Adugo karega: lpocereu emare.		Tem um outro bicho, mas não é a onça pintada: é a irara.	
GBAK.012	Gêmeos Bakororodoge	gemeosBakororodoge.txt	12	1. ADUGO EDU BRIGA COM ADUGO	Okwagere aworo eeduji, gigodoge eeduji.		Ela come o cortiço das abelhas-mandaguaris e o cortiço das abelhas-bijuís.	
GBAK.013	Gêmeos Bakororodoge	gemeosBakororodoge.txt	13	1. ADUGO EDU BRIGA COM ADUGO	Adugo mugure, mare Adugo karega: Rie emare. Eta core, kujagure; okwagere tudureboeji, kurodureboeji.		Tem um outro bicho, mas não é a onça pintada: é o lobo guará. Tem o espinhaço preto, ele é vermelho. Come frutas verdes e frutas maduras.	
GBAK.014	Gêmeos Bakororodoge	gemeosBakororodoge.txt	14	1. ADUGO EDU BRIGA COM ADUGO	Adugo mugure, mare Adugo karega: Aigo emare.		Tem um outro bicho, mas não é a onça pintada: é a onça parda.	
GBAK.015	Gêmeos Bakororodoge	gemeosBakororodoge.txt	15	1. ADUGO EDU BRIGA COM ADUGO	Kujagure, okwagere pobogodogei, orogoei.		È avermelhada, come veados mateiros e veados-campeiros.	
GBAK.016	Gêmeos Bakororodoge	gemeosBakororodoge.txt	16	1. ADUGO EDU BRIGA COM ADUGO	Dukeje icare Adugo mugure, mare Adugo karega: Aipoboreu emare.		Depois tem um outro bicho, mas não é a onça pintada: é a jaguatirica.	
GBAK.017	Gêmeos Bakororodoge	gemeosBakororodoge.txt	17	1. ADUGO EDU BRIGA COM ADUGO	Jeke jerare, atugo kugurigodure; okwagere meadogei,\napoei.		Seu rosto tem pintas, as pintas são pequenas; come cutias.	
GBAK.018	Gêmeos Bakororodoge	gemeosBakororodoge.txt	18	1. ADUGO EDU BRIGA COM ADUGO	Icare Adugo mugure: imi imire. lnogwagere kiei, jugodogei.		Depois tem a onça pintada; Sou eu mesmo. Eu como antas e queixadas.	
GBAK.019	Gêmeos Bakororodoge	gemeosBakororodoge.txt	19	1. ADUGO EDU BRIGA COM ADUGO	Dukeje icare eture pubiji.		Depois disto despediram-se.	
GBAK.020	Gêmeos Bakororodoge	gemeosBakororodoge.txt	20	1. ADUGO EDU BRIGA COM ADUGO	lmedu aregodure baato, tumedugodu kuricigo tabo, tugiarigodu kuricigo tabo jamedu.		O homem chegou na aldeia, muito cansado e muito triste.	
GBAK.021	Gêmeos Bakororodoge	gemeosBakororodoge.txt	21	1. ADUGO EDU BRIGA COM ADUGO	Icare akore adugo jire iorudure, kodi icare rugodure ii, du kodi icare inogwamagudure ji; inagore ukaiagu iwido, ukaiagu ikowuje.		E contou: - Eu encontrei com a onça pintada, aí ela brigou comigo; então eu supliquei para ela que não me matasse, que não me comesse.	
GBAK.022	Gêmeos Bakororodoge	gemeosBakororodoge.txt	22	1. ADUGO EDU BRIGA COM ADUGO	Inagore ukai iwido du keje, imoduie aredurogu utudo bogai.		Eu disse que se ela não me matasse, eu irai mandar vir para ela minha filha .	
GBAK.023	Gêmeos Bakororodoge	gemeosBakororodoge.txt	23	1. ADUGO EDU BRIGA COM ADUGO	Du kodi icare awu aredurogu utumode bogai, muguwo apo.		Por isso esta minha filha irá procura-la para ficar com ela.	
GBAK.024	Gêmeos Bakororodoge	gemeosBakororodoge.txt	24	1. ADUGO EDU BRIGA COM ADUGO	Du kopi icare ecewu aredurogu uture adugo bogai.		Por isso aquela moça foi à procura da onça pintada.	
GBAK.025	Gêmeos Bakororodoge	gemeosBakororodoge.txt	25	1. ADUGO EDU BRIGA COM ADUGO	Uore bie Adugo mugurewoji. (Enciclopédia Boro- ro II pg. 192- 198).		O pai dela lhe explicou onde morava a onça pintada.	
GBAK.026	Gêmeos Bakororodoge	gemeosBakororodoge.txt	1	2. ADUGORODO VAI À PROCURA DE ADUGO	Kodo jii... aregodure Adugo ae. Adugo rugadu. Boecodure, aiwore ji. Icare barogwa kododure. icare ure tugera pemegado pudui, icarem uture boeto tumeru tabo.\nMakore nowu toredujeji, akore: -Amugu tugudo, apadu tugudo, aedu tugudo. Imeruwo.\nIcare uture toro. Icare aregodure. Oinore ure tudureboe, okureboedo tuwugeje! Ocabaka (gravatá), rie (fruta de lobo), barege etaoreu (ariticum). Ure turemo tabo tuwaito.\nAiwore nowu toreduje bogai. Nowu oreduje aiwore togi. Ure nowu toe mugudo tuku!\nOreduje aiwore ji, akore: -E! ...Adugo karadega! Rie rabodu! Icare uto piji pugeje.		Andou bastante e chegou ao lugar de um bicho. Ela achou que era onça pintada mesmo. Era já de noite quando o viu. Quando amanheceu o bicho se preparou para ir no mato caçar. Falou para a mulher dizendo: - Fique aqui calma que eu vou caçar.\nFoi embora longe e depois voltou. Vinha carregando muitos frutos verdes e frutos maduros: gravatá, fruta de lobo, ariticum. Entrou com eles em casa. Olhou para a mulher. A mulher viu que ele chegava. Ele descarregou sua caça.\nObservou bem e disse: Eh! Não é a onça pintada! É o lobinho! Aí foi embora dele.	
GBAK.027	Gêmeos Bakororodoge	gemeosBakororodoge.txt	2	2. ADUGORODO VAI À PROCURA DE ADUGO	Kodo jii... aregodure Adugo ae. Adugo rugadu. Mugure apo.\nBoecodure. Makore ji, akore: -Amugu tugudo, apado tugudo. Imeruwo.\nIcare uture toro boeto. Dukeje icare aregodure. Oinore ure! Meiao borireuge (abelha de jatobá), aragiorodoge (abelhas de outras árvores). Oinore eedo tuwugeje!\nAkore Adugo karadega: Ipocereu rabodu! (ariranha).		Andou bastante e chegou ao lugar de um outro bicho. Achou que era a onça pintada e ficou com ele. Quando foi de noite o bicho falou com ela dizendo: - Fique aqui sossegada que eu vou caçar.\nEle foi longe no mato, até que chegou de volta. Estava trazendo muito mel de abelha de jatobá e de outras árvores.\nEla pensou: Este não é onça pintada! É a ariranha!	
GBAK.028	Gêmeos Bakororodoge	gemeosBakororodoge.txt	3	2. ADUGORODO VAI À PROCURA DE ADUGO	Icare uture pugeje. Aregodure Adugo ae. Adugo rugadu. Aiwore ji, Adugo rugadu.\nIcare boecodure. Icare akore amugu tugudo, apadu tugudo! lmeruwo.\nIcare uture toro boeto. Dukeje icare aregodure. Cirudo tuku (currvado), kiwareuge ebo, amoe ebo, kurugoe ebo. Oino\nAtugorodo aiwore ji tu...Adugo karadega! Aipobureu rabodu.		Foi embora de novo. Chegou ao lugar de um bicho. Ela achou que era a onça pintada. Observou. Era onça pintada mesmo. Quando anoiteceu, o bicho falou:- Fique aqui sossegada. Eu vou caçar.\nFoi embora lá para o mato. Depois voltou carregado de ratos, coelhos e preás.\nAtugorodo observou bem... Não era a onça pintada. Era a jaguatirica.	
GBAK.029	Gêmeos Bakororodoge	gemeosBakororodoge.txt	4	2. ADUGORODO VAI À PROCURA DE ADUGO	Icare uto piji pugeje.\nKodo jii... Aregodure Adugo ae. Aiwore ji. A! Adugo rugadu.\nIcare boecodure. Icare makore ji, akore amugu tugudo, apadu tugudo. Imerumode.\nIcare barogwa kododure. Icare uture toro boeto. Icare aregodure. Unure cirudo tu... pobodoge ebo, orogoe ebo, kie ebo.\nBoekarema, Adugo karadega. Aigo rabodu!		Foi embora dela. Andou muito e chegou ao lugar de um outro bicho. Observou-o e pensou que era a onça pintada.\nQuando anoiteceu, falou para ela: - Fique aqui sossegada. Eu vou caçar.\nQuando amanheceu, foi embora lá para o mato e voltou carregada de veados mateiros, de veados campeiros e de antas.\nMas não era onça pintada. Era onça parda.	
GBAK.030	Gêmeos Bakororodoge	gemeosBakororodoge.txt	5	2. ADUGORODO VAI À PROCURA DE ADUGO	Icare uture piji pugeje jii je.\nIcare aregodure Adugo ae. Aiwore ji tu... Nowure icare Adugo rugadu. Moture rugadu. Biapagare tu je ma, oinore akore! Unure tuwadaru butudo tori paruto, jerigi paruto, boe jamedu boe parugajeje! U! Oinore akore! Oinore batarure!\nDu icare boecodure. Icare barogwa kododure. Dukeje icare cewu Adugo makore cewu aredu Atugorodoji. Akore Atugorodo, Atugorodo! Amugu tugudo, apadu tugudo, aedu tugudo! Boe pega, boe mono, boe arodu tadare imugure, tadare iedure, tadare ipadure. Akogwa rokaba gu je, akogwarigodu pagakaba! Amugu tugudo. Imeruwo. Akore.		Então foi embora de novo.\nChegou ao lugar da onça pintada. Observou-a e viu que essa era a onça pintada mesmo. Era muito bonita. Logo escutou os rugidos dela. Seus rugidos se escutavam nos morros nas árvores e em todo lugar. Gritava muito.\nChegou a noite e quando amanheceu a onça falou para Arogiareudo dizendo: - Adugorodo, fique aqui sossegada. Eu moro aqui num lugar ruim, num lugar perigoso, num lugar muito ruim. Não sorria, não ria à toa. Fique comportada. Eu vou caçar.	
GBAK.031	Gêmeos Bakororodoge	gemeosBakororodoge.txt	6	2. ADUGORODO VAI À PROCURA DE ADUGO	Icare uture toro boeto. Dukeje icare... Oinore ucarugo akore! Oinore batarure barodugodunure (muita feia). Dukeje icare meardu pegare ia bataru ji , kocare ogwarigodure, mare ogwari padukare kajeje: toro tudare (lá dentro de sí) ogwarigodure. Dukeje icare rore... tuku! Tuwi tabo.		Depois foi embora para o mato. Aí a sogra dela começou a falar muita coisa. Ela era muito feia. Depois escutou um palavrão e riu por dentro sem deixar aparecer o riso. Aí ela caiu morta.	
GBAK.032	Gêmeos Bakororodoge	gemeosBakororodoge.txt	7	2. ADUGORODO VAI À PROCURA DE ADUGO	Dukeje icare Adugo aregodure. Iedo maenure kiei, iedo maenure jugodogei! Kodure kuri tuwai kae, biapagare tododai. Oinore nawu Ke Marugodu akore! Icare ure turemo tuwaito, aiwore tu... Cewu aredu padure tuwi tabo tu... Kodure kuri ae.\nAkore E!... E!... Imagogodu pagaia ai rugadu. Inagoia: akogwa ro kaba gu je! Inagoia: Akogwarigodu paga kaba! Oinoia inagore ai. Oinoia iwadarure ai!\nInagoia: boe pega, boe mono, boe arodu, boe okwarigudu tadre imugure, ipadure, iedure. Oinoia inagore ái! Oinoia iwadarure ai!		Depois chegou a onça pintada. Vinha trazendo antas e queixadas. Dirigindo-se logo para sua casa, escutou na sua frente: Ke Marugodu estava falando muito.\nEntrou em casa e viu: A mulher estava deitada morta. Dirigiu-se logo aonde ela estava dizendo: Eh! Eh! – Em vão lhe falei! Eu falei para você não falar, não rir. Assim que eu lhe tinha falado!\nEu tinha lhe falado que eu morava num lugar muito ruim. É assim que eu tinha falado para você!	
GBAK.033	Gêmeos Bakororodoge	gemeosBakororodoge.txt	8	3. NASCIMENTO DOS GÊMEOS BAKORORODOGE .	Icare ure tuberigara jodo tuku keje pa!\nJokubuture tore ewugeje. Ore kugure edugo moture! Ure tugeragu ei. Icare ure ewarigu borobarito (powarito). Icare maragodure ei. Icare ikarurure ei (limpou, arrumou, pintou).		Logo cortou-a com a sua faca. E seus olhos deram com os seus filhos. A pintura dos seus filhos era linda. Pegou-os es colocou dentro de uma cabacinha. Arrumou-os e cuidou deles.	
GBAK.034	Gêmeos Bakororodoge	gemeosBakororodoge.txt	9	3. NASCIMENTO DOS GÊMEOS BAKORORODOGE .	Icare ekurigodure. Metuia Bakororo rema, metuia Itobore rema.\nIcare erijodure. Icare nowu etujarugo oragudure (Ke Marugodu). Oinore akore toragudu tabo, meri rekodu jameduji, boeco jameduji! Oragudure tu... Oragudure tu...		Eles foram crescendo. Um deles é Bakororo e ou outro é Itobore.Quando já estavam grandes, a avó deles (Ke Marugodu) começou a chorar. Todas as tardes e todas as noites ela chrava muito. Chrava, chorava...	
GBAK.035	Gêmeos Bakororodoge	gemeosBakororodoge.txt	10	4. OS GÊMEOS MATAM KE MARUGODU .	Dukeje icare nowu umana akore nowu tuwieji. Akore:\n-Imedu, imedu, arego pao ae (nowu etuore Aroia Kurireu rema). Akagodo:\n- Ioga, ioga, imana akore, aiagu arago to todaragoce.\nAkore U!		Então o mais velho disse para o seu irmão mais novo: - Menino, vá aonde está o nosso pai (o pai deles era Aroia Kurireu) e fala para ele: - Meu pai, o meu irmão mandou dizer que é para o senhor fazer um cacete para ele.\nO menino disse: Sim!	Portuguese translation is numbered 9 in the source; aligned here with the preceding Bororo source number 10.
GBAK.036	Gêmeos Bakororodoge	gemeosBakororodoge.txt	10	4. OS GÊMEOS MATAM KE MARUGODU .	Icare uture nowu tuo ae, akore: -Ioga, ioga, imana akore aiagu arago to tudaragoce, aiagu ia to itaragoce jamedu.\nAkore U!\nDukeje icare nowu etuore arago pemegado		Ele foi ter com o seu pai e lhe disse: - Meu pai, meu pai, o meu irmão mandou dizer que é para o senhor um cacete para ele e que é para fazer um outro para mim.\nO pai respondeu: - Sim!\nAí o pai deles fez o cacete.	
GBAK.037	Gêmeos Bakororodoge	gemeosBakororodoge.txt	11	4. OS GÊMEOS MATAM KE MARUGODU .	Icare oinore nowu etujarugo Ke Marugodu akore toragudu tabo!\nIcare makogodure nowu tuwieji, akore: -Imedu, imedu! Arego pajarugo ae. akagodo: -lmarugo, imarugo! Imana akore kakoduwu bope, kakoduwu meri, kakoduwu adugo ro, ako, bataru koiaba rakuduie akagoino, awadarurino?\nAkore U!		A avó deles, Ke Marugodu estava chorando muito.\nAí o irmão mais velho falou para o mais novo: - Menino, vá aonde está a nossa avó e fala assim para ela: - Minha avó, meu irmão mandou perguntar por causa de diabo ou de qual bicho a senhora está gritando assim?\nEle respondeu: - Sim!	
GBAK.038	Gêmeos Bakororodoge	gemeosBakororodoge.txt	12	4. OS GÊMEOS MATAM KE MARUGODU .	Icare uture. Kodure .jii nowu tujarugo Ke Marugodu ae.\nAkore lmarugo, imarugo! Imana akore kakoduwu meri, kakoduwu bope, kakoduwu adugo ro, ako, bataru koiaba rakuduie akagoino, awadarurino?\nNonore icare akore 'M… m ...m ...m ...! Tagabore inagoino. Tagabore inagoino! Tagabore inagoino!		Aí ele foi ter com a sua avó Ke Marugodu e lhe disse: - Minha avó, meu irmão mandou perguntar por causa de diabo ou de qual bicho a senhora está gritando assim?\nEntão (a velha) disse: - 'M… m ...m ...m ...! É com vocês que eu estou falando, É com vocês que eu estou falando,É com vocês que eu estou falando!	
GBAK.039	Gêmeos Bakororodoge	gemeosBakororodoge.txt	13	4. OS GÊMEOS MATAM KE MARUGODU .	Kodure tumana ae pugeje. Akore lmana, imana! Pajarugo akore pagaboie tagoino, pagaboie tagoino, pagaboie tagoiono.\nNowu umana akore: -Kirabodu! Kirabodu! Kirabodu!		Voltou ao seu irmão e lhe disse: - Meu irmão, A nossa avó respondeu que e conosco que ela está falando, que e conosco que ela está falando, que e conosco que ela está falando.	
GBAK.040	Gêmeos Bakororodoge	gemeosBakororodoge.txt	14	4. OS GÊMEOS MATAM KE MARUGODU .	Dukeje icare nowu umana makogodure nowu tuwieji. Akore Imedu, imedu! Pawo jerigi ako.\nIcare ere jerigi ako. Burudui kigaguru awadu! (burudui ukigare iere jerigiga = lenha de aroeira). Icare ere joru tugu to.		Depois o mais velho conversou com o mais novo dizendo: - Menino, vamos juntar lenha seca.\nAí eles juntaram a lenha. Juntaram muito galho seco de aroeira e lhe puseram fogo.	
GBAK.041	Gêmeos Bakororodoge	gemeosBakororodoge.txt	15	4. OS GÊMEOS MATAM KE MARUGODU .	Icare urure turagojedo. Dukejere icare eture arago tabo nowu tujarugo ae. Icare ere aragu tugu kuda puapo (nowu tujarugo Ke Marugodu kuda). Icare ere nowu arago awagado apo baruto. Ekodure apo nowu to joru kae. Ere barigu to kuri po! Ere teredo kuri borobarito. Icare oinore nowu joru akore tbr tbr tbr nowu etujarugo Ke Marugoduji!		Depois levantaram-se e foram com o cacete aonde estava a avó. Puseram por baixo dela os cacetes e com eles a levantaram e a levaram para a fogueira, e a jogaram dentro dela. Logo eles pularam para dentro das cabaças. Era muito o barulho que o fogo fazia com a avó deles Ke Marugodu!	
GBAK.042	Gêmeos Bakororodoge	gemeosBakororodoge.txt	16	5. A ORIGEM DOS OLHOS PRETOS DOS BORORO.	Dukeje icare ewiapagare. Ure kr... pa! Kr... pa! Kr...pa! raruji, baiji, ipoji, iwaraji, iji. Dukeje icare nowu uwie akore Imana! Itaidure iorduwo kaba akoino. Umana akore U! Akaba akaiwodo! Uwie akore: -Imana, imana! Imode itaiwodo! Umana akore akaba akaiwodo! Oinore inagore!		Quando escutaram o crepitar do fogo nas folhas e nos paus, o mais novo falou para o mais velho: - Meu irmão, eu quero olhar.\nO mais velho respondeu: - Não olhe , não!\nO mais novo insistiu: - Meu irmão, eu vou ver!\nO mais velho respondeu: - Não olhe, eu lhe disse!.	
GBAK.043	Gêmeos Bakororodoge	gemeosBakororodoge.txt	17	5. A ORIGEM DOS OLHOS PRETOS DOS BORORO.	Dukeje icare ukare umana bie pugeje. Ure tuie raido jii borobari okwa kae\nA!... Nowu ucarugo Ke Marugodu ra jeto jokuji pa!\nAkore:. – lmana! Kui! Toragudu tabo tuioku okori koia. Ke Marugodu rare jeture jokuji, du kodire akoino, toragudu tabo, tumana bogai, tumanawo tugerabraredo pudui, du bogaire akoino.		Sem falar de novo com o irmão, ele alargou a cabeça para fora da cabaça.\nAh! Um osso de Ke Marugodu bateu no seu olho. Então gritou chorando: - Meu irmão! Estava chorando de dor de olho porque um osso de Ke Marugodu tinha batido no seu olho, por isso chamava o irmão mais velho para o socorrer.	
GBAK.044	Gêmeos Bakororodoge	gemeosBakororodoge.txt	18	5. A ORIGEM DOS OLHOS PRETOS DOS BORORO.	Icare umana akore Poboto!\nIcare rekodure, ure tuiebu borobari piji, icare kodure m ...nowu poboto. Ure taredo poboto kuri po! Ure taora tugu to po! Ure tao ta taci pobo piji.\nUmana aiwore: Uwie joku moture. Uwie joku gogoe gogoenure ( = moture). Uwie jokure nono koe porore.		Então o irmão mais velho lhe disse: - Jogue-se na água!\nEle saiu da cabaça, correu para o rio e se jogou na água pulando de cabeça.\nQuando a cabeça dele apareceu fora da água. O irmão dele observou: - Os olhos de seu irmãozinho estavam bonitos. Os olhos dele estavam lindos, pareciam os furos do colar “koe”.	
GBAK.045	Gêmeos Bakororodoge	gemeosBakororodoge.txt	19	5. A ORIGEM DOS OLHOS PRETOS DOS BORORO.	Icare nowu umana akore pugeje: - Ioga, ioga! Itaidure iwo itaiwodo!\nNowu uo akore: -Akaba akaiwodo!\nAkore loga! Iwo itaiwodo! Nowu uo akore: -Akaba akaiwodo! Akore Ioga! Iwo itaiwodo! Akore Akaba akaiwodo!		Então o irmão mais velho falou também: - Meu pai, eu quero olhar.\nO pai respondeu: - Não olhe, não! Ele insistiu várias vezes com o mesmo pedido e o pai com a mesma resposta.	
GBAK.046	Gêmeos Bakororodoge	gemeosBakororodoge.txt	20	5. A ORIGEM DOS OLHOS PRETOS DOS BORORO.	Dukeje icare makokare ji pugeje. Icare ure taiwodo. Ure tuie raido jii nowu borobari okwa kae. Nowu ucarugo ra jeture jokuji pugeje pa!\nAkore Ioga! Kui!\nUo akore Poboto!		Depois não lhe pediu mais e olhou. Alargou o rosto para fora da cabaça. Aí um osso da avó bateu também no olho dele.\nEle chamou o pai chorando e o pai lhe disse: Jogue-se na água!	
GBAK.047	Gêmeos Bakororodoge	gemeosBakororodoge.txt	21	5. A ORIGEM DOS OLHOS PRETOS DOS BORORO.	Kodure poboto. Ure taredo taci cu...poboto. Ure taora tugu ta! Ure tao tawuje pobo piji. Eekure pu jokure. Eeku gogoe gogoenure pureore.\nDu kodi icare eeku core, eeku core nono koe porore puapo.\nDukodire awu Bakoro Ecerae eeku motu barikare oino pureore.		Foi no rio e pulou de cabeça na água. Ao tirar cabeça fora d´água, os olhos dos dois eram parecidos. Os olhos dos dois estavam igualmente lindos. Os olhos de ambos eram pretos, pretos como os furos do colar “koe”.\nPor isso que os olhos dos Bokodori Ecerae são todos muito bonitos.	
BUT.001	Parijura mata o monstro Butoriku	butoriku.txt	1	1.PARIJURA MATA O MONSTRO DESTRUIDOR DOS BORORO	Icare Boe emerure, barogwato.\nBoe etaregodure, mare boe eiamedu aregodukare.\nEgore Tarego puwogai! Boe etaregoduka!\nBoe etaregodukare. Boe eerudukare pui.		Os Bororo costumavam ir caçar, de manhã cedo.\nQuando voltavam, não todos chegavam.\nEles diziam: - Vão procurar os outros. Tem gente que não chegou!\nEles não chegavam. Não eram encontrados.	
BUT.002	Parijura mata o monstro Butoriku	butoriku.txt	2	1.PARIJURA MATA O MONSTRO DESTRUIDOR DOS BORORO	Dukeje icare ia aredu oragudure. Meri rekodu jamedu jire oragudure.\nIcare uwagedu rekodure ae. Mearudu arodugodure ako oino duji.\nBoe etaregodukare jamedu tu tu tu tu je!\nKocare nowu uwagedu uture ae. Uwagedu iere Pari Jura (Baadojebage Cebegiwuge). Pari Jura, oino.		Aí uma mulher ficou chorando. Chorava todas as tardes.\nEntão o genro, que escutava incomodado o seu choro, porque sempore tinha Bororos que não voltavam, foi falar com ela.\nO genro chamava-se Pari Jura (do clã dos chefes, do lado de baixo).	Portuguese translation follows the Bororo text under the same source number 2.
BUT.003	Parijura mata o monstro Butoriku	butoriku.txt	3	1.PARIJURA MATA O MONSTRO DESTRUIDOR DOS BORORO	Akore Imarugo, imarugo!\nAkore:- Kakoduwu meri, kakoduwu bope, kakoduwu kaiamo, kakoduwu adugo, kakoduwu braedu ro ako koiaba akagoino? Koiaba awadarurino?\nAkore m, m, m, m, aro rakamoduna, aro rakamoduna, aro rakamoduna, du kode akagoino, du kode awadarurino, du kode are boedino?		Ele disse: - Minha sogra! Por causa de que diabo, por causa de qual inimigo, por causa de qual fera, por causa de qual branco a senhora está se lamentando assim?\nEla respondeu: - 'M... 'm... 'm... 'm... será porque você vai dar conta que você esta falando isso?	
BUT.004	Parijura mata o monstro Butoriku	butoriku.txt	4	1.PARIJURA MATA O MONSTRO DESTRUIDOR DOS BORORO	Ukare tugiegi. Icare uto piji. Kodo jii tumugarogu kae. Ure tumugudo tu...		Ele não respondeu e foi embora. Foi para a sua casa e ali ficou.	
BUT.005	Parijura mata o monstro Butoriku	butoriku.txt	5	1.PARIJURA MATA O MONSTRO DESTRUIDOR DOS BORORO	Pugeje, oragudure pugeje. Meri rekodu jameduji oragodure pugeje. Icare makore ji pugeje. Akore: -Imarugo, imarugo! Kakoduwu meri, kakoduwu bope ro ako, bataru koiaba akagoino?\nAkore 'M... 'm... 'm... Aro rakamoduna, akago rakamoduna, awadaru rakamoduna, du kode akagoino, du kode awadarurino, du kode are boedino?\nAkore pugeje: - 'M... 'm... 'm...! Woe rakudu, woe rakudu, woe rakudu...		Novamente ela chorava. Todas as tardes continuava chorando. Aí ele perguntou-lhe novamente: - Minha sogra, por causa de que demônio a senhora está se lamentando assim?\nEla disse: - 'M... 'm... 'm... Será porque você vai dar conta, que você está falando e agindo assim?\nE acrescentou: - 'M... 'm... 'm...! Talvez aqui, talvez aqui, talvez aqui...	
BUT.006	Parijura mata o monstro Butoriku	butoriku.txt	6	1.PARIJURA MATA O MONSTRO DESTRUIDOR DOS BORORO	Ukare tugiege pugeje.\nIcare uture piji tubarogu kae pugeje.\nDutabore icare ure boe tugu pudui. Dutabore icare ure ikarurure pudui.		Novamente ele não respondeu e foi embora para o seu lugar.\nEntão começou a se exercitar e se fazer sangrias.	
BUT.007	Parijura mata o monstro Butoriku	butoriku.txt	7	1.PARIJURA MATA O MONSTRO DESTRUIDOR DOS BORORO	Meri rekodu jameduji, barogwa kododu jameduji du tabo nowu boe emerure, boe eiamedu aregodu aregodukare.		Todas as tardes e todas as manhãs os Bororo iam caçar, e não todos voltavam.	
BUT.008	Parijura mata o monstro Butoriku	butoriku.txt	8	1.PARIJURA MATA O MONSTRO DESTRUIDOR DOS BORORO	Icare meri rekodure, uture bakujebiji. Kodure jii... du keje icare aregodure riwodo ae. Kodure ta... koda piji. Rekodo jii... ure tugera kogudo tu kajeje, nowu kodu inoduji. Icare uture apo. Kodure apo jii... nowu tujarugo ae.\nAkore Imarugo, imarugo! Akaiwodo! Ema kanao?\nNowu ucarugo aiwore, ure tugera to ji pó!. Akore 'M 'm 'm 'm! Ema. Ema. Ema. Mare ema karega, ema karega.		Um dia quando o sol já estava avançado, ele saiu da aldeia e foi andando bastante tempo, até que encontrou um nambu. Este voou na sua frente. Ele foi atrás e agarrou-o, assim, no vôo. Foi embora com ele e o levou à sua sogra, dizendo: - Minha sogra! Olhe! Será que não é este?\nA sogra observou, bateu a mão nele e disse: - 'M 'm 'm 'm! É! É! É! Mãs não é ele, não é ele.	
BUT.009	Parijura mata o monstro Butoriku	butoriku.txt	9	1.PARIJURA MATA O MONSTRO DESTRUIDOR DOS BORORO	Ukare togiegi pugeje. Nowu iparedu uture piji taci. Kodo jii toro tumugarogu kae. Mugure tu... A!... Ure boe tugu pudui pugeje. Ikarurure pudui pugeje jiii je.\nIcare meri rekodure, icare uture bakujebiji puguje. Kodure pugeje goro goro. Ure tuiemaedo tu... tuiemaedo tu... tugodui. Dukeje icare aregodure parikiogodo ae pugeje. Kodure koda piji... taci! Rekodo jii... pugeje. Rekodo jii… 'm!... ure tugera kogudo tu... kajeje pugeje, nowu kodu inoduji.		O rapaz não falou mais nada e foi embora para sua casa. Ali ficou e começou a se exercitar de novo e a se fazer sangrias.\nDe tarde, saiu da aldeia e foi andando e observando, até que encontrou uma perdiz. Esta voou na sua frente e ele correu atrás dela de novo; correu ‘m!... até que a agarrou também no vôo.	
BUT.010	Parijura mata o monstro Butoriku	butoriku.txt	10	1.PARIJURA MATA O MONSTRO DESTRUIDOR DOS BORORO	Kodo apo jii nowu tujarugo bogai pugeje. Aregodure tujarugo ae.\nAkore 'M... 'm... 'm... 'm!... Akore Ema, ema, ema, mare ema karega, ema karega, ema karega.		Levou-a para a sua sogra e chegando aonde ela estava, disse: - Minha sogra, Olhe, será que é esta?\nEla olhou, bateu a mão nela e disse: - 'M... 'm... 'm... 'm!... É! É! É! Mas não é ela! (3x)	
BUT.011	Parijura mata o monstro Butoriku	butoriku.txt	11	1.PARIJURA MATA O MONSTRO DESTRUIDOR DOS BORORO	Nowu iparedu uture pugeje. Kodo jii nowu tumugarogu kae. Ure boe tugu pudui pugeje. Ikarurure pudui pugeje jii je.		O rapaz foi embora de novo para sua casa. Novamente ele se exercitou e se fez sangria durante muito tempo.	
BUT.012	Parijura mata o monstro Butoriku	butoriku.txt	12	1.PARIJURA MATA O MONSTRO DESTRUIDOR DOS BORORO	Dukeje icare uture bakujebiji pugeje, meri rekodu tabo.\nKodure jii, du kejere icare piodudu aregodure otogajeje..\nIcare rekodure ji pugeje, rekodu ji 'm!... Ure tugera kogudo tuku kajeje pugeje, kodu inoduji.\nIcare uture apo pugeje, tujarugu bogai pugeje.\nKodure jii tujarugo ae. Biapagare tododai: oinore nowu ucarugo akore toragadu tabo! Kodo jii toro ae, akore Imarugo, imarugo! Akaiwodo! Emakanao?\nNowu ucarugore taiwodo. Ure tugera to ji pao! Akore 'M 'm 'm 'm!		Depois saiu novamente da aldeia, de tardinha.\nAndou bastante até que um beija-flor passo voando pela sua frente.\nCorreu atrás dele de novo. Perseguiu-o, até que logrou agarrá-lo também no vôo.\nLevou-o para a sogra de novo e, quando se dirigia ano rumo dela, escutou la na frente que ela estava chorando muito. Correu a ela e disse-lhe: - Minha sogra, olhe! Será que não é este?	
BUT.013	Parijura mata o monstro Butoriku	butoriku.txt	13	1.PARIJURA MATA O MONSTRO DESTRUIDOR DOS BORORO	Icare nowu ucarugo akore Aerudu rakado! (4x).\nAkore Akado tu... api kiga bogai, akodo tu... podoja bogai		Então a sogra disse: - Olhe bem! Olhe bem! Olhe bem! Olhe bem!\nProcure galhos secos de sucupira, procure cipó de espinho.	
BUT.014	Parijura mata o monstro Butoriku	butoriku.txt	14	1.PARIJURA MATA O MONSTRO DESTRUIDOR DOS BORORO	Icare nowu iparedu uture piji. Jeemarure nowu tujarugo ako oino jiboe bogai. Kodo jii je. Dukeje icare aregodure nowu Aroe Ewororo kae. Jepadure uwororo okwa kae taci. Aiwore tu je ma: oinore aroe era gigaduuure nowu uwororo oiaji, nowu uwororo okwaji!		O rapaz foi embora. Foi procurando o que sua sogra tinha falado. Andou bastante até que chegou a uma aldeia de almas. Apareceu de repente na beira da praça; ficou observando tinha muiyto osso de finados branquejando no meio da praça e ao redor da mesma.	
BUT.015	Parijura mata o monstro Butoriku	butoriku.txt	15	1.PARIJURA MATA O MONSTRO DESTRUIDOR DOS BORORO	Ure tuburedo tu... aiwore tu... Akore E! Oino kodirabo ra... imarugo ako oino toragudu tabo.\nUre tuiemaedu tu... Jurudure nowu aroe jari paruji. Aiwore kae tu...		Aproximou-se mais, observou ... e exclamou: - Ah!... Era disto que a sogra falava no seu choro!\nOlhou para todo lado e viu a entrada da guarida do monstro. Observou bem...	
BUT.016	Parijura mata o monstro Butoriku	butoriku.txt	16	1.PARIJURA MATA O MONSTRO DESTRUIDOR DOS BORORO	Icare uture piji. Kodo tuiemaru tabo jii... icare jorudure nowu apii kigaji. Kodo kuri kae. Aiwore ji tu. Ukare tugeragu ji. Uto piji. Kodo jii tuiemaru tabo. Icare jorudure cewu podojaji. Icare ure tugeragu ji. Kodo jii cewu Aroe Uwororo kae. Kodo tabo... Uwororo oia kae. Ure mugudo mugudo Uwororo oiadoda tuku!		Depois foi embora. Andou muito tempo procurando até que viu sucupira seca. Aproximou-se, observou e não pegou. E foi embora.\nContinuou andando até que viu o cipó de espinho. Pegou-o e levou-o para a Praça do Monstro e colocou-o no meio da praça. Colococo bastante no centro da praça.	
BUT.017	Parijura mata o monstro Butoriku	butoriku.txt	17	1.PARIJURA MATA O MONSTRO DESTRUIDOR DOS BORORO	Icare rekodure cewu api kiga bogai pugeje. Ure okwacedo woje nowu aroe jari jaogwai. Dukeje icare ure turokagado ji. Rekodure nowu tuibagi paci! Rekodure nowu podoja kae pugeje 'm...!\nUre turugadu. Ure nono mearudae reore.		Depois correu a procura das galhos de sucupira e colocou-os no rumo da caverna do monstro. Depois experimentou. Correu um pouco para trás e depois correu no rumo do monte de cipó de espinho.\nEstava certo, como ele tinha pensado.	
BUT.018	Parijura mata o monstro Butoriku	butoriku.txt	18	1.PARIJURA MATA O MONSTRO DESTRUIDOR DOS BORORO	Dukeje icare uture, uture bato. Kodo jii tuo Tadugo bogai, akore Ioga, ioga! Awogaire iroino awo tarago to itaragoce.Tarago (kiedu), arago (badojeba).\nNowu uo akokare: - U! Ino. Aiwonure nowu tonaregeduji tu je.\nA! Care nowu uore nowu arago pemegado. Icare ure iado. Icare ure mak ' ai.		Depois voltou para a aldeia. Foi ter com o seu pai e lhe disse: - Meu pai, Eu venho lhe pedir para me fazer uma borduna de aroeira.\nO pai não disse: -Sim! Mas ficou olhando o seu filho.\nDepois fez a borduna e quando a cabou, a entregou para ele.	Portuguese translation is numbered 19 in the source; aligned here with Bororo source number 18 by documentary continuity.
BUT.019	Parijura mata o monstro Butoriku	butoriku.txt	20	1.PARIJURA MATA O MONSTRO DESTRUIDOR DOS BORORO	Icare uture tabo. Kodo tabo... nowu aroe jari paru kae. Ure tuwure do tu... jari keje. Icare ure tuwure to jari paru tbr! tbr! tbr! Boe makodure (silêncio). Ure tuwure to jari paruji tbr! tbr! tbr! Boekare!\nIcare ure tuwure to jari paruji pugeje tbr tbr tbr! Dukeje icare aroe akogodure, akore Kii... ki ki ki ki ki...\nRekodunure tuiari paru kae.		Ele levou embora a borduna. Foi com ela até na entrada da caverna do monstro. Bateu com o pé na entrada da caverna tbr! tbr! tbr! Nenhum barulho. Bateu de novo e nada.\nQuando bateu a tercera vez, o monstro gritou: - Kii... ki ki ki ki iki!...\nEstava correndo para a saída da caverna.	
BUT.020	Parijura mata o monstro Butoriku	butoriku.txt	21	1.PARIJURA MATA O MONSTRO DESTRUIDOR DOS BORORO	Dukejere nowu iparedu rekodure. Aiwore tuiabagi: A!... kodure rekodaji!\nKodure... Cewu apii kiga kae. Ure tudugu kuda... taci! (passo por baixo).\nUre tuieto tuibagi paci: Ao padure nowu apii kiga kajeje rekodaji taci!		Aí o rapaz correu. Olhou para trás e viu que o monstro o estava seguindo.\nCorreu no rumo dos galhos ssecos de sucupira. Passou por baixo, depois olhou para trás e viu que o monstro tinha atravessando o monte de sucupira atrás dele.	
BUT.021	Parijura mata o monstro Butoriku	butoriku.txt	22	1.PARIJURA MATA O MONSTRO DESTRUIDOR DOS BORORO	Icare rekodure pugeje. Kodure... m!... nowu podoja kae pugeje. Ure tudugu nowu podoja iku kuda... taci! Ure tuieto tuiabagi... paci! Aiwore tu... Nowu aroe jore nowu podoja ikuto gogo gogo gogo. Ure tuiedo ae já. tuku! Cewu arago to ji ca! Ure bito.		Correu de novo no rumo do monte de cipó de espinho. Passou rápido por baixo dele e olhou para trás. Aí viu que o monstro estava enredaddo no cipó. Aproximou-se e bateu nele com a borduna até matá-lo.	
BUT.022	Parijura mata o monstro Butoriku	butoriku.txt	23	1.PARIJURA MATA O MONSTRO DESTRUIDOR DOS BORORO	Icare ure pado pemegado.\nIcare uture piji. Kodo piji jii bato. Kodo kuri cewu tuo kae. Akore Ioga, ioga! Ire aroe bito. Ire aroe Butoriku bito.		Depois arrumou-o e foi embora para a aldeia. Foi falar com o seu pai e lhe disse: - Meu pai! Eu matei o monstro. Eu matei o monstro Butoriku.	
BUT.023	Parijura mata o monstro Butoriku	butoriku.txt	24	1.PARIJURA MATA O MONSTRO DESTRUIDOR DOS BORORO	Biapagare: oinore nowu tujarugo akore toragadu tabo pugeje.\nKodure nowu tujarugo ae. Akore Imarugo, imarugo! Itaregodu!\nAkore Ire aroe bito. Ire aroe Butoriku bito.\nCa! Nono nowu ucarugo to kudu rakaguragado. Ure tugeragu nowu tuwageduji, ure mugudo tubogora keje. Ure tugera amudo apo (acariciou-o), akore 'M 'm 'm 'm!\nAkore Ru ru ru ruru ruru rururu, tui tugera amudo apo du tabo.		Aí escutou que sua sogra continuava se lamentando e chorando.\nEntão foi falar com ela: - Minha sogra, eu cheguei! Eu matei o monstro. Eu matei o monstro Butoriku.\nLogo a sogra deu fortes gritos, pegou o genro, colocou-o no colo, e acariciou-o dizendo: - 'M 'm 'm 'm!\nE acrescentou: - Ru ru ru ruru ruru rururu...!Enquanto o acariciava.	
BUT.024	Parijura mata o monstro Butoriku	butoriku.txt	25	1.PARIJURA MATA O MONSTRO DESTRUIDOR DOS BORORO	Icare nowu iparedu uture baito. Nowu uore Boe ewie marigudu.\nIcare ure turemo baito. Icare ure Boe ewie pugeje.\nUre Boe eimejerage ewie. Akore Ire aroe bito, du kodire iroino tawogai.\nBoe Egore Iiii... tuiamedu tabo.		Depois op rapaz foi embora para o “baito”. O pai dele já tinha passado a notícia para os Bororo.\nEntrando no “baito”, o rapaz contou de novo para os Bororo. Avisou os chefes dizendo: - Eu matei o monstro, por isso que vim avisar vocês.\nOs Bororos todos exclamaram: - Iiii...!	
BUT.025	Parijura mata o monstro Butoriku	butoriku.txt	26	1.PARIJURA MATA O MONSTRO DESTRUIDOR DOS BORORO	Icare Boe eture bogai: nowu Butoriku bogai. Boe etaregodure ae.\nAkore Emareo!\nIcare Boe eerudure ji. Boe etoragodure pugeje. Boe egore iiii... Tuiedui keje.		Aí os Bororo foram busca-lo. Foram buscar o Butoriku. Chegando aonde elee estava, o rapaz disse: - Ei-lo aqui!\nAo vê-lo, os Bororo choraram de novo: -Iiii...! Junto a ele.	
BUT.026	Parijura mata o monstro Butoriku	butoriku.txt	27	1.PARIJURA MATA O MONSTRO DESTRUIDOR DOS BORORO	Dutabore icare Boere perigara maku badojeba ai. Bukigu bekurureu kogure nowu perigara ra tabo.\nBukigu bekurure nowu perigara ra rema. Ikunure dure padure boe eporu keje. Dure Boe ekuie rema.		Então os Bororo entregaram a faca para o chefe. No cabo da faca estava enrolada uma corda passada na resina. Essa corda era o cabo da faca.\nTinha também uma corda enfiada na base do cabo que servia para pendurar a faca nas costas. Desse jeito, a faca era um colar dos Bororo.	
BUT.027	Parijura mata o monstro Butoriku	butoriku.txt	28	1.PARIJURA MATA O MONSTRO DESTRUIDOR DOS BORORO	Icare nowu badojebare nowu Butoriku kado. Ure kado biegado oino tai tai tai je. Boe eiameeedu boe morice. Boe eiamedu boere mori rema, ure boe eiamedu boe ekowuje kodi. Okwagenure boei.		Aí o chefe cortou o corpo do Butoriku. Cortou-o em muitos pedaços de maneira que desse para pagamento de tooodos os Bororo. Ele era “mori” de todos os Bororo porque ele tinha comido toda classe de Bororo. Só comia Bororo.	
BUT.028	Parijura mata o monstro Butoriku	butoriku.txt	29	1.PARIJURA MATA O MONSTRO DESTRUIDOR DOS BORORO	Ie remawure, ie boetojiwure, ie metuiare AIARE, AIARE, oinore Butoriku iere boetoji. Nowu bitodure tabore (quando morreu) iere Aroe Butoriku. Nowu aroe bitowu iparedu iere Pari Jura (Kiedu). Nowu oragudu kigodureu aredu iere Bairugorodo. Oinore nowu iparedu ocarugo iere (Kieredo).		O verdaeiro nome dele, o outro nome, o primeiro nome era “Aiare”. Era assim que Butoriku se chamava antes. Depois que foi morto chama-se: O Monstro Butoriku. O rapasz que matopu esse monstro chamava-se Pari Jura (dio clã das Antas). A mulher que sempre chporava chamava-se Bairugorodo. Era assim que se chamava a sogra de do rapaz (Ela era do clã das Antas).	
BUT.029	Parijura mata o monstro Butoriku	butoriku.txt	30	1.PARIJURA MATA O MONSTRO DESTRUIDOR DOS BORORO	Icare Boe eture apo. Boe ekudugodure apo. Boe Egore Ka... Oi1! oi! oi! oi! Wo... wo... wo wo wo! Oinore boe egore apo bato.\nIcare boe etaregodure apo Bororo kae. Icare boere bureagurudo\nKae kae kae! Emareo! Emareo! Emareo! Amori aroe Butoriku reo.\nCa! Boe egore pugeje, Egore iiii... toragudu tabo.\nIcare Boere batarudo. Boe egore ho o, ho o, Boe egore bataru ji .		Depois foram embora com ele para a aldeia gritando: - Ka!... Oi! Oi! Oi! Oi! Wo... wo... wo wo wo! Assim que os Bororo gritavam com ele dirigindo-se para a aldeia.\nQuando chegaram na praça com ele, dançaram ao redor dizendo: - Kae kae kae! Ei-lo aqui! Ei-lo aqui! Ei-lo aqui! Eis aqui o seu “mori” o monstro Butoriku.\nE continuaram chorando: - Iiii...\nDepois fizeram a aclamação com ele dizendo: - Ho’o.... Ho ‘o ... Fazendo a aclamação.	
