id	book	book_code	chapter	verse	source	reviewed	editorial_note
BOR-CORBO-BM-ACT-001-HEAD-001	ATOS DOS APÓSTLOS	ACT	1		Boe paru.		Cabeçalho/subtítulo editorial da fonte.
BOR-CORBO-BM-ACT-001-001	ATOS DOS APÓSTLOS	ACT	1	1	Imeduia Teófilo, nowu boetojiwu ino bapera keje, ire Jesus rore jiboe jamedu boe, ure boe eerduwado jiboe jamedu boe, bu, 2jii paru piji jii ruture baruto du kae, tui to apostolodoge eerduwado Aroe Pemegareu koia du keje.		
BOR-CORBO-BM-ACT-001-003	ATOS DOS APÓSTLOS	ACT	1	3	"Ica, ure tuiwodo du rekodaji icare ure towadudo tuie tabo to apostolodoge eegai, tui eerduwadodu makaguragado du tabo. Merire ikera pudogidure iwure pudogidure ikera pudogidure iwure pudogidure du tonajire ure towadudo eegai, tumagoi Pao baru tadawu o boe pemegareuji ewiegai du tabo.
Jesus rutui baru todu."		
BOR-CORBO-BM-ACT-001-004	ATOS DOS APÓSTLOS	ACT	1	4	Nowu boigoduwu togwagei ebodu keje, makore ei ekawo tuiaedo Jerusalém piji, mare epagawo nono jii Tuo makore jiboe ui tudowuje du kae, - du jire tameardure iiabiji. Oinore akore. -		
BOR-CORBO-BM-ACT-001-005	ATOS DOS APÓSTLOS	ACT	1	5	Paga karega, João ure boe etaimo pobo tabo, tagirema, tagao pegododumode Aroe Pemegareu tabo oino maigodu.		
BOR-CORBO-BM-ACT-001-006	ATOS DOS APÓSTLOS	ACT	1	6	Emagerema, tui tudo pui du tabore, enorare ji, egore: - Cegimejera, oino maigodu kana amode Israeldoge eeda pemegado pugeje?  Akore ei: -		
BOR-CORBO-BM-ACT-001-007	ATOS DOS APÓSTLOS	ACT	1	7	Piji, ukare turugadu taerduwawo Pao ure biado pudabo boeji.		
BOR-CORBO-BM-ACT-001-008	ATOS DOS APÓSTLOS	ACT	1	8	Mare ica, Aroe Pemegareu umode turawuje tawugeje, umode tabewudo, du koiare tamagomode iiboeji Jerusalém tada, Samaria o moto jamedu keje, jii moto okwa kae toro.		
BOR-CORBO-BM-ACT-001-009	ATOS DOS APÓSTLOS	ACT	1	9	Akoinodu tonajire icare ruture baruto eegai, icare okware pi tuku eeku piji boetugu tada.		
BOR-CORBO-BM-ACT-001-010	ATOS DOS APÓSTLOS	ACT	1	10	Etaiwore ji du tonajire icare ime ei pobedu, ekudae kigadure eidu, ere towadudo eegai, egore ei:  -		
BOR-CORBO-BM-ACT-001-011	ATOS DOS APÓSTLOS	ACT	1	11	"Galiléia pijiwu ime, kodiba tagaiwore baruto tu oino tamugui? Ica, awu Jesus arudure tabiji barutowu, umode turawuje tuibagi pugeje, umagai taerdure rutui barutodu jitu du reore pugeje.
Apostolodoge."		
BOR-CORBO-BM-ACT-001-012	ATOS DOS APÓSTLOS	ACT	1	12	Du kejere icare ere tugirimi Jerusalemto, cewu mugu puredure tu Jerusalemji boe aoporu iei Oliveira cedu piji, jae karega, ure nono Sábado jiwu awara tu je.		
BOR-CORBO-BM-ACT-001-013	ATOS DOS APÓSTLOS	ACT	1	13	Ere turemo cewu togwagere Jesus apo tadawu baito, erudure toro bai cobojewuto, cewu emugu emugure tadawuto. Emagereo: Pedro, João, Tiago, André, Filipe, Tomé, Bartolomeu, Mateus, Tiago (cewu Alfeu onaregedu), Simão (cewu Zelota), mare Judas (nowu Tiago onaregedu).		
BOR-CORBO-BM-ACT-001-014	ATOS DOS APÓSTLOS	ACT	1	14	"Emugure tuiamedu tabo tumagoi baruto du tabo; ia areme emugure ebo jamedu, duwuge etoiado Jesus uce Maria rema; Jesus uwiemage emugure ebo jamedu.
Ere Matias tawuje muguwo Judas mugato."		
BOR-CORBO-BM-ACT-001-015	ATOS DOS APÓSTLOS	ACT	1	15	Icá emugui nono du keje, ia meri keje, Pedrore turagojedo tuwiemage etada, ere nono 120, icare akore ei: -		
BOR-CORBO-BM-ACT-001-016	ATOS DOS APÓSTLOS	ACT	1	16	Iwiemage, umode turugadu uwo nono Aroe Pemegareure Davi makodo cewu uture ure tugeragu Jesus jiwuge etododaiwu iei Judas cedu jiboere.		
BOR-CORBO-BM-ACT-001-017	ATOS DOS APÓSTLOS	ACT	1	17	Emare remagudure apostolodoge cedoda, maragodure cedabo jamedu.		
BOR-CORBO-BM-ACT-001-018	ATOS DOS APÓSTLOS	ACT	1	18	Awu imedu ure moto aru turo pegareu mori tabo. Du kejere icare buture togea tabo, icare ure tuwo toiagi, icare peguru kubiri jamedure tuwowuje jamedu.		
BOR-CORBO-BM-ACT-001-019	ATOS DOS APÓSTLOS	ACT	1	19	Awu inodu akaru ure taodo Jerusalém kejewuge ewiegai, du koiare cewu moto iere Acéldama, oino ewadaru tabo, du jire boe egore Boe Eku Pa, oino ji.		
BOR-CORBO-BM-ACT-001-020	ATOS DOS APÓSTLOS	ACT	1	20	Paga karega, judeudoge ekeroia epa bapera kejere atugododure oino: “Uwai bioromode, boe emugumodukare tada”. Ia pugeje atugododure oino pugeje: “Ia tuginoiwu muguwo mugato” (Sl 68,26; 108,5).		
BOR-CORBO-BM-ACT-001-021	ATOS DOS APÓSTLOS	ACT	1	21	Du kodi icare umode turugadu, mugure pagabo Pagimejera Jesus Cristo rakojei padodadu tonaji jii João o boe etao pegododu piji jii arudui pabiji jiwu meri kaewu ime, 22ia etada mitotu jewu readoduwo cedabo Jesus jewodui tuwi piji duji.		
BOR-CORBO-BM-ACT-001-023	ATOS DOS APÓSTLOS	ACT	1	23	Icare ere etawuje pobe, duwugere José iei Barsabá cedu, iei Jetororeu cedu, mare Matias remage.		
BOR-CORBO-BM-ACT-001-024	ATOS DOS APÓSTLOS	ACT	1	24	Icare emagore Paoji eparu tabo, egore: - Pao Aroe Eimejera, akire aerduware boe ewabo jameduji, kode, ceerduwado awuge ei pobedu kakoduwu bogaiba amagore, 25muguwo Judas mugato awu cemaragodae keje, paga karega, cewure ure tuwarigu tuduwo ia tuieda kae.		
BOR-CORBO-BM-ACT-001-026	ATOS DOS APÓSTLOS	ACT	1	26	Icare ere tuiwa aidugirireboe barigu, du koiare ere tugeragu Matiasji duwure icare metagere apostolodogece.		
BOR-CORBO-BM-ACT-002-HEAD-001	ATOS DOS APÓSTLOS	ACT	2		Aroe Pemegareu aregodu.		Cabeçalho/subtítulo editorial da fonte.
BOR-CORBO-BM-ACT-002-001	ATOS DOS APÓSTLOS	ACT	2	1	Judeudoge ia eno peta iei Pentecoste cedu o meriji, nowu Jesusre jorduwadowuge emugure tuiamedu tabo nowu bai mitodu tada.		
BOR-CORBO-BM-ACT-002-002	ATOS DOS APÓSTLOS	ACT	2	2	Du kejere icare ia biaruru aregodure pi tuku, umagai ia bakuru rakareu aregodu reore, duwure nowu emugure tadawu bai korobadudo tu.		
BOR-CORBO-BM-ACT-002-003	ATOS DOS APÓSTLOS	ACT	2	3	Du keje icare ia ure nono boe ekeru reoreboe jorugu ure tumaedo eiogi tu tu ewugeje.		
BOR-CORBO-BM-ACT-002-004	ATOS DOS APÓSTLOS	ACT	2	4	Icare Aroe Pemegareu ure turemo eto, ure ewabo, etaora korawu pudabo. Du kodi icare emagore ia boe tuginoiwuge ewadaruji, emagore nono Aroe Pemegareui emago emago du reore.		
BOR-CORBO-BM-ACT-002-005	ATOS DOS APÓSTLOS	ACT	2	5	Nowu du kodi, aidure tumagowo Pao jiwu ia judeudoge makareuge, duwugere etaregodure ia moto tuginoiwuge eiamedu boe piji, eedure Jerusalém bakurireu tada.		
BOR-CORBO-BM-ACT-002-006	ATOS DOS APÓSTLOS	ACT	2	6	Icare tumeardui nowu biaruru jitu kejere icare, ia boe makareuge ere tudo pui nono, eebogodure ei, paga karega, eiamedu biapagare emagoi tuwadaru tabo duji.		
BOR-CORBO-BM-ACT-002-007	ATOS DOS APÓSTLOS	ACT	2	7	Ere tumeardu awadudo pudui, eeku kidugodure, egore: - Galiléia kejewuge karega egoino?		
BOR-CORBO-BM-ACT-002-008	ATOS DOS APÓSTLOS	ACT	2	8	Kode, kodiba paiamedu tabore pameardure egoi pawadaru tabo duji?		
BOR-CORBO-BM-ACT-002-009	ATOS DOS APÓSTLOS	ACT	2	9	Parto pijiwuge, Média pijiwuge, Elam pijiwuge, Mesopotâmia pijiwuge, Capadócia, Ponto, Asia pijiwuge,		
BOR-CORBO-BM-ACT-002-010	ATOS DOS APÓSTLOS	ACT	2	10	Frígia pijiwuge, Egito pijiwuge, Líbia mugui puredu tu Cireneji o moto pijiwuge, Roma pijiwu awarareuge,		
BOR-CORBO-BM-ACT-002-011	ATOS DOS APÓSTLOS	ACT	2	11	Judeudoge, judeudoge ere jorduwadowuge, Creta pijiwuge, Arábia pijiwuge, paiamedu tabore pameardure ereadodui pawadaru tabo Pao o boe pemegareu kurireu jituji.		
BOR-CORBO-BM-ACT-002-012	ATOS DOS APÓSTLOS	ACT	2	12	Du kodi icare eiamedu matadure, eerduwakare inoba tumeardaemode duji, enora enorare pui: - Kabobao?		
BOR-CORBO-BM-ACT-002-013	ATOS DOS APÓSTLOS	ACT	2	13	"Iagerema egore:- Eiamedu etaora bai baire parera kuru kori koia. Ino tumago pegai ei du tabo.
Pedro uwadodae."		
BOR-CORBO-BM-ACT-002-014	ATOS DOS APÓSTLOS	ACT	2	14	Du keje icare Pedrore turagojedo tumedage ebo, icare makore tumago raka tabo, akore: - Judéia kejewu ime, Jerusalém tadawu taiamedu boe, tawiapagado iwadaruji, taerduwado.		
BOR-CORBO-BM-ACT-002-015	ATOS DOS APÓSTLOS	ACT	2	15	Tameardaere awuge etaora bai baie, mare etaora bai bai karega ure. Tagado, meri rekare boe kao roga.		
BOR-CORBO-BM-ACT-002-016	ATOS DOS APÓSTLOS	ACT	2	16	Mare profeta Joel makore jiboere tudowuje oino.		
BOR-CORBO-BM-ACT-002-017	ATOS DOS APÓSTLOS	ACT	2	17	Pao koiare ure nowu profeta akodo oino: “Ica, meri boiwu kejere imode Itaroe Pemegareu maedo boe eiamedu joki. Tagore ime, tagore areme emagomode iwadaruji. Tagore ipare eerdumode Aroei, taopegamage enuiaomode jamedu.		
BOR-CORBO-BM-ACT-002-018	ATOS DOS APÓSTLOS	ACT	2	18	Nowu meriji imode Itaroe Pemegareu maedo itugare ime eiogi, du kodi icare emagomode iwadaruji.		
BOR-CORBO-BM-ACT-002-019	ATOS DOS APÓSTLOS	ACT	2	19	Imode iro rakareu udo tuguo coboje baru tada, imode iro rakareu udo tuguo cebegi moto keje. Boe eku umode tumaedo, joru umode tumaedo, jeredudu umode tumaedo.		
BOR-CORBO-BM-ACT-002-020	ATOS DOS APÓSTLOS	ACT	2	20	Meri joku okwamode, ari umode nono boe eku reore, cewu Pao o meri kuricigoreu aregodumodedu otodai.		
BOR-CORBO-BM-ACT-002-021	ATOS DOS APÓSTLOS	ACT	2	21	Du keje icare makomode Pao bogaiwu jamedu boe umode cinorudo, umode tubemegado.“ (Jl 3,15) -		
BOR-CORBO-BM-ACT-002-022	ATOS DOS APÓSTLOS	ACT	2	22	Tawiapagado mato iwadaruji, Israeldoge: Nowu Jesus Nazaré kejewu, Pao jore keje taegai turo rakareu tabo, tui udo turo rakareu towuje tagoiadoda du tabo. Tagire taerduware roino duji.		
BOR-CORBO-BM-ACT-002-023	ATOS DOS APÓSTLOS	ACT	2	23	Emare makududodure uwo nono Pao aidure, jorduware. Du kejere tare bito, tare ia moto tuginoiwu pijiwu ime edo bu i padui pugajejedu keje.		
BOR-CORBO-BM-ACT-002-024	ATOS DOS APÓSTLOS	ACT	2	24	Mare Paore jewodudo, ure boe ekera kogure tabowu boe ewi kado, paga karega, boe ewi jetumodukare jii pudabo kodi.		
BOR-CORBO-BM-ACT-002-025	ATOS DOS APÓSTLOS	ACT	2	25	Ica, profeta Davi makore jiboe reo: “Iordure Aroe Eimejeraji jii je itododai, paga karega, rakojere ikana pemegareu jaogwai, imegikawo jice woje, jice woje.		
BOR-CORBO-BM-ACT-002-026	ATOS DOS APÓSTLOS	ACT	2	26	Du koiare iwabo jekarere, ikerure tojarodo pudui, ikodu umode tamudo, tubaga tabo boe pemegareu bogai du tabo.		
BOR-CORBO-BM-ACT-002-027	ATOS DOS APÓSTLOS	ACT	2	27	Paga karega, amodukare akera ra ipiji bireuge eeda keje, amodukare akonaregedu kodu kodu pegado.		
BOR-CORBO-BM-ACT-002-028	ATOS DOS APÓSTLOS	ACT	2	28	Are jereboe kaewu awara iorduwado ji, amode iegaredo du kuricigodo, imugui aegai du tabo” (Sl 15,8-11).		
BOR-CORBO-BM-ACT-002-029	ATOS DOS APÓSTLOS	ACT	2	29	Iwiemage, imode awadudo tawiegai: Paedoga Davi bire, tugudure mototo, jaore mugure padoda jii awu meri kae.		
BOR-CORBO-BM-ACT-002-030	ATOS DOS APÓSTLOS	ACT	2	30	Mare profeta nure ema, du kodire jorduware Pao akoe pudui ia tuwagedu mugumode tumuga keje duji.		
BOR-CORBO-BM-ACT-002-031	ATOS DOS APÓSTLOS	ACT	2	31	Tuiorduwai oinoie boemode du kodire Cristo jewodumode duji, akore: Pijidodukare bireuge eeda keje, kodu pegadodukare.		
BOR-CORBO-BM-ACT-002-032	ATOS DOS APÓSTLOS	ACT	2	32	Paore awu Jesus jewodudo, awu inodu jire ceerduware, cereadodure.		
BOR-CORBO-BM-ACT-002-033	ATOS DOS APÓSTLOS	ACT	2	33	Paore akaru kurido turo rakareu tabo, ure Aroe Pemegareu makai, du ure udo tumaedo boe eiogi. Oinodu jire taerdure, tameardure oino.		
BOR-CORBO-BM-ACT-002-034	ATOS DOS APÓSTLOS	ACT	2	34	Paga karega, Davi mitodu rutukare baruto, mare du inodu tabore akore: “Pagimejera akore Pagimejeraji: Amugudo ikana pemegareu jaogwai,		
BOR-CORBO-BM-ACT-002-035	ATOS DOS APÓSTLOS	ACT	2	35	Jii imode onare aiwuge ewu awure kuda du kae” (Sl 19,1).		
BOR-CORBO-BM-ACT-002-036	ATOS DOS APÓSTLOS	ACT	2	36	"Du kodi icare Israeldoge taiamedu, taerduwa remawudo, awu Jesus tare bu i padui pugajejedu kejewu ema, jire Paore boe eimejerado, ure Cristodo ema duji.
Meartorure boetojiwuge."		
BOR-CORBO-BM-ACT-002-037	ATOS DOS APÓSTLOS	ACT	2	37	Tumeardui oinodu jitu keje, ekiarigodure tuwabo tada, enoragodure Pedroji mare ia apostolodogei, egore: - Cemanamage, kode, inoba ceromode?		
BOR-CORBO-BM-ACT-002-038	ATOS DOS APÓSTLOS	ACT	2	38	Icare Pedro akore ei: - Tameartorudo, tae jodo taro pegareu piji, tai mito tu tu jedu tagao pegodo Jesus Cristo ie tabo ma, taro pegareu okwawo, du kejere Aroe Pemegareu makudumode tagai.		
BOR-CORBO-BM-ACT-002-039	ATOS DOS APÓSTLOS	ACT	2	39	Paga karega, Pao akore tumoduie maku boe etaiboe pemegareu makudumode tagai, tagore etai, meardure Pao makore jiboe jiwuge etai jamedu.		
BOR-CORBO-BM-ACT-002-040	ATOS DOS APÓSTLOS	ACT	2	40	Pedro mako kuricigore iaboeji kimo, okituwai ei oino du tabo: - Taginorudo awu boe pegareuge epiji.		
BOR-CORBO-BM-ACT-002-041	ATOS DOS APÓSTLOS	ACT	2	41	"Icare meartorure bataru jiwuge etao pegododure. Du kodi icare, meartorureuge ere 3.000 bega bega tu je nowu meriji.
Meartorure boetojiwuge ero pemegareu."		
BOR-CORBO-BM-ACT-002-042	ATOS DOS APÓSTLOS	ACT	2	42	Ere tumeartorudo apostolodoge ere boe eerduwado jiboeji, tumeardu kurii pui du tabo, togwagei baru tadawu boe eke pemegareu jitu tabo, tumagoi Pao jitu tabo.		
BOR-CORBO-BM-ACT-002-043	ATOS DOS APÓSTLOS	ACT	2	43	Epagudu kuricigore, mare paga karega, apostolodoge ere turo kurireu awadudo nowu Jerusalém tada, du koiare eiamedu boe epagudu rakaguragare.		
BOR-CORBO-BM-ACT-002-044	ATOS DOS APÓSTLOS	ACT	2	44	Meartorureuge eiamedu boe eiore puwugeje, enoroere toroece puapo.		
BOR-CORBO-BM-ACT-002-045	ATOS DOS APÓSTLOS	ACT	2	45	Ere to moto, toroe jamedu, ere maku, ere pedu puiamedu ai tu tu je.		
BOR-CORBO-BM-ACT-002-046	ATOS DOS APÓSTLOS	ACT	2	46	Emeardu kurire pui, etu eture Pao uwaito meri jameduji. Ere amireu kado oiado tuwai tada, enogwagere ji tuiegare tabo, tuwabo jetororeu tabo.		
BOR-CORBO-BM-ACT-002-047	ATOS DOS APÓSTLOS	ACT	2	47	Ere Pao ocaro ocarodo. Ere boe eiamedu aidu aidudo pudui. Paore iage eto eto pui etae, duwugere etaidure tuwo tubemegado.		
BOR-CORBO-BM-ACT-003-HEAD-001	ATOS DOS APÓSTLOS	ACT	3		Ia imedu pogora pegareu pemegagodure.		Cabeçalho/subtítulo editorial da fonte.
BOR-CORBO-BM-ACT-003-001	ATOS DOS APÓSTLOS	ACT	3	1	Pedro mare João erudu nure Pao uwai kae togwamaguduwo ji meri jogodu tabo.		
BOR-CORBO-BM-ACT-003-002	ATOS DOS APÓSTLOS	ACT	3	2	Du tabore icare boere ia pogora pegare jii tuwodu tabowu imedu reko mato, dure ere mugu mugudo Pao uwaiporo iere motureu cedu paru, meri jameduji.		
BOR-CORBO-BM-ACT-003-003	ATOS DOS APÓSTLOS	ACT	3	3	Icare nowu imedu, tuiordui Pedroji, Joãoji, ei turemo Pao uwaito du keje, makore ei eno mea bogai.		
BOR-CORBO-BM-ACT-003-004	ATOS DOS APÓSTLOS	ACT	3	4	Icare Pedrore tuioku kidudo ji, João jamedu ure tuioku kidudo ji, icare Pedro akore ji: - Akaiwodo cei.		
BOR-CORBO-BM-ACT-003-005	ATOS DOS APÓSTLOS	ACT	3	5	Aiwore ei tu je, tubaga tabo ia eno mea bogai.		
BOR-CORBO-BM-ACT-003-006	ATOS DOS APÓSTLOS	ACT	3	6	Boekarema, Padro akore ji: - Ino meriri bokwa, mare imode mugure itaboboe maku akai. Nazaré pijiwu Jesus Cristo ie tabo, aragojedo, amerudo!		
BOR-CORBO-BM-ACT-003-007	ATOS DOS APÓSTLOS	ACT	3	7	Icare ure tugera kogudo iera kajeje, du tabore ure rakojedo. Du keje kuri je, bure, bureraparure turagoje rakado, ure taredo coboje, icare merure.		
BOR-CORBO-BM-ACT-003-008	ATOS DOS APÓSTLOS	ACT	3	8	Ure turemo Pao uwaito, tumerui, turerui, tui Pao ocarodo du tabo.		
BOR-CORBO-BM-ACT-003-009	ATOS DOS APÓSTLOS	ACT	3	9	Eiamedu boe jordure meruji, jordure ui Pao ocarodo duji.		
BOR-CORBO-BM-ACT-003-010	ATOS DOS APÓSTLOS	ACT	3	10	Eerduware nowu mugu mugure Pao uwai poro motureu paru tumagoi boe eno mea bogaiwu mitodu raboduie ure duji. Du kodi icare epagudu kuricigore nowu ure tudowuje jiboe kodi.		
BOR-CORBO-BM-ACT-003-011	ATOS DOS APÓSTLOS	ACT	3	11	Nowu imedu mugu puredure Pedro, João magei, du kodire jordu paga pagawu ia boe makareuge ere tudo pui etae, nowu baiporo kurireu iei Salomão cedu kae.		
BOR-CORBO-BM-ACT-003-012	ATOS DOS APÓSTLOS	ACT	3	12	Du kodi icare Pedro makore boei, akore: - Israeldoge ime, kodiba taebogodure oino? Kodiba taeku kidu barikare cei, uwo nono ceigoiaie cere awu imedu merudo du kodiwore?		
BOR-CORBO-BM-ACT-003-013	ATOS DOS APÓSTLOS	ACT	3	13	Abraão o Aroe Eimejera, Isaac o Aroe Eimejera, Jacó o Aroe Eimejera, paedogamage eno Aroe Eimejera ure tonaregedu Jesus kurido, dure tare maku, dure tare pijido brae eimejera Pilato jekai, aidure tuwo inorudo, kodi karega.		
BOR-CORBO-BM-ACT-003-014	ATOS DOS APÓSTLOS	ACT	3	14	Tagirema, tare imedu pemegareu pijido, tamagoi ia imeceba remawu imedu bogai du tabo.		
BOR-CORBO-BM-ACT-003-015	ATOS DOS APÓSTLOS	ACT	3	15	Tare ure boe eiamedu boe botudowu bito, du Paore jewodudo bireuge epiji pugeje, awu inodu jire ceerduware, jire cereadodure.		
BOR-CORBO-BM-ACT-003-016	ATOS DOS APÓSTLOS	ACT	3	16	Cemeartorure ie jitu du koiare, ie mitodu koiare ure awu taerdure jiwu, taerduware jiwu imedudo turagojedo. Meartorure Jesus jitu du koiare ure tubemega remawudo taiamedu jekai.		
BOR-CORBO-BM-ACT-003-017	ATOS DOS APÓSTLOS	ACT	3	17	Oinore icare, imanamage, iwiemage, iorduware, taerduwakare du koiaie tarore oino, tagimejeragere oinono jamedu.		
BOR-CORBO-BM-ACT-003-018	ATOS DOS APÓSTLOS	ACT	3	18	Mare oinodu tabore Paore, makore profetadoge eiabiji turomode jiboe towuje: Tonaregedu Cristo umoduie tuiwodo.		
BOR-CORBO-BM-ACT-003-019	ATOS DOS APÓSTLOS	ACT	3	19	Du kodi icare tagiarigo taro pegareuji, tameardae pemegado ma, taro pegarewu okwawo.		
BOR-CORBO-BM-ACT-003-020	ATOS DOS APÓSTLOS	ACT	3	20	Du inodu tabore boe pemegareu, boe butugureu umode tuburedo tai, Pao koia, icare umode makudumode tagaiwu Jesus Cristo rojai tagae.		
BOR-CORBO-BM-ACT-003-021	ATOS DOS APÓSTLOS	ACT	3	21	Mare umode turugadu muguwo baru tada jii, moto, baru jamedu boe umode tubemegado du kae, uwo nono Pao makore profetadoge eiabiji, awu moto paru piji.		
BOR-CORBO-BM-ACT-003-022	ATOS DOS APÓSTLOS	ACT	3	22	Boekare, Moisés makore marigudu, akore: “Pao Aroe Eimejera umode ia profeta ure nono ireoreu kuo tamanamage etoiabiji, dure tameardumode bataru jameduji.		
BOR-CORBO-BM-ACT-003-023	ATOS DOS APÓSTLOS	ACT	3	23	Biapagamodukare awu profeta bataru jiuge eiamedu boe ewogwamode pi tuku boe epiji” (Deut 18,1519).		
BOR-CORBO-BM-ACT-003-024	ATOS DOS APÓSTLOS	ACT	3	24	Profetadoge eiamedu boe ereadodure nowu inoduji jii Samuel piji jii awu meri kae.		
BOR-CORBO-BM-ACT-003-025	ATOS DOS APÓSTLOS	ACT	3	25	Profetadoge etorere tagi. Paore tuwadaru maku taomage etai, tagai jamedu, cewu makore Abraão jitu: Awagedu koiare umode awu moto kejewu boe eiamedu boe eiwa aidugirido ma, taiameduwo taiaedo taro pegareu piji.		
BOR-CORBO-BM-ACT-003-026	ATOS DOS APÓSTLOS	ACT	3	26	Paore, tui Tonaregedu jewodudo du keje, ure arego tagae boetoji, uwo taiwo aidugirido ma, taiamedu boewo taiaedo taro pegareu piji.		
BOR-CORBO-BM-ACT-004-HEAD-001	ATOS DOS APÓSTLOS	ACT	4		Boere Pedro, João mage etugu baicoreuto.		Cabeçalho/subtítulo editorial da fonte.
BOR-CORBO-BM-ACT-004-001	ATOS DOS APÓSTLOS	ACT	4	1	Apostolodoge emagoi boei du tonajire icare, sacerdotedoge mare saduceudoge, mare Pao uwai tadawuge eimejera etaregodure.		
BOR-CORBO-BM-ACT-004-002	ATOS DOS APÓSTLOS	ACT	4	2	Ekorigodure ei, enure boe eerduwado kodi, emagore boe eewodumode Jesus ie tabodu jitu kodi.		
BOR-CORBO-BM-ACT-004-003	ATOS DOS APÓSTLOS	ACT	4	3	Icare ere tugeragu ei, ere tugu baicoreuto jii barogwa kododu kae, boeco puredugodu nure kodi.		
BOR-CORBO-BM-ACT-004-004	ATOS DOS APÓSTLOS	ACT	4	4	Mare meardure ewadaru jiwu ia makareuge emeartorure ei, du kodi icare meartorureuge ere 5.000 bega bega tu je.		
BOR-CORBO-BM-ACT-004-005	ATOS DOS APÓSTLOS	ACT	4	5	Barogwatore icare, nowu boe eimejerage, nowu codudoge, nowu bapera epage, ere tudo pui nowu Jerusalém bakurireu tada.		
BOR-CORBO-BM-ACT-004-006	ATOS DOS APÓSTLOS	ACT	4	6	Ere tudo pui nowu sacerdotedoge eimejera iei Anás cedu apo, Caifás, João, Alexandre mare sacerdotedoge eiamedu apo.		
BOR-CORBO-BM-ACT-004-007	ATOS DOS APÓSTLOS	ACT	4	7	Ere apostolodoge eragojedo toiadoda, enoragodure ei, agore: - Ioguduba ie taboba torore oinono?		
BOR-CORBO-BM-ACT-004-008	ATOS DOS APÓSTLOS	ACT	4	8	Icare Pedro, Aroe Pemegareu metui tudada du tabore akore: - Boe eimejerage, paopegamage, tawiapagado mato iwadaruji:		
BOR-CORBO-BM-ACT-004-009	ATOS DOS APÓSTLOS	ACT	4	9	Awuji tanora nure cei awu kogodureu bogai, ioguduba ie taboba pemegagodure du bogai.		
BOR-CORBO-BM-ACT-004-010	ATOS DOS APÓSTLOS	ACT	4	10	Icá, taiamedu boe, mare Israeldoge eiamedu, taerduwado: Jesus Cristo Nazaré pijiwu, cewu tare bu i padui pugajejedu kejewu, mare Paore jewodudo bireuge epijiwu, ie mitodu tabore awu imedu pemegagodure, rakojere taegai.		
BOR-CORBO-BM-ACT-004-011	ATOS DOS APÓSTLOS	ACT	4	11	Tagire tare awu Jesus pijido ui nono ia ipo paga pagawu, mare ure turagojedo ure nono bai ipo remawu.		
BOR-CORBO-BM-ACT-004-012	ATOS DOS APÓSTLOS	ACT	4	12	Iaboe iaboe koia karega boe emode tuginorudo, boe emode tubemegado, paga karega, awu baru kuda iaboe iaboe ekie makudukare ime etai du koiawo pabemegagodure, mare ie mitodu tabore umode pabemegado.		
BOR-CORBO-BM-ACT-004-013	ATOS DOS APÓSTLOS	ACT	4	13	Tuiordui Pedro, João mage ekidagoduji du koiare icare eebogodure, paga karega, eerduware jorduwakare bapera jiwugeie emageduji. Eerduware Jesus metageie emageduji.		
BOR-CORBO-BM-ACT-004-014	ATOS DOS APÓSTLOS	ACT	4	14	Mare eerdui nowu imedu pemegadodureu mugui ebodu jitu koiare, egoiwakare tumagowo ei.		
BOR-CORBO-BM-ACT-004-015	ATOS DOS APÓSTLOS	ACT	4	15	Ere apostolodoge edo tudawuje nowu emugure tadawu bai piji, du kejere icare emagore pui.		
BOR-CORBO-BM-ACT-004-016	ATOS DOS APÓSTLOS	ACT	4	16	Egore: - Inoba paromode awu imei? Paga karega, ero kurireu akaru ure taodo Jerusalém tadawuge eiamedu joki, du kodire paroiwakare paerduwa bokwado eroino duji.		
BOR-CORBO-BM-ACT-004-017	ATOS DOS APÓSTLOS	ACT	4	17	Mare awu akaru ukawo taododu kuricigodo pugeje boe ekao, pamode epagududo emago kawo awu ie tabo iaboei iaboei awu otobiji pugeje.		
BOR-CORBO-BM-ACT-004-018	ATOS DOS APÓSTLOS	ACT	4	18	Icare emagore ewogai, egore ei emago kawo, ekawo boe eerduwado awu Jesus ieji pugeje.		
BOR-CORBO-BM-ACT-004-019	ATOS DOS APÓSTLOS	ACT	4	19	Icare Pedro mare João egore ewadaru jipagi: - Tamagodo ji ka: Kakoduwuba pemegamode Pao jekai: cemeartoruwo tawadaruji, iarema cemeartoruwo Pao bataruji?		
BOR-CORBO-BM-ACT-004-020	ATOS DOS APÓSTLOS	ACT	4	20	Ceroiwakare cemago kawo ceerdure jiboeji, cemeardure jiboeji.		
BOR-CORBO-BM-ACT-004-021	ATOS DOS APÓSTLOS	ACT	4	21	Du kejere icare enogituware ei pugeje, icare ere tugera ra epiji, erorerumode eidu kodiboe bokware kodi, epagudugodure boece jamedu, paga karega, boe eiamedu boe ere Pao akaru pemegado nowu ure tudowuje du kodi.		
BOR-CORBO-BM-ACT-004-022	ATOS DOS APÓSTLOS	ACT	4	22	"Paga karega, cewu pemegadodureu imedu o jorure kodure ikera pudogidure iwure pudogidure ikera pudogidure iwure pudogiduredu kori.
Meartorureuge ere Pao kurido tuiordui apostolodegei pugeje du koia."		
BOR-CORBO-BM-ACT-004-023	ATOS DOS APÓSTLOS	ACT	4	23	Nowu apostolodoge ere tudawuje nowu piji, du keje ere tugirimi tumanamage etae, ereadodure ewiegai cewu sacerdotedoge, boe codudoge, egore puduiboe jamedu boeji.		
BOR-CORBO-BM-ACT-004-024	ATOS DOS APÓSTLOS	ACT	4	24	Tumeardui awu inodu jitu kejere icare, eiamedu boe ere tumago rakado Paoji, egore: - Cegimejera, akire are awu baru to, are awu moto to, are mugure baru tadaboe, mugure moto kejeboe jamedu to.		
BOR-CORBO-BM-ACT-004-025	ATOS DOS APÓSTLOS	ACT	4	25	Akire Akaroe Pemegareu koiare akagore cewu Davi okwabiji: “Kodiba padure pumekejewu boe ekodu kagirire pui? Kodiba boe emeardaere paga tu je, kodiba?		
BOR-CORBO-BM-ACT-004-026	ATOS DOS APÓSTLOS	ACT	4	26	Awu moto kejewu boe eimejerage ere turagojedo, ere tudo pui tumago pegawo Paoji, tumago pegawo o Cristoji” (Sl 2,13).		
BOR-CORBO-BM-ACT-004-027	ATOS DOS APÓSTLOS	ACT	4	27	Paga karega, ica, Herodes, Pôncio Pilato, padure pumekejewu brae eiamedu boe mare Israeldoge ere tudo pui awu bakurireu tada, etonare atugare pemegareu Jesusji, dure are boe eimejerado ema.		
BOR-CORBO-BM-ACT-004-028	ATOS DOS APÓSTLOS	ACT	4	28	Mare du tabowo erore nono akaidure marigudu uwo tudowuje.		
BOR-CORBO-BM-ACT-004-029	ATOS DOS APÓSTLOS	ACT	4	29	Du kodi icare, Cegimejera, akaiwodo ewadaru pegareuji, du kejere atugaregedo awadaru arego boe etae tubagudu bokwa tabo rugadu.		
BOR-CORBO-BM-ACT-004-030	ATOS DOS APÓSTLOS	ACT	4	30	Akera raido boe ewugeje ma, boe ekogodae akeduwo, aro kurireu, aro rakareu awadudo, atugare pemegareu Jesus ie tabo.		
BOR-CORBO-BM-ACT-004-031	ATOS DOS APÓSTLOS	ACT	4	31	Awu enogwa kurireu akedu keje kuri je, nowu ere tudo pui kejewu moto amagadure, eiamedure okorobadure Aroe Pemegareu tabo, icare ereadodure Pao bataruji boe ewiegai, tubagudu bokwa tabo.		
BOR-CORBO-BM-ACT-004-032	ATOS DOS APÓSTLOS	ACT	4	32	Meartorureuge eiamedu ure nono ia boe ewabo ui mito tu je du reore. Iaboe iaboe emagokare toroeie toroece, mare eiamedu boe boe eiamedu oroere.		
BOR-CORBO-BM-ACT-004-033	ATOS DOS APÓSTLOS	ACT	4	33	Apostolodoge eragare, ekidare du tabore ereadodure Pagimejera Jesus jewoduji. Pao o boe pemegareu awadure eiameduji.		
BOR-CORBO-BM-ACT-004-034	ATOS DOS APÓSTLOS	ACT	4	34	Iaboe iaboe marenarukare emage, paga karega, o motoreuge eiamedu boe, uwaireuge eiamedu boe, ere maku, 35ere mori arego mato, ere bu apostolodoge ewure paru, du pedodure eiamedu ai tu tu tuboi du reore.		
BOR-CORBO-BM-ACT-004-036	ATOS DOS APÓSTLOS	ACT	4	36	Du reorere ia imedu iei José cedu (du apostolodogere iedo Barnabé, boe ewadaru tabo: Boe Eegareae epa), ia maragodure Pao uwai tadawu, Cipre moto pijiwu, o motore.		
BOR-CORBO-BM-ACT-004-037	ATOS DOS APÓSTLOS	ACT	4	37	Icare ure maku, ure mori reko mato, ure bu apostolodoge ewure paru jamedu.		
BOR-CORBO-BM-ACT-005-HEAD-001	ATOS DOS APÓSTLOS	ACT	5		Ananias mare Safira ero pegareu.		Cabeçalho/subtítulo editorial da fonte.
BOR-CORBO-BM-ACT-005-001	ATOS DOS APÓSTLOS	ACT	5	1	Ia imedu iei Ananias cedu, ure ia to moto maku, ure toreduje bie.		
BOR-CORBO-BM-ACT-005-002	ATOS DOS APÓSTLOS	ACT	5	2	Du kejere icare ure mori kado oiado, ia kobo mugure pudabo, toreduje aidui ji jamedu du tabo, ure ia kobo reko apostolodoge ewure paru kae.		
BOR-CORBO-BM-ACT-005-003	ATOS DOS APÓSTLOS	ACT	5	3	Mare Pedro akore ji: - Ananias, kodiba Aroe pegareure tuienado awaboji, du tabore awadararodure Aroe Pemegareuji? Du kodi icare awadararodure ako moto moriji.		
BOR-CORBO-BM-ACT-005-004	ATOS DOS APÓSTLOS	ACT	5	4	Umodukana turugadu amuguwo tabo, akai maku du keje, iarema ai maku du keje aroiwamodukare amuguwo mori tabo akaidui jitu keje? Kodiba ameardaere oinono awabo tada tu je? Ime ei karega, Pao jire awadararodure.		
BOR-CORBO-BM-ACT-005-005	ATOS DOS APÓSTLOS	ACT	5	5	Tumeardui nowu bataru jitu keje kuri je, cewu Ananias buture tuwi tabo tu je. Meardure awu inodu akaru jiwuge eiamedu boe epegudugodu kuricigore.		
BOR-CORBO-BM-ACT-005-006	ATOS DOS APÓSTLOS	ACT	5	6	Du kejere icare ia ipare ere bireu reko nowu piji toro baawadu kae, ere tugu mototo.		
BOR-CORBO-BM-ACT-005-007	ATOS DOS APÓSTLOS	ACT	5	7	Boe raikare du keje, oredujere turemo jamedu, tuiorduwa bokwa tabo ure tudowuje duji.		
BOR-CORBO-BM-ACT-005-008	ATOS DOS APÓSTLOS	ACT	5	8	Icare Pedro unoragodure ji akore: - Aredu, amagodo iwiegai: tare tago moto maku awu inodu mori bogai?  Akore: -U! Nowu inodu bogaire cere maku.		
BOR-CORBO-BM-ACT-005-009	ATOS DOS APÓSTLOS	ACT	5	9	Icare Pedro akore ji: Kodiba tare tawadaru maku puai tawo tarokogado Aroe Pemegareuji? Ica, ure akoredu tugu mototowuge ewure mugure jice baiporo keje, emode arego jamedu.		
BOR-CORBO-BM-ACT-005-010	ATOS DOS APÓSTLOS	ACT	5	10	Kuri je nowu aredu buture bure paru, icare bire tu je. Du kejere icare cewu ipare ere turemo, eerdure bireduji, ere reko toro baawadu kae, ere tugu mototo tu oino toredu meki,		
BOR-CORBO-BM-ACT-005-011	ATOS DOS APÓSTLOS	ACT	5	11	"Nowu boe eiamedu boe epagudu kuricigore; meardure akaru jiwuge epagudu kuricigore jamedu.
Apostolodoge ero kurireu."		
BOR-CORBO-BM-ACT-005-012	ATOS DOS APÓSTLOS	ACT	5	12	Du tabore icare apostolodoge ere turo kurireu makaguragado boe etoiadoda, ere tudo tudo pui cewu baiporo kurireu iei Salomão cedu keje.		
BOR-CORBO-BM-ACT-005-013	ATOS DOS APÓSTLOS	ACT	5	13	Iage epagudure tuwo tuburedo ei, boerema emago pemegaguragare ei.		
BOR-CORBO-BM-ACT-005-014	ATOS DOS APÓSTLOS	ACT	5	14	Meartorure Pagimejera jiwu ime areme emagagodure gu gu gu je.		
BOR-CORBO-BM-ACT-005-015	ATOS DOS APÓSTLOS	ACT	5	15	Du tabore icare ere kogodureuge etarego awara kae, ere emugudo kugadoge etada, Pedro o boetugu butuwo iage etae, kodui nono du keje.		
BOR-CORBO-BM-ACT-005-016	ATOS DOS APÓSTLOS	ACT	5	16	"Mugu puredure Jerusalém jiwu bakurireuge epijiwu ia boe makareuge etaregodure jamedu, ere kogodureuge erego mato, ere Aroe  pegareuge emedure tadawu boe erego mato, icare epemegagodure.
Braere apostolodoge etugu baicoreuto pugeje."		
BOR-CORBO-BM-ACT-005-017	ATOS DOS APÓSTLOS	ACT	5	17	Du kejere icare sacerdotedoge eimejera mare okwacere jaogwaiwuge (duwugere saduceudogere emage), ere turagojedo tugori kuricigoreu tabo.		
BOR-CORBO-BM-ACT-005-018	ATOS DOS APÓSTLOS	ACT	5	18	Ere tugeragu apostolodogei, ere etugu baicoreuto.		
BOR-CORBO-BM-ACT-005-019	ATOS DOS APÓSTLOS	ACT	5	19	Boekimorema, Pao ia o tupa ure nowu baiporo jado boeco oia keje, ure eebu baawadu kae, akore ei: -		
BOR-CORBO-BM-ACT-005-020	ATOS DOS APÓSTLOS	ACT	5	20	Toro Pao uwai kae, tareadodudo boe etae bataru pemegareuji.		
BOR-CORBO-BM-ACT-005-021	ATOS DOS APÓSTLOS	ACT	5	21	Tumeardui nowu bataru jitu tabore icare, ere turemo Pao uwaito, icare ere boe eerduwado. Du tonajire icere nowu sacerdotedoge eimejera mare okwacere tuiaogwaiwuge ere tudo pui, du kejere ere brae eiemejera kurireuge, mare codudoge eto pui, du kejere emagore apostolodoge ewogai, etuwo mato nowu baicoreu piji.		
BOR-CORBO-BM-ACT-005-022	ATOS DOS APÓSTLOS	ACT	5	22	Icare nowu tugobaigarege eture toro. Boekarema, tui nowu baicoreu baiporo jado du tabore icare eerdukare ei, icare ere tugirimi tuibagi akaru tabo.		
BOR-CORBO-BM-ACT-005-023	ATOS DOS APÓSTLOS	ACT	5	23	Egore: - Ceerdure baicoreu mitu pemegaji, tugobaigarege eedure baiporo keje, icare cere baiporo jado, mare ceerdukare boeji nowu bai tada.		
BOR-CORBO-BM-ACT-005-024	ATOS DOS APÓSTLOS	ACT	5	24	Nowu akaru kejere icare, nowu sacerdotedoge eimejerage mare Pao uwai tadawuge eimejerage tori buture eiagi dugu dugu, enorare pui kaboba kodiba?		
BOR-CORBO-BM-ACT-005-025	ATOS DOS APÓSTLOS	ACT	5	25	Boekarema, iage etaregodure akaru tabo, egore: - Cewu tare tugu baicoreu towu ime eedu nure toro Pao uwai tada, tui boe eerduwado du tabo.		
BOR-CORBO-BM-ACT-005-026	ATOS DOS APÓSTLOS	ACT	5	26	Du kejere icare nowu Pao uwai kejewu tugobaigarege eimejera uture tudugarege ebo toro etae, ure erego mato, mare butugu tabo, epagudure boe emode tori to pudui du koia.		
BOR-CORBO-BM-ACT-005-027	ATOS DOS APÓSTLOS	ACT	5	27	Ere erego mato, ere eremo toro brae eimejerage kurireuge ere tudo puiwo kae. Du kejere sacerdotedoge eimejera unoragodure ei, akore: -		
BOR-CORBO-BM-ACT-005-028	ATOS DOS APÓSTLOS	ACT	5	28	Cemago awadure tai takawo boe eerduwado cewu ie tabo. Du kodi karega, tare Jerusalém korawu tare boe erduwado jiboe tabo. Tagaidure tawo awu imedu ku butudo ceiogi?		
BOR-CORBO-BM-ACT-005-029	ATOS DOS APÓSTLOS	ACT	5	29	Icare Pedro mare ia apostolodoge egore bataru jipagi: - Ure turugadu cemeartoruwo Paoji ime ekori.		
BOR-CORBO-BM-ACT-005-030	ATOS DOS APÓSTLOS	ACT	5	30	Ica, paomage eno Aroe Eimejera ure cewu tare bito tai bu i padui pugajejedu kejewu Jesus jewodudo.		
BOR-CORBO-BM-ACT-005-031	ATOS DOS APÓSTLOS	ACT	5	31	Tugera pemegareu tabore Pao ure rakojedo, ure boe eimejerado ema, ure boe einorudowudo ema, tuwo Israeldoge epemegado, tuwo ero pegareu okwado.		
BOR-CORBO-BM-ACT-005-032	ATOS DOS APÓSTLOS	ACT	5	32	Awu inodu jire ceerdure, jire cereadodure, cewu Paore maku meartorure jiwuge eiamedu boe etaiwu Aroe Pemegareu koia.		
BOR-CORBO-BM-ACT-005-033	ATOS DOS APÓSTLOS	ACT	5	33	"Icare tumeardui nowu ewadaru jitu kejere icare nowu brae eiemejerage boe korire pudui, etaidure tuwo nowu apostolodoge ewido.
Gamaliel mearudae."		
BOR-CORBO-BM-ACT-005-034	ATOS DOS APÓSTLOS	ACT	5	34	Boekimorema, ia nowu brae eimejerage ui mito tu jedu, ia fariseu iei Gamaliel cedu, jorduwa rakareu, boe eiamedu meartorure jiwu, ure turagojedo.		
BOR-CORBO-BM-ACT-005-035	ATOS DOS APÓSTLOS	ACT	5	35	Makore boewo apostolodoge etawuje nowu piji biega tu je, du kejere akore tumedage ewiegai, akore: - Israeldoge ime, tameardae tugu, tameardae pemegado taromode awu ime eiwoji.		
BOR-CORBO-BM-ACT-005-036	ATOS DOS APÓSTLOS	ACT	5	36	Tawiapagado: marigudu ia imedu iei Teuda cedu ure tuguwo tui tudo nono ia imedu kurireu ureore du tabo. Ia ime ei puredu tu 400 cedu ere tudo pui ae. Mare bitodure, du kejere icare meartorure jiwuge eiamedu boe ere taodo, icare etagedure.		
BOR-CORBO-BM-ACT-005-037	ATOS DOS APÓSTLOS	ACT	5	37	Awu rekodajire icare, Judas Galiléia pijiwu, ure turagojedo pugeje boere cie bu bapera kejedu kodiboe keje, ure tumugudo boe eiamedu boe keje toro pudabo, mare ema jamedu bire, du kodi icare uture rekodajiwuge eiamedu boe ere taodo boe paru kajeje, etagedure jamedu.		
BOR-CORBO-BM-ACT-005-038	ATOS DOS APÓSTLOS	ACT	5	38	Oinore icare imode taerduwado taro pega kawo awu imei. Nowu ime epiji, etudo. Paga karega, etaidure jiboe, erore jiboe aregodure ime epiji ma, okwamode taobiji.		
BOR-CORBO-BM-ACT-005-039	ATOS DOS APÓSTLOS	ACT	5	39	Mare aregodumode Pao piji ma, taroiwamodukare tawo okwado. Tamode tagonado Pao mitoduji. Icare emeartorure bataruji.		
BOR-CORBO-BM-ACT-005-040	ATOS DOS APÓSTLOS	ACT	5	40	Emagore apostolodoge ewogai, ere boe edo iwara to ei. Du kejere icare emagore ei ekawo boe eerduwado Jesus ie tabo pugeje, icare ere tugera ra epiji, ere etudo.		
BOR-CORBO-BM-ACT-005-041	ATOS DOS APÓSTLOS	ACT	5	41	Icare apostolodoge ere tudawuje nowu brae eimejerage ere tudo puiwo piji tuiegare tabo, mare ure turugadu brae eroreruwo pudui Jesus ie koia du kodi.		
BOR-CORBO-BM-ACT-005-042	ATOS DOS APÓSTLOS	ACT	5	42	Meri jameduji jii je ere boe eerduwa eerduwado Pao uwai tada, boe ewai tada jamedu.		
BOR-CORBO-BM-ACT-006-HEAD-001	ATOS DOS APÓSTLOS	ACT	6		Diaconodoge.		Cabeçalho/subtítulo editorial da fonte.
BOR-CORBO-BM-ACT-006-001	ATOS DOS APÓSTLOS	ACT	6	1	Nowu du kodi meartorureuge eidodu kuricigore, du kodire nowu Grécia o moto pijiwu ime emago pegagodure hebreudogei, paga karega, to okoge bokwareu areme eredugodure, nowu ei toroe pedo pudui du keje tu tu tu je.		
BOR-CORBO-BM-ACT-006-002	ATOS DOS APÓSTLOS	ACT	6	2	Du kodire icare nowu apostolodoge ei ikera pudogidure pobe taci iwurekotodu ere meartorureuge eto pui, egore ei: -Ukare turugadu cewo boe enoroe remagu, cei Pao bataru pijido du tabo.		
BOR-CORBO-BM-ACT-006-003	ATOS DOS APÓSTLOS	ACT	6	3	Du kodi icare, iwiemage, tamode ia ime pemegareuge, jorduwareuge, Aroe Pemegareu jore kejewuge ei ikera awubodure pobe taci ikera awubowutodu, tamode etawuje tabiji, duwugere cemode awu maragodae maku etai.		
BOR-CORBO-BM-ACT-006-004	ATOS DOS APÓSTLOS	ACT	6	4	Cegirema, cenogwamagudumode Paoji cereadodumode Pao bataruji.		
BOR-CORBO-BM-ACT-006-005	ATOS DOS APÓSTLOS	ACT	6	5	Du kodi, ere tawujewuge reo: Estêvão, ia meartoru kurireu imedu, Aroe Pemegareu jore kejewu; Filipe, Prócoro, Nicanor, Timon, Parmena, mare ia meartorureu Antioquia pijiwu iei Nicolau cedu.		
BOR-CORBO-BM-ACT-006-006	ATOS DOS APÓSTLOS	ACT	6	6	Ere awuge erego apostolodoge etae, duwugere, togwamagudui Paoji eparu tabo du tabore icare ere tugera bu ewugeje.		
BOR-CORBO-BM-ACT-006-007	ATOS DOS APÓSTLOS	ACT	6	7	"Icare Pao bataru ure taododu kuricigodo, meartorure Pao bataru jiwuge emagagodu remawu nure nowu Jerusalém tada, nowu judeudoge eno sacerdotedoge makaguragareuge emeartorure jamedu.
Diácono Estêvão."		
BOR-CORBO-BM-ACT-006-008	ATOS DOS APÓSTLOS	ACT	6	8	Cewu Estêvão, Pao o boe pemegareu, ro rakareu jore kejewu imedu, ure turo kurireu towuje towuje boe etoiadoda.		
BOR-CORBO-BM-ACT-006-009	ATOS DOS APÓSTLOS	ACT	6	9	Boekimorema, ia boe keje, ia sinagoga tadawuge, duwuge ekiere libertodoge ia Cirene pijiwuge, Alexandria pijiwuge; Cilícia, Asia pijiwuge eno sinagoga tadawu ia emage ere turagojedo tumago pegawo Estevaoji.		
BOR-CORBO-BM-ACT-006-010	ATOS DOS APÓSTLOS	ACT	6	10	Mare egoiwakare ji, jorduwa rakareure ema kodi, Aroe Pemegareu jore keje kodi.		
BOR-CORBO-BM-ACT-006-011	ATOS DOS APÓSTLOS	ACT	6	11	Du kodi icare ere ia ime ero pegado emagowo tumearduie mako pegai Moisés jituji, Pao jituji.		
BOR-CORBO-BM-ACT-006-012	ATOS DOS APÓSTLOS	ACT	6	12	Icare ere boe eiamedu boe, codudoge, escribadoge, eiodo tuwadaru keje Estevaoji. Icare ere tugeragu ji, ere reko toro brae eimejerage etae.		
BOR-CORBO-BM-ACT-006-013	ATOS DOS APÓSTLOS	ACT	6	13	Icare ere nowu batararodureu ime erego mato, duwuge egore: - Awu imedu mako pega pegare Pao uwaiji, Moisésre boe eroiaguduji jamedu.		
BOR-CORBO-BM-ACT-006-014	ATOS DOS APÓSTLOS	ACT	6	14	Cemeardure makoi oinoduji: Jesus Nazaré pijiwu umoduie awu Pao uwai butudo, umoduie Moisere cerodo boe barigu puibagi.		
BOR-CORBO-BM-ACT-006-015	ATOS DOS APÓSTLOS	ACT	6	15	Du kejere icare nowu brae eiemejerage eiamedu boe ere tuioku kidudo ji, etaiwore ji. Boekarema, je urugure nono ia Pao o tupare.		
BOR-CORBO-BM-ACT-007-HEAD-001	ATOS DOS APÓSTLOS	ACT	7		Estêvão uwadodae.		Cabeçalho/subtítulo editorial da fonte.
BOR-CORBO-BM-ACT-007-001	ATOS DOS APÓSTLOS	ACT	7	1	Icare sacerdotedoge eimejera unoragodure ji, akore: - Oino rugaduna?		
BOR-CORBO-BM-ACT-007-002	ATOS DOS APÓSTLOS	ACT	7	2	Akore ei: -Iwiemage, imanamage, iogamage, tawiapagado mato. Pao Aroe Eimejera ure towadudo paedoga Abraão jekai, mugure Mesopotâmia kimo du tabo, kodumode tumuguwo Hara kejedu otodai.		
BOR-CORBO-BM-ACT-007-003	ATOS DOS APÓSTLOS	ACT	7	3	Akore ji: Atawuje ako moto piji, awobe epiji, atudo toro imode aerdudo jiwu moto kae.		
BOR-CORBO-BM-ACT-007-004	ATOS DOS APÓSTLOS	ACT	7	4	Icare ure tudawuje Caldéia moto piji, uture toro Hara moto kae, du pijire, uo okware du keje, Pao Aroe Eimejera ure aru awu tumugure kejewu moto kae.		
BOR-CORBO-BM-ACT-007-005	ATOS DOS APÓSTLOS	ACT	7	5	Ukare ia moto makai o motoce rugadu, mare akore tumoduie makai, du kejere tumeduie maku ore etai, orekare roga du tabo.		
BOR-CORBO-BM-ACT-007-006	ATOS DOS APÓSTLOS	ACT	7	6	Pao akore ji mugumoduie ia moto tuginoiwu keje, toroie ia brae emode tudugaregedo emage, erorerumode ei, jorumode ikera pudogidure iwure pudogidure ikera pudogidure iwure pudogidure du tonaji.		
BOR-CORBO-BM-ACT-007-007	ATOS DOS APÓSTLOS	ACT	7	7	Mare Pao akore oino jamedu: - Irorerumode rorerure eiwugei, du kejere etaregodumode nowu piji tumaragoduwo inai awu moto keje.		
BOR-CORBO-BM-ACT-007-008	ATOS DOS APÓSTLOS	ACT	7	8	Icare Paore tumeduiado Abraãoce, du kodire Abraão ure tuwiri kado, du kodire ure Isaac botudo, du kejere, merire ikera awubodure pobe taci ikera awubowuto du keje ure Isaac biri kado jamedu. Isaac ure tonaregedu Jacó biri kado jamedu, duwure tore ei ikera pudogidure pobe taci iwurekotodu ewiri kado jamedu, duwugere paedogamagere emage.		
BOR-CORBO-BM-ACT-007-009	ATOS DOS APÓSTLOS	ACT	7	9	Icare nowu Jacó ore ekorire tuwie José ji, du ere maku Egito kejewuge ekera kae. Mare Pao mugure apo.		
BOR-CORBO-BM-ACT-007-010	ATOS DOS APÓSTLOS	ACT	7	10	Ure inorudo ucebae jamedu boe piji, ure jiwo aidugirido, ure jorduwa rakaguragaredu makai nowu Faraão, Egito kejewuge eimejera kurireu jekai, duwu ure Egito kejewuge eimejerado ema, ure jetudo tuwai jameduji jamedu.		
BOR-CORBO-BM-ACT-007-011	ATOS DOS APÓSTLOS	ACT	7	11	Du kejere boe eke boi kurireure Egito kejewugei, boe ere tuiwo kuricigodo. Paedogamage eerduwakare kaboba emode ko.		
BOR-CORBO-BM-ACT-007-012	ATOS DOS APÓSTLOS	ACT	7	12	Mare Paedoga Jacó jorduware trigoie Egito keje duji, du keje ure tore ekodudo toro boetoji.		
BOR-CORBO-BM-ACT-007-013	ATOS DOS APÓSTLOS	ACT	7	13	Du rekodajire eture toro pugeje, du keje José ure tumanamage edo boe pa pudui, icare ure brae eimejera kurireu Faraão jordudo tuwobei.		
BOR-CORBO-BM-ACT-007-014	ATOS DOS APÓSTLOS	ACT	7	14	Du kejere José makore tuo bogai uwobe eiamedu tabo, duwugere emagare, ere 75.		
BOR-CORBO-BM-ACT-007-015	ATOS DOS APÓSTLOS	ACT	7	15	Icare Jacó ure turawuje Egito kae, nonore akurure, paedogamagere jamedu.		
BOR-CORBO-BM-ACT-007-016	ATOS DOS APÓSTLOS	ACT	7	16	Icare ere era reko jice Siquém moto kae ere etugu Abraão ure aruwu aroe eiaro tada. Ure nowu aroe eiaro aru mori kuri inodu tabo, Henoc ore ekera piji, duwu Henoc nowu Siquém kejewure ema.		
BOR-CORBO-BM-ACT-007-017	ATOS DOS APÓSTLOS	ACT	7	17	Boe aregodure pudae Pao makore Abraão jiboe umode tudowuje du kae. Abraão uwobe eidodure, erijodure Egito keje.		
BOR-CORBO-BM-ACT-007-018	ATOS DOS APÓSTLOS	ACT	7	18	Jii ia Egito kejewuge eimejera kurireu tuginoiwu boture, du jorduwakare José jiboeji.		
BOR-CORBO-BM-ACT-007-019	ATOS DOS APÓSTLOS	ACT	7	19	Nowu brae eimejera pega remawu nure paobei, rorerure paomagei, ure edo tore ewarigu ewiwo.		
BOR-CORBO-BM-ACT-007-020	ATOS DOS APÓSTLOS	ACT	7	20	Nowu du kodi Moisés boture. Moture Pao jekai, mugure tuwai tada arii pobe ma jewu metuia bokware.		
BOR-CORBO-BM-ACT-007-021	ATOS DOS APÓSTLOS	ACT	7	21	Du kejere, barigudure du keje, Faraão onaregedu aredu ure tugeragu ji, ure ricodudo umagai tonaregedu jiture.		
BOR-CORBO-BM-ACT-007-022	ATOS DOS APÓSTLOS	ACT	7	22	Moisés jorduwadodure Egito kejewuge eerduware jiboe jamedu boeji, ure tudurudo tuwadaru tabo, turo tabo.		
BOR-CORBO-BM-ACT-007-023	ATOS DOS APÓSTLOS	ACT	7	23	Aregodure tuioru ikera pudogidure iwure pudogidure ikera pudogidure iwure pudogiduredu kae du keje, aidure tuiorduwo tuwobe Israeldogei.		
BOR-CORBO-BM-ACT-007-024	ATOS DOS APÓSTLOS	ACT	7	24	Nonore icare jordure ia Egito kejewu imedu rorerui ia jituji, aidure tuwo tugerabraredo ji, ure marenaru morido, ure nowu Ejito kejewu bito.		
BOR-CORBO-BM-ACT-007-025	ATOS DOS APÓSTLOS	ACT	7	25	Upagare tuwobe emode boe pa Pao umoduie einorudo tugera taboduji, mare ekare boe pa.		
BOR-CORBO-BM-ACT-007-026	ATOS DOS APÓSTLOS	ACT	7	26	Nowu meri rekodajire icare, ia emage ei pobedu erugodu nure pui, icare jemarure tuwo ewudugugo pui. Icare akore ei: Imedage, tawobe nure puje, kodiba tagorigodu nure pui?		
BOR-CORBO-BM-ACT-007-027	ATOS DOS APÓSTLOS	ACT	7	27	Mare nowu ure tuwie okoridowu akore ji: Ioguduba koiba ure cegimejerado aki?		
BOR-CORBO-BM-ACT-007-028	ATOS DOS APÓSTLOS	ACT	7	28	Amodukana iwido nowu aro magai Egito kejewu jitudu reore?		
BOR-CORBO-BM-ACT-007-029	ATOS DOS APÓSTLOS	ACT	7	29	Awu bataru keje, Moisés rekodure, ure tuwiado, mugure Madian moto keje, tui nono ia moto tuginoiwu pijiwu reore, torore ure toredo pobe.		
BOR-CORBO-BM-ACT-007-030	ATOS DOS APÓSTLOS	ACT	7	30	Joru makaguragare du kejere Pao ia o tupare towadudo jekai, toro boe pagawu tada, puredu Sinai torekoduji, ia botoguru uru oiabiji.		
BOR-CORBO-BM-ACT-007-031	ATOS DOS APÓSTLOS	ACT	7	31	Icare Moisere tumeardaedo pudui, tuiordui nowu jitu koia, ure tuburedo tuiorduwo kaboba jiba inoba ureuba.		
BOR-CORBO-BM-ACT-007-032	ATOS DOS APÓSTLOS	ACT	7	32	Du kejere Pao makore ji, akore: Imire aomage eno Aroe Eimejera nure imi, Abraão, Isaac, Jacó eno Aroe Eimejera nure imi. Icare Moisés pagudugodure, ukare tuioku awogado.		
BOR-CORBO-BM-ACT-007-033	ATOS DOS APÓSTLOS	ACT	7	33	Icare Pao akore ji: Awure tadawu tawuje. Boe pagawu moto keje karega aragojere.		
BOR-CORBO-BM-ACT-007-034	ATOS DOS APÓSTLOS	ACT	7	34	Iordu birigodure mugure Egito kejewu iwobe ecebaeji. Imeardure etoraguduji, icare itaregodure iwo edo cinorudo. Ica, mato, imode atudo Egito kae.		
BOR-CORBO-BM-ACT-007-035	ATOS DOS APÓSTLOS	ACT	7	35	Awu Moisés mitodu, du ere barigu tagoi oino jitu tabo: Ioguduba ure cegimejerado aki? Emare Paore utudo tui boe eimejerado ema, tui boe einorudowudo ema du tabo, nowu ure towadudo botoguru tadawu Pao o tupa jetui jitu tabo.		
BOR-CORBO-BM-ACT-007-036	ATOS DOS APÓSTLOS	ACT	7	36	Emare ure paomage etawuje Egito piji, tui turo kurireu awadudo Egito keje, Pobo Kujagureu keje, boe pagawu keje jorure ikera pudogidure iwure pudogidure ikera pudogidure iwure pudogidure du tonaji.		
BOR-CORBO-BM-ACT-007-037	ATOS DOS APÓSTLOS	ACT	7	37	Awu Moisés mitodu makore israeldogei, akore: Pao umode ia profeta tawuje tabiji tawogai, du umode nono ireore.		
BOR-CORBO-BM-ACT-007-038	ATOS DOS APÓSTLOS	ACT	7	38	Awu Moisés mitodu mugure paomage eedui boe matadu tadawuge ebo, mugure makore ji Sinai torekodu ao kejewu Pao o tupa apo jamedu. Aire boe eemode koiawu bataru makudure ai, tuwo maku cenai.		
BOR-CORBO-BM-ACT-007-039	ATOS DOS APÓSTLOS	ACT	7	39	Paomagerema, emeartorukare ji; tuwabo tadare ere tugirimi Egito kae.		
BOR-CORBO-BM-ACT-007-040	ATOS DOS APÓSTLOS	ACT	7	40	Emagore Aarão biegai, egore: Ia aroe eimejerage etawuje cenai ewo cerego. Paga karega, ure cedawuje Egito pijiwu Moisés jire ceerduwakare kaiba kodure.		
BOR-CORBO-BM-ACT-007-041	ATOS DOS APÓSTLOS	ACT	7	41	Nowu du kodi ere ia tapira imedu to meriri ekureu tabo, tui ia aroe eimejera pagawudo ema, ere barege ewido jekai, eegarere nowu turore tugera tabo boeji.		
BOR-CORBO-BM-ACT-007-042	ATOS DOS APÓSTLOS	ACT	7	42	Du kodi icare Pao ure tuiaedo epiji, ure epijido ewo tubujodo baru tadawu kuiejedogei, uwo magai atugododure profetadoge eno bapera keje du reore: “Israeldoge, tare barege ewido tawo ikurido, nowu boe matadu keje, jorure ikera pudogidure iwure pudogidure ikera pudogidure iwure pudogidure pugeje du tonaji?		
BOR-CORBO-BM-ACT-007-043	ATOS DOS APÓSTLOS	ACT	7	43	Ukare ino. Mare tagaidure Maloque uwaiji, tagodure tao pagawu Refa awaraji, tare awague etowuje tagera tabo tawo tabujodo ei” (Am 5,2527).		
BOR-CORBO-BM-ACT-007-044	ATOS DOS APÓSTLOS	ACT	7	44	Pao bataru jaira mugure paomage ebo boe pagawu tada. Awu Pao bataru jaira todure nono Pao makore Moisés jitu du reore.		
BOR-CORBO-BM-ACT-007-045	ATOS DOS APÓSTLOS	ACT	7	45	Makudure paomage etai duwugere arego biri kadodukareuge eno moto kae, tugimejerai Josué du tonaji. Du kodi, Paore nowu biri kadodukareuge etawuje nowu piji, ure eiaedo paomage ei. Icare nowu Pao bataru jaira mugure toro ebo jii paomage eimejera Davi aregodu kae.		
BOR-CORBO-BM-ACT-007-046	ATOS DOS APÓSTLOS	ACT	7	46	Awu imedu pemegare Pao jekai, akore pudui tuwo ia bai mugudo Jacó o Aroe Eimejera ai.		
BOR-CORBO-BM-ACT-007-047	ATOS DOS APÓSTLOS	ACT	7	47	Boekarema, paomage eimejera Salomão rugadure ure Pao kurireu uwai mugudo.		
BOR-CORBO-BM-ACT-007-048	ATOS DOS APÓSTLOS	ACT	7	48	Du inodu tabo, Pao Aroe Eimejera mugukare ime ere pemegadowu baidoge etada, ure nono profeta akore: 49”Barure imuga reno, motore iwure pa reno. Kakoduwu baiba tamode pemegado inai? Oinore Pao akore: Kakoduwu boe eedaba imugure tada?		
BOR-CORBO-BM-ACT-007-050	ATOS DOS APÓSTLOS	ACT	7	50	Imi karega ire boe jamedu pemegado? “ (Is 66,12).		
BOR-CORBO-BM-ACT-007-051	ATOS DOS APÓSTLOS	ACT	7	51	Aora rakareu ime, birikadodukareu tawabo tawiaja tabowu ime, tare tadugu tadugu Aroe Pemegareu ro kuda. Taro tarore nono taedogamage ereore.		
BOR-CORBO-BM-ACT-007-052	ATOS DOS APÓSTLOS	ACT	7	52	Kakoduwu profetadoge eiba taomage ekodu kagirikare ei? Taomagere makore Imedu Pemegareu aregodumoduiedu jiwuge ewido, tagirema nowu Imedu Pemegareu maku, tare bito.		
BOR-CORBO-BM-ACT-007-053	ATOS DOS APÓSTLOS	ACT	7	53	Tagaire Moisés o boe eroiagu makudure tagai, Pao o tupadoge ekera piji, mare tameartorukare ji.		
BOR-CORBO-BM-ACT-007-054	ATOS DOS APÓSTLOS	ACT	7	54	Emeardui awu bataru jitu kejere icare, ekodu kagirire ji, ere boe to ji boe kori koia ji.		
BOR-CORBO-BM-ACT-007-055	ATOS DOS APÓSTLOS	ACT	7	55	Emarema, Aroe Pemegareu mugure apo, ure tuioku kidudo baruto, Aiwore Pao Aroe Eimejera uruguji.		
BOR-CORBO-BM-ACT-007-056	ATOS DOS APÓSTLOS	ACT	7	56	Icare akore: - Ica, iordu nure barui tuiado duji, Imedu Onaregedu rakojei Pao Aroe Eimejera kana pemegareu jaogwai duji.		
BOR-CORBO-BM-ACT-007-057	ATOS DOS APÓSTLOS	ACT	7	57	Du keje icare enoiogwari kuricigore, ere tugera bu tuwiaja keje, eiamedure ere tubodo apo turugodu tabo ji, boe kori koia ji.		
BOR-CORBO-BM-ACT-007-058	ATOS DOS APÓSTLOS	ACT	7	58	Ere reko toro bakurireu kujebiji, ere tori to ji tuwo bito. Ure tori to jiwuge ere to aroia boareu tawuje, ere bu nono ia iparedu iei Saulo cedu apo.		
BOR-CORBO-BM-ACT-007-059	ATOS DOS APÓSTLOS	ACT	7	59	Du kejere ere tori to nowu Estevaoji. Emarema okwamagudu nure Paoji, akore: - Ikimejera Jesus, akeragu itaroeji akabo		
BOR-CORBO-BM-ACT-007-060	ATOS DOS APÓSTLOS	ACT	7	60	Du kejere ure tubujodo, icare oiogwarire, akore: - Pao Aroe Eimejera, awiagodudo awuge eroi ii duji. Icare, awu tuwadaru kejere icare akurure.		
BOR-CORBO-BM-ACT-008-HEAD-001	ATOS DOS APÓSTLOS	ACT	8		Saulo.		Cabeçalho/subtítulo editorial da fonte.
BOR-CORBO-BM-ACT-008-001	ATOS DOS APÓSTLOS	ACT	8	1	Saulo jore ewugeje, ei nowu Estêvão bito duji. Nowu meri mitodu jire icare brae erugodu kuricigore Jerusalém kejewu meartorureugeidu ure tubaru towuje. Du kodi icare nowu meartorurewuge ere taodo Judéia kao, Samaria kao; tu apostolodoge emugure Jerusalém tada.		
BOR-CORBO-BM-ACT-008-002	ATOS DOS APÓSTLOS	ACT	8	2	Du tonajire ia meartorureu ime eemarure tuwo Estêvão tugu mototo, etoragudu kuricigore bukeje.		
BOR-CORBO-BM-ACT-008-003	ATOS DOS APÓSTLOS	ACT	8	3	"Saulo rema, kodu kagiri nure Igrajaji. Du kodire ure turemo baidoge eto, ure ime, areme etawuje nowu piji, ure erego baicoreuto.
Dicono Filipe maragodui Samaria kejedu."		
BOR-CORBO-BM-ACT-008-004	ATOS DOS APÓSTLOS	ACT	8	4	Boekarema, ure taodowuge etu eture boe jamedu keje tureadodui Pao bataru jitu du tabo.		
BOR-CORBO-BM-ACT-008-005	ATOS DOS APÓSTLOS	ACT	8	5	Ia emage iei Filipe cedu, ure turawuje Samaria moto kae, readodure Cristoji mugure nowu moto kejewuge ewiegai.		
BOR-CORBO-BM-ACT-008-006	ATOS DOS APÓSTLOS	ACT	8	6	Makareuge ewiapaga awadure nowu Filipe bataruji, ewiapagare ji, eerdure ro pemegareu kurireuji.		
BOR-CORBO-BM-ACT-008-007	ATOS DOS APÓSTLOS	ACT	8	7	Boekimorema, Aroe pegareure tudawuje Aroe pegareu meture tadawuge epiji, tuiogwari kuricigo tabo. Jamedu meru bokwareu, pogora bokwareu makareuge epemegagodure jamedu.		
BOR-CORBO-BM-ACT-008-008	ATOS DOS APÓSTLOS	ACT	8	8	"Du kodi icare boe eegare kuricigore nowu bakurireu tada.
Bari Simão."		
BOR-CORBO-BM-ACT-008-009	ATOS DOS APÓSTLOS	ACT	8	9	Nonore ia imedu iei Simão cedu, mugure nono, dure turo rakareu to to bakurireu tada, du koiare Samaria kejewuge eebogodure roji, du ure nono ia bari ro rakareure.		
BOR-CORBO-BM-ACT-008-010	ATOS DOS APÓSTLOS	ACT	8	10	Biegareuge, ricoreuge eiamedu boe ewiapagare ji, egore: - Awu imedu ure nono Aroe Eimejera iei Kuirireu cedu ro rakareboere.		
BOR-CORBO-BM-ACT-008-011	ATOS DOS APÓSTLOS	ACT	8	11	Emeartorure ji, paga karega, marigudu ure eekuri paga pagado turoi bidugudugu jitu tabo eegai.		
BOR-CORBO-BM-ACT-008-012	ATOS DOS APÓSTLOS	ACT	8	12	Mare emeardure Filipe makoi Pao o boe pemegareuji, Jesus Cristo akaruji, du rekodajire icare emeartorure bataruji, icare ime, arema, etaidure tuwo tao pegodo.		
BOR-CORBO-BM-ACT-008-013	ATOS DOS APÓSTLOS	ACT	8	13	Icare nowu Simão jamedu meartorure, icare ao pegododure. Icare ukare tuiaedo Filipeji, tuiebogodui ro pemegareu, ro kurireu makareuji.		
BOR-CORBO-BM-ACT-008-014	ATOS DOS APÓSTLOS	ACT	8	14	Apostolodoge emugure Jerusalém tadadu, emeardure Samaria kejewuge ei tugeragu Pao bataru jituji, icare ere Pedro mare João etudo toro etae.		
BOR-CORBO-BM-ACT-008-015	ATOS DOS APÓSTLOS	ACT	8	15	Awuge etaregodure toro du kejere icare enogwamagudure Paoji nowu meartorure maiwuge eparu tabo, Aroe Pemegareu makuduwo etai.		
BOR-CORBO-BM-ACT-008-016	ATOS DOS APÓSTLOS	ACT	8	16	Awurema karega, nowu du kodi Aroe Pemegareu makudukare ia etai ia etai roga, mare etao pegododure Jesus ie tabo tu je.		
BOR-CORBO-BM-ACT-008-017	ATOS DOS APÓSTLOS	ACT	8	17	Du kodi icare nowu apostolodoge ei pobedu ere tugera bu etaora keje Aroe Pemegareu makuduwo etai du bogai.		
BOR-CORBO-BM-ACT-008-018	ATOS DOS APÓSTLOS	ACT	8	18	Icare cewu Simão jordure Aroe Pemegareu makudui etai Apostolodoge ei tugera bu etaora keje du tabo duji, icare akore tumoduie diiero maku etai, tagoi oino du tabo: -		
BOR-CORBO-BM-ACT-008-019	ATOS DOS APÓSTLOS	ACT	8	19	Awu taro raka maku inai jamedu ma, imode ikera bu aora kejewu jamedu boe Aroe Pemegareu makuduwo etai.		
BOR-CORBO-BM-ACT-008-020	ATOS DOS APÓSTLOS	ACT	8	20	Icare Pedro akore bataru jipagi: - Ako diiero okwawo pi tuku akabo, ameardaere Pao o boe pemegareu akomoduie diiero morice du koia.		
BOR-CORBO-BM-ACT-008-021	ATOS DOS APÓSTLOS	ACT	8	21	Awu Pao maragodae ia koborogu makudukare akai rugadu, paga karega, awabo rorogodure Pao jekai kodi.		
BOR-CORBO-BM-ACT-008-022	ATOS DOS APÓSTLOS	ACT	8	22	Akodorogado ai awu aro pegareuji, akogwamagududo Paoji, boe jokodu kare kare, awu aro pegareu okwawo.		
BOR-CORBO-BM-ACT-008-023	ATOS DOS APÓSTLOS	ACT	8	23	Mare paga karega, itaiwo nure ai, jirireboe kuricigoreu tadare amugure, boe pegareu ure akogudo.		
BOR-CORBO-BM-ACT-008-024	ATOS DOS APÓSTLOS	ACT	8	24	Icare nowu Simão akore: - Tagogwamagududo Paoji iparu tabo ma, tamagore jiboe iaboe iaboe ekawo tudowuje ii.		
BOR-CORBO-BM-ACT-008-025	ATOS DOS APÓSTLOS	ACT	8	25	"Icare apostolodoge ereadodure Pao bataruji, tui tuiodo keje turo pemegareu tabo du tabo, du keje icare ere tugirimi Jerusalém kae. Ere Pao bataru kogado Samaria kejewuge eno moto kao.
Etiópia kejewuge eimejerago utugare kurireu."		
BOR-CORBO-BM-ACT-008-026	ATOS DOS APÓSTLOS	ACT	8	26	Icare Pao o tupa aregodure Filipe ae, akore ji: - Aragojedo, atudo woje cebegi, ure turawuje Jerusalém pijiwu nowu moto biororeu iei Gaza cedu kaewu awaraji.		
BOR-CORBO-BM-ACT-008-027	ATOS DOS APÓSTLOS	ACT	8	27	Icare Filipe ure turagojedo, uture toro. Boekarema, ia Etiopia kejewu ia eunuco imedu, duwure Etiopia kejewuge eimejerago iei Candace cedu utugare kurireu rema, jeture oroe jamedu boeji, du uture Jerusalemto togwamaguduwo Pao uwai tada.		
BOR-CORBO-BM-ACT-008-028	ATOS DOS APÓSTLOS	ACT	8	28	Icarema unure tugirimi to imaridoreu tabo, du tabore makore profeta Isaias o baperaji.		
BOR-CORBO-BM-ACT-008-029	ATOS DOS APÓSTLOS	ACT	8	29	Icare Aroe Pemegareu makore Filipeji, akore: - Apuredu pemegado nowu imaridoreuji.		
BOR-CORBO-BM-ACT-008-030	ATOS DOS APÓSTLOS	ACT	8	30	Icare Filipe ure tuburedo ji, meardure cewu eunuco makoi profeta Isaias o bapera 1atugoji. Icare unorare ji akore: - Are boe pa amagoi bapera jituji? Aerduware ji?		
BOR-CORBO-BM-ACT-008-031	ATOS DOS APÓSTLOS	ACT	8	31	Akore: - Inoba iorduwamode, boekai inodu kogado iwiegai du tabo?  Icare makore Filipeji rutuwo uwo tumugudo tumegi.		
BOR-CORBO-BM-ACT-008-032	ATOS DOS APÓSTLOS	ACT	8	32	Boekare, padure bapera kejeboe reo: “Ere reko bitoduwo umagai ia barogo rogu ureore, umagai mako bokwareu ia cordeiro rogu du ere bu rogu kado du reore, du reorere ukare togwa jado.		
BOR-CORBO-BM-ACT-008-033	ATOS DOS APÓSTLOS	ACT	8	33	Ure tuwiegado du koiare ere pegado, Ioguduba umode ore eremagu? Paga karega bimode du kodi”. (Is 53,7s).		
BOR-CORBO-BM-ACT-008-034	ATOS DOS APÓSTLOS	ACT	8	34	Icare nowu eunuco akore Filipeji: - Areadodudo iwiegai ioguduba jiba profeta akoino? pudumi na? ia tumeduiaji na?		
BOR-CORBO-BM-ACT-008-035	ATOS DOS APÓSTLOS	ACT	8	35	Du kodi icare readodure. Ure tuwadaru paru tawuje nowu padure bapera kejewu bataru piji, icare readodure biegai Jesus jiboeji.		
BOR-CORBO-BM-ACT-008-036	ATOS DOS APÓSTLOS	ACT	8	36	Eture todobiji, du tabore etaregodure ia pobo ja kae, icare nowu eunuco akore: - Pobo reo. Kodiba umodukare turugadu itao pegododuwo?		
BOR-CORBO-BM-ACT-008-037	ATOS DOS APÓSTLOS	ACT	8	37	Icare Filipe akore: - Ameartorumode awabo jamedu tabo du keje, umode turugadu. Icare akore: - Imeartorure Pao Onaregedui Jesus Cristo ceduji.		
BOR-CORBO-BM-ACT-008-038	ATOS DOS APÓSTLOS	ACT	8	38	Ure imaridoreu buredo, icare ei pobedu ere turawuje pobo kae, icare Filipere nowu eunuco ao pegodo tu je.		
BOR-CORBO-BM-ACT-008-039	ATOS DOS APÓSTLOS	ACT	8	39	Ere tudawuje pobo piji kuri je du kejere icare Pao o Aroe Pemegareu ure tugeragu Filipeji pi tuku toro eunuco joku piji. Icare nowu eunuco uture todobiji tadawaraji, tuiegare kuricigo tabo.		
BOR-CORBO-BM-ACT-008-040	ATOS DOS APÓSTLOS	ACT	8	40	"Du tonajire Filipe rekodudodure Azoto kae. Icare uture toro kujebiji, ure Pao bataru kogado bakurireuge eiamedu tada, jii taregodui Cesaréia moto kae du kae




. Saulo meartorui Pagimejera bataru jidu."		
BOR-CORBO-BM-ACT-008-001	ATOS DOS APÓSTLOS	ACT	8	1	Du tonajire icare Saulore akedo pudui tuwo Pagimejerare jorduwadowuge epagududo tuwo ewido. Du kodi icare uture sacerdotedoge eimejera ae.		
BOR-CORBO-BM-ACT-008-002	ATOS DOS APÓSTLOS	ACT	8	2	Makore ji bapera bogai tuduwo Damasco bakurireu kejewu judeudoge ere tudo pui tumagowo Pao o baperaji tadawu baidoge eiere sinagogadoge cedu etae. Aidure tuwo meartorureuge ime areme eiamedu reko ekera kogu tabo, toro Jerusalém kae.		
BOR-CORBO-BM-ACT-008-003	ATOS DOS APÓSTLOS	ACT	8	3	Boekarema, kodure awaraji du tonaji, puredu tu Damasco bakurireuji, icare, aregodure baru pijiwu ia urugureboe rakareu ure taiado apo pi tuku je.		
BOR-CORBO-BM-ACT-008-004	ATOS DOS APÓSTLOS	ACT	8	4	Emarema, buture moto kae tuku. Icare meardure ia boe emagoji akore ji: - Saulo, Saulo, kodiba akonare ii awo iwido?		
BOR-CORBO-BM-ACT-008-005	ATOS DOS APÓSTLOS	ACT	8	5	Icare Saulo akore ji: - Ikimejera, ioguduba akiba?  Icare Pagimejera akore ji: - Jesus nure imi dure are aiagu iwido. Boe pegareure, ai awure to meriri oto todu rema.		
BOR-CORBO-BM-ACT-008-006	ATOS DOS APÓSTLOS	ACT	8	6	Icare amagadure tubagudu koia, icare akore: - Ikimejera, inoba akaidure irowo? Icare Pagimejera akore ji: - Aragojedo, awo aremo bakurireuto, du kejere boe emagomode ai inoba aromode duji.		
BOR-CORBO-BM-ACT-008-007	ATOS DOS APÓSTLOS	ACT	8	7	Boekarema, uture apowuge epagudu rakaguragare, eemeradure makoji, mare eerdukare boeji.		
BOR-CORBO-BM-ACT-008-008	ATOS DOS APÓSTLOS	ACT	8	8	Du kejere icare Saulo ure turagojedo moto piji, ure tuioku jado, mare jordukare boeji.		
BOR-CORBO-BM-ACT-008-009	ATOS DOS APÓSTLOS	ACT	8	9	"Du kodire icare uture apowuge ere tugeragu ieraji du apore ere turemo Damasco bakurireuto, du tadare mugure merire pobe ma awu metuia bokware jordukai, okwagekai, kudukai boece du tabo.
Ananias ure Saulo ao pegodo."		
BOR-CORBO-BM-ACT-008-010	ATOS DOS APÓSTLOS	ACT	8	10	Boekimorema, ia meartorureu imedu iei Ananaias cedu mugure Damasco tada. Pagimejera makore ji unuiao tada, akore: - Ananias, Ananias. Akore: - Ikimejera, imireo.		
BOR-CORBO-BM-ACT-008-011	ATOS DOS APÓSTLOS	ACT	8	11	Icare Pagimejera akore ji: - Aragojedo, atudo toro ia awara iei jetororeu cedu kae, icare anorare ia Tarso pijiwu imedu iei Saulo cedu bogai, Judas uwai tada. Unure togwa kurido.		
BOR-CORBO-BM-ACT-008-012	ATOS DOS APÓSTLOS	ACT	8	12	Du tonajire nowu Saulo jordure tunuiao tada ia imedu iei Ananias cedu ui turemo tuwo tugera bu tuwugeje tuiorduwo pugejeduji.		
BOR-CORBO-BM-ACT-008-013	ATOS DOS APÓSTLOS	ACT	8	13	Icare Ananias akore pagimejeraji: - Ikimejera, makareuge emagore iwiegai awu imedu jiboeji. Uie ure turo pegado meartorure aiwugei, Jerusalém tada duji.		
BOR-CORBO-BM-ACT-008-014	ATOS DOS APÓSTLOS	ACT	8	14	Woerema ure bapera arego sacerdotedoge eiemejerage ekera piji tuwo tugeragu meartorure aiwuge eiameduji.		
BOR-CORBO-BM-ACT-008-015	ATOS DOS APÓSTLOS	ACT	8	15	Mare Pagimejera akore ji: - Atudo toro ae, paga karega, ire nowu imedu tawuje tuwo itagaru reko boe eiamedu boe etae, boe eimejerage eegai, Israeldoge eegai jamedu.		
BOR-CORBO-BM-ACT-008-016	ATOS DOS APÓSTLOS	ACT	8	16	Imode udo boe pa uie turugadu boewo togorido igoia duji.		
BOR-CORBO-BM-ACT-008-017	ATOS DOS APÓSTLOS	ACT	8	17	Du kodi icare Ananias uture, ure turemo nowu baito, ure tugera bu ao keje, akore: - Iwie Saulo, Pagimejera Jesus ure towadudo awaraji aegaidu, ure itudo mato akae, aeku jadoduwo pugeje, akaroe okorobaduwo Aroe Pemegareu tabo du bogai.		
BOR-CORBO-BM-ACT-008-018	ATOS DOS APÓSTLOS	ACT	8	18	Du keje kuri je, iaboe ui nono kare ewodoredu buture joku piji, du tabore icare jordure pugeje. Ure turagojedo taci je, icare ao pegododure.		
BOR-CORBO-BM-ACT-008-019	ATOS DOS APÓSTLOS	ACT	8	19	"Du keje okwagere, icare rakare pugeje. Mugure nowu Pagimejerare jorduwadowuge ebo, nowu Damasco keje meri makakare.
Saulo uwadodae boetojiwu Damasco kejedu."		
BOR-CORBO-BM-ACT-008-020	ATOS DOS APÓSTLOS	ACT	8	20	Du tonajire kuri je uwadodure sinagogadoge ekao, akore boe ewiegai Pao Onaregeduie ure Jesus Cristo ceduji.		
BOR-CORBO-BM-ACT-008-021	ATOS DOS APÓSTLOS	ACT	8	21	Meardure bataru jiwuge eiamedu boe eebogodure, egore: - Cewu onare meartorure Jesus jiwugei Jerusalém tada kanao? Aregodukana tuwo erego ekera kogu tabo toro sacerdotedoge eimejerage etae?		
BOR-CORBO-BM-ACT-008-022	ATOS DOS APÓSTLOS	ACT	8	22	Saulorema, ure boe pa turo raka awadu iure, ure Damasco kejewu judeudoge epogurudo, tago awadui Jesusie Cristo rema.		
BOR-CORBO-BM-ACT-008-023	ATOS DOS APÓSTLOS	ACT	8	23	Meri makakare du keje icare judeudoge ere tudo pui, ere tumeardaedo tuwo bito.		
BOR-CORBO-BM-ACT-008-024	ATOS DOS APÓSTLOS	ACT	8	24	Awu emeardae aregodure Saulo biaja kae. Emagerema eedure bakurireu baiporo keje meriji boecoji, tuwo bito.		
BOR-CORBO-BM-ACT-008-025	ATOS DOS APÓSTLOS	ACT	8	25	"Mare meartorureuge ere tugeragu ji boecoji, ere rawuje nowu bakurireu tori paru joki, metui kodo tada du tabo.
Saulo maragodae Jerusalém tadadu."		
BOR-CORBO-BM-ACT-008-026	ATOS DOS APÓSTLOS	ACT	8	26	Du pijire icare aregodure Jerusalemto. Aidure tuwo tumeduiado meartorureuge ebo, mare eiamedu boe epagudu nure ce, emeartorukare meartoruie Jesus jituji.		
BOR-CORBO-BM-ACT-008-027	ATOS DOS APÓSTLOS	ACT	8	27	Du kodi icare Barnabé ure tugeragu ji pudabo, ure reko apostolodoge etae, readodure ewiegai jorduie Pagimejeraji awara keje, pagimejera makoe ji, uie Jesus akaru kogado taidu raka tabo Damasco tada duji.		
BOR-CORBO-BM-ACT-008-028	ATOS DOS APÓSTLOS	ACT	8	28	Du otobijire icare, Saulo mugure ebo, tui tudawuje Jerusalém piji, tui turemo to pugeje, tui Pao akaru kogado tubagudu bokwa tabo.		
BOR-CORBO-BM-ACT-008-029	ATOS DOS APÓSTLOS	ACT	8	29	Makore Grécia kejewu judeudogei jamedu, awugerema etaidure tuwo bito.		
BOR-CORBO-BM-ACT-008-030	ATOS DOS APÓSTLOS	ACT	8	30	Icare meartorureu umanamage ere boe pa, du kejere icare eture apo jii Cesaréia kae, du pijire ere utudo toro Tarso bakurireu kae.		
BOR-CORBO-BM-ACT-008-031	ATOS DOS APÓSTLOS	ACT	8	31	"Nowu du kodi Pao o Igreja butugugodure Judéia o moto jamedu keje, Samaria keje. Ricodure tumeardu kurii Pao jitu tabo. Aroe Pemegareu koiare ure eidodudo.
Pedro maragodui Lida kejedu."		
BOR-CORBO-BM-ACT-008-032	ATOS DOS APÓSTLOS	ACT	8	32	Pedro meru merure boe jameduji, bakurireu jameduji, ure turawuje Lida kejewu meartorureuge etae jamedu.		
BOR-CORBO-BM-ACT-008-033	ATOS DOS APÓSTLOS	ACT	8	33	Nonore jordure ia imedu iei Enéias cedu, du padu pagare tuba keje jii jorure ikera awubodure pobe ma jewu metuia bokware ikera awobowuto padu pagai tuba kejeduji, ukare tubogora inogido kodi.		
BOR-CORBO-BM-ACT-008-034	ATOS DOS APÓSTLOS	ACT	8	34	Icare Pedro akore ji: - Enéias, Jesus Cristo koiare ure apemegago. Aragojedo, akera pemegado apaji. Kuri je ure turagojedo taci je.		
BOR-CORBO-BM-ACT-008-035	ATOS DOS APÓSTLOS	ACT	8	35	"Icare Lida kejewuge eiamedu boe, Saron kejewuge eiamedu boe eerdure ji, du kodi icare emeartorure Pagimejeraji.
Ia aredu jewodui Jope kejedu."		
BOR-CORBO-BM-ACT-008-036	ATOS DOS APÓSTLOS	ACT	8	36	Icare Jope bakurireu tadare ia meartorureu aredu iei Tabita cedu, mugure nono. Gregodoge ewadaru tabo iere Dorkas. Awu aredu pemegaguragare boei. Ure toroe maku maku du kuricigodo marenarue etai.		
BOR-CORBO-BM-ACT-008-037	ATOS DOS APÓSTLOS	ACT	8	37	Boekimorema, nowu boe keje, kogodure, icare bire. Icare ere aimo du keje, erudure apo bairia cobojewu kae.		
BOR-CORBO-BM-ACT-008-038	ATOS DOS APÓSTLOS	ACT	8	38	Lida bakurireu mugu puredure tu Jope bakurireuji. Du kodi icare Jope tadawu meartorureuge emeardure Pedro mugui Lida tadaduji. Icare ere imei pobedu etudo toro togwamaguduwo ji: - Mato cedae kuri je.		
BOR-CORBO-BM-ACT-008-039	ATOS DOS APÓSTLOS	ACT	8	39	Icare Pedro ure turagojedo kuri je, icare uture ebo. Aregodure du keje kuri je, ere reko cobojiwu bairiato. Ukoge bire pijiwu areme eiamedu boe ere tubodo Pedro apo, icare etoragudure tuiamedu tabo, ere jordudo nowu Dorkare tugera pemegado pudaewu eroia boareu boe, ia tugudae makareuji.		
BOR-CORBO-BM-ACT-008-040	ATOS DOS APÓSTLOS	ACT	8	40	Icare Pedrore eiamedu jeebu baawadu kae, du kejere icare ure tubujodo moto keje, okwamagudure Paoji. Du kejere ure tugirimi nowu bireudo ae, du tabore akore: - Tabita, aragojedo!  Icare ure tuioku jado, jordure Pedroji, icare ure tumugudo.		
BOR-CORBO-BM-ACT-008-041	ATOS DOS APÓSTLOS	ACT	8	41	Icare Pedro ure tugera raido iera kae, ure turagojedo. Icare makore tuwiemage ewogai, nowu ukoge bokwareuge ewogai jamedu, ure maku etai jewodu tabo.		
BOR-CORBO-BM-ACT-008-042	ATOS DOS APÓSTLOS	ACT	8	42	Awu akaru ure tumaedo Jope jameduji, du kodi icare makareuge emeartorure Paoji.		
BOR-CORBO-BM-ACT-008-043	ATOS DOS APÓSTLOS	ACT	8	43	Pedro mugure Jope tada meri makaguragare, ia ure barege ewiri pemegadowu imedu iei Simão cedu uwai tada.		
BOR-CORBO-BM-ACT-010-HEAD-001	ATOS DOS APÓSTLOS	ACT	10		Judeukare emawu meartorure Pagimejeraji boetojiwu ia tugobaigarege eimejera iei Cornlio cedu.		Cabeçalho/subtítulo editorial da fonte.
BOR-CORBO-BM-ACT-010-001	ATOS DOS APÓSTLOS	ACT	10	1	Nowu du kodi ia imedu iei Cornélio cedu, mugure Cesaréia keje, duwure ia Itália pijiwu tugobaigarege eimejera nure ema,		
BOR-CORBO-BM-ACT-010-002	ATOS DOS APÓSTLOS	ACT	10	2	Rore nono Pao aidu reore. Meartorure Paoji tuwobe eiamedu tabo. Ure toroe maku makudu kuricigodo marenarue etai, okwamagudure jii je Paoji.		
BOR-CORBO-BM-ACT-010-003	ATOS DOS APÓSTLOS	ACT	10	3	Ia meri keje, meri jogodu tabo, awu imedu jordu awadure ia Pao o tupai tuburedo pudui duji, akoi: - Cornélio, Cornélio. oino pudui duji.		
BOR-CORBO-BM-ACT-010-004	ATOS DOS APÓSTLOS	ACT	10	4	Icare Cornélio ure tuioku kidudo ji tubagudui ce du tabo, akore: - Kaboba, Ikimejera?  Nowu Pao o tupa akore: - Akogwamagudure bogaiboe, are maku marenarue etaiboe, aregodure Pao jekai du kodire biapagare ai.		
BOR-CORBO-BM-ACT-010-005	ATOS DOS APÓSTLOS	ACT	10	5	Du kodire amode ia ime etudo Jope bakurireu kae, emagowo ia imedu iere Simão cedu bogai, du ie bio Pedro rema, utuwo mato.		
BOR-CORBO-BM-ACT-010-006	ATOS DOS APÓSTLOS	ACT	10	6	Emare mugure ia ure barege ewiri pemegadowu imedu iei Simão cedu uwai tada. Uwai mugure pobo maereu okwai.		
BOR-CORBO-BM-ACT-010-007	ATOS DOS APÓSTLOS	ACT	10	7	Icare Pao o tupa uture piji du kejere, makore tudugarege ei pobedu ewogai, makore ia tugobaigare mugure pudabowu, meartorure Pao jiwu bogai.		
BOR-CORBO-BM-ACT-010-008	ATOS DOS APÓSTLOS	ACT	10	8	"Icare readodure ewiegai tuiordure jiboe jamedu boeji, icare ure etudo Jope bakurireu kae.
Pedro jordure jiboe."		
BOR-CORBO-BM-ACT-010-009	ATOS DOS APÓSTLOS	ACT	10	9	Nowu meri rekodaji, emeru kimoi puredu tu nowu bakurireu jitu tonaji, meri pagaia keje, Pedro ruture bai ao boareu kae tuwo togwa kurido.		
BOR-CORBO-BM-ACT-010-010	ATOS DOS APÓSTLOS	ACT	10	10	Icare uke boire ji, icare aidure togwagewo. Mare ere uke pemegado du tonaji, ure tunuiao pemegado taci je.		
BOR-CORBO-BM-ACT-010-011	ATOS DOS APÓSTLOS	ACT	10	11	Icare jordure barui tuiado duji, iaboe ure nono ia aroia kurireu ui turawuje baru piji moto kae, oto kogure pobe puibiji duji.		
BOR-CORBO-BM-ACT-010-012	ATOS DOS APÓSTLOS	ACT	10	12	Nowu aroia tadare barege eiamedu, kiege eiamedu, awague eiamedu meture tada.		
BOR-CORBO-BM-ACT-010-013	ATOS DOS APÓSTLOS	ACT	10	13	Icare iaboe emagore ji: - Pedro, aragojedo, awo bito, awo kowuje.		
BOR-CORBO-BM-ACT-010-014	ATOS DOS APÓSTLOS	ACT	10	14	Icare Pedro akore: - Umodukare ino, Ikimejera! Ikare boe pegareu kowuje jii je rugadu.		
BOR-CORBO-BM-ACT-010-015	ATOS DOS APÓSTLOS	ACT	10	15	Icare nowu boe emago akore ji pugeje: - Amago pega kaba Paore pemegado boeji, akagokaba pegaie.		
BOR-CORBO-BM-ACT-010-016	ATOS DOS APÓSTLOS	ACT	10	16	Awu inodure tuguwo pobe pugeje. Du kejere nowu aroia kurireu todure baruto pugeje.		
BOR-CORBO-BM-ACT-010-017	ATOS DOS APÓSTLOS	ACT	10	17	Pedrore tumeardaedo nowu jordure jiboeji, kabobao? Du tonajire icare nowu Corneliore etudo torowu ime eragojere baiporo keje tuiemarui Simão uwai bogai.		
BOR-CORBO-BM-ACT-010-018	ATOS DOS APÓSTLOS	ACT	10	18	Ere tugera to baiporoji, enorare boei Simão iei Pedro cedu mugu rakuduie nono du bogai.		
BOR-CORBO-BM-ACT-010-019	ATOS DOS APÓSTLOS	ACT	10	19	Pedro meardu nure tuiordure jiboeji du tonajire icare Aroe Pemegareu akore ji: - Ica, imei pobe ma jewu metuia bokwaredu eemaru nure awogai, duwuge emugure nono.		
BOR-CORBO-BM-ACT-010-020	ATOS DOS APÓSTLOS	ACT	10	20	Aragojedo, arawuje, atudo ebo apagudu bokwa tabo, inure etudo mato awogai du kodi.		
BOR-CORBO-BM-ACT-010-021	ATOS DOS APÓSTLOS	ACT	10	21	Icare Pedrore turawuje, jordure nowu imei, icare akore ei: - Imireo. Taemarure bogaiwu imireo. Kaboba bogaiba taroino?		
BOR-CORBO-BM-ACT-010-022	ATOS DOS APÓSTLOS	ACT	10	22	Icare egore: - Tugobaigarege eimejera Cornélio, imedu pemegareu, meartorure Pao jiwu, duwure judeudoge eiamedu jordu pemegare ji, emare jordure Pao ia o tupaji, duwure akore ji makoiagu awogai, mearduwo awadaruji.		
BOR-CORBO-BM-ACT-010-023	ATOS DOS APÓSTLOS	ACT	10	23	"Icare Pedro makore ei ewo turemo. Icare ure emugudo tuwai tada, enuduwo nono. Barogwatore icare uture ebo, ia Jope kejewu uwiemage ebo jamedu.
Pedro rakojei Cesaréia kejedu."		
BOR-CORBO-BM-ACT-010-024	ATOS DOS APÓSTLOS	ACT	10	24	Nowu meri rekodajire icare etaregodure Cesaréia kae. Nowu Cornélio upaga nure ewogai. Makore tuwobei, makore tumeardu kurire jiwu tumedagei, ure ewie, du kodire emugure uwai tada tubaga tabo ewogai.		
BOR-CORBO-BM-ACT-010-025	ATOS DOS APÓSTLOS	ACT	10	25	Pedrore tuiagu turemo du kejere Cornélio ure tudawuje tuwo tugeragu ji, icare ure tubujodo Pedro bure paru tuwo tubujodo ji.		
BOR-CORBO-BM-ACT-010-026	ATOS DOS APÓSTLOS	ACT	10	26	Boekimorema, Pedrore rakojedo taci je, akore ji: - Pao Kurireu karega ure imi, imedu nure imi jamedu, aragojedo.		
BOR-CORBO-BM-ACT-010-027	ATOS DOS APÓSTLOS	ACT	10	27	Icare, makoi jitu tabore icare, Pedrore turemo uwaito, jordure boe makareuge eedui nonoduji, akore ei: -		
BOR-CORBO-BM-ACT-010-028	ATOS DOS APÓSTLOS	ACT	10	28	Taerduware ukae turugadu ia judeu uwo tumeduiado ia moto tuginoiwu pijiwu imeduji, iarema uwo turemo uwaito, macare Paore iorduwado ukae turugadu cewo iaboe iaboe ewarigu cebiji.		
BOR-CORBO-BM-ACT-010-029	ATOS DOS APÓSTLOS	ACT	10	29	Du kodire itaregodure mato kuri je, boe emagore iwogai du keje. Kode, kodiba tagagoino iwogai?		
BOR-CORBO-BM-ACT-010-030	ATOS DOS APÓSTLOS	ACT	10	30	Icare Cornélio akore ji: - Merire pobe puibiji du otodaire, imugure iwai tada imagoi Pao jitu tabo, meri jogodu tabo, du tonajire icare ia aroia kigadureu meture jiwu imedu ure towadudo iegai, akore ii:		
BOR-CORBO-BM-ACT-010-031	ATOS DOS APÓSTLOS	ACT	10	31	Cornélio, akogwamagudure bogaiboe aregodure Pao ae, Pao biabuture are maku marenarue etaiboe bukeje.		
BOR-CORBO-BM-ACT-010-032	ATOS DOS APÓSTLOS	ACT	10	32	Du kodi icare amode iaboe etudo Jope bakurireu kae, makowo ia Simão iei Pedro cedu bogai, utuwo mato. Mugure ia barege ewiri pemegadowu imedu uwai tada, pobo maereu okwai.		
BOR-CORBO-BM-ACT-010-033	ATOS DOS APÓSTLOS	ACT	10	33	Du kodi icare ire boedo tumagowo awogai kuri je, atuwo mato, icare iegarere atui mato duji. Oinore icare, cegireo cedui pui Pao jekai, cemearduwo Paore amagodo cewiegaiboe jamedu boeji.		
BOR-CORBO-BM-ACT-010-034	ATOS DOS APÓSTLOS	ACT	10	34	Icare Pedrore tuwadaru parudo, akore: - Boe jokodu iorduware Pao ukae iaboe iaboe kurido iaboe biegado pugori duji.		
BOR-CORBO-BM-ACT-010-035	ATOS DOS APÓSTLOS	ACT	10	35	Mare boe eeda jamedu boe keje aidu pemegare meartorure jiwugei, ro pemegareuge eiamedu boeji.		
BOR-CORBO-BM-ACT-010-036	ATOS DOS APÓSTLOS	ACT	10	36	Paore tuwadaru maku Israeldoge etae, ure boe pemegareu, boe butugureu readodudo ewiegai Jesus Cristo okwabiji, dure boe eiamedu boe eimejera nure ema.		
BOR-CORBO-BM-ACT-010-037	ATOS DOS APÓSTLOS	ACT	10	37	Taerduware awu jamedu boe ui tudowuje Judéia keje, tui paru tugu Galiléia piji, João o boe etaimodu rekodaji.		
BOR-CORBO-BM-ACT-010-038	ATOS DOS APÓSTLOS	ACT	10	38	Taerduware Paoi Jesus Nazaré kejewu kurido Aroe Pemegareu tabo, turo raka tabo duji, du koiare ro pemegare, ure Aroe pegareu meture tadawuge epemegago, Pao mugure apo du koia.		
BOR-CORBO-BM-ACT-010-039	ATOS DOS APÓSTLOS	ACT	10	39	Cegire ceerdure, cereadodure, ure towuje Judéia keje boeji, Jerusalém tada boeji. Du kejere ere bito, ere tugu i padui pugajejedu keje.		
BOR-CORBO-BM-ACT-010-040	ATOS DOS APÓSTLOS	ACT	10	40	Mare Paore jewodudo meri pobe ma jewu metuia bokware du keje, ure udo towadudo.		
BOR-CORBO-BM-ACT-010-041	ATOS DOS APÓSTLOS	ACT	10	41	Mare eiamedu eegai karega, mare tu Pao aidure jiwuge eegai, ceegai, duwuge cenogwagere apo, cegudure apo, jewoduredu rekodaji.		
BOR-CORBO-BM-ACT-010-042	ATOS DOS APÓSTLOS	ACT	10	42	Ure cemagodo tuwadaruji boe etae, ure cereadodu pemegado Pudumie Paore jereuge, bireuge eimejerado Pudumi duji.		
BOR-CORBO-BM-ACT-010-043	ATOS DOS APÓSTLOS	ACT	10	43	Jire profetadoge eiamedu emagore meartorumode jiwuge eiamedu boe ero pegareu okwadodumoduie ie tabo.		
BOR-CORBO-BM-ACT-010-044	ATOS DOS APÓSTLOS	ACT	10	44	Boekarema, Pedro akoinodu tonaji, Aroe Pemegareu ure turawuje meardure bataru pemegareu jiwuge eiamedu boe ewugeje.		
BOR-CORBO-BM-ACT-010-045	ATOS DOS APÓSTLOS	ACT	10	45	Aregodure Pedro apowu meartorureu judeudoge eebogodu kuricigore tuiordui Aroe Pemegareu o boe pemegareu ui turorido biri kadodukareuge ewugeje jamedu jituji.		
BOR-CORBO-BM-ACT-010-046	ATOS DOS APÓSTLOS	ACT	10	46	Emeardure emagoi ia boe ewadaru tuginoiwu jituji, ei Pao kurido duji.		
BOR-CORBO-BM-ACT-010-047	ATOS DOS APÓSTLOS	ACT	10	47	Icare Pedro akore: - Umodukana turugadu awuge etao pegododuwo? Awurema karega, Aroe Pemegareu makudure etai ui nono makudure cenai du reore.		
BOR-CORBO-BM-ACT-010-048	ATOS DOS APÓSTLOS	ACT	10	48	Icare ure boedo etao pegodo Jesus Cristo ie tabo. Du kodi icare enogwamagudure ji emuguwo pudabo biegatu kimo.		
BOR-CORBO-BM-ACT-011-HEAD-001	ATOS DOS APÓSTLOS	ACT	11		Pedro ui tuwiemage Jerusalém kejewuge edo boe pa turoinoduji.		Cabeçalho/subtítulo editorial da fonte.
BOR-CORBO-BM-ACT-011-001	ATOS DOS APÓSTLOS	ACT	11	1	Du kejere icare apostolodoge, Judéia kejewu meartorureuge emeardure biri kadodukareuge ei tugeragu Pao bataruji jamedu duji.		
BOR-CORBO-BM-ACT-011-002	ATOS DOS APÓSTLOS	ACT	11	2	Du Kodi icare Pedro ruture Jerusalémto, du kejere icare enogituware ji.		
BOR-CORBO-BM-ACT-011-003	ATOS DOS APÓSTLOS	ACT	11	3	Egore: - Kodiba are aremo biri kadodukareuge ewaito, icare, akogwagere ebo?		
BOR-CORBO-BM-ACT-011-004	ATOS DOS APÓSTLOS	ACT	11	4	Macare Pedro readodure ewiegai ure tudowuje jamedu boeji, tagoi oino du tabo: -		
BOR-CORBO-BM-ACT-011-005	ATOS DOS APÓSTLOS	ACT	11	5	Inogwamagudu nure Paoji Jope bakurireu tada, icare ire ido ikinoi, du tabore iordure aroeji: iaboe ui nono aroia kurireu reore, oto kogure pobe puibiji, ure tudawuje baru piji puredu tu ii.		
BOR-CORBO-BM-ACT-011-006	ATOS DOS APÓSTLOS	ACT	11	6	Itaiwo birigodure ji, icare iordu awadure barege, awague, kiege barege, emedui tada duji.		
BOR-CORBO-BM-ACT-011-007	ATOS DOS APÓSTLOS	ACT	11	7	Icare imeardure ia boe emagoi iwiegai oino duji: Pedro, aragojedo awo bito, awo kowuje.		
BOR-CORBO-BM-ACT-011-008	ATOS DOS APÓSTLOS	ACT	11	8	Imirema, inagore: Umodukare ino, Ikimejera, iaboe iaboe pegareu ukare turemo iiagi jii je.		
BOR-CORBO-BM-ACT-011-009	ATOS DOS APÓSTLOS	ACT	11	9	Icare cewu boe emago akore iwiegai baru piji pugeje, akore: Amagokaba Paore pemegado boeji akagokaba pegaie.		
BOR-CORBO-BM-ACT-011-010	ATOS DOS APÓSTLOS	ACT	11	10	Awu inodu ure tudowuje pobe ma jewu metuia bokware, du kejere jamedu boe todure baruto pugeje.		
BOR-CORBO-BM-ACT-011-011	ATOS DOS APÓSTLOS	ACT	11	11	Du kejere icare ia ime ei pobe ma jewu metuia bokwaredu etaregodure nowu imugure tadawu bai kae, duwugere boere etudo iwogai Cesaréia piji.		
BOR-CORBO-BM-ACT-011-012	ATOS DOS APÓSTLOS	ACT	11	12	Boekimorema, Aroe Pemegareu akore ii ikoduwo ebo ipagudu bokwa tabo. Awu cewiemage ei ikera awubodure mito taci jedu ekodure itabo jamedu. Icare cere ceremo Cornélio uwaito.		
BOR-CORBO-BM-ACT-011-013	ATOS DOS APÓSTLOS	ACT	11	13	Emare icare readodure cewiegai tuiorduie ia Pao o tupa ui towadudo tuiegai akoi pudui oinodu jituji: Amode iaboe etudo Jope bakurireu kae tumagowo Simão iei Pedro cedu bogai.		
BOR-CORBO-BM-ACT-011-014	ATOS DOS APÓSTLOS	ACT	11	14	Emare makomode ai bakaru pemegareuji du koiare amode akinorudo, awobe eiamedu tabo.		
BOR-CORBO-BM-ACT-011-015	ATOS DOS APÓSTLOS	ACT	11	15	Icare ire iwadaru paru tawuje du tonajire kuri je Aroe Pemegareu ure turawuje ewugeje ure nono ure turawuje pawugeje marigu du reore.		
BOR-CORBO-BM-ACT-011-016	ATOS DOS APÓSTLOS	ACT	11	16	Du tabore icare iwiabuture Pagimejera akoino du keje: Joãore boe etao pegodo pobo tabo, tagirema tagao pegododumode Aroe Pemegareu tabo.		
BOR-CORBO-BM-ACT-011-017	ATOS DOS APÓSTLOS	ACT	11	17	Kode makudure meartorure jiwuge cenaiwu Pao o boe pemegareu mitodu makudure etai jamedu ma, ioguduba imiba iwo ituu Pao Aroe Eimejera aidu kuda?		
BOR-CORBO-BM-ACT-011-018	ATOS DOS APÓSTLOS	ACT	11	18	"Emeardure awu bataru jitu kejere icare emago bokware ji pugeje, ere Pao jekaredo, egore: - Kode, biri kadodukareuge etai jamedu Paore ero pegareu kiarigodae maku etai, etaregoduwo boe eerewo kae. 
Antioquia tadawu Pao uwobe eparu ui tudowujedu."		
BOR-CORBO-BM-ACT-011-019	ATOS DOS APÓSTLOS	ACT	11	19	Du tonajire nowu ure taodo boe jamedu boe kaowuge, cewu brae etonare pudui boe keje, Estêvão o meri keje, etaregodure Fenícia kae, Chipre kae, Antioquia kae, tui Pao bataru kogado tu judeudoge ewiegai du tabo.		
BOR-CORBO-BM-ACT-011-020	ATOS DOS APÓSTLOS	ACT	11	20	Mare ia Chipre kejewuge, ia Cirene kejewuge, enogore ekaodu, etaregodui Antioquia kae du keje, emagore gregodoge ei jamedu, ere Pagimejera o bakaru kogado ewiegai jamedu.		
BOR-CORBO-BM-ACT-011-021	ATOS DOS APÓSTLOS	ACT	11	21	Pagimejera mugure ebo du kodire icare boe makareuge emeartorure, ere tugirimi Pao ae.		
BOR-CORBO-BM-ACT-011-022	ATOS DOS APÓSTLOS	ACT	11	22	Awu boe jamedu boe akaru aregodure Jerusalém tadawu meartorureuge ewiegai. Du kodire ere Barnabé utudo Antioquia kae.		
BOR-CORBO-BM-ACT-011-023	ATOS DOS APÓSTLOS	ACT	11	23	Aregodure toro du kejere jekarere tumeardui Pao o boe pemegareu jitu koia, icare makore ei emugu kiduwo Pao apo, turo raka tabo.		
BOR-CORBO-BM-ACT-011-024	ATOS DOS APÓSTLOS	ACT	11	24	Paga karega, emare imedu pemegareu rema, meartoru kuricigore, Aroe Pemegareu mugure apo. Du kodire ia boe makareuge ere tumeduiado Paoce.		
BOR-CORBO-BM-ACT-011-025	ATOS DOS APÓSTLOS	ACT	11	25	Kuri je du keje icare Barnabé uture toro Tarso kae, tuiemaruwo Saulo bogai, icare jordure ji, ure reko Antioquia kae.		
BOR-CORBO-BM-ACT-011-026	ATOS DOS APÓSTLOS	ACT	11	26	Joru mito tu jedu oto kae, etu eture meartorureuge ere tudo puiwo kae tu tu tu je, ere makaguragareuge eerduwado. Du kodire Antioquia kejere nowu meartorure Cristo jiwuge eiere cristãodoge oino boetoji.		
BOR-CORBO-BM-ACT-011-027	ATOS DOS APÓSTLOS	ACT	11	27	Nowu kodiboe keje ia profetadoge ere turawuje Jerusalém piji Antioquia kae.		
BOR-CORBO-BM-ACT-011-028	ATOS DOS APÓSTLOS	ACT	11	28	Ia emage ui mito tu jedu iei Agabo cedu, ure turagojedo, icare Aroe Pemegareu koiare readodure ia boe eke boi moduie boei du kuricigomode moto jamedu boe keje. Boekimorema, awu boe eke boi aregodure nowu Cláudio brae eimejera kurireui pudumi du tonaji.		
BOR-CORBO-BM-ACT-011-029	ATOS DOS APÓSTLOS	ACT	11	29	Du kodi icare Antioquia kejeu meartorureuge etaidure tuwo tugera braredo, tuwo toroe maku Judéia kejewu tumanamage etai, tu tu, turoia reore.		
BOR-CORBO-BM-ACT-011-030	ATOS DOS APÓSTLOS	ACT	11	30	"Icare erore oino rugadu ere maku toro Barnabe, Saulo mage ekera tabo.

l2. Herodes onare Pao uwobei, ure Tiago bito."		
BOR-CORBO-BM-ACT-011-001	ATOS DOS APÓSTLOS	ACT	11	1	Nowu joru mitoduji, brae eimejera Herodes ure tudugarege edo ia meartorureuge eiemejerage ekera gogudo turoreruwo ei.		
BOR-CORBO-BM-ACT-011-002	ATOS DOS APÓSTLOS	ACT	11	2	"Du kodire ure João umana iei Tiago cedu bito toriga raireu tabo.
Pedro tugudure baicoreuto du pijire Paore inorudo."		
BOR-CORBO-BM-ACT-011-003	ATOS DOS APÓSTLOS	ACT	11	3	Icare nowu Herodes ure boe pa judeudoge etaiduie awu roinodu jitu duji, du kodire ure tudugarege edo Pedro ieragogudo jamedu. Awu inodu ure tudowuje nowu judeudoge ere amireu iogoae metukare tadawu kowuje jiwu meriji.		
BOR-CORBO-BM-ACT-011-004	ATOS DOS APÓSTLOS	ACT	11	4	Icare ure tudugarege edo iera gogudo, edo tugu baicoreuto. Ure tugobaigarege ei pobedu jetu nono eetuwo ji, rekodu kawo. Aidure tuwo boe eerdudo ji, nowu Páscoa rekodaji.		
BOR-CORBO-BM-ACT-011-005	ATOS DOS APÓSTLOS	ACT	11	5	Icare Pedro meture baicoreu tada, du tonajire icare Pao uwobe enogwamagudu nure Paoji jii je Pedro paru tabo.		
BOR-CORBO-BM-ACT-011-006	ATOS DOS APÓSTLOS	ACT	11	6	Boekarema, Herodes uiagu boe eerdudo jiwu meri otodaiwu boeco tada, Pedro unudu nure baicoreu tada, ia tugobaigarege ei pobedu etoiadoda, iera gogure meriri ikui pobe du tabo. Ia tugobaigarege eedure baiporo keje taiwo tabo ji.		
BOR-CORBO-BM-ACT-011-007	ATOS DOS APÓSTLOS	ACT	11	7	Boekimorema, Pao Aroe Eimejera ia o tupare ure towadudo. Kuri je boeragudure nowu bai otoji krk! Icare nowu tupare amagadudo Pedro meto, icare ure jetadudo, akore ji: - Aragojedo kuri je. Icare nowu meriri iku buture iera piji kuri tai je.		
BOR-CORBO-BM-ACT-011-008	ATOS DOS APÓSTLOS	ACT	11	8	Icare nowu tupa akore ji: - Akudawu tugu ai, awurekea kejewu tugu awurekoto. Icare rore ino rugadu. Icare nowu tupa akore ji pugeje: - Akudawu aroia bai tugu ai, ako itabo.		
BOR-CORBO-BM-ACT-011-009	ATOS DOS APÓSTLOS	ACT	11	9	Pedrore tudawuje, uture rekodaji tuiorduwakai boe jokoduie kodi karega; meardaere tunuiaoie ure duji.		
BOR-CORBO-BM-ACT-011-010	ATOS DOS APÓSTLOS	ACT	11	10	Ekodure boetojiwu tugobaigarege ekori, rekodajiwuge ekori jamedu. Du kejere etaregodure bakurireu okwaiwu baiporo meriri kurireu kae, ure tuiado taobiji, icare ere pagado kajeje taci, eture puapo nowu bakurireu kejewu ia awaraji, du keje icare kuri je nowu Pao o tupa okware pi tuku je.		
BOR-CORBO-BM-ACT-011-011	ATOS DOS APÓSTLOS	ACT	11	11	Du kejere icare Pedrore boe pa, icare akore: - Icare iordure boe jokoduie Pao koiaie ure to tupa arego iwogai tuwo ikinorudo Herodes iera piji, judeudoge epagare bogaiboe jamedu boe piji jamedu.		
BOR-CORBO-BM-ACT-011-012	ATOS DOS APÓSTLOS	ACT	11	12	Ure tumeardaedo du kejere icare uture João Marcos uce Maria uwai kae, nonore makareuge ere tudo pui tumagowo Paoji.		
BOR-CORBO-BM-ACT-011-013	ATOS DOS APÓSTLOS	ACT	11	13	Ure tugera to baiporoji, icare maragodure nonowu ia aredu iei Rosa cedu, uture jice tumearduwo ioguduba ba?		
BOR-CORBO-BM-ACT-011-014	ATOS DOS APÓSTLOS	ACT	11	14	Icare meardui Pedro mako jitu koia, ukare baiporo jado tuiegare koia, mare rekodure tuibagi toro baito tureadoduwo tumedage ewiegai Pedro rakojeie baiporo keje duji.		
BOR-CORBO-BM-ACT-011-015	ATOS DOS APÓSTLOS	ACT	11	15	Egore ji: - Akaora bai baire?  Akore ei pugeje ema rugaduie, ema rugaduie. Icare egore: - O Tupamode.		
BOR-CORBO-BM-ACT-011-016	ATOS DOS APÓSTLOS	ACT	11	16	Du tonajire icare Pedrore tugera to to baiporoji pugeje. Boe oto kejere icare ere baiporo jado, eerdure ji, icare erore poku, tori buture eiagi.		
BOR-CORBO-BM-ACT-011-017	ATOS DOS APÓSTLOS	ACT	11	17	Icare ure tugera onado ei emago kaiagu, icare readodure ei Pao Kurireu ui tuginorudo baicoreu pijiduji. Icare akore: - Tamode Tiago bie, tamode pawiemage ewie. Du kejere ure tudawuje nowu piji, uture ia boe eeda kae.		
BOR-CORBO-BM-ACT-011-018	ATOS DOS APÓSTLOS	ACT	11	18	Barogwatore icare tugobaigaegere tumorora amagadure du kuricigodo nowu ure tudowuje Pedro jitu koia.		
BOR-CORBO-BM-ACT-011-019	ATOS DOS APÓSTLOS	ACT	11	19	"Herodes jemarure bogai, jordukare ji, du kodire boedo tugogado nowu tugobaigaregei, icare ure edo ewido. Boe raikare du kejere icare Herodes ure tudawuje nowu Judéia moto piji, nowu Cesaréia kae, icare rakojere nono.
Herodes bi."		
BOR-CORBO-BM-ACT-011-020	ATOS DOS APÓSTLOS	ACT	11	20	Herodes rugodu nure nowu Tiro, Sidnia kejewugei. Awugerema emagore pui, du kejere eture ae, icare enogwamagudure ia utugare iei Blasto ceduji makowo ji, butuguguduwo pudui (Paga karega, awu Blastore etaidure jiwu boe eke maku maku etai).		
BOR-CORBO-BM-ACT-011-021	ATOS DOS APÓSTLOS	ACT	11	21	Icare makore jiwu merijire icare Herodes ure brae eimejera epa aroia meture pudui du tabore ure tumugudo ture tugogado boei kejewu muga keje, du pijire makore ewiegai.		
BOR-CORBO-BM-ACT-011-022	ATOS DOS APÓSTLOS	ACT	11	22	Icare boere tugera to pui, egore: - Ia aroe eimejerare akoino!		
BOR-CORBO-BM-ACT-011-023	ATOS DOS APÓSTLOS	ACT	11	23	"Nowu inodu keje kuri je Pao o tupa ure okorido, ukare Pao jekaredo du koia. Icare ate ere kodu kowuje, icare bire.
Barnabé, Paulo mage ere tugirimi Antioquia kae."		
BOR-CORBO-BM-ACT-011-024	ATOS DOS APÓSTLOS	ACT	11	24	Du tonajire Pao bataru itodure, ure tumaedo tu tu tugori.		
BOR-CORBO-BM-ACT-011-025	ATOS DOS APÓSTLOS	ACT	11	25	Barnabá, Paulo mage ere tumaragodae akedudo Jerusalém keje, du kejere icare ere tugirimi Antioquia kae pugeje. Ere João iei Marcos cedu ko pudabo.		
BOR-CORBO-BM-ACT-013-HEAD-001	ATOS DOS APÓSTLOS	ACT	13		Barnabé mare Paulo emeru boetojiwu.		Cabeçalho/subtítulo editorial da fonte.
BOR-CORBO-BM-ACT-013-001	ATOS DOS APÓSTLOS	ACT	13	1	Antioquia tadawu Pao uwobe etada profetadogere, jorduwareugere jamedu. Ia emage reo: Barnabé Simão iei Coreu cedu, Lúcio Cirene pijiwu, Manam cewu Herodes metuia tugodui puregodajidu kimoboe keje, mare Saulo.		
BOR-CORBO-BM-ACT-013-002	ATOS DOS APÓSTLOS	ACT	13	2	Ia meri keje, awuge ere todorogado pudui, du kejere ere Pao jora ko, du tabore icare Aroe Pemegareu makore ei, akore: - Tamode Barnabé mare Saulo etawuje inai emaragoduwo itaidure jiboe keje.		
BOR-CORBO-BM-ACT-013-003	ATOS DOS APÓSTLOS	ACT	13	3	Du kejere icare, ei todorogado pudui dukejere, ere togwakurido eparu tabo, icare ere tugera bu ewugeje, du kejere ere etudo.		
BOR-CORBO-BM-ACT-013-004	ATOS DOS APÓSTLOS	ACT	13	4	Du koiare Aroe Pemegareu koiare ure etudo, du tabore eture bakurireu mugui pobo maereu okwai du iere Seléucia cedu kae. Du pijire eture ika kurireu tabo ia pobo aiare moto tabowu iei Chipre cedu kae.		
BOR-CORBO-BM-ACT-013-005	ATOS DOS APÓSTLOS	ACT	13	5	Etaregodure Salamina bakurireuto du kejere ere Pao bataru kogado nono judeudoge ere tudo pui tumagowo Pao bataru jiwu baidoge etada. João (Marcos) kodure ebo tuwo tugera braredo ei.		
BOR-CORBO-BM-ACT-013-006	ATOS DOS APÓSTLOS	ACT	13	6	Du kejere emerure jii je, nowu pobo aiare moto tabowu kajeje jii etaregodure Pafos bakurireuto, du tadare eerdure ia judeu iei Barjesu ceduji, duwure boe eekuri pagado turo tuginoiwu tabo, profeta pagareu nure ema.		
BOR-CORBO-BM-ACT-013-007	ATOS DOS APÓSTLOS	ACT	13	7	Mugure brae eimejera pemegareu iei Sérgio Paulo cedu apo. Awu brae eimejera makore Barnabé mare Saulo ewogai, aidure tumearduwo Pao bataruji kodi.		
BOR-CORBO-BM-ACT-013-008	ATOS DOS APÓSTLOS	ACT	13	8	Icare nowu profeta paga pagareu, du iere jamedu Elimas cedu, ure tonado ei, aidure tuwo nowu brae eimejera meartoru kado Paoji.		
BOR-CORBO-BM-ACT-013-009	ATOS DOS APÓSTLOS	ACT	13	9	Du kodi icare Saulo, du iere Paulo, Aroe Pemegareu mugui apo du koia, ure tuioku kidudo ji, akore: -		
BOR-CORBO-BM-ACT-013-010	ATOS DOS APÓSTLOS	ACT	13	10	Aroe pegareu onaregedu, ure boe eekuri pagadowu, batararodureu, onare boe jetororeu jiwu imedu, anure Pao Aroe Eimejera utawara jetororeu meki mekido.		
BOR-CORBO-BM-ACT-013-011	ATOS DOS APÓSTLOS	ACT	13	11	Ica, oinonore icare iera butumode awugeje, du koiare aeku bokwamode. Aerdumodukare meri jokuji jii boe emagomode ai pugeje du kae. Kuri je du kejere icare boeco buture joki, icare merure, ure taiado bai bai bai, jemarure ioguduba umode tugera maku pudai du bogai.		
BOR-CORBO-BM-ACT-013-012	ATOS DOS APÓSTLOS	ACT	13	12	"Nowu brae eiemejera tuiordui nowu Saulo ro rakareu jitu kejere icare, meartorure Paoji, jeebogodu kuricigore Paulo makore jiboeji.
Paulo uwadodae Antioquia bakurireu mugui Pisídia kejewu keje."		
BOR-CORBO-BM-ACT-013-013	ATOS DOS APÓSTLOS	ACT	13	13	Du kejere icare Paulo uture tumedage ebo ika kurireu tabo nowu Pafos bakurireu piji, etaregodure Perge bakurireu mugui Panfília moto kejewu kae. Nonore icare cewu João Marcos uture epiji, ure tugirimi Jerusalemto pugeje.		
BOR-CORBO-BM-ACT-013-014	ATOS DOS APÓSTLOS	ACT	13	14	Ekodure toro Perge bakurireu kori toro Antioquia bakurireu mugure Pisídia moto kejewu kae. Du kejere icare ere turemo judeudoge ere tudo pui tumagowo Pao bataruji tadawu baito, icare ere tumugudo.		
BOR-CORBO-BM-ACT-013-015	ATOS DOS APÓSTLOS	ACT	13	15	Du kejere boe emagore profetadoge eno baperaji, emagore boe eroiagudu padui bapera keje duji; du kejere nowu judeudoge ewai tadawu eimejerage emagore Saulo, Barnabé ewogai, egore: - Cemanamage, tagaidure tamagowo iaboeji boe ewiegai du keje, tamagodo.		
BOR-CORBO-BM-ACT-013-016	ATOS DOS APÓSTLOS	ACT	13	16	Icare Paulore turagojedo, ure tugana aogado boe etae, akore: -Israeldoge, meartorure Pao jiwuge tagi, tawiapagado.		
BOR-CORBO-BM-ACT-013-017	ATOS DOS APÓSTLOS	ACT	13	17	Israel uwobe eno Aroe Eimejera ure tugeragu paomagei pudae, ure eidodudo, emugui Egito keje du tonaji, du pijire ure etawuje tugana rakareu tabo.		
BOR-CORBO-BM-ACT-013-018	ATOS DOS APÓSTLOS	ACT	13	18	Jorui 40 du tonaji, ure enogwagedo ia kugaru awadure jiwu moto keje.		
BOR-CORBO-BM-ACT-013-019	ATOS DOS APÓSTLOS	ACT	13	19	Du kejere ure Canaã moto kejewu boe etuwobe makareuge eeda kedodo, icare ure nowu moto pedo etai jorui 45 du tonaji.		
BOR-CORBO-BM-ACT-013-020	ATOS DOS APÓSTLOS	ACT	13	20	Du kejere ure jeture eiwuge emagu etai jii Samuel aregodure du kae.		
BOR-CORBO-BM-ACT-013-021	ATOS DOS APÓSTLOS	ACT	13	21	Du kejere icare enogwamagudure ia boe eimejera kurireu bogai pudai. Du kejere icare Paore Saul, Cis onaregedu, Benjamim uwobe, maku etai jorui 40 du tonaji.		
BOR-CORBO-BM-ACT-013-022	ATOS DOS APÓSTLOS	ACT	13	22	Du kejere Paore Saul pijido, ure eimejera Davi maku etai, du jire Pao akore: Iordure Jessé onaregedu Daviji, itaidure jiwu imedu duwu romode itaidure jiboe jamedu boeji.		
BOR-CORBO-BM-ACT-013-023	ATOS DOS APÓSTLOS	ACT	13	23	Rekodajiwuge epijire Paore nowu ure boe einorudowu Jesus tawuje epiji uwo nono profetadoge emagore marigudu du reore.		
BOR-CORBO-BM-ACT-013-024	ATOS DOS APÓSTLOS	ACT	13	24	Nowu Jesus aregodu otodaire, Joãore boe eedorodowu boe etaimodu kogado, nowu Israel uwobe eiamedu boe ewiegai.		
BOR-CORBO-BM-ACT-013-025	ATOS DOS APÓSTLOS	ACT	13	25	Emare, tui tumaragodae akedudo du tonajire akore: Cewu tameardaere jiwu imedu, imi karega, mare iregodajire icare ia ikare irugadu iwo bure tadawu iku kiwujewu aregodumode.		
BOR-CORBO-BM-ACT-013-026	ATOS DOS APÓSTLOS	ACT	13	26	Iwiemage, Abraão ore tagi, meartorure Pao jiwugere tagi, pagaire awu umode paginorudowu bakaru rojaidodure.		
BOR-CORBO-BM-ACT-013-027	ATOS DOS APÓSTLOS	ACT	13	27	Paga karega, Jerusalém tadawuge mare eimejerage eerduwakare Jesusji, ere tugogado ji, ere bito, du tabore ere tumagore baperaji Sábado meri jiwu profetadoge ewadaru ere towuje.		
BOR-CORBO-BM-ACT-013-028	ATOS DOS APÓSTLOS	ACT	13	28	Enogwamagudure Pilatoji uwo bito, eerdukare ro pegareuji kodi karega.		
BOR-CORBO-BM-ACT-013-029	ATOS DOS APÓSTLOS	ACT	13	29	Icare ere bapera atugododure taboboe jamedu towuje, du kejere ere tawuje i padui pugajejedu piji icare ere tugu aroe eiaoto.		
BOR-CORBO-BM-ACT-013-030	ATOS DOS APÓSTLOS	ACT	13	30	Macare Pao Aroe Eimejera ure jewodudo bireuge epiji.		
BOR-CORBO-BM-ACT-013-031	ATOS DOS APÓSTLOS	ACT	13	31	Icare cewu ruture apo Galiléia piji Jerusalém kaewuge eerdure ji meri makaguragare du tonaji, duwugere ereadodure boe ewiegai.		
BOR-CORBO-BM-ACT-013-032	ATOS DOS APÓSTLOS	ACT	13	32	Cereadodu nure tawiegai Pao makore paedogamege eiboeji.		
BOR-CORBO-BM-ACT-013-033	ATOS DOS APÓSTLOS	ACT	13	33	Ure tumagore eiboe towuje etore ceegai, ure Jesus rakojedo ure nono bapera atugododure Pao roia tabodu reore: “Itonaregedu nure aki, awuji ire atowuje” (Sl 2,7).		
BOR-CORBO-BM-ACT-013-034	ATOS DOS APÓSTLOS	ACT	13	34	Paore tonaregedu jewodudo bireuge epiji ukawo tugirimi tubegagoduwo, ure nono ako reore: “Imode imagore Davi jiwu ino boe pemegareu maku tagai” (Is 55,3).		
BOR-CORBO-BM-ACT-013-035	ATOS DOS APÓSTLOS	ACT	13	35	Davi mitodu ia boe keje akore: “Amodukare atugare pemegareu kodu pegadodudo” (Sl 15,10).		
BOR-CORBO-BM-ACT-013-036	ATOS DOS APÓSTLOS	ACT	13	36	Aró, kode, Davi rore nono Pao ui turoiagudu reore du kejere bire. Tugudure mototo puredu tu taomagei, icare kodu pegagodure.		
BOR-CORBO-BM-ACT-013-037	ATOS DOS APÓSTLOS	ACT	13	37	Mare cewu Paore jewodudo biereuge epijiwu kodu pegagodukare.		
BOR-CORBO-BM-ACT-013-038	ATOS DOS APÓSTLOS	ACT	13	38	Du kodire, iwiemage, taerduwado koiaie cereadodu nure tawiegai boe ero pegareu akedumode duji.		
BOR-CORBO-BM-ACT-013-039	ATOS DOS APÓSTLOS	ACT	13	39	Emare ure meartorure jiwuge eiamedu boe epemegago, mare Moisés boe eroiagudodu koia karega.		
BOR-CORBO-BM-ACT-013-040	ATOS DOS APÓSTLOS	ACT	13	40	Icare tameardu awadudo tai cewu profetadoge emagore jiboe butukawo tawugeje.		
BOR-CORBO-BM-ACT-013-041	ATOS DOS APÓSTLOS	ACT	13	41	Nowu profetadoge egore: “Ure boe epijidowuge tagi, tameardu awadudo tai, tadugu tai, tabagudu kuricigodo. Paga karega, imode iro kurireu tuginoiwu towuje taegai, du jire tameartorumodukare ji, iaboe ereadodumode tawiegai du keje” (Hab 1,5).		
BOR-CORBO-BM-ACT-013-042	ATOS DOS APÓSTLOS	ACT	13	42	Du keje icare, ere tudawuje du tonajire icare enogwamagudure ei emagowo pudai pugeje aregodumode pugejewu Sábado meriji.		
BOR-CORBO-BM-ACT-013-043	ATOS DOS APÓSTLOS	ACT	13	43	Nowu ere tudo pui du kejere icare, judeudoge makareuge, judeukare emawu meartorureu makareuge eture Paulo, Barnabé mage ebo, duwugere emago emagore ei ekidawo tumugui Pao apo jii je.		
BOR-CORBO-BM-ACT-013-044	ATOS DOS APÓSTLOS	ACT	13	44	Nowu Sábado rekodajiwu meriji icare nowu bakurireu tadawuge eiamedu etaregodure tumearduwo Pao bataruji.		
BOR-CORBO-BM-ACT-013-045	ATOS DOS APÓSTLOS	ACT	13	45	Icare judeudoge tuiordui nowu boe makareugei du koiare, ekorire ei, emago pegare Paulo makore jiboeji.		
BOR-CORBO-BM-ACT-013-046	ATOS DOS APÓSTLOS	ACT	13	46	Du kodi icare Paulo mare Barnabé emagore ei tumago raka tabo, egore: - Tagaire Pao bataru kogadodumode tagai boetoji, macare tanure pijido, du kodi icare cemode cemegido judeukare emawuege etai.		
BOR-CORBO-BM-ACT-013-047	ATOS DOS APÓSTLOS	ACT	13	47	Paga karega, oinore Pao akore: “Ire atawuje awo boe eno moto tuginoiwu kejewuge erugudo, iwo moto kejewuge eiamedu boe einorudo” (Is 49,6).		
BOR-CORBO-BM-ACT-013-048	ATOS DOS APÓSTLOS	ACT	13	48	Awu bataru koiare ure jedukare emawuge eegare kuricigodo, duwuge ere Pao bataru kurido. Icare ere turugadu tuwo tumagu Pao ai, duwugere emeartorure ji.		
BOR-CORBO-BM-ACT-013-049	ATOS DOS APÓSTLOS	ACT	13	49	Du tabore icare Pao bataru ure taodo nowu moto jamedu joki.		
BOR-CORBO-BM-ACT-013-050	ATOS DOS APÓSTLOS	ACT	13	50	Macare nowu judeudoge ere nowu bakurireu tadawu ia areme kurireuge edo brae eimejerage erugo Pauloji, Barnabeji, icare ere etudo nowu to moto piji.		
BOR-CORBO-BM-ACT-013-051	ATOS DOS APÓSTLOS	ACT	13	51	Icare nowuge ei pobedu ere tuwureko tadawu moto urugudu jukodo ei. Ere tudawuje nowu piji, icare eture Icônio kae.		
BOR-CORBO-BM-ACT-013-052	ATOS DOS APÓSTLOS	ACT	13	52	Meartorureuge rema eegare kuricigore Aroe Pemegareuji.		
BOR-CORBO-BM-ACT-014-HEAD-001	ATOS DOS APÓSTLOS	ACT	14		Paulo mare Barnabé emugui Icônio kejedu.		Cabeçalho/subtítulo editorial da fonte.
BOR-CORBO-BM-ACT-014-001	ATOS DOS APÓSTLOS	ACT	14	1	Paulo mare Barnabé etaregodure Icônio kae, du kejere icare ere turemo judeudoge ere tudo pui tadawu baito, nowu turoino reore, du tadare icare ere Pao bataru kogado. Du kodi icare judeudoge makareuge, gregodoge makareuge emeartorure.		
BOR-CORBO-BM-ACT-014-002	ATOS DOS APÓSTLOS	ACT	14	2	Mare ia meartorukareu judeudoge, ere judeukare emawuge erugo nowu meartorureugei.		
BOR-CORBO-BM-ACT-014-003	ATOS DOS APÓSTLOS	ACT	14	3	Du kodi karega, Paulo mare Barnabé emugu raire nono kimo, epagudu bokware, emeartorure Paoji, Pao ierabrarere ewadaruji kodi, ure turo rakareu to to nowu apostolodoge ekera tabo.		
BOR-CORBO-BM-ACT-014-004	ATOS DOS APÓSTLOS	ACT	14	4	Icare nowu bakurireu tadawuge ere tugado puiato: iage ere tumegido judeudoge eiaogwai, iage ere tumegido apostolodoge eiaogwai.		
BOR-CORBO-BM-ACT-014-005	ATOS DOS APÓSTLOS	ACT	14	5	Macare ia judeudoge, ia judeukare emawuge ere turagojedo turugoduwo apostolodogei, tuwo tori to ei.		
BOR-CORBO-BM-ACT-014-006	ATOS DOS APÓSTLOS	ACT	14	6	Du keje icare Apostolodoge ere boe pa, du kodire eregodure Licaônia, Listre, Derbe bakurireuge ekae, oieiwu moto kae jamedu.		
BOR-CORBO-BM-ACT-014-007	ATOS DOS APÓSTLOS	ACT	14	7	"Nonore icare ereadodure Pao o bakaru pemegareuji.
Ure tudowuje Listra, Derbe bakurireuge etadaboe."		
BOR-CORBO-BM-ACT-014-008	ATOS DOS APÓSTLOS	ACT	14	8	Nowu Listra tadare ia imedu pogora pegareu mugure tada, meru bokware jii boture du piji jii oino du kae.		
BOR-CORBO-BM-ACT-014-009	ATOS DOS APÓSTLOS	ACT	14	9	Meardu nure Paulo bataruji tumugui nono du tabo, icare Paulore tuioku kidudo ji, jordure meartoruie tuwo tubemegado.		
BOR-CORBO-BM-ACT-014-010	ATOS DOS APÓSTLOS	ACT	14	10	Du koiare ure tumago rakado ji, akore ji: - Aragojedo, aedorodo awure keje. Icare ure taredo taci je, icare merure.		
BOR-CORBO-BM-ACT-014-011	ATOS DOS APÓSTLOS	ACT	14	11	Icare nowu boe makareuge, tuiordui Paulo roinoduji du keje, ere tumago rakado, enoiogwarire Licaônia kejewuge ewadaru tabo, egore: - Ime ereoreu Aroe Eimejerage ere turawuje pagae!		
BOR-CORBO-BM-ACT-014-012	ATOS DOS APÓSTLOS	ACT	14	12	Icare ere Barnabé iedo Zeusce, ere Paulo iedo Hermesce, paga karega, awu mako makore du kodi.		
BOR-CORBO-BM-ACT-014-013	ATOS DOS APÓSTLOS	ACT	14	13	Icare ia Zeus bure joia imedu iei Propeleo cedu ure ia tapiradoge ime eerego mato, nowu bakurireu baiporo kae, ure ekenawudo, ure edugodo tuwo ewido nowu Paulo mare Barnabé etai, tumeardui Aroe Eimejerageie ure emage, nowu boe eiamedu emeardaere oino jamedu.		
BOR-CORBO-BM-ACT-014-014	ATOS DOS APÓSTLOS	ACT	14	14	Mare nowu apostolodoge ei pobedu, tui boe pa nowu oinodu jitu kejere, ere tugudae bowuje, ere taredo nowu makareuge etoiado.		
BOR-CORBO-BM-ACT-014-015	ATOS DOS APÓSTLOS	ACT	14	15	Egore : - Ime, kodiba taroino? Boe bimodeugere cegi jamedu tareore. Ica, cenogituwa nure tai tawo taedorodo, tawo tagirimi boe pegareu piji, Pao jereu kae, koiare ure baru to, ure awu moto to, ure pobo maereu to, ure mugure jekeboe jamedu boe ure towuje jamedu.		
BOR-CORBO-BM-ACT-014-016	ATOS DOS APÓSTLOS	ACT	14	16	Marigudu ure moto kejewu boe etawarado mitotu mitotu tu ereore.		
BOR-CORBO-BM-ACT-014-017	ATOS DOS APÓSTLOS	ACT	14	17	Du kodi karega ure towadudo paiamedu jekai jii je, turo pemegareu tabo, ure butaodoge ewududo pagai baru piji, ure boe pemegareudo pagai, ure page kuricigodo boe jameduji, ure pawabo jekare kuricigodo.		
BOR-CORBO-BM-ACT-014-018	ATOS DOS APÓSTLOS	ACT	14	18	Mare rakare ei tukawo edo tapiradoge ewido, tukawo edo tubujodo tuiegai.		
BOR-CORBO-BM-ACT-014-019	ATOS DOS APÓSTLOS	ACT	14	19	Macare ia Antioquia pijiwu, ia Icônio pijiwu judeudoge etaregodure, duwugere ere boe makareuge etaora pegado. Du kodi icare ere tori to Pauloji, icare emeardaere tuie bito duji, du kodi icare ere tumugudo keje kororo, toro nowu bakurireu baawadu kae.		
BOR-CORBO-BM-ACT-014-020	ATOS DOS APÓSTLOS	ACT	14	20	Du kejere icare ure jorduwadowuge ere taiado apo. Icare ure turagojedo taci, ure turemo bakurireuto pugeje. Nowu rekodajiwu meri jire icare uture Barnabé apo toro Derbe bakurireu kae.		
BOR-CORBO-BM-ACT-014-021	ATOS DOS APÓSTLOS	ACT	14	21	Icare ereadodure Pao bataruji nowu Derbe kejewuge ewiegai, ere ture jorduwadowuge emagado nono. Du kejere icare ere tugirimi nowu piji, toro Listra, Icônio, Antioquia (Pisídia kejewu) bakurireuge etae.		
BOR-CORBO-BM-ACT-014-022	ATOS DOS APÓSTLOS	ACT	14	22	Ere meartorureuge emeardu awadudo pudui tuwo tudurudo tumeartorui Pao jitu tabo. Egore ei uie turugadu pawo paremo Pao mugurewo kae pabagai boe ecebae makareu kajeje du tabo.		
BOR-CORBO-BM-ACT-014-023	ATOS DOS APÓSTLOS	ACT	14	23	Du kejere ere Pao bure jore kejewuge emugudo Igreja jamedu tada. Enogwamagudure Paoji eparu tabo, tui todorogado pudui du tabo, tui togwa kurido du tabo.		
BOR-CORBO-BM-ACT-014-024	ATOS DOS APÓSTLOS	ACT	14	24	Icare ere pagado Pisídia moto kajeje, etaregodure Panfília moto kae.		
BOR-CORBO-BM-ACT-014-025	ATOS DOS APÓSTLOS	ACT	14	25	Ereadodure Pao bataruji Perge bakurireu tada, du kejere ere turawuje Atália kae.		
BOR-CORBO-BM-ACT-014-026	ATOS DOS APÓSTLOS	ACT	14	26	Du pijire icare ere taredo ika kurireuto, ekodure Antioquia (Sria kejewu) kae pugeje. Nowu bakurireu pijire ere tudawuje marigudu tui tumagu Pao ai awu tumaragodae akedugoduredu kae.		
BOR-CORBO-BM-ACT-014-027	ATOS DOS APÓSTLOS	ACT	14	27	Etaregodure nono du keje, ere meartorureuge eto pui, icare ereadodure ewiegai Paoi turo kurireu towuje etaiduji, ui judeukare emawuge emeartorudo tuwadaru jituji.		
BOR-CORBO-BM-ACT-014-028	ATOS DOS APÓSTLOS	ACT	14	28	Icare emugu raire nono ebo.		
BOR-CORBO-BM-ACT-015-HEAD-001	ATOS DOS APÓSTLOS	ACT	15		Judeudoge ei tuwiri kadodu jiboe.		Cabeçalho/subtítulo editorial da fonte.
BOR-CORBO-BM-ACT-015-001	ATOS DOS APÓSTLOS	ACT	15	1	Icarema ure turawuje Jerusalém pijiwu ia ime emagore Pao uwobei, egore: -Tamodukare tawiri kado, Moisesre boe eroiagudo du reore ma, tamodukare taginorudo. Oinore egore ei.		
BOR-CORBO-BM-ACT-015-002	ATOS DOS APÓSTLOS	ACT	15	2	Icare Paulo mare Barnabé enogituwa kuricigore ei, mare ekare tuwudugugo Icare eiamedu etaidure tuwo Paulo mare Barnabé etudo toro Jerusalém kae, ia tuwiemage ebo, tunorawo apostolodogei, inoba umode duji.		
BOR-CORBO-BM-ACT-015-003	ATOS DOS APÓSTLOS	ACT	15	3	"Icare ere tugimadudo nowu Pao uwobe epiji, icare ekodure toro Fenícia, Samaria kajejewu awaraji. Icare ereadodure Pao uwobe eiamedu ewiegai icai judeukare emawuge emeartoruie Pao jituji. Du koiare eiamedu jekare kuricigore.
Apostolodoge eiamedu ere tudo pui Jerusalém tadadu."		
BOR-CORBO-BM-ACT-015-004	ATOS DOS APÓSTLOS	ACT	15	4	Icare etaregodure Jerusalémto. Nonore Pao uwobe, apostolodoge, Pao uwobe eimejerage ere tugeragu ei tuiegare tabo. Du kejere ereadodure ewiegai Pao rore puduiboe jamedu boeji.		
BOR-CORBO-BM-ACT-015-005	ATOS DOS APÓSTLOS	ACT	15	5	Macare iage, duwugere fariseudogere emage marigudu tumeartorure Pao jitu otodai, ere turagojedo, egore umoduie turugadu boewo judeukare emawuge ewiri kado jamedu, uwo nono Moisés ure boe eroiagudo du reore.		
BOR-CORBO-BM-ACT-015-006	ATOS DOS APÓSTLOS	ACT	15	6	Icare apostolodoge, mare nowu Pao uwobe ia eimejerage, ere tudo pui tumagowo nowu inoduji, inoba umode duji.		
BOR-CORBO-BM-ACT-015-007	ATOS DOS APÓSTLOS	ACT	15	7	Emago raire pui, du kejere icare Pedrore turagojedo, akore ei: - Iwiemage, taerduware jii paru pijie Paore tugeragu ii tabiji ireadoduwo tuwadaruji judeukare emawuge ewiegai ma, emeartoruwo ji.		
BOR-CORBO-BM-ACT-015-008	ATOS DOS APÓSTLOS	ACT	15	8	Emare jorduware ime ewaboji, du koiare ure turodo nono tumeardu kurii ei du kodiwore, ure Aroe Pemegareu maku etai, umagai maku pagai du reore.		
BOR-CORBO-BM-ACT-015-009	ATOS DOS APÓSTLOS	ACT	15	9	Aiwore ei taiwo magai pai du reore, ure ewabo pemegado emeartorure ji kodi.		
BOR-CORBO-BM-ACT-015-010	ATOS DOS APÓSTLOS	ACT	15	10	Kode, kodiba tagomare Paoji? Tare jorduwadowuge enoredudo paomage eroiwakare jiboe tabo, paroiwakare jiboe tabo, kodiba?		
BOR-CORBO-BM-ACT-015-011	ATOS DOS APÓSTLOS	ACT	15	11	Pagire pameartorure paginorudoduie Pagimejera Jesus Cristo o boe pemegareu koia duji. Oinore umode etai jamedu.		
BOR-CORBO-BM-ACT-015-012	ATOS DOS APÓSTLOS	ACT	15	12	Eiamedu biapagare Pedro bataruji tumago bokwa tabo. Du keje icare ewiapagare Barnabé mare Paulo ereadodui tuwiegai Paoi tudowuje ekera tabo judeukare emawuge etaiwu turo pemegareu kurireu jameduji.		
BOR-CORBO-BM-ACT-015-013	ATOS DOS APÓSTLOS	ACT	15	13	Emago akedu kejere icare, Tiago akore: - Iwiemage tawiapagado:		
BOR-CORBO-BM-ACT-015-014	ATOS DOS APÓSTLOS	ACT	15	14	Oino maigodu Simão Pedro readodure pawiegai Pao aiwoi judeukare emawuge eiduji, tuwo tuwobedo emage.		
BOR-CORBO-BM-ACT-015-015	ATOS DOS APÓSTLOS	ACT	15	15	Ica, awu inodu ure nono profetadoge ewadaru padui bapera kejedu reore:		
BOR-CORBO-BM-ACT-015-016	ATOS DOS APÓSTLOS	ACT	15	16	Awu inodu otobiji imode ikirimi, imode Davi uwai butureu rakojedo pugeje, imode uwai kobo rogu boe pemegado, imode rakojedo.		
BOR-CORBO-BM-ACT-015-017	ATOS DOS APÓSTLOS	ACT	15	17	Ma, rakoje kimomodeu ime ekoduwo Aroe Eimejera bogai, boe emagore ikie bogai bukejewu boe epadui pumekejedu jamedu boe ekoduwo bogai jamedu.		
BOR-CORBO-BM-ACT-015-018	ATOS DOS APÓSTLOS	ACT	15	18	Oinore Pao akore, duwure awu jamedu towuje, jorduware jamedu boeji jii paru piji (Am 9,11s).		
BOR-CORBO-BM-ACT-015-019	ATOS DOS APÓSTLOS	ACT	15	19	Du kodi icare imeardaere uie turugadu pakawo judeukare emawuge ei tugirimi Pao ae tuibagi pugejewu emorora amagadudo.		
BOR-CORBO-BM-ACT-015-020	ATOS DOS APÓSTLOS	ACT	15	20	Imeardaere uie turugadu pawo bapera atugodo etai ekawo makudure aroe eimejerage pagareuge etaiwu barege ekodu kowuje, eerebari kawo, ekawo akere bitowu barege ekodu, eku, kowuje. Oino tu je.		
BOR-CORBO-BM-ACT-015-021	ATOS DOS APÓSTLOS	ACT	15	21	Paga karega, padure bapera kejewu Moisés ure boe eroiagudodu makodu makodure Sábado jameduji bakurireuge eiamedu tada boe eiamedu padui pumekejedu ewiegai jii marigudu jii oino.		
BOR-CORBO-BM-ACT-015-022	ATOS DOS APÓSTLOS	ACT	15	22	"Du kodi icare apostolodoge, Pao uwobe eimejerage, Pao uwobe eiamedu boe eerdu pemegare tuwo ia ime etawuje tubiji, etuwo Paulo apo, Barnabé apo, Antioquia kae. Ere etawujewuge reo: Judas, iei Barsaba cedu, mare Silas, duwuge kurireugere emage tumedage etada.
Jerusalém pijiwu boe eroiagudu."		
BOR-CORBO-BM-ACT-015-023	ATOS DOS APÓSTLOS	ACT	15	23	Ere reko pudabowu bapera atugo reo: - Apostolodoge cegi, Pao uwobe eimejerage cegi, cegimadu nure judeukare emawu Antioquia tadawu, Sria tadawu, Cilícia tadawu cewiemage tagai.		
BOR-CORBO-BM-ACT-015-024	ATOS DOS APÓSTLOS	ACT	15	24	Cemeardure boe egoi ia uture cebijiwuge ei tumago maere tai, tui tamorora amagadudo du tabo. Mare cegire cekare etudo tawogai.		
BOR-CORBO-BM-ACT-015-025	ATOS DOS APÓSTLOS	ACT	15	25	Du kodi icare cere cedo pui, cere ia ime etawuje cebiji cewo etudo tawogai, cemeardu kurire jiwu Barnabé, Paulo mage ebo.		
BOR-CORBO-BM-ACT-015-026	ATOS DOS APÓSTLOS	ACT	15	26	Duwuge ere tumagu tuwidoduwo Pagimejera Jesus Cristo ie koia.		
BOR-CORBO-BM-ACT-015-027	ATOS DOS APÓSTLOS	ACT	15	27	Icare cere Judas mare Sila etudo ebo tawogai, duwuge ereadodumode nowu inoduji tawiegai.		
BOR-CORBO-BM-ACT-015-028	ATOS DOS APÓSTLOS	ACT	15	28	Aroe Pemegareu apore ceerdu pemegare cekawo tagoredudo iaboe iaboe tabo, mare awu inodu tabo tu je:		
BOR-CORBO-BM-ACT-015-029	ATOS DOS APÓSTLOS	ACT	15	29	Tagogwagekawo makudure aroe eimejerage pagareuge etaiwu barege ekoduji, takawo akere bitowu barege ekodu, eku kowuje, tagera keadu kawo jamedu. Umode turugadu tawo inoduboe pijido. Cegimadu nure tawogai.		
BOR-CORBO-BM-ACT-015-030	ATOS DOS APÓSTLOS	ACT	15	30	Du kejere icare nowugere tugimadudo epiji, icare eture toro Antioquia kae, torore icare ere Pao uwobe eto pui, icare ere bapera maku etai.		
BOR-CORBO-BM-ACT-015-031	ATOS DOS APÓSTLOS	ACT	15	31	Emagore baperaji, du tabore eiamedu jekarere, icare emeardu awadure pudui pugeje.		
BOR-CORBO-BM-ACT-015-032	ATOS DOS APÓSTLOS	ACT	15	32	Icare Judas, Silamage, duwugere profetadogere emage jamedu, emago awadure nowu Pao uwobei, tui eerduwado, tui emeardae awadudo pudui jamedu du tabo.		
BOR-CORBO-BM-ACT-015-033	ATOS DOS APÓSTLOS	ACT	15	33	Meri makakare ei nono, du kejere Pao uwobe ere tugimadudo ebo pugeje, boe butugu tabo. Icare ere tugirimi tuibagi cewu ure tududo torowuge etae pugeje. 34(Boekarema. Silas jordu pemegare tumuguwo nono, Judas rema ure tugirimi Jerusalém kae tuibagi).		
BOR-CORBO-BM-ACT-015-035	ATOS DOS APÓSTLOS	ACT	15	35	"Paulo mare Barnabé emugure Antioquia tada jamedu. Ere boe eerduwado, ere Pao bataru kogado ia tumedage makareuge ebo.
Paulo mare Sila emeru rekodajiwu."		
BOR-CORBO-BM-ACT-015-036	ATOS DOS APÓSTLOS	ACT	15	36	Meri makakare pugeje du keje, Paulo makore Barnabeji, akore: - Pawo pagirimi, paerduwo pawiemagei pugeje, nowu pare Pao bataru kogado tadawu bakurireuge eiamedu boe ekao. Paerduwo inoba ere, epemegare, iarema epegare du bogai.		
BOR-CORBO-BM-ACT-015-037	ATOS DOS APÓSTLOS	ACT	15	37	Boekimorema, Barnabé aidure tuwo João iei Marcos cedu ko pudabo.		
BOR-CORBO-BM-ACT-015-038	ATOS DOS APÓSTLOS	ACT	15	38	Paulorema meardaere boroie, paga karega, marigudu, emugui Panfília keje du keje, João uturadu Paulo mare Barnabé epiji, ukare tugerabraredo ei emaragodae keje.		
BOR-CORBO-BM-ACT-015-039	ATOS DOS APÓSTLOS	ACT	15	39	Du kodi icare Paulo, Barnabé emeardaekare pureore, icare ere tudo tuginoi. Icare Barnabé uture Chipre kae, ika kurireu tabo, ure Marcos reko pudabo.		
BOR-CORBO-BM-ACT-015-040	ATOS DOS APÓSTLOS	ACT	15	40	Paulorema ure Silas reko pudabo, icare Pao uwobe emagore Paoji eparu tabo, icare uture jamedu. Merure Síria moto kae, Cilícia moto kae, tui Pao uwobe emeardu awadudo pudui du tabo.		
BOR-CORBO-BM-ACT-016-HEAD-001	ATOS DOS APÓSTLOS	ACT	16		Paulore tumeduiado Timoteoce.		Cabeçalho/subtítulo editorial da fonte.
BOR-CORBO-BM-ACT-016-001	ATOS DOS APÓSTLOS	ACT	16	1	Aregodure Derbe bakurireu kae du kejere uture Listra bakurireuto. Nonore icare ia ure jorduwadowu iei Timóteo cedu mugure nono. Uce Judéia cristãorodo rema, uo Grécia kejeu rema.		
BOR-CORBO-BM-ACT-016-002	ATOS DOS APÓSTLOS	ACT	16	2	Awu imedu pemega remawu nure Listra, Icõnio kejewu Pao uwobe eegai.		
BOR-CORBO-BM-ACT-016-003	ATOS DOS APÓSTLOS	ACT	16	3	Du kodi icare Paulo aidure koduwo pudabo, mare ure biri kado jao, judeudoge eigoia, eiamedu jorduware uoie Grêcia kejewuie ure ema kodi.		
BOR-CORBO-BM-ACT-016-004	ATOS DOS APÓSTLOS	ACT	16	4	Ekodure kaewu bakurireuge etada ere boe eerduwado emeartoruwo apostolodoge mare Pao uwobe eimejerage ere boe eroiagudu Jerusalém tadaduji.		
BOR-CORBO-BM-ACT-016-005	ATOS DOS APÓSTLOS	ACT	16	5	Oinodu tabore Pao uwobe ere tubewudo tumeartoru tabo, ere cidodudo gu gu meri jameduji.		
BOR-CORBO-BM-ACT-016-006	ATOS DOS APÓSTLOS	ACT	16	6	Du kejere ere pagado Frígia moto kajeje, Galácia moto kajeje, mare ekodukare Asia moto kae, Aroe Pemegareu aidukare kodi.		
BOR-CORBO-BM-ACT-016-007	ATOS DOS APÓSTLOS	ACT	16	7	Etaregodui Mísia moto kae du keje, etaidure tugoduwo Bitínia moto kae, mare Pagimejera Jesus Utaroe Pemegareu aidukare jamedu.		
BOR-CORBO-BM-ACT-016-008	ATOS DOS APÓSTLOS	ACT	16	8	"Du kejere icare ere pagado goro goro tabo Mísia moto kajeje, icare ere turawuje Tróades bakurireu padui pobo maereu okwai du kae.
Ere pagado Macedônia kae."		
BOR-CORBO-BM-ACT-016-009	ATOS DOS APÓSTLOS	ACT	16	9	Ia boeco jire Paulo unuiaore: Jordure ia Macedônia pijiwu imedu rakojei tuiegai, okwamagudi pudui duji, akore: -Amode pagado pobo maereu okwa bakowu kae, amode akera braredo cei.		
BOR-CORBO-BM-ACT-016-010	ATOS DOS APÓSTLOS	ACT	16	10	"Awu unuiao akedu kejere icare akore cei cegoduwo toro Macedônia kae, ceerduware Pao makoi cewogai, cewo tuwadaru kogado nonowuge ewiegai duji kodi.
Emugure Filipo bakurireu tada. Lídia ure tumagu Pao ai."		
BOR-CORBO-BM-ACT-016-011	ATOS DOS APÓSTLOS	ACT	16	11	Du kodi icare, nowu Tróade bakurireu pijire icare cere cedaredo ika kurireuto, cegodure kuri toro Samotrácia kae, du pijire cegodure Necápoli kae.		
BOR-CORBO-BM-ACT-016-012	ATOS DOS APÓSTLOS	ACT	16	12	Du pijire cegodure pugeje Macedônia kejewu kurire tumedage ekoriwu bakurireu iei Filipo cedu kae. Awu Macedônia moto mugure Roma kejewuge ero kuda. Meri makakare cei nono.		
BOR-CORBO-BM-ACT-016-013	ATOS DOS APÓSTLOS	ACT	16	13	Icare, nowu Sábado meriji, cere cedawuje nowu bakurireu o baiporo piji toro pobo okwato, cemeardaere toroie pemegamode cenogwamaguduwo Paoji kodi. Nonore icare cemugure, du tabore cereadodure ia areme etui pui nonodu biegai.		
BOR-CORBO-BM-ACT-016-014	ATOS DOS APÓSTLOS	ACT	16	14	Ia emage ui mitodu, iei Lídia cedu, Tiatira bakurireu pijiwudo, duwudore aroia akirodo tabo, pagudure Paoji, biapaga nure cei, Paore uwabo jado biapaga pemegawo Paulo bataruji.		
BOR-CORBO-BM-ACT-016-015	ATOS DOS APÓSTLOS	ACT	16	15	"Du kodi icare ao pegododure, uwobe jamedu, du kejere okwamagudure cei, akore: - Tameardaemode imeartoruie Paoji ma, taremo iwaito, tamugudo itabo. Icare ure cerodo ino rugadu.
Braere Paulo mare Sila etugu baicoreuto."		
BOR-CORBO-BM-ACT-016-016	ATOS DOS APÓSTLOS	ACT	16	16	Boekimorema, ia meri keje, cedui pagogwamagudure Paoji kejewo kae du keje, ia nogwaredu aregodure cedogi, brae etugareredo nure ema, duwudo, Paokare emawu iei Piton cedu utaroe meture tada, du kodire jorduware boe biareuji, du tabore ure cimejerage eno diiero maka makado.		
BOR-CORBO-BM-ACT-016-017	ATOS DOS APÓSTLOS	ACT	16	17	Icare uture ceregodaji, Paulo rekodaji, tagoi oino du tabo: - Awu imere Aroe Eimejera Kurireu utugaregere emage duwugere taerduwado baru kaewu awaraji.		
BOR-CORBO-BM-ACT-016-018	ATOS DOS APÓSTLOS	ACT	16	18	Mako makore awu inoduji meri makaguragare tu tu tu je. Du inodu otobiji, Paulo korigodure ji, ure tuie kirimi bogai, icare makore nowu aroeji, akore: - Jesus Cristo ie tabo imago nure ai: atawuje piji. Kuri je du kejere icare ure tudawuje piji.		
BOR-CORBO-BM-ACT-016-019	ATOS DOS APÓSTLOS	ACT	16	19	Boekimorema, nowu imejerage ere boe pa tumodukae tugeragu o diieroji pugeje duji. Du kodi icare ere tugeragu Pauloji, Silaji, ere erego toro brae eimejerage ere tudo pui tuwo tugogado boeiwo kae.		
BOR-CORBO-BM-ACT-016-020	ATOS DOS APÓSTLOS	ACT	16	20	Du kejere ere brae eimejerage eerdudo ei, tagoi oino du tabo: - Awu imere judeudogere emage, enure pago bakurireu tadawuge etago turugoduwo, enure boe eerduwado erowo nono Roma pijiwuge cegi cedaidukare, ceroiwakare jiboe reore.		
BOR-CORBO-BM-ACT-016-021	ATOS DOS APÓSTLOS	ACT	16	21	Du kodi icare nowu bakurireu tadawuge ere turagojedu turugoduwo ei. Icare brae eiemejerage ere boedo ekudae tawuje tuwo iwara to ei.		
BOR-CORBO-BM-ACT-016-023	ATOS DOS APÓSTLOS	ACT	16	23	Ere iwara to ei du tabore ere ecebae kuricigodo, du kejere ere etugu baicoreuto, egore jeture eiwuji jetu pemegawo ei.		
BOR-CORBO-BM-ACT-016-024	ATOS DOS APÓSTLOS	ACT	16	24	Nowure icare meartorure tugimejerage ewadaruji du koiare ure etugu baicoreuto toro upo kae, ure ewure gogudo iku meriri tabo, ure nowu meriri iku kogudo ipo kajeje pugeje tuku.		
BOR-CORBO-BM-ACT-016-025	ATOS DOS APÓSTLOS	ACT	16	25	Boekimorema, boeco oia keje, Paulo mare Sila enogwamagudu nure Paoji, era nure Pao o roia pemegareuji; meture baicoreu tadawuge ewiapagare ei.		
BOR-CORBO-BM-ACT-016-026	ATOS DOS APÓSTLOS	ACT	16	26	Kuri je du kejere icare, moto amagadu kuricigore, du kodire nowu baicoreu bure amagadure jamedu. Icare baiporodoge ere tuiado, mugure baicoreu tadawuge ewure kajejewu iku meriri ure tugiwuje jamedu.		
BOR-CORBO-BM-ACT-016-027	ATOS DOS APÓSTLOS	ACT	16	27	Icare nowu jeture eiwu imedu jetadure, jordure baiporodoge ei tuiado duji, icare meardaere meture baicoreu tadawuge eregoduie marigudu duji. Icare ure toriga raireu tawuje tuwo tuwido.		
BOR-CORBO-BM-ACT-016-028	ATOS DOS APÓSTLOS	ACT	16	28	Macare Paulo oiogwarire ji, akore: - Akaba akogorido! Cemugure woe ceiamedu tabo.		
BOR-CORBO-BM-ACT-016-029	ATOS DOS APÓSTLOS	ACT	16	29	Du kejere, nowu jeture eiwu makore jorugu bogai, icare ure turemo nowu baito, ure tuwu tai je Paulo mare Sila ewure paru.		
BOR-CORBO-BM-ACT-016-030	ATOS DOS APÓSTLOS	ACT	16	30	Du kejere ure turagojedo, ure erego baawadu kae, unorare ei, akore: - Ikimejerage, inoba iromode iwo ikinorudo?		
BOR-CORBO-BM-ACT-016-031	ATOS DOS APÓSTLOS	ACT	16	31	Icare egore ji: - Ameartorudo Pagimejera Jesus Cristoji, du tabore amode akinorudo, aki awobe eiamedu tabo.		
BOR-CORBO-BM-ACT-016-032	ATOS DOS APÓSTLOS	ACT	16	32	Icare ere Pao bataru kogado ji, uwobei jamedu.		
BOR-CORBO-BM-ACT-016-033	ATOS DOS APÓSTLOS	ACT	16	33	Icare nowu boeco mitoduji, ure jetu pemegare ei, ure ecebae kabi. Kuri je du kejere icare ere ao pegodo jamedu.		
BOR-CORBO-BM-ACT-016-034	ATOS DOS APÓSTLOS	ACT	16	34	Du kejere ure erego toro tuwai kae coboji, ure eke pemegado, icare jekare kuricigore, tuwobe eiamedu tabo, icai tumeartorui Pao jitu koia.		
BOR-CORBO-BM-ACT-016-035	ATOS DOS APÓSTLOS	ACT	16	35	Barogwatore icare brae eimejerage ere ia tugobaigarege emagodo ji. Nowu ime etawuje, etudo.		
BOR-CORBO-BM-ACT-016-036	ATOS DOS APÓSTLOS	ACT	16	36	Icare nowu jeture baicoreu jiwu imedu readodure Paulo biegai, akore: - Nowu ikimejerage emagore iwiegai iwo taginorudo, du kodi icare tadawuje, tadudo boe butugureu tabo.		
BOR-CORBO-BM-ACT-016-037	ATOS DOS APÓSTLOS	ACT	16	37	Macare Paulo akore: - Roma kejewugere cegi, du kodi karega ere iwara to cei boe eegai, icare ere cedugu baicoreuto tukai tugogado cei du tabo. Macare oino ere cedo cedawuje oino podu tabo. Umodukare ino! Etuwo mato cedae, ewo cegiwuje tugera tabo ewo cedawuje awu piji.		
BOR-CORBO-BM-ACT-016-038	ATOS DOS APÓSTLOS	ACT	16	38	Icare nowu tugobaigarege ereadodure nowu bataruji nowu brae eimejerage ewiegai, duwugere epagudugodure tumeardui Roma kejewugeie emage.		
BOR-CORBO-BM-ACT-016-039	ATOS DOS APÓSTLOS	ACT	16	39	Icare eture toro etae, emagore ei butugu tabo, emagore ewo tuwudugugo pudui, enogwamagudure ei etuwo nowu bakurireu piji.		
BOR-CORBO-BM-ACT-016-040	ATOS DOS APÓSTLOS	ACT	16	40	Icare ere tudawuje nowu bakurireu piji, du kejere icare ere turemo Lídia uwaito, du tadare eerdure tuwiemagei, ere emeardu awadudo pudui pugeje, du kejere eture nowu bakurireu piji.		
BOR-CORBO-BM-ACT-017-HEAD-001	ATOS DOS APÓSTLOS	ACT	17		Paulo mare Sila emugui Tessalônica kejedu.		Cabeçalho/subtítulo editorial da fonte.
BOR-CORBO-BM-ACT-017-001	ATOS DOS APÓSTLOS	ACT	17	1	Ere pagado Anfípoli bakurireu kajeje, du kejere ere pagado Apolônia bakurireu kajeje, icare etaregodure Tessalônica bakurireuto. Nonore judeudoge ia eno sinagoga mugure.		
BOR-CORBO-BM-ACT-017-002	ATOS DOS APÓSTLOS	ACT	17	2	Icare Paulo uture etae turorewoji, icare makore ei, emagore ji, emagore pui puibagi, sabadore ei pobe ma jewu metuia bokware.		
BOR-CORBO-BM-ACT-017-003	ATOS DOS APÓSTLOS	ACT	17	3	Readodure ewiegai, ure eerduwado Pao o bapera tabo uie turugadu Cristowo tuiwodo dukeje tuiewoduwo bireuge epiji duji. - Awu ireadodure tawiegaiwu Jesus, emare Cristo rema. oinore akore ei.		
BOR-CORBO-BM-ACT-017-004	ATOS DOS APÓSTLOS	ACT	17	4	Icare ia emage emeartorure Paoji, ere tumedagedo Paulo, Sila magece. Ia judeukare emawu makareuge duwugere emeartorure Paoji marigudu, mare ia areme kurireuge, ere tumedagedo emage jamedu.		
BOR-CORBO-BM-ACT-017-005	ATOS DOS APÓSTLOS	ACT	17	5	Icare judeudoge ekorire ei, ere ia ime eto pui du tabore icare ere boedo turagojedo turugoduwo ei. Icare eture Jason uwai kae, ere turemo to, tuiemarui ewogai tuwo emagu boe etai ewo ewido.		
BOR-CORBO-BM-ACT-017-006	ATOS DOS APÓSTLOS	ACT	17	6	Mare eerdukare ei nono, du kodi icare ere tugeragu Jasonji, ia Pao uwobe ebo, icare ere erego toro brae eiemejerage eegai egore: - Awuge ere boedo turugoduwo pui boe jamedu boe keje. Icare emugure oino woe. Icare Jason ure tugeragu ei tuwai tada.		
BOR-CORBO-BM-ACT-017-007	ATOS DOS APÓSTLOS	ACT	17	7	Eiamedu etonare pagimejera kurireu Cesarji, tui ia eimejera kurireu mugudo mugato, dure Jesus reno.		
BOR-CORBO-BM-ACT-017-008	ATOS DOS APÓSTLOS	ACT	17	8	Awu tuwadaru tabore ere boe ekorigo, ere eiemejerage ekorigo.		
BOR-CORBO-BM-ACT-017-009	ATOS DOS APÓSTLOS	ACT	17	9	Macare Jason mare ia uwobe ere diiero maku etai, du kejere ere etudo.		
BOR-CORBO-BM-ACT-017-010	ATOS DOS APÓSTLOS	ACT	17	10	Icare, boeco aregodure du keje, Pao uwobe ere Paulo mare Sila etudo Beréia bakurireu kae. Etaregodure to du kejere icare ere turemo judeudoge ere tudo pui tumagowo Pao bataruji tadawu baito.		
BOR-CORBO-BM-ACT-017-011	ATOS DOS APÓSTLOS	ACT	17	11	Awu judeudoge epemega kodure nowu Tessalônica tadawuge epemega kori, du kodi icare ere tugeragu Pao bataruji taidu kuricigo tabo. Eemarure Pao o bapera keje umode ino rugadu du bogai.		
BOR-CORBO-BM-ACT-017-012	ATOS DOS APÓSTLOS	ACT	17	12	Makareuge emeartorure Paoji, ia judeukare emawu areme kurireuge emeartorure jamedu, ia ime makareuge emeartorure jamedu.		
BOR-CORBO-BM-ACT-017-013	ATOS DOS APÓSTLOS	ACT	17	13	Macare nowu Tessalôica kejewu judeudoge ere boe pa Pauloie Pao bataru kogado Beréia keje duji, du koiare icare eture toro tuwo nowu boe erugo ji pugeje.		
BOR-CORBO-BM-ACT-017-014	ATOS DOS APÓSTLOS	ACT	17	14	Du kodi icare Pao uwobe ere Paulo utudo nowu piji toro pobo maereu okwa kae. Sila mare Timóteo emugure nono.		
BOR-CORBO-BM-ACT-017-015	ATOS DOS APÓSTLOS	ACT	17	15	"Uture Paulo apowuge ere reko Atenas bakurireu kae, du pijire ere tugirimi tuibagi, icare emagore Sila mare Timóteo ewiegai Paulo bataruji, etuwo tuwogai kuri je.
Paulo uwadodae Atenas kejedu."		
BOR-CORBO-BM-ACT-017-016	ATOS DOS APÓSTLOS	ACT	17	16	Paulo paga nure tumedage ewogai Atenas bakurireu keje, du tonajire icare kiarigodu kuricigore tuiordui boe emugui Paokare emawuge ekuda duji kodi.		
BOR-CORBO-BM-ACT-017-017	ATOS DOS APÓSTLOS	ACT	17	17	Meri jameduji mako makore judeudogei, meartorure Pao jiwu judeukare emawugei, jordure ji bororo jiwugei jamedu.		
BOR-CORBO-BM-ACT-017-018	ATOS DOS APÓSTLOS	ACT	17	18	Ia jorduwareuge, epicureuge, estoicodoge emagore ji. Iage egore: - Kaba jiba awu mako paga pagareu akoino?  Iage egore: - Readodu nure Aroe Eimejerage maiwugei rakudu.		
BOR-CORBO-BM-ACT-017-019	ATOS DOS APÓSTLOS	ACT	17	19	Du kodi icare ere tugeragu ji, ere reko toro pudabo, jorduwareuge ewai kae, icare egore ji: amagodo: Kakoduwu bataru maiwu jiba akagoino?		
BOR-CORBO-BM-ACT-017-020	ATOS DOS APÓSTLOS	ACT	17	20	Cemeardure aiabiji jiboe ure tuginoi ceegai. Cedaidure ceerduwawo kaboba jiba akagoino.		
BOR-CORBO-BM-ACT-017-021	ATOS DOS APÓSTLOS	ACT	17	21	Paga karega, Atenas kejewuge, aregodure Atenas kaewuge, erokare ia turo, mare etaidure tuiorduwawo kakoduwu bataru maiwu jiboe egoino tu je.		
BOR-CORBO-BM-ACT-017-022	ATOS DOS APÓSTLOS	ACT	17	22	Icare Paulore turagojedo nowu jorduwareuge ewai oiabiji, akore: - Atenas kejewu ime, inure boe pa tameartoru kuricigoi Aroe Eimejerage eiduji.		
BOR-CORBO-BM-ACT-017-023	ATOS DOS APÓSTLOS	ACT	17	23	Imerure tago bakurireu kao, du tabore iordure tare tabujodo jiwu tagoroei, icare itaregodure ia tago Aroe Eimejera muga kae du kejere atugododure oino: - Boe eerduwakare jiwu Aroe Eimejera ai. Oino. Ica, tare tabujodo ji taerduwakai jitu tabowu Aroe Eimejera jire ireadodu nure tawiegai.		
BOR-CORBO-BM-ACT-017-024	ATOS DOS APÓSTLOS	ACT	17	24	Ure awu moto towuje, ure mugure kejewu boe jamedu boe towujewu Pao Kurireu rema. Ore awu moto, awu baru rema. Mugukare ime ere towujewu baidoge etada.		
BOR-CORBO-BM-ACT-017-025	ATOS DOS APÓSTLOS	ACT	17	25	Makokare boewo tugerabraredo pudui, okeakare iaboe bogai iaboe bogai. Emare ure boe eiamedu jedo, ure ake arego boe eiamedu ja piji, ure boe jamedu boe maku boe etai.		
BOR-CORBO-BM-ACT-017-026	ATOS DOS APÓSTLOS	ACT	17	26	Ure ime eiamedu botudo ia imedu mito tu je du piji, emuguwo awu moto jamedu boe kao. Ure eno joru, eno moto ure remagu etai.		
BOR-CORBO-BM-ACT-017-027	ATOS DOS APÓSTLOS	ACT	17	27	Aidure boe eiamedu boe eemaruwo Pao Kurireu bogai, etaregoduwo ae, eerduwo ji. Ica, Pao Aroe Eimejera mugu jaekare pai.		
BOR-CORBO-BM-ACT-017-028	ATOS DOS APÓSTLOS	ACT	17	28	Paga karega, tadare pamugure, tadare pamagadure, tadare paragojere. Umagai ia tageroia epa akore: “Pagi jamedu uwobere pagi”.		
BOR-CORBO-BM-ACT-017-029	ATOS DOS APÓSTLOS	ACT	17	29	Kode Pao Kurireu uwobere pagi du keje, pameardaemodukare Pao Kurireuie nono meriri ekureu, iarema meriri kigadureu, iarema imere towuje tuiorduwa tabowu tori mori kurireu reore.		
BOR-CORBO-BM-ACT-017-030	ATOS DOS APÓSTLOS	ACT	17	30	Mare Pao Kurireu aiwokare ime eerduwakai puduidu kodiwoji. Oino mako nure padure boe jamedu boe kejewu ime eiamedu bogai ewo tugirimi pudae tuibagi.		
BOR-CORBO-BM-ACT-017-031	ATOS DOS APÓSTLOS	ACT	17	31	Jorduware tumode tugogado awu moto kejewu ime eiamedu boei du kejewu meriji. Aidure tuwo tugogado ime eiamedu boei ia imedu mito tu jewu maragodae tabo. Ure awu inodu awadudo boe eegai, tui nowu imedu jewodudo bireuge epiji du tabo.		
BOR-CORBO-BM-ACT-017-032	ATOS DOS APÓSTLOS	ACT	17	32	Icare emeardure makoi boe ewodumodeduji du keje, ia emage ewadarurerure ji, iage egore: - Piji jao, ia boe keje cemeardumode awu akoinoduji pugeje.		
BOR-CORBO-BM-ACT-017-033	ATOS DOS APÓSTLOS	ACT	17	33	Du kodi icare Paulore tudawuje epiji.		
BOR-CORBO-BM-ACT-017-034	ATOS DOS APÓSTLOS	ACT	17	34	Boekimorema, ia ime enogwaceradu Paulo jaogwai, emeartorure bataruji, duwuge etada Dionísio jorduwa rakareu mugure, mare ia aredu iei Dêmaris mare iage emugure jamedu.		
BOR-CORBO-BM-ACT-018-HEAD-001	ATOS DOS APÓSTLOS	ACT	18		Paulo mugui Corinto kejedu.		Cabeçalho/subtítulo editorial da fonte.
BOR-CORBO-BM-ACT-018-001	ATOS DOS APÓSTLOS	ACT	18	1	Nowu inodu rekodajire icare Paulore tudawuje Atenas bakurireu piji, icare uture Corinto bakurireu kae.		
BOR-CORBO-BM-ACT-018-002	ATOS DOS APÓSTLOS	ACT	18	2	Nonore jordure ia judeu iei Aquila cedu, Ponto pijiwu, oreduje apo duji, Awuge etaregodure maigodu Itália piji. Brae eimejera kurireu iei Cláudio cedu ure judeudoge eiamedu edo tudawuje Roma piji kodi. Icare Paulore tumedagedo emage.		
BOR-CORBO-BM-ACT-018-003	ATOS DOS APÓSTLOS	ACT	18	3	Emaragodaere pureore, du kodi icare mugure ebo, maragodu nure ebo jamedu (Ere aroia bai towuje brae ewaice).		
BOR-CORBO-BM-ACT-018-004	ATOS DOS APÓSTLOS	ACT	18	4	Sábado jameduji mako makore sinagoga bai tada, ure tubewudo tuwo judeudoge, gregodoge emeartorudo.		
BOR-CORBO-BM-ACT-018-005	ATOS DOS APÓSTLOS	ACT	18	5	Du kejere icare Sila, mare Timóteo etaregodure Macedônia moto piji. Icare Paulore tumagu tuiamedu tabo tuwo Pao bataru kogado, mako makore judeudoge ewiegai Jesusie ure Cristo rema duji.		
BOR-CORBO-BM-ACT-018-006	ATOS DOS APÓSTLOS	ACT	18	6	Nowugerema emeartorukare, emago pegare ji, du kodi icare ure tugudae aroia jukodo ei, akore ei: - Tagu butuwo taiogi. Ikera rorogodukare. Ica, awu otobiji iemarumode judeukare emawuge ewogai.		
BOR-CORBO-BM-ACT-018-007	ATOS DOS APÓSTLOS	ACT	18	7	Icare ure tudawuje nowu piji, ure turemo ia judeukare emawu meartorure Pao jiwu iei Tito Jetororeu cedu uwaito, uwai mugure nowu sinagoga bai meki.		
BOR-CORBO-BM-ACT-018-008	ATOS DOS APÓSTLOS	ACT	18	8	Du inodu tabo ia imedu iei Crispo cedu, nowu sinagoga bai kejewuge eimejera, meartorure Paoji uwobe apo du kodire, Corinto bakurireu tadawu ia makareuge emeardure Paulo bataruji, emeartorure jamedu, icare etao pegododure.		
BOR-CORBO-BM-ACT-018-009	ATOS DOS APÓSTLOS	ACT	18	9	Icare ia boecoji Pao makore Pauloji unuiao pemegareu tada, akore: - Apagudu kaba, amagodo boei, amago bokwa kaba. Ica, iragojere akabo.		
BOR-CORBO-BM-ACT-018-010	ATOS DOS APÓSTLOS	ACT	18	10	Iaboe iaboe emodukare tuburedo ai tuwo akogorido, iwobe emagare awu bakurireu tada du kodi.		
BOR-CORBO-BM-ACT-018-011	ATOS DOS APÓSTLOS	ACT	18	11	"Paulo rakojere nono joru mito, ari ikera awubodure mito taci ikera awubowuto, unure boe eerduwado Pao bataruji.	
Paulo rakojei brae eimejera jekaidu."		
BOR-CORBO-BM-ACT-018-012	ATOS DOS APÓSTLOS	ACT	18	12	Nowu Acaia moto kejewuge eimejera Galião rema, du tabore nowu judeudoge ere turagojedo tuiamedu tabo Paulo togi. Icare ere tugeragu ji, ere reko brae eiemejera ae, egore: -		
BOR-CORBO-BM-ACT-018-013	ATOS DOS APÓSTLOS	ACT	18	13	Awu imedu ure boedo tubujodo ia Aroe Eimejera ukai nono judeudoge eroiagudu reoreduji.		
BOR-CORBO-BM-ACT-018-014	ATOS DOS APÓSTLOS	ACT	18	14	Icare Paulo aidure tumagowo, macare nowu brae eimejera Galião makore judeudogei, akore: - Awu inodu umode ia boe ero pegareu rugadu du keje, umode turugadu iwiapagawo tai.		
BOR-CORBO-BM-ACT-018-015	ATOS DOS APÓSTLOS	ACT	18	15	Mare taerduwa reno, taroiagudu reno, du kodire tagire tamode tagogado ji. Itaidukare iwo ikogado awu inoduji.		
BOR-CORBO-BM-ACT-018-016	ATOS DOS APÓSTLOS	ACT	18	16	Icare ure etudo nowu bai piji.		
BOR-CORBO-BM-ACT-018-017	ATOS DOS APÓSTLOS	ACT	18	17	"Du kodi icare eiamedure tugeragu Sostenesji, nowu sinagoga kejewuge eimejera, ere boe to ji nowu brae eiemejera jekai. Du tabore nowu brae eiemejera Galião makokare iaboeji.
Pauloi tugirimi Antioquia kaedu."		
BOR-CORBO-BM-ACT-018-018	ATOS DOS APÓSTLOS	ACT	18	18	Paulo mugure Corinto tada biega tu je kimo, du kejere ure tugimadudo nowu Pao uwobe epiji, icare uture ika kurireu tabo Síria moto kae. Priscila, mare Aquila ekodure apo jamedu. Mare etaregodumode Síria kaedu otodai, Paulo rakojere jao Cencréia ba kurireu tada tuwo tao rawuje, ia boe keje makore Paoji oinoie turomode pudui du kodi.		
BOR-CORBO-BM-ACT-018-019	ATOS DOS APÓSTLOS	ACT	18	19	Du kejere etaregodure Éfeso bakurireu kae du tadare ure nowuge ei pobedu mugudo nono. Emare ure turemo sinagoga baito du tadare makore nowu judeudogei.		
BOR-CORBO-BM-ACT-018-020	ATOS DOS APÓSTLOS	ACT	18	20	Awuge enogwamagudure ji muguwo nono ebo kimo, mare aidukare.		
BOR-CORBO-BM-ACT-018-021	ATOS DOS APÓSTLOS	ACT	18	21	Imadure ebo tuberabiji, akore: - Imode ikirimi tawogai Pao aidumode du keje. Du kejere icare uture nowu Éfeso piji.		
BOR-CORBO-BM-ACT-018-022	ATOS DOS APÓSTLOS	ACT	18	22	Uture jii Cesaréia moto kae, icare ruture Jerusalém bakurireu kae, cimaduwo nowu Pao uwobe ebo, du pijire kuri je ure turawuje Antioquia kae.		
BOR-CORBO-BM-ACT-018-023	ATOS DOS APÓSTLOS	ACT	18	23	"Nonore mugure biega tu je, du kejere uture pugeje ure pagado Galácia moto kajeje, icare ure pagado Frígia moto kajeje, tui Pao uwobe emeardu awadudo pudui du tabo.
Apolo maragodae Éfeso kejedu."		
BOR-CORBO-BM-ACT-018-024	ATOS DOS APÓSTLOS	ACT	18	24	Du tonajire icare ia judeu iei Apolo cedu, ia Alexandria pijiwu imedu, mako pemegareu, jorduwa kuricigore Pao bataru jiwu imedu, aregodure Éfeso bakurireuto.		
BOR-CORBO-BM-ACT-018-025	ATOS DOS APÓSTLOS	ACT	18	25	Emare jorduwa rakare Pao utawaraji, mako kuricigore tumeardae pemegareu tabo Jesus jiboeji, jorduware João o boe etao pegoji tu rugadu kodi karega.		
BOR-CORBO-BM-ACT-018-026	ATOS DOS APÓSTLOS	ACT	18	26	Du kodire makore nowu sinagoga bai tada tubagudu bokwa tabo. Icare Priscila, Aquila emeardure ji, du kodi icare ere ko pudabo ere Pao utawara awadudodu pemegado jekai.		
BOR-CORBO-BM-ACT-018-027	ATOS DOS APÓSTLOS	ACT	18	27	Icare aidure tuduwo Acáia moto kae, du kodi icare Éfeso tadawu meartorureuge ere meardu awadudo pudui, ere aidudo, ere bapera atugodo nowu Acáia kejewu meartorureuge etai ewo tugeragu ji. Tumugui toro du tabore ure tugera braredodu kuricigodo nowu meartorureugei Pao o boe pemegareu koia.		
BOR-CORBO-BM-ACT-018-028	ATOS DOS APÓSTLOS	ACT	18	28	Ure tumago rakado judeudoge ewadaru jipagi boe eegai, tui eerduwado, Pao o bapera tabo, Cristoie ure Jesusce duji.		
BOR-CORBO-BM-ACT-019-HEAD-001	ATOS DOS APÓSTLOS	ACT	19		Éfeso kejewu Joãore jorduwadowuge.		Cabeçalho/subtítulo editorial da fonte.
BOR-CORBO-BM-ACT-019-001	ATOS DOS APÓSTLOS	ACT	19	1	Apolo mugui Corinto bakurireu tada du tonaji, Paulore pagado mugure cobojiwu moto kajeje, icare aregodure Éfeso bakurireuto. Nonore jordure ia meartorureugei, unorare ei, akore: -		
BOR-CORBO-BM-ACT-019-002	ATOS DOS APÓSTLOS	ACT	19	2	Nowu tameartorure boetoji du kodiboe keje, Aroe Pemegareu makudure tagai?		
BOR-CORBO-BM-ACT-019-003	ATOS DOS APÓSTLOS	ACT	19	3	Icare egore ji: - Boro. Mare cemeardukare Aroe Pemegareuie ure duji jamedu. 3. Icare Paulo akore: - Kode, kakoduwu boe etao pegododu taboba tagao pegore?  Egore: - João o boe etao pego tabore cedao pegododure.		
BOR-CORBO-BM-ACT-019-004	ATOS DOS APÓSTLOS	ACT	19	4	Icare Paulo akore: - Joãore boe etao pegodo boe eedorore tabowu boe etao pego tabo, makore boei emeartoruwo aregodumode turegodajiwu imeduji, duwure Jesus rema.		
BOR-CORBO-BM-ACT-019-005	ATOS DOS APÓSTLOS	ACT	19	5	Emeardure awu inodu jitu kejere icare etao pegododure Pagimejera Jesus ie tabo.		
BOR-CORBO-BM-ACT-019-006	ATOS DOS APÓSTLOS	ACT	19	6	Icare Paulore tugera bu ewugeje, du kejere Aroe Pemegareu ure turawuje ewugeje. Icare emagore boe ewadaru tuginoiwuji, emagore Pao bataruji jamedu.		
BOR-CORBO-BM-ACT-019-007	ATOS DOS APÓSTLOS	ACT	19	7	"Nowu ime ere pagera pudogidure ere pobe pugeje.
Pao uwobe ei tuguo Éfeso bakurireu tadadu."		
BOR-CORBO-BM-ACT-019-008	ATOS DOS APÓSTLOS	ACT	19	8	Icare Paulore turemo sinagoga baito du tadare readodure Pao bataruji tubagudu bokwa tabo, Arire pobe ma jewu metuia bokware duji, ure eerduwado Pao o boe pemegareuji.		
BOR-CORBO-BM-ACT-019-009	ATOS DOS APÓSTLOS	ACT	19	9	Mare ia emage emeartorukare, ewabo rakare, emago pega kuricigore Pao bataruji boe eegai, du kodi icare Paulore tuiaedo ei. Icare ure meartorureuge eto pui pudabo, ure eerduwado meri jameduji, ia imedu iei Tirano cedu uwai tada.		
BOR-CORBO-BM-ACT-019-010	ATOS DOS APÓSTLOS	ACT	19	10	Oinore ure jorui pobedu keje. Du kodire Asia kejewuge eiamedu boe, judeudoge, judeukare emawuge emeardure Pao bataruji.		
BOR-CORBO-BM-ACT-019-011	ATOS DOS APÓSTLOS	ACT	19	11	Paore turo kurireu towuje towuje Paulo iera tabo. Du kodire ere jore Paulo jiwu kigadureu aroiarogu, mare ia aroia boe reko kogodureuge etai.		
BOR-CORBO-BM-ACT-019-012	ATOS DOS APÓSTLOS	ACT	19	12	Du keje epemegagodure, Aroe pegareure tudawuj tumedure tadawuge epiji jamedu.		
BOR-CORBO-BM-ACT-019-013	ATOS DOS APÓSTLOS	ACT	19	13	Boekarema, ia judeudoge, duwugere Aroe pegareuge ewarigu boe epiji jamedu, emerure nono, icare ere tumeardae tawuje tuwo Aroe pegareuge ewarigu Jesus ie tabo Aroe pegareu meture tadawuge epiji. Icare egore Aroe pegareu dogei: - Cenure tado etadawuje Paulo readodure jiwu Jesus ie tabo.		
BOR-CORBO-BM-ACT-019-014	ATOS DOS APÓSTLOS	ACT	19	14	Rore oinowugere ia sacerdote judeu iei Scevas cedu ore nure emage.		
BOR-CORBO-BM-ACT-019-015	ATOS DOS APÓSTLOS	ACT	19	15	Macare Aroe pegareu akore ewadaru jipagi, akore: - Iorduware Jesusji, iorduware Pauloji, tagirema, kakoduwuge tagiba?		
BOR-CORBO-BM-ACT-019-016	ATOS DOS APÓSTLOS	ACT	19	16	Du tabore nowu Aroe pegareu meture tadawu imedu ure taredo ewugeje, ure etogorido, du koiare eregodure nowu bai piji, togoridodu tabo, tugudae aroia mega mega rogu tabo.		
BOR-CORBO-BM-ACT-019-017	ATOS DOS APÓSTLOS	ACT	19	17	Awu bakaru aregodure nowu mugure Éfeso bakurireu tadawu judeudoge eiamedu boe, gregodoge eiamedu boe etae. Icare eiamedu pagudugodu kuricigore. Kodi icare ere Pagimejera Jesus ie kurido.		
BOR-CORBO-BM-ACT-019-018	ATOS DOS APÓSTLOS	ACT	19	18	Icare makareuge etaregodure tumagowo turo pegareuji.		
BOR-CORBO-BM-ACT-019-019	ATOS DOS APÓSTLOS	ACT	19	19	Ia makareuge emaragodure  Aroe pegareuge ebo, duwugere to bapera arego, ere kowu boe eiamedu jekai. Nowu baperadoge emori kuricigore kodi karega.		
BOR-CORBO-BM-ACT-019-020	ATOS DOS APÓSTLOS	ACT	19	20	"Oinore Pao bataru ure tugidado, ure taododu kuricigodo.
Paulo mearudae."		
BOR-CORBO-BM-ACT-019-021	ATOS DOS APÓSTLOS	ACT	19	21	Du kejere Paulo aidure tuduwo Jerusalemto, mare umode pagado Macedônia moto kajeje, Acáia moto kajeje jao. Icare akore: - Imugumode toro (Jerusalém keje) du keje umode turugadu ituwo Roma bakurireu kae jorduwo ji.		
BOR-CORBO-BM-ACT-019-022	ATOS DOS APÓSTLOS	ACT	19	22	"Ure tumedage Timóteo mare Erosto ei pobedu etudo Macedônia kae, pudumire mugure eiageje Asia moto keje jao.
Meriri kigadureu epage erugodui Paulo jidu."		
BOR-CORBO-BM-ACT-019-023	ATOS DOS APÓSTLOS	ACT	19	23	Nowu du kodi ia boe pegareu ure tuguo Pao bataruji.		
BOR-CORBO-BM-ACT-019-024	ATOS DOS APÓSTLOS	ACT	19	24	Ia imedu meriri kigadureu epa iei Demétrio cedu duwure aroe eimejerago pagareudo iei Diana cedu uwai meriri kigadureu rogudoge etowuje, du tabore ure tumedage edo tugeragu mori kuricigoreuji.		
BOR-CORBO-BM-ACT-019-025	ATOS DOS APÓSTLOS	ACT	19	25	Icare ure nowu tumedage meriri epage eto pui, akore ei: - Taerduware pai pageragu du kuricigoie diieroji awu pamaragodae morice duji.		
BOR-CORBO-BM-ACT-019-026	ATOS DOS APÓSTLOS	ACT	19	26	Macare taerdure, tameardu nure awu Paulo akoi makareuge ewiegai, imere towujewu aroe eimejerageie, aroe eimejerage kaegae. Ure awu Éfeso tadawuge eiamedu boce kodi emeartorudo tagoino duji.		
BOR-CORBO-BM-ACT-019-027	ATOS DOS APÓSTLOS	ACT	19	27	Awu imedu pemegakare pai, pamaragodae umode tubegado. Boe emeartorumodukare pagimejerago Diana Kurireudo uwaiji pugeje. Cewu Asia kejewuge eiamedu, moto kejewuge eiamedu ere tubujodo jekaiwu pagimejerago Diana biegamode pugeje.		
BOR-CORBO-BM-ACT-019-028	ATOS DOS APÓSTLOS	ACT	19	28	Kodi icare, awu bataru koiare ure enogorawu boe kori tabo, du kodire enoiogwarigodure, egore: - Éfeso kejewuge eimejerago Diana kuricigore.		
BOR-CORBO-BM-ACT-019-029	ATOS DOS APÓSTLOS	ACT	19	29	Icare nowu bakurireu tadawuge eiamedu boe ere turagojedo eregodure nowu bai kurireu kae, ere tugeragu Caioji, Aristarcoji, duwugere Paulo metagere emage, Macedônia moto pijiwugere emage.		
BOR-CORBO-BM-ACT-019-030	ATOS DOS APÓSTLOS	ACT	19	30	Paulo aidure tuwo boe eerdudo pudui, mare metage etaidukare rowo ino.		
BOR-CORBO-BM-ACT-019-031	ATOS DOS APÓSTLOS	ACT	19	31	Ia Asia kejewuge eiemejarage duwugere tumeduiado ema marigudu, ere bakaru maku bogai jamedu utukawo nowu bakurireu kae.		
BOR-CORBO-BM-ACT-019-032	ATOS DOS APÓSTLOS	ACT	19	32	Nowu boe etui puidu pega remawu nure: enoiogwarire jice woje, jice woje, mare eiamedu jorduwakare kodiba turagojere nono duji.		
BOR-CORBO-BM-ACT-019-033	ATOS DOS APÓSTLOS	ACT	19	33	Du kejere ere ia judeu iei Alexandre cedu tawuje tubiji, metage ere tugera jodo keje tuwo rakojedo boe etogea keje makowo boei. Icare Alexandre ure tugera awogado boe eegai tumagowo.		
BOR-CORBO-BM-ACT-019-034	ATOS DOS APÓSTLOS	ACT	19	34	Mare boe eerdure judeuie ure emaduji, du keje eiamedu oiogwarire jii je horare pobe duji, egore:  “Éfeso kejewuge eimejerago Diana kuricigo remawu nure”. Oinore egore tu tu tu je.		
BOR-CORBO-BM-ACT-019-035	ATOS DOS APÓSTLOS	ACT	19	35	Du keje, nowu bakurireu tadawuge eimejera rekodajiwu aregodure tuwo boe ewudugugo. Akore: - Éfeso tadawuge tagi, ime eiamedure eerduware awu Éfeso bakureuie akarureu Diana kurido, eiamedu boe eerduware Diana ureureu meriri butuie baru piji duji.		
BOR-CORBO-BM-ACT-019-036	ATOS DOS APÓSTLOS	ACT	19	36	Iaboe iaboe emodukare tuiorduwa bokwado awu inoduji, du kodire ure turugadu tawudugugoduwo, tarokawo ia taro tameardae bokwa tabo.		
BOR-CORBO-BM-ACT-019-037	ATOS DOS APÓSTLOS	ACT	19	37	Awu tare tageragu jiwu ekare tagimejerago pegado, emago pega karega ure ji.		
BOR-CORBO-BM-ACT-019-038	ATOS DOS APÓSTLOS	ACT	19	38	Kode, Demétrio iarema ia metage etaidure tumagowo iaboe rogu boeji iaboei ma, boe eimejerage ewai mugure nono, jadodure, eimejerage emugure nono jamedu, emode tugogado ei.		
BOR-CORBO-BM-ACT-019-039	ATOS DOS APÓSTLOS	ACT	19	39	Tagaidure tamagowo iaboeji ma, boe eimejerage emode tugogado.		
BOR-CORBO-BM-ACT-019-040	ATOS DOS APÓSTLOS	ACT	19	40	Boe puredumode pai boewo parego brae eimejerage etae awu ure tudowuje awuji oinono du koia. Paga karega, boe kodiboe bokware awu boe enogo kuricigoi pui turugoduwo pui, tokiwo pui, togoriwo pui du bogai.		
BOR-CORBO-BM-ACT-019-041	ATOS DOS APÓSTLOS	ACT	19	41	Nowu bataru koiare icare nowu boe etui puidu ure taodo, akedure.		
BOR-CORBO-BM-ACT-020-HEAD-001	ATOS DOS APÓSTLOS	ACT	20		Paulo utui Macedônia kaedu, Grécia kaedu.		Cabeçalho/subtítulo editorial da fonte.
BOR-CORBO-BM-ACT-020-001	ATOS DOS APÓSTLOS	ACT	20	1	Nowu boe enogoi puidu akedu keje, Paulore tumedage eto pui pudae, icare makore ei; du keje imadure ebo tudui epiji toro Macednia kae du tabo.		
BOR-CORBO-BM-ACT-020-002	ATOS DOS APÓSTLOS	ACT	20	2	Merure nowu moto kao jii je, ure Pao uwobe eerduwado tumago kuricigo tabo, du kejere aregodure Grécia moto kae.		
BOR-CORBO-BM-ACT-020-003	ATOS DOS APÓSTLOS	ACT	20	3	Nonore rakojere arire pobe ma jewu metuia bokware. Uiagu taredo ika kurireuto tuduwo Sria moto kae, du tonajire judeudogere jorubo reko utawaraji. Du kodi icare ure tugirimi tuibagi Macedônia moto kae.		
BOR-CORBO-BM-ACT-020-004	ATOS DOS APÓSTLOS	ACT	20	4	Ia metage ekodure apo, duwugere Sápatro, Beréia moto pijiwu, Pitro onaregedu, mare Aristarco, mare Segundo, Tessalônica pijiwuge, mare Gaio, Derbe pijiwu, mare Timóteo, mare Títico, mare Trófico, Asia pijiwuge.		
BOR-CORBO-BM-ACT-020-005	ATOS DOS APÓSTLOS	ACT	20	5	Awugere eture cedododai, icare epagare cewogai Tróade bakurireu keje.		
BOR-CORBO-BM-ACT-020-006	ATOS DOS APÓSTLOS	ACT	20	6	Cegirema cemugure nono jao. Icare, Páscoa akedu keje, cere cedaredo ika kurireuto, nowu Filipo bakurireu piji toro Tróade kae etae. Nonore ceragojere semanare mito.		
BOR-CORBO-BM-ACT-020-007	ATOS DOS APÓSTLOS	ACT	20	7	Nowu semana boetojiwu meriji cere cedo pui cewo Pao o amireu kowuje. Icare Paulore tuduiagu nowu piji nowu meri rekodajiwuji, du kodire mako makore nowu Pao uwobei, makore ei jii boeco oia kae tu...		
BOR-CORBO-BM-ACT-020-008	ATOS DOS APÓSTLOS	ACT	20	8	Jorugu makare nono cemugure tadawu bai tada.		
BOR-CORBO-BM-ACT-020-009	ATOS DOS APÓSTLOS	ACT	20	9	Boekimorema, ia iparedu iei Eutico cedu, muguradu ia baiporo koborigodu keje, icare unudure, Paulo mako tonaji. Nori kori remawu nure jokuji du kodire buture baire pobe ma awu metuia bokware du piji moto kae, nori kori koia. Icare bire. Ere tugeragu ji bi inoduji.		
BOR-CORBO-BM-ACT-020-010	ATOS DOS APÓSTLOS	ACT	20	10	Icare Paulore turawuje ae, ure tumegido bukeje, ure tugeragu ji tugana pobe du tabo, ure bu todogajeje, akore: - Tamorora amagadu kaba, jeere pugeje.		
BOR-CORBO-BM-ACT-020-011	ATOS DOS APÓSTLOS	ACT	20	11	Icare ruture pugeje, du kejere mako raire ei pugeje jii barogwa kododu kae.		
BOR-CORBO-BM-ACT-020-012	ATOS DOS APÓSTLOS	ACT	20	12	Nowu iparedu rema, ere reko, je inodu tabo, tuiegare kuricigo tabo.		
BOR-CORBO-BM-ACT-020-013	ATOS DOS APÓSTLOS	ACT	20	13	Icare cere cedaredo ika kurireuto, icare cegodure Assos bakurireu kae; Paulorema uture moto kajeje. Assos keje cebagare bogai, taidu rekodaji.		
BOR-CORBO-BM-ACT-020-014	ATOS DOS APÓSTLOS	ACT	20	14	Nowu Assos bakurireu kaere icare aregodure cedae, cere cegeragu ji ika kurireu tada du tabore cegodure Mitilene bakurireu kae.		
BOR-CORBO-BM-ACT-020-015	ATOS DOS APÓSTLOS	ACT	20	15	Du pijire cegodure pugeje nowu pobo maereu kajeje pugeje. Barogwatore icare cedaregodure Quios bakurireu kae. Nowu meri rekodajiwuji pugeje cedaregodure Samos bakurireu kae. Barogwato pugeje icare cedaregodure Mileto bakurireuto.		
BOR-CORBO-BM-ACT-020-016	ATOS DOS APÓSTLOS	ACT	20	16	"Paulo kiarire tuduwo Éfeso bakurireuto, tumugu raikawo Asia moto keje, akere ji taregoduwo Jerusalém kae tuwo Pentecostes o peta ko.
Paulo uwadodae Éfeso kejewu codudoge ewiegaiwu."		
BOR-CORBO-BM-ACT-020-017	ATOS DOS APÓSTLOS	ACT	20	17	Mare nowu Mileto mito du pijire makore Éfeso tadawu Pao uwobe eimejerage ewogai.		
BOR-CORBO-BM-ACT-020-018	ATOS DOS APÓSTLOS	ACT	20	18	Icare etaregodure ae, ere tuiamedu to pui, du kejere icare akore ei: - Taerduware inoba iro irore tai boe jaeduji jii ire iremo awu Asia moto kaewu boetojiwu meri otobiji.		
BOR-CORBO-BM-ACT-020-019	ATOS DOS APÓSTLOS	ACT	20	19	Imaragodure Pao ai, ire iwiegado tu je du tabo, itoragudu tabo, judeudoge ere mugudo inaiwu jorubo oiagi.		
BOR-CORBO-BM-ACT-020-020	ATOS DOS APÓSTLOS	ACT	20	20	Taerduware ikae umode turugadu tagaiboe iaboe iaboe pijido, ikare biado, mare ire awadudo tawiegai boe eegai tawai otoji duji.		
BOR-CORBO-BM-ACT-020-021	ATOS DOS APÓSTLOS	ACT	20	21	Inogituware judeudogei, inogituware judeukare emawugei, ewo tugirimi tuibagi Pao ae, emeartoruwo pagimejera Jesus Cristoji.		
BOR-CORBO-BM-ACT-020-022	ATOS DOS APÓSTLOS	ACT	20	22	Oinore icare Aroe Pemegareure tumugudo ikeje ikoduwo Jerusalemto, mare iorduwakare iwo aidugirimode toroduji.		
BOR-CORBO-BM-ACT-020-023	ATOS DOS APÓSTLOS	ACT	20	23	Iorduware tu jiboe reo: Aroe Pemegareu ure ido boe pa itu iture kaewu bakurireu jamedu kejeie, baicoreu, boe ecebae epagare iwogaiduji.		
BOR-CORBO-BM-ACT-020-024	ATOS DOS APÓSTLOS	ACT	20	24	Mare ipagudukare iaboeji iaboeji, ipagudukare iwiwo. Umode turugadu iwo Pagimejera Jesusre maku inaiwu imaragodae akedudo, umode turugadu ireadoduwo o boe pemegareu akaruji.		
BOR-CORBO-BM-ACT-020-025	ATOS DOS APÓSTLOS	ACT	20	25	Oino iorduware taiamedu taboie, duwuge etoiagire imeru imerure ireadodui Pao o boe pemegareuji, taerdumodukare ii pugeje duji.		
BOR-CORBO-BM-ACT-020-026	ATOS DOS APÓSTLOS	ACT	20	26	Du kodire inagoino tawiegai: Ia tagi tawogwamode ma, boe jomodukere iwugeje.		
BOR-CORBO-BM-ACT-020-027	ATOS DOS APÓSTLOS	ACT	20	27	Paga karega, ikiarikare imagowo tawiegai Pao aidure jiboeji.		
BOR-CORBO-BM-ACT-020-028	ATOS DOS APÓSTLOS	ACT	20	28	Taeto tai, taeto Aroe Pemegareure maku tagaiboeji. Aroe Pemegareu ure boe eimejeragedo tagi taetuwo Pao uwobei, duwuge ure etaru Tonaregedu ku tabo.		
BOR-CORBO-BM-ACT-020-029	ATOS DOS APÓSTLOS	ACT	20	29	Iorduware iiagejeie icare riedoge emode turemo tado, tuwo barege pemegareuge ewido.		
BOR-CORBO-BM-ACT-020-030	ATOS DOS APÓSTLOS	ACT	20	30	Jamedu ime pegareuge emode turemo tadoda jamedu duwugere emode bakaru pegareu kogado, tuwo Pao uwobe erego pudabo.		
BOR-CORBO-BM-ACT-020-031	ATOS DOS APÓSTLOS	ACT	20	31	Tameardu awadudo tai, tawiagodu kaba jorure pobe ma awu metuia bokwaredu meriji boecoji inogituware tai tu tu tu je, itoragudu tabo, ikiarigodu tabo.		
BOR-CORBO-BM-ACT-020-032	ATOS DOS APÓSTLOS	ACT	20	32	Oinore icare inure tamagu Pao ai, inure tamagu Pao o bataru pemegare ai, emare jorduware tuwo tarijodudo, roiware tuwo tamugudo pemegareuge etada.		
BOR-CORBO-BM-ACT-020-033	ATOS DOS APÓSTLOS	ACT	20	33	Imagokare iaboeji meriri ekureu bogai, meriri kigadureu bogai du kare.		
BOR-CORBO-BM-ACT-020-034	ATOS DOS APÓSTLOS	ACT	20	34	Taerduware awu ikera tabore imaragodure iwo ikerogudo, iwo ikudae rogudo, iwo imedage ekerogudo jamedu.		
BOR-CORBO-BM-ACT-020-035	ATOS DOS APÓSTLOS	ACT	20	35	Jii je ire taerduwado uie turugadu pamaragoduwo, pawo pagerabraredo roiwakareugei du bogai, uwo nono Pagimejera bataru reore: Nowu ure boe makuwu jekare kodure nowu boe makudure aiwu jekare kori.		
BOR-CORBO-BM-ACT-020-036	ATOS DOS APÓSTLOS	ACT	20	36	Awu tuwadaru rekodajire icare Paulore tubujodo mototo, okwamagudure Paoji ebo.		
BOR-CORBO-BM-ACT-020-037	ATOS DOS APÓSTLOS	ACT	20	37	Rakojere nonowuge eiamedu etoragudugodure, icare ere todomo Paulo kajeje, imadui puabo du tonaji.		
BOR-CORBO-BM-ACT-020-038	ATOS DOS APÓSTLOS	ACT	20	38	Ekiarigodu kuricigore Paulo akore ei eerdumodukae pudui pugeje du kodi. Icare eture apo toro ika kurireu kae.		
BOR-CORBO-BM-ACT-021-HEAD-001	ATOS DOS APÓSTLOS	ACT	21		Paulo aregodui Tiro bakurireu kaedu.		Cabeçalho/subtítulo editorial da fonte.
BOR-CORBO-BM-ACT-021-001	ATOS DOS APÓSTLOS	ACT	21	1	Cedure epiji du keje cere cedaredo ika kurireuto, du tabore cegodure Cós bakurireu kae. Barogwatore icare cegodure pugeje Rodes bakurireu kae, du pijire cegodure pugeje Pátara bakurireu kae.		
BOR-CORBO-BM-ACT-021-002	ATOS DOS APÓSTLOS	ACT	21	2	Nonore ceerdure kodumode Fenícia kaewu ia ika kurireuji. I,care cere cedaredo to, du tabore cegodure cenodobiji.		
BOR-CORBO-BM-ACT-021-003	ATOS DOS APÓSTLOS	ACT	21	3	Icare ceerdure ia pobo aiare tabowu moto iei Chipre ceduji, okwacere woje cegana koboreu jaogwai; cegodure kori toro Síria moto kae. Icare cedaregodure ia bakurireu mugui pobo okwai iei Tiro cedu kae. Nonore boe emode nowu ika kurireu biorodo, du kodire cerudure moto kae nono.		
BOR-CORBO-BM-ACT-021-004	ATOS DOS APÓSTLOS	ACT	21	4	Nonore ceerdure ia Pao uwobei, du kodi icare cere cemugudo ebo merire ikera awubodure pobe taci ikera awubowuto; Aroe Pemegareu jore ewugeje, du koiare enogituware Pauloji rutu kawo Jerusalemto.		
BOR-CORBO-BM-ACT-021-005	ATOS DOS APÓSTLOS	ACT	21	5	Nowu merire ikera awubodure pobe taci ikera awubowutodu akedure du kejere icare cegodure cedawaraji pugeje. Eiamedu rore taci cedabo tuwiremage ebo, tore ebo jii bakurireu kujeto. Du kejere cere cebujodo nowu kugaru keje icare cenogwamagudure Paoji.		
BOR-CORBO-BM-ACT-021-006	ATOS DOS APÓSTLOS	ACT	21	6	Du keje icare cegimadure ebo, icare cere cedaredo ika kurireuto, emage ere tugirimi tuwai kae.		
BOR-CORBO-BM-ACT-021-007	ATOS DOS APÓSTLOS	ACT	21	7	"Cegodure ika kurireu tabo nowu Tiro bakurireu piji jii ia bakurireu iei Ptolomaida cedu kae. Nonore cegimadure cewiemage ebo, icare cemugure ebo nowu meriji.
Profeta Agabo akore Paulo jiboe Cesareia kejedu."		
BOR-CORBO-BM-ACT-021-008	ATOS DOS APÓSTLOS	ACT	21	8	Barogwatore icare cegodure pugeje, icare cedaregodure Cesareia bakurireuto pugeje. Du kejere cere ceremo Filipe uwaito. Emare Pao bataru epa rema, nowu diaconodoge ei sete ia emage nure ema. Icare cemugure uwai tada.		
BOR-CORBO-BM-ACT-021-009	ATOS DOS APÓSTLOS	ACT	21	9	Ore areme ere pobe puibiji duwuge emugukare imedu apo roga; emagere emago emagore Pao bataruji.		
BOR-CORBO-BM-ACT-021-010	ATOS DOS APÓSTLOS	ACT	21	10	Cemugure nono meri makakare, du keje ia profeta aregodure Judéia piji, iere Agabo.		
BOR-CORBO-BM-ACT-021-011	ATOS DOS APÓSTLOS	ACT	21	11	Aregodure mato cewogai, du kejere icare ure tugeragu Paulo peagajejewu, du tabore ure tugeragogudo tabo, ure tuwure gogudo tabo, icare akore: - Oinore Aroe Pemegareu akore: - Oinore judeudoge emode ore awu boe epeagajejewu iera gogudo, buregogudo, emode maku judeukare emawuge ekera kai toro Jerusalém tada.		
BOR-CORBO-BM-ACT-021-012	ATOS DOS APÓSTLOS	ACT	21	12	Awu bataru koiare icare cegi mare mugure nonowu Pao uwobe cenogwamagudure ji rutu kawo Jerusalemto.		
BOR-CORBO-BM-ACT-021-013	ATOS DOS APÓSTLOS	ACT	21	13	Mare Paulo akore: - Kodiba tagoragudure? Icare tare ikiarigodu kuricigodo! Ica, inure irugadu boewo ikeragogudo, boewo iwido jamedu Pagimejera Jesus ie koia.		
BOR-CORBO-BM-ACT-021-014	ATOS DOS APÓSTLOS	ACT	21	14	Icare cewadaru iwakare rutu kawo toro. Du kodire cemagokare ji pugeje, icare cemagore: - Boewo nono Pao aidu reore.		
BOR-CORBO-BM-ACT-021-015	ATOS DOS APÓSTLOS	ACT	21	15	Meri makakare du kejere icare cere cerugadu cemeruwo, icare cerudure Jerusalém kae.		
BOR-CORBO-BM-ACT-021-016	ATOS DOS APÓSTLOS	ACT	21	16	"Cesaréia tadawu ia pawobe ekodure cedabo, duwuge ere cerego ia Chipre pijiwu imedu iei Menason cedu uwai kae, nonore cenudumode.
Paulo rakojei Jerusalém tadadu."		
BOR-CORBO-BM-ACT-021-017	ATOS DOS APÓSTLOS	ACT	21	17	Icare cedaregodure Jerusalemto, du kejere pawiemage ere tugeragu cei tuiegare tabo taidu tabo.		
BOR-CORBO-BM-ACT-021-018	ATOS DOS APÓSTLOS	ACT	21	18	Barogwatore icare Paulo uture cedabo Tiago uwai kae, nonore icare nowu Pao uwobe eimejerage eiamedure tudo pui nono cedaregodu kae.		
BOR-CORBO-BM-ACT-021-019	ATOS DOS APÓSTLOS	ACT	21	19	Icare Paulo imadure ebo, icare readodure ewiegai Pao rore judeukare emawuge etai tugera tabowu jamedu jiboeji.		
BOR-CORBO-BM-ACT-021-020	ATOS DOS APÓSTLOS	ACT	21	20	Emeardui awu inodu jamedu jitu koiare ere Pao kurido, icare emagore Pauloji, egore: - Cemana, aerdu pemega nure, awu judeudoge makareuge duwugere emeartorure Pao bataruji tukai judeudoge eroiagudu pijido du tabo duji.		
BOR-CORBO-BM-ACT-021-021	ATOS DOS APÓSTLOS	ACT	21	21	Emagere emeardure boe egoi akie are nowu mugure judeukare emawuge etadawu judeudoge eerduwado ewo tugera ra Moisés piji, akagoi ei: ekawo tore ewiri kado, erokawo nono judeudoge eroiagudu reore.		
BOR-CORBO-BM-ACT-021-022	ATOS DOS APÓSTLOS	ACT	21	22	Inoba paromode? Eerduwamode akaregoduie rugadu.		
BOR-CORBO-BM-ACT-021-023	ATOS DOS APÓSTLOS	ACT	21	23	Kode, arodo nono cemagomode ai du reore. Imere pobe puibiji woe, tuwo tumorido Pao ai.		
BOR-CORBO-BM-ACT-021-024	ATOS DOS APÓSTLOS	ACT	21	24	Eko akabo, aedorodo ebo, mori maku eparu tabo tuwo etao rawuje. Du tabore eiamedu boe eerduwamode tumeardure jiwu aiboe boe kaegae, aki jamedu aroie nono judeudoge eroiagudu reore.		
BOR-CORBO-BM-ACT-021-025	ATOS DOS APÓSTLOS	ACT	21	25	Judeukare emawu meartorureuge eiboe rema, cere bapera atugodo etai, ewo tugera ra tui mori maku aroe eimejerage pagareuge etai du piji, ekawo ake todure towu barege eku ekodu kowuje, ekera keadu kawo jamedu.		
BOR-CORBO-BM-ACT-021-026	ATOS DOS APÓSTLOS	ACT	21	26	Barogwatore icare Paulo kodure nowu ime ebo, icare ure tuiedorodo ebo, ure turemo Pao uwaito, nonore icare ure remagu umode mori maku tubaru tabowu eparu tabowu moriji.		
BOR-CORBO-BM-ACT-021-027	ATOS DOS APÓSTLOS	ACT	21	27	Merire pagera awubodure pobe taci ikera awubowuto du keje, ia judeudoge etaregodui Asia moto piji, eerdure Pauloji nowu Pao uwai tada, du kodire ere boe erugo ji. Ere tugeragu ji, icare enoiogwarire.		
BOR-CORBO-BM-ACT-021-028	ATOS DOS APÓSTLOS	ACT	21	28	Egore: - Judeudoge, tagerabraredo cei! Mako pagare cewobei, Pao uwaiji, ceroiagudu boe jiwu imedu reo! Emareo! Unure Grécia pijiwu ime edo turemo Pao uwaito jamedu, tui pegado du tabo.		
BOR-CORBO-BM-ACT-021-029	ATOS DOS APÓSTLOS	ACT	21	29	Egore oino, eerdure Trofimo, Éfeso pijiwu, kodui apo bakurireu tada duji, du koiare emeardaere uie turemo Pao uwaito, kodire egoino.		
BOR-CORBO-BM-ACT-021-030	ATOS DOS APÓSTLOS	ACT	21	30	Mugure nowu bakurireu tadawuge eiamedu boe emorora amagadure, icare ere tudo puidu emagaguragare. Ere tugeragu Pauloji, ere reko oino motoji Pao uwai piji toro baawadu kae, icare Pao uwai porodoge ere tumi pi tuku peragajeje.		
BOR-CORBO-BM-ACT-021-031	ATOS DOS APÓSTLOS	ACT	21	31	Etaidure tuwo bito, mare iage ere tugobaigarege eimejera bie Jerusalém tadawuge eiameduie turagojedo turugoduwo.		
BOR-CORBO-BM-ACT-021-032	ATOS DOS APÓSTLOS	ACT	21	32	Du kodire icare kuri je ure tugobaigarege mare ia tugobaigarege eimejerage eko pudabo toro rugodureuge etae. Awugerema, eerdui nowu tugobaigarege eimejera aregodui tudugarege eboduji du keje kuri je, ere tugera ra tui boe to Paulo jitu piji.		
BOR-CORBO-BM-ACT-021-033	ATOS DOS APÓSTLOS	ACT	21	33	Icare nowu tugobaigarege eimejera ure tuburedo Pauloji, ure tugeragu ji, ure tudugarege edo ieragogudo meriri iku pobe du tabo. Icare unorare boei iogudubabao, kaboba jiba roino.		
BOR-CORBO-BM-ACT-021-034	ATOS DOS APÓSTLOS	ACT	21	34	Eiamedu boe enoiogwarire jice woje, jice woje, du kodire roiwakare tuiorduwawo nowu boe enogoi pui du koia. Du kodi icare ure tudugarege edo reko baicoreu rakareuto.		
BOR-CORBO-BM-ACT-021-035	ATOS DOS APÓSTLOS	ACT	21	35	Icare Paulo aregodui bai kurireu o escala kae du keje, tugobaigarege ere tudugu ji tuietuwo ji boe ekorii ji tu piji.		
BOR-CORBO-BM-ACT-021-036	ATOS DOS APÓSTLOS	ACT	21	36	Nowu boe makareuge ekodure rekodaji toiogwari tabo, tagoi oino du tabo: - Bito rugau.		
BOR-CORBO-BM-ACT-021-037	ATOS DOS APÓSTLOS	ACT	21	37	Umode turemo nowu baicoreu rakareu to du keje, Paulo unoragodure nowu tugobaigarege eimejeraji, akore ji: - Awudugugo ii biegatu je, imagowo boei jao. Nowu tugobaigarege eimejera akore: - Aerduware gregodoge ewadaruji?		
BOR-CORBO-BM-ACT-021-038	ATOS DOS APÓSTLOS	ACT	21	38	Nowu Egito pijiwu imedu, duwure boe erugo pui marigudu, icare ure rugodureu ime ei quatro mil reko pudabo boe matadu kaewu aki kanao?		
BOR-CORBO-BM-ACT-021-039	ATOS DOS APÓSTLOS	ACT	21	39	Icare Paulo akore: Judeu nure imi, Cilécia moto kejewu bakurireu iei Tarso cedu pijiwu nure imi, inogwamagudu nure ai awo imagodo boei.		
BOR-CORBO-BM-ACT-021-040	ATOS DOS APÓSTLOS	ACT	21	40	Icare nowu tugobaigarege eimejera ure makodo. Icare Paulo, turagojei nowu escala keje du piji, ure tugera aogado boei, icare boe makodure pi tuku. Icare makore ei hebreudoge ewadaru tabo, akore:		
BOR-CORBO-BM-ACT-022-HEAD-001	ATOS DOS APÓSTLOS	ACT	22		Paulo uwadodae judeudoge ewiegaidu. -		Cabeçalho/subtítulo editorial da fonte.
BOR-CORBO-BM-ACT-022-001	ATOS DOS APÓSTLOS	ACT	22	1	Imanamage, iwiemage, iogamage, tawiapagado iwadaruji: ireadodumode tawiegai kodiba iroino.		
BOR-CORBO-BM-ACT-022-002	ATOS DOS APÓSTLOS	ACT	22	2	Emeardure makoi hebreudoge ewadaruji du kejere ewiapaga awadure ji.		
BOR-CORBO-BM-ACT-022-003	ATOS DOS APÓSTLOS	ACT	22	3	Icare akore pugeje: - Judeu nure imi. Cilécia moto kejewu bakurireu iei Tarso cedu kejere iwodure, mare irijodure awu bakurireu tada, nowu jorduwa rakareu iei Gamaliel cedu bure paru iorduwadodure paomage eroji. Pao Kurireu jaogwaire inogwacere tareore, tare tagogwacere Pao jaogwai jii oino jamedu, du reorere ire ino jamedu marigudu.		
BOR-CORBO-BM-ACT-022-004	ATOS DOS APÓSTLOS	ACT	22	4	Marigudu itonare Cristo metagei iwo ewido. Ire ikeragu meartorure Cristo jiwu imei, aremei, ire erego baicoreuto.		
BOR-CORBO-BM-ACT-022-005	ATOS DOS APÓSTLOS	ACT	22	5	Sacerdotedoge eimejerage mare boe eimejerage eerduware iroinoduji. Ere bapera maku inai iwo reko Damasco kejewu judeudoge etae, icare iture nowu bakurireu kae iwo ikeragu meartorureuge emugui toro duji, iwo erego Jerusalém kae boewo eedorodo.		
BOR-CORBO-BM-ACT-022-006	ATOS DOS APÓSTLOS	ACT	22	6	Boekimorema, ikodui awaraji, puredu tu Damasco bakurireuji, meri jetui pagaia keje du tabo, icare baru pijiwu ia urugureboe kuricigoreu ure itaiado pi tuku je.		
BOR-CORBO-BM-ACT-022-007	ATOS DOS APÓSTLOS	ACT	22	7	Icare iwudure moto kae, icare imeardure ia boe emagoi ii duji, akore: - Saulo, Saulo, kodiba akonare ii? Kodiba?		
BOR-CORBO-BM-ACT-022-008	ATOS DOS APÓSTLOS	ACT	22	8	Icare imagore ji: - Ioguduba akagoino, ikimejera?  Icare nowu akoinoboe makore ii pugeje, akore: - Jesus Nazaré pijiwu imireo, cewu akonare jiwu imireo.		
BOR-CORBO-BM-ACT-022-009	ATOS DOS APÓSTLOS	ACT	22	9	Boekimorema, imedage eerdure urugureboeji, mare emeardukare nowu akoino iiboe makoji.		
BOR-CORBO-BM-ACT-022-010	ATOS DOS APÓSTLOS	ACT	22	10	Icare imagore ji: - Ikimejera, inoba iromode?  Icare akore ii: - Aragojedo, atudo Damasco bakurireuto, torore boe emode awiie inoba aromode duji.		
BOR-CORBO-BM-ACT-022-011	ATOS DOS APÓSTLOS	ACT	22	11	Iordukare iaboeji nowu urugureboe kuricigoreu koia, du kodire imedage ere tugera kogudo ikera kajeje du tabore itaregodure Damascoto.		
BOR-CORBO-BM-ACT-022-012	ATOS DOS APÓSTLOS	ACT	22	12	Ia imedu iei Ananias cedu, mako makore Pao jiwu imedu, duwu rore nono judeudoge eroiagudo du reore, nowu bakurireu tadawu judeudoge eerdu pemegare jiwu imedu,		
BOR-CORBO-BM-ACT-022-013	ATOS DOS APÓSTLOS	ACT	22	13	Aregodure itae, akore ii: Iwie Saulo, aeku pemegare pugeje. Du keje kuri je itaiwore.		
BOR-CORBO-BM-ACT-022-014	ATOS DOS APÓSTLOS	ACT	22	14	Icare akore pugeje: Paomage eno Aroe Eimejera ure atawuje aerduwawo taidure jiboeji, aerduwawo Imedu Pemegareuji, amearduwo jabijiwu bataruji.		
BOR-CORBO-BM-ACT-022-015	ATOS DOS APÓSTLOS	ACT	22	15	Ica, areadodumode ime eiamedu boe ewiegai aerdure jiboeji, ameardure jiboe jamedu boeji.		
BOR-CORBO-BM-ACT-022-016	ATOS DOS APÓSTLOS	ACT	22	16	Kodi icare, amara tabo! Aragojedo, akao pegodo, awabo kigadudo aro pegareu piji nowu Pemegareu Imedu ie tabo.		
BOR-CORBO-BM-ACT-022-017	ATOS DOS APÓSTLOS	ACT	22	17	Du kejere icare ire ikirimi Jerusalemto, icare inogwamagudure Paoji uwai tada, du tonajire Paore ido ikinoi, ure iordudo boe pemegareuji.		
BOR-CORBO-BM-ACT-022-018	ATOS DOS APÓSTLOS	ACT	22	18	Icare iordure Jesus makoi ii duji, akore: Amara tabo! Atudo Jerusalém piji, paga karega, awuge emeardumodukare areadodui iiboe jituji		
BOR-CORBO-BM-ACT-022-019	ATOS DOS APÓSTLOS	ACT	22	19	Icare imagore: Ikimejera, emage eerduware iie meartorure aiwuge etugu etugu baicoreuto, eerduware iie iwara to to ei duji.		
BOR-CORBO-BM-ACT-022-020	ATOS DOS APÓSTLOS	ACT	22	20	Icare Estêvão ure tuiwodo akie koia du keje, iragojere nono jamedu, ieture ure bitowuge ekudawu aroiaji.		
BOR-CORBO-BM-ACT-022-021	ATOS DOS APÓSTLOS	ACT	22	21	"Macare Jesus akore: Toro, imode atudo toro ia boe etae jaegiri.
Paulo mugui baicoreu rakareu tadadu."		
BOR-CORBO-BM-ACT-022-022	ATOS DOS APÓSTLOS	ACT	22	22	Judeudoge emeardure jii je nowu bataru kae, du keje icare enoiogwarire, egore: - Nowu imedu tawuje nowu piji, umodukare turugadu tuiewo.		
BOR-CORBO-BM-ACT-022-023	ATOS DOS APÓSTLOS	ACT	22	23	Du keje icare enoiogwari kuricigore, ere tugudae aroia tawuje, ere moto urugudu barigu baruto boekori koia ji.		
BOR-CORBO-BM-ACT-022-024	ATOS DOS APÓSTLOS	ACT	22	24	Du kodi icare nowu tugobaigarege eimejera ure tudugarege edo tugeragu ji ewo reko baicoreu rakareuto, ewo iwara to ji, ewo okoridodu kuricigodo, tuiorduwawo kodiba boe enoiogwarire boe kori koia ji du bogai.		
BOR-CORBO-BM-ACT-022-025	ATOS DOS APÓSTLOS	ACT	22	25	Icare enure kogudo barogo biri bukigu tabo du kejere Paulo unorare ia tugobaigarege eimejera mugui nonoduji, akore: - Umodukana turugadu boewo boe to ia Roma kejewu imeduji, brae eiemejerage ekai tugogado jitu otodai?		
BOR-CORBO-BM-ACT-022-026	ATOS DOS APÓSTLOS	ACT	22	26	Icare nowu tugobaigarege eimejera meardure awu bataru jitu keje kuri je, uture tugimejera ae, ure bie, akore: - Inoba aromode? Awu imedu Roma kejewu nure ema.		
BOR-CORBO-BM-ACT-022-027	ATOS DOS APÓSTLOS	ACT	22	27	Icare nowu brae eimejera uture mato Paulo ae, akore ji: - Roma kejewu akinao? Amagodo. Paulo akore: - U!		
BOR-CORBO-BM-ACT-022-028	ATOS DOS APÓSTLOS	ACT	22	28	Icare nowu brae eiemejera akore: - Ire Roma kejewudo imi mori kuricigo tabo. Icare Paulo akore: - Ica, Roma kejewu nure imi iwodure du piji.		
BOR-CORBO-BM-ACT-022-029	ATOS DOS APÓSTLOS	ACT	22	29	Du keje kuri je, nowu umode okoridowuge ere tuiaedo ji pi tuku. Nowu brae eiemejera morora amagadure, paga karega, ure tudugarege eedo kogudo Roma kejewui ema du tabo.		
BOR-CORBO-BM-ACT-022-030	ATOS DOS APÓSTLOS	ACT	22	30	Barogwatore icare, nowu brae eiemejera aidure tuiorduwa birigoduwo kodiba rakuduie judeudoge emago pegare ji. Ure iera kiwuje, icare ure sacerdotedoge eiemejerage eto pui. Icare ure Paulo arego etae.		
BOR-CORBO-BM-ACT-023-HEAD-001	ATOS DOS APÓSTLOS	ACT	23		Paulo rakojei boe eimejerage eegaidu.		Cabeçalho/subtítulo editorial da fonte.
BOR-CORBO-BM-ACT-023-001	ATOS DOS APÓSTLOS	ACT	23	1	Icare Paulore tuioku kidudo nowu judeudoge eimejerage ei tu... Icare akore: - Imanamage, imire imerure Pao jekai iwabo pemegareu tabo, imeardae pemegareu tabo jii awu meri kae.		
BOR-CORBO-BM-ACT-023-002	ATOS DOS APÓSTLOS	ACT	23	2	Macare nowu sacerdotedoge eimejera iei Ananias cedu, ure mugure mekiwuge edo tugera to okwaji.		
BOR-CORBO-BM-ACT-023-003	ATOS DOS APÓSTLOS	ACT	23	3	Icare Paulo akore ji: Imedu roarodureu, Pao umode akogorido jamedu. Amugure awo akogado ii paroiagudu rekodaji, macare akonai paroiagudu jitu tabore are boedo itogorido. Kodiba?		
BOR-CORBO-BM-ACT-023-004	ATOS DOS APÓSTLOS	ACT	23	4	Icare mugure nonowuge egore: - Awadaru pegare Pao bure joia kurireuji.		
BOR-CORBO-BM-ACT-023-005	ATOS DOS APÓSTLOS	ACT	23	5	Icare Paulo akore: - Iwiemage iorduwakare Pao burejoiaie ure emaduji. Paga karega, Pao o bapera keje atugododure oino: “Amago pega kaba awobe eimejerajii” (Ex 22,28).		
BOR-CORBO-BM-ACT-023-006	ATOS DOS APÓSTLOS	ACT	23	6	Paulo jorduware nowu judeudoge eiemejerageie tuginoi duji. Iage fariseudogere emage, iage saduceudogere emage. Du kodi lcare akore tumago raka tabo: - Imanamage, fariseu nure imi, fariseudoge etonaregedu nure imi. Ica, imeartorure bireuge eewodumode tuwi piji pugeje duji, du koiare boere tugogado ii		
BOR-CORBO-BM-ACT-023-007	ATOS DOS APÓSTLOS	ACT	23	7	Awu bataru keje, nowu fariseudoge mare nowu saduceudoge etokire pui, emagore pui puibagi, icare nowu boe eimejerage etonare pui. 8(Paga karega, saduceudoge egore bireuge ewodumodukae, tupadoge bokwae, aroedoge bokwae; fariseudogerema emeartorure nowu boe jameduji).		
BOR-CORBO-BM-ACT-023-009	ATOS DOS APÓSTLOS	ACT	23	9	Du kodi icare ia boe enoiogwari kuricigoreu ure tuguo. Icare ia fariseudoge, ere turagojedo, emago rakare, egore: - Ceerduwakare awu imedu ia ro pegareuji. Ia Pao o tupa, iarema ia Aroe emago kana ji?		
BOR-CORBO-BM-ACT-023-010	ATOS DOS APÓSTLOS	ACT	23	10	Icare nowu emagoi puidu nowu etokii puidu icare rakagodure. Du kodi icare nowu brae eimejera pagudugodure emode Paulo roto oino pa je duji, du kodi icare ure tugobaigarege edo turawuje, ewo Paulo aru epiji, ewo reko baicoreu rakareu kae.		
BOR-CORBO-BM-ACT-023-011	ATOS DOS APÓSTLOS	ACT	23	11	Nowu boecoji icare Paore towadudo Paulo jekai, akore ji: - Ameardu awadudo ai, areadodure ii Jerusalém tadadu reorere umode turugadu areadoduwo ii pugeje Roma bakurireu tada jamedu.		
BOR-CORBO-BM-ACT-023-012	ATOS DOS APÓSTLOS	ACT	23	12	Barogwa kododu tabore icare ia judeudoge ere tudo pui, emagore pui togwagemodukae iaboe boeji, tugudumodukae iaboe boece, tumode Paulo bito du otodai.		
BOR-CORBO-BM-ACT-023-013	ATOS DOS APÓSTLOS	ACT	23	13	Nowu makore oinowuge ere nono ikera pudogidure iwure pudogidure ikera pudogidure iwure pudogidure du reore.		
BOR-CORBO-BM-ACT-023-014	ATOS DOS APÓSTLOS	ACT	23	14	Icare eture nowu sacerdotedoge eiemejerage etae, egore ei: - Cemagore Pao jekai, cenogwagemodukae iaboe boeji jii cemode Paulo bito du kae.		
BOR-CORBO-BM-ACT-023-015	ATOS DOS APÓSTLOS	ACT	23	15	Kode, tagi mare pagimejerage tamagodo brae eiemejeraji uwo Paulo reko mato tawogai. Tamagodo ji tamode tagoga pemagado ji pugeje. Cegirema, umode tuburedo mato du keje, cemode cedo cerugadu cewo bito.		
BOR-CORBO-BM-ACT-023-016	ATOS DOS APÓSTLOS	ACT	23	16	Boekimorema, Paulo utuie ia onaregedu, urade nowu emeardae pegareu pawuje, du kodi icare kodure toro baicoreu rakareu kae, ure Paulo bie.		
BOR-CORBO-BM-ACT-023-017	ATOS DOS APÓSTLOS	ACT	23	17	Awure icare makore tugobaigarege eimejera bogai, akore ji: - Awu iparedu reko toro akimejera ae, aidure tumagowo ji iaboeji.		
BOR-CORBO-BM-ACT-023-018	ATOS DOS APÓSTLOS	ACT	23	18	Icare ure reko nowu brae eimejera jekae, akore ji: - Nowu meture baicoreu tadawu iei Paulo cedu okwamagudure ii iwo awu iparedu reko mato aegai, aidure tumagowo ai iaboeji du kodi.		
BOR-CORBO-BM-ACT-023-019	ATOS DOS APÓSTLOS	ACT	23	19	Icare nowu brae eimejera ure tugera kogudo nowu iparedu iera kajeje, ure reko jice baiporo kae, akore ji: - Kaboba jiba akaidure amagowo ii?		
BOR-CORBO-BM-ACT-023-020	ATOS DOS APÓSTLOS	ACT	23	20	Akore: - Judeudoge emagore pui barogwatoie togwamagudumode ai awo Paulo reko judeudoge eimejerage eegai pugeje, ewo tugogadodu pemegado ji.		
BOR-CORBO-BM-ACT-023-021	ATOS DOS APÓSTLOS	ACT	23	21	Akirema, awiapaga kaba ewadaruji. Paga karega, ia ime ere ikera pudogidure iwure pudogidure ikera pudogidure iwure pudogiduredu, duwuge emode tuwiado awara okwai tuwo bito. Ere togwatugu Pao jekai togwagemodukae iaboe oeji, tugudumodukae iaboe boece jii tumode bito du otodai. Enure turugadu, epagamode awadaru bogai tu je.		
BOR-CORBO-BM-ACT-023-022	ATOS DOS APÓSTLOS	ACT	23	22	"Icare nowu brae eimejera ure nowu iparedu utudo, akore ji mako kaiagu iaboe boei tuie bie pudui duji.
Paulo rekodudodui Cesaria kaedu."		
BOR-CORBO-BM-ACT-023-023	ATOS DOS APÓSTLOS	ACT	23	23	"Du keje icare makore tugobaigarege eimejerage ei pobedu bogai, akore ei: - 
Tamode tugobaigarege ei 200 cedu edo turugadu etuwo Cesaréia kae, awu boeco kajeje."		
BOR-CORBO-BM-ACT-023-024	ATOS DOS APÓSTLOS	ACT	23	24	Tamode kawarudoge edo turugadu Paulo bogai jamedu, dure tamode reko pagimejera Félix ae. Taetu pemegado ji.		
BOR-CORBO-BM-ACT-023-025	ATOS DOS APÓSTLOS	ACT	23	25	Ure ia bapera atugodo tagoi oino du tabo:		
BOR-CORBO-BM-ACT-023-026	ATOS DOS APÓSTLOS	ACT	23	26	"""Cludio Lísia ikimadu nure pagimejera kurireu Félix awogai."		
BOR-CORBO-BM-ACT-023-027	ATOS DOS APÓSTLOS	ACT	23	27	Judeudoge ere awu imedu ieragogudo, eiagu bito, du kejere icare itaregodure ae ino tugobaigarege ebo, icare iordure Roma kejewuie ure ema duji, du kodire ire inorudo ekera piji.		
BOR-CORBO-BM-ACT-023-028	ATOS DOS APÓSTLOS	ACT	23	28	Du keje icare itaidure iorduwawo kaba kodiba ere tuiagu bito, du kodire ire reko judeudoge eimejerage eegai, ewo tugogado ji,		
BOR-CORBO-BM-ACT-023-029	ATOS DOS APÓSTLOS	ACT	23	29	Icare imeardure eie tuiagu bito turoiagudu koia, mare ia ro pegareu bokware ewo bito, iarema ewo tugu baicoreuto.		
BOR-CORBO-BM-ACT-023-030	ATOS DOS APÓSTLOS	ACT	23	30	Mare du kejere icare ia boere iwie ia judeudogeie tudo turugadu tuwo bito rugadu, du kodire icare ire boedo reko toro akae, imagore onare jiwugei etuwo akae jamedu. Urugadu. Amugu pemegado.		
BOR-CORBO-BM-ACT-023-031	ATOS DOS APÓSTLOS	ACT	23	31	Icare, nowu boecoji nowu tugobaigarege ere tugeragu Pauloji, nowu tugimejera mako rekodaji, icare ere reko toro Antipátride kae.		
BOR-CORBO-BM-ACT-023-032	ATOS DOS APÓSTLOS	ACT	23	32	Barogwatore icare ere maku kawaru epage etae, ewo reko tododai, pudumire icare ere tugirimi tuibagi tumuga kae pugeje.		
BOR-CORBO-BM-ACT-023-033	ATOS DOS APÓSTLOS	ACT	23	33	Etaregodure Cesaréia bakurireuto du keje, ere bapera maku nowu brae eimejera ai, ere jordudo Pauloji jamedu.		
BOR-CORBO-BM-ACT-023-034	ATOS DOS APÓSTLOS	ACT	23	34	Icare makore nowu bapera atugoji, du kejere icare unoragodure ei kakoduwu moto kajeba. Egore: Cilécia moto kejewu reno. Icare akore: - 35 Iwiapagamode ai, onare aiwuge etaregodumode du keje. Icare ure edo Paulo jetu otorogado judeudoge eimejera Herodes uwai kurireu tada.		
BOR-CORBO-BM-ACT-024-HEAD-001	ATOS DOS APÓSTLOS	ACT	24		Brae eimejerage ere tugogado Pauloji.		Cabeçalho/subtítulo editorial da fonte.
BOR-CORBO-BM-ACT-024-001	ATOS DOS APÓSTLOS	ACT	24	1	Merire pagera awubodure du rekodajire icare nowu sacerdotedoge eimejera kurireu ure turawuje nowu kae, ia codureuge ebo, ia boe eroiagudu epa iei Tertulo cedu kodure ebo. Etaregodure du kejere, eture nowu brae eimejera kurireu ae, tumago pegawo Pauloji biegai.		
BOR-CORBO-BM-ACT-024-002	ATOS DOS APÓSTLOS	ACT	24	2	Emagore Paulo bogai tuwo tugogado ji. Icare nowu Tertulo mako pegare ji nowu brae eimejera jekai, akore: - Akire are boe pemegado cei, are boe butugudo cei. Aro koiare boe ero pegareu makareu kadodure ceno moto keje.		
BOR-CORBO-BM-ACT-024-003	ATOS DOS APÓSTLOS	ACT	24	3	Ceerduware aroinoduji, boe jamedu boeji jii je, boe jamedu boe keje, akarureu Félix, du kodire cenure tukutaido ai.		
BOR-CORBO-BM-ACT-024-004	ATOS DOS APÓSTLOS	ACT	24	4	Macare itaidukare boe koriwo ai jii je du kodire inogwamagudu nure ai awiapagawo iwadaruji jao.		
BOR-CORBO-BM-ACT-024-005	ATOS DOS APÓSTLOS	ACT	24	5	Ceerdure awu imeduji, pega remawure, ure boe erugo pui boe jamedu boe keje, judeudoge etada. Nazareudoge ia eimejera nure ema.		
BOR-CORBO-BM-ACT-024-006	ATOS DOS APÓSTLOS	ACT	24	6	Uiagu Pao uwai pegado jamedu, macare cere cegeragu ji. 7(Cedaidure cewo cegogado ji, ceroiagudu rekodaji, mare nowu brae eimejera iei Lísias cedu aregodure, icare ure tugeragu cegera piji turaga tabo taci je, icare ure onare jiwuge cedudo mato aegai).		
BOR-CORBO-BM-ACT-024-008	ATOS DOS APÓSTLOS	ACT	24	8	Ica, aki mitodu anoramode ji, du tabore aerduwamode cemagore ai jiboeji jamedu boe ema remawuie.		
BOR-CORBO-BM-ACT-024-009	ATOS DOS APÓSTLOS	ACT	24	9	Icare nowu judeudoge ere tuiodo nowu turoiagudu epa bataru keje, egore oinoie ure rugadu.		
BOR-CORBO-BM-ACT-024-010	ATOS DOS APÓSTLOS	ACT	24	10	"Du keje icare nowu brae eimejera ure tugera amagadudo Paulo bogai, icare Paulo akore: 
Iorduware joru makaguragare aetui awu moto jitu duji, du kodire imagomode iparu tabo aegai ipagudu bokwa tabo, imeartorui ai du tabo."		
BOR-CORBO-BM-ACT-024-011	ATOS DOS APÓSTLOS	ACT	24	11	Boe rakamodukare ai aerduwawo meri kodukae ikera pudogidure pobe taci iwurekotodu kori irudui Jerusalém bakurireuto du piji. Irudure toro, inogwamaguduwo Paoji.		
BOR-CORBO-BM-ACT-024-012	ATOS DOS APÓSTLOS	ACT	24	12	Iaboe iaboe eerdukare ii inogirui iaboeji iaboeji; eerdukare ii boe erugo Pao uwai tada duji, iarema sinagoga tada, iarema bakurireu tada.		
BOR-CORBO-BM-ACT-024-013	ATOS DOS APÓSTLOS	ACT	24	13	Jamedu eroiwakare tuwo aerdudo tumago pega nure iiboeji.		
BOR-CORBO-BM-ACT-024-014	ATOS DOS APÓSTLOS	ACT	24	14	Imago nure oino aegai: Ikodure paedogamage eno Aroe Eimejera utawaraji, imeartorure atugododure Moisés o bapera kejeboeji, profetadoge eno bapera kejeboe jamedu boeji, ikodui emagore tuginoiwu oino jiwu bakaru rekodaji.		
BOR-CORBO-BM-ACT-024-015	ATOS DOS APÓSTLOS	ACT	24	15	Ipaga nure Paoji epagamagai jitudu reore, pemegareuge, pegareuge eewodumode pugeje duji.		
BOR-CORBO-BM-ACT-024-016	ATOS DOS APÓSTLOS	ACT	24	16	Kodire inure idurudo ikoduwo imeardae pemegareu tabo Pao jekai, ime eegai jamedu.		
BOR-CORBO-BM-ACT-024-017	ATOS DOS APÓSTLOS	ACT	24	17	Joru makaguragare du keje, itaregodure iwobe etae, makudu pagare etaiboe rogu tabo, makudumode Pao uwai tada boe tabo jamedu.		
BOR-CORBO-BM-ACT-024-018	ATOS DOS APÓSTLOS	ACT	24	18	Icare iroi nono du keje, eerdure ii ipemegado Pao uwai tada duji, mare boe ekare tago, boe erugodukare pui nono.		
BOR-CORBO-BM-ACT-024-019	ATOS DOS APÓSTLOS	ACT	24	19	Eerdure iiwu, ia judeudoge etaregodui Asia pijiwugere emage, emagere etaregodumode aegai emagowo iiboeji, eerdure iro pegareuji rugadu du keje, kodi karega.		
BOR-CORBO-BM-ACT-024-020	ATOS DOS APÓSTLOS	ACT	24	20	Mare mugure oinowuge emagowo awiegai eerdu rakuduie ia iro pegareuji nowu ere irego judeudoge eimejerage eegai du keje.		
BOR-CORBO-BM-ACT-024-021	ATOS DOS APÓSTLOS	ACT	24	21	Imagore tu jiboe imago raka tabodu reo: Bireuge eewodumodedu koiare judeudoge eimejerage ere tugogado ii taegai.		
BOR-CORBO-BM-ACT-024-022	ATOS DOS APÓSTLOS	ACT	24	22	Boekare. Nowu brae eimejera Félix jorduwa birigodure emeartoraeji, du kodire ure nowu judeudoge eimejerage etudo jao, akore: - Nowu boe eimejera Lísias aregodumode mato du keje imeardu birigodumode tai.		
BOR-CORBO-BM-ACT-024-023	ATOS DOS APÓSTLOS	ACT	24	23	Icare ure nowu tugobaigarege eimejerado tugedo pemegado Pauloji, akore ji jetuwo ji butugu tabo, ukawu metage ei tugerabraredo jitudu pijido.		
BOR-CORBO-BM-ACT-024-024	ATOS DOS APÓSTLOS	ACT	24	24	Meri makakare du keje, nowu brae eimejera Félix aregodure toreduje Drusila apo, duwudo judeudore ema. Makore Paulo bogai, icare biapagare makoi boe emeartorui Jesus Cristo jituduji.		
BOR-CORBO-BM-ACT-024-025	ATOS DOS APÓSTLOS	ACT	24	25	Du kejere Paulo makore ei boe emodukae pu pegado, pu barigududo, boe ekera keadukawo pudui, ia meri keje Pao umoduie tugogado boei, du kodi icare nowu Félix pagudugodure, icare akore Pauloji: - Urugadu jao, atudo jao, ia kodiboe keje imagomode awogai pugeje.		
BOR-CORBO-BM-ACT-024-026	ATOS DOS APÓSTLOS	ACT	24	26	Upagare jamedu Paulo umoduie diiero maku pudai du bogai, du kodire mako makore bogai tu tu tumagowo ji.		
BOR-CORBO-BM-ACT-024-027	ATOS DOS APÓSTLOS	ACT	24	27	Jorure pobe du rekodaji, brae eimejerage ere Félix tawuje nowu moto piji, ere Pórcio Festo mugudo mugato. Boekimorema, nowu Félix aidure tuwo judeudoge eegaredo, du kodire ure Paulo mugudo baicoreu tada tuiageje.		
BOR-CORBO-BM-ACT-025-HEAD-001	ATOS DOS APÓSTLOS	ACT	25		Paulo makoi brae eimejera kurireu César bogaidu.		Cabeçalho/subtítulo editorial da fonte.
BOR-CORBO-BM-ACT-025-001	ATOS DOS APÓSTLOS	ACT	25	1	Meri pobe ma jewu metuia bokware du keje, nowu brae eimejera Festo aregodure nowu moto kae, icere ruture Jerusalém bakurireu kae.		
BOR-CORBO-BM-ACT-025-002	ATOS DOS APÓSTLOS	ACT	25	2	Nonore icare nowu sacerdotedoge eimejerage mare judeudoge kurireuge eture ae, emago pegare Pauloji biegai.		
BOR-CORBO-BM-ACT-025-003	ATOS DOS APÓSTLOS	ACT	25	3	Enogwamagudure ji tuwo boedo Paulo reko mato Jerusalém kae pugeje. Paga karega, etaidure tuwo tuwiado awara okwai tuwo bito.		
BOR-CORBO-BM-ACT-025-004	ATOS DOS APÓSTLOS	ACT	25	4	Mare Festo akore Paulo muguie baicoreu tada Cesaréia bakurireu keje, pudumie tudumoduie toro meri makakare du keje.		
BOR-CORBO-BM-ACT-025-005	ATOS DOS APÓSTLOS	ACT	25	5	Icare akore ei: -Kode, ia kurireuge tagi tamode tarawuje itabo, icare nowu imedu ia ropegareure du keje, tamagomode iiegai toro.		
BOR-CORBO-BM-ACT-025-006	ATOS DOS APÓSTLOS	ACT	25	6	Icare mugure nono kimo meri ikera awubodure pobe taci ikera awubowuto rakudu du kejere icare ure turawuje Cesaréia bakurireu kae, icare makore Paulo bogai.		
BOR-CORBO-BM-ACT-025-007	ATOS DOS APÓSTLOS	ACT	25	7	Paulo aregodure ae, du kejere icare aregodure Jerusalém pijiwu judeudoge ere taiado apo, enogirure Paulo ro pegareu makaguragareuji, mare enogiru paga nure.		
BOR-CORBO-BM-ACT-025-008	ATOS DOS APÓSTLOS	ACT	25	8	Paulo rema, mako makore tubaru tabo, akore: - Iro pega bokwa. Iro pegakare judeudoge eroiaguduji, iro pegakare Pao uwaiji, iro pegakare Roma kejewu brae eimejera kurireuji.		
BOR-CORBO-BM-ACT-025-009	ATOS DOS APÓSTLOS	ACT	25	9	"Mare nowu brae eimejera Festo aidure tuwo judeudoge eegaredo, du kodi icare makore Pauloji, akore: 
Akaidure aruduwo Jerusalém kae ewo tugogado ai iegai?"		
BOR-CORBO-BM-ACT-025-010	ATOS DOS APÓSTLOS	ACT	25	10	Icare Paulo akore: Roma kejewu ia brae eimejera jekaire imugure, du kodi icare umode turugadu boewo tugogado ii toro Roma bakurireu keje. Iro pegareu bokwa judeudogei, akire aerduware.		
BOR-CORBO-BM-ACT-025-011	ATOS DOS APÓSTLOS	ACT	25	11	Iro pegareu umode ei, ewo iwido rugadu ma, ipagudumodukare iwiwo. Mare awu ereadodure jiwu iro pegareu bokware du keje, iaboe iaboe eroiwamodukare tuwo imagu mako pegare iiwuge ekera kai. Itaidure ituwo Roma kejewu brae eimejera kurireu César ae.		
BOR-CORBO-BM-ACT-025-012	ATOS DOS APÓSTLOS	ACT	25	12	"Du keje icare Festo makore jao tumedage ebo, icare akore ji: - Amagore César bogai, du kodi icare atumode César ae.
Brae eimejera Festo makoi judeudoge eimejera Agripa biegai Paulo jiboeji."		
BOR-CORBO-BM-ACT-025-013	ATOS DOS APÓSTLOS	ACT	25	13	Meri makakare du keje, nowu judeudoge eimejera Agripa ure turawuje toreduje Berenice apo toro Cesaréia bakurireu kae, tugimaduwo Festo apo.		
BOR-CORBO-BM-ACT-025-014	ATOS DOS APÓSTLOS	ACT	25	14	Icare emugu raire nono, du tabore icare Festo readodure nowu judeudoge eimejera biegai Paulo jiboeji. Akore: - Félix ure ia imedu mugudo baicoreu tada tuiageje.		
BOR-CORBO-BM-ACT-025-015	ATOS DOS APÓSTLOS	ACT	25	15	Icare iture Jerusalémto du keje, nowu sacerdotedoge eimejerage mare judeudoge codureuge etaregodure tumago pegawo ji iwiegai, enogwamagudure ii iwo boedo bito.		
BOR-CORBO-BM-ACT-025-016	ATOS DOS APÓSTLOS	ACT	25	16	Icare imagore ei Roma kejewuge ceroiwakae cewo boedo iaboe iaboe ewido, cemode nowu bitodumodewu udo turagojedo mako pegare puduiwuge eegai tumagowo tubaru tabodu otodai.		
BOR-CORBO-BM-ACT-025-017	ATOS DOS APÓSTLOS	ACT	25	17	Icare etaregodure mato. Icare nowu barogwato kuri je inure iwiapagawo ei, icare ire itugarege edo nowu imedu reko mato jamedu.		
BOR-CORBO-BM-ACT-025-018	ATOS DOS APÓSTLOS	ACT	25	18	Icare nowu onare jiwuge etaregodure mato iegai, mare emago emagokare ia imeardaere ro pegare jiboeji.		
BOR-CORBO-BM-ACT-025-019	ATOS DOS APÓSTLOS	ACT	25	19	Emago pegare pui tumeartorure jiboe koia. Emagore pui ia bireu imedu iei Jesus cedu jiboeji, duwure Paulo akore jewoduie.		
BOR-CORBO-BM-ACT-025-020	ATOS DOS APÓSTLOS	ACT	25	20	Du kodi icare irore ta... Iorduwakare inoba iromode ji nowu tagoino du koia. Du kodire inoragodure ji aidurakuduie tuduwo Jerusalemto boewo tugogado pudui toro.		
BOR-CORBO-BM-ACT-025-021	ATOS DOS APÓSTLOS	ACT	25	21	Macare Paulo akore taiduie tuduwo Roma kejewu cegimejera kurireu César ae. Du kodi icare ire Paulo mugudo baicoreu tada jii imode boedo reko toro César ae du kae.		
BOR-CORBO-BM-ACT-025-022	ATOS DOS APÓSTLOS	ACT	25	22	"Icare nowu judeudoge eimejera Agripa akore nowu brae eimejera Festoji: - Imi jamedu itaidure imearduwo nowu imedu bataruji. Icare Festo akore: - Barogwato ameardumode ji.
Paulo rakojei judeudoge eimejera Agripa jekaidu."		
BOR-CORBO-BM-ACT-025-023	ATOS DOS APÓSTLOS	ACT	25	23	Barogwatore icare nowu Agripa aregodure toreduje Berenice apo, tuguri kuricigo tabo, ure turemo nowu brae eimejera uwaito, ia brae eimejerage ebo, mare nowu bakurireu ia brae kurireuge ebo jamedu.		
BOR-CORBO-BM-ACT-025-024	ATOS DOS APÓSTLOS	ACT	25	24	Icare Festo akore: - Akarureu judeudoge eimejera Agripa, awiapagado. Mugure woewu boe taiamedu, tawiapagado. Taerdu nure awu imeduji oino, du judeudoge eiamedu emago emagore, enoiogwarire bitoduwo. Emagoino woe, emagoino Jerusalém tada jamedu.		
BOR-CORBO-BM-ACT-025-025	ATOS DOS APÓSTLOS	ACT	25	25	Mare iemarure inoba rore du bogai, icare iordukare ia roji bitoduwo. Mare makore tudumoduie César ae, du koiare ire imeardaedo rekoduwo toro César ae.		
BOR-CORBO-BM-ACT-025-026	ATOS DOS APÓSTLOS	ACT	25	26	Mare iwo bapera atugodo cegimejera kurireu Roma kejewu bogai tabowu ro pegareu bokwa. Du kodire ire arego woe taegai, akarureu tagimejera jekai, taerduwo ia ro pegareuji ma, iwo bapera atugodo ji.		
BOR-CORBO-BM-ACT-025-027	ATOS DOS APÓSTLOS	ACT	25	27	Paga karega, iegaire umodukare turugadu iwo boedo reko toro ireadodukai onare jiwuge emagore jiboe jitu tabo.		
BOR-CORBO-BM-ACT-026-HEAD-001	ATOS DOS APÓSTLOS	ACT	26		Paulo uwadodae Agripa biegaidu.		Cabeçalho/subtítulo editorial da fonte.
BOR-CORBO-BM-ACT-026-001	ATOS DOS APÓSTLOS	ACT	26	1	Icare nowu judeudoge eimejera Agripa akore Pauloji: - Amagodo aparu tabo. Icare Paulore tugera onado boei, akore:		
BOR-CORBO-BM-ACT-026-002	ATOS DOS APÓSTLOS	ACT	26	2	"""Iegare nure, paga karega, imagomode iparu tabo cegimejera kurireu Agripa aegai, nowu judeudoge emagore ii jiboe jamedu boeji."		
BOR-CORBO-BM-ACT-026-003	ATOS DOS APÓSTLOS	ACT	26	3	Paga karega, aerdu birigodure judeudoge eroji, mugure pumegiwu emeartoraeji jamedu. Du kodi icare inogwamagudu nure ai, awiapagawo awudugu tabo iwadaruji.		
BOR-CORBO-BM-ACT-026-004	ATOS DOS APÓSTLOS	ACT	26	4	Judeudoge eerduware iroino duji jii negedurogu imi du piji, eerdure ii ino moto keje, bakurireu tada jamedu.		
BOR-CORBO-BM-ACT-026-005	ATOS DOS APÓSTLOS	ACT	26	5	Marigudu eerduware inogwacei fariseudoge eiaogwai duji, duwuge emeartoru raka kodure ia judeudoge emeartoru raka kori.		
BOR-CORBO-BM-ACT-026-006	ATOS DOS APÓSTLOS	ACT	26	6	Macare oino ipaga nure Pao akore paedogamagei tumoduie maku pagaiboe jitudu bogai, du kodire emago pegare ii aegai.		
BOR-CORBO-BM-ACT-026-007	ATOS DOS APÓSTLOS	ACT	26	7	Padure pumekejewu pawobe ei pagera pudogidure ere pobe pugejedu epaga nure Pao akoinodu bogai, tumaragodui Pao ai boecoji meriji jii je. Awu ipagare bogaiboe koiare judeudoge emago pegare ii.		
BOR-CORBO-BM-ACT-026-008	ATOS DOS APÓSTLOS	ACT	26	8	Imi jamedu imeardaere marigudu umoduie turugadu iwo itonado du kuricigodo Jesus jituji.		
BOR-CORBO-BM-ACT-026-010	ATOS DOS APÓSTLOS	ACT	26	10	Oinonore irore rugadu Jerusalém tada. Ire makareu iwiemage etugu baicoreuto, sacerdotedoge eimejerage ei tuwadaru maku inai du tabo. Icare sacerdotedoge eimejerage ere boedo ewido du keje, ire iiodo ewadaru keje jamedu.		
BOR-CORBO-BM-ACT-026-011	ATOS DOS APÓSTLOS	ACT	26	11	Iture eregodaji itonai ei du tabo nowu sinagogadoge ekao, irorerure ei iwo ewarigu tumeartorure jiboe piji. Nowu ikorigodure eiwu itodure gu gu gu je, icare itonare ei, iture eregodaji jii moto tuginoiboe kae.		
BOR-CORBO-BM-ACT-026-012	ATOS DOS APÓSTLOS	ACT	26	12	Du kodire iture Damasco bakurireu kae, sacerdotedoge eimejerage eno bapera tabo.		
BOR-CORBO-BM-ACT-026-013	ATOS DOS APÓSTLOS	ACT	26	13	Du tabore icare, ikimejera kurireu, itu nure awaraji meri pagaia keje, du tabore baru pijiwu ia urugureboe aregodure, nowu urugureboe kodure meri joku urugu kori, urugu ure tumaedo iiogi, imedage eiogi.		
BOR-CORBO-BM-ACT-026-014	ATOS DOS APÓSTLOS	ACT	26	14	Boekimorema, ceiamedu buture mototo kuri tuku je. Icare imeardure ia boe akoi ii duji, hebreudoge ewadaru tabo, akore: - Saulo, Saulo, kodiba akonare ii, kodiba? Rakare ai awo awure to meriri ototo.		
BOR-CORBO-BM-ACT-026-015	ATOS DOS APÓSTLOS	ACT	26	15	Icare imagore: Ioguduba akiba akagoino, ikimejera?  Icare Pagimejera akore: - Akonare jiwu Jesus imireo.		
BOR-CORBO-BM-ACT-026-016	ATOS DOS APÓSTLOS	ACT	26	16	Mare aragojedo! Inure ikuo akai iwo itugaredo aki awadoduwo boe etai awu aerdure jiboe jamedu boeji. Imode ikuo akai pugeje iwo aerdudo makaguragareboeji du jire areadodumode boe etai jamedu.		
BOR-CORBO-BM-ACT-026-017	ATOS DOS APÓSTLOS	ACT	26	17	Ire akinorudo judeudoge epiji, judeukare emawuge epiji.		
BOR-CORBO-BM-ACT-026-018	ATOS DOS APÓSTLOS	ACT	26	18	Inure atudo etae, awo eeku jado, ewo tugirimi boeco piji urugureboe kae, ewo tugirimi boe pegareu piji Pao ae ma, tumeartorui ii du tabo turo pegareu okwawo, emuguwo pemegareuge etada.		
BOR-CORBO-BM-ACT-026-019	ATOS DOS APÓSTLOS	ACT	26	19	Nowu kodiboe pijire, ikimejera kurireu Agripa, imeartoru bokwakare nowu iordure jiwu baru tadaboeji.		
BOR-CORBO-BM-ACT-026-020	ATOS DOS APÓSTLOS	ACT	26	20	Ire Pao bataru kogado Damasco kejewuge ewiegai boetoji, du kejere ire kogado Jerusalém tada, du kejere ire kogado judeukare emawuge ewiegai, ewo tuiedorodo, ewo tugirimi Pao ae, turo pemega tabo.		
BOR-CORBO-BM-ACT-026-021	ATOS DOS APÓSTLOS	ACT	26	21	Awu iroino du koiare icare judeudoge ere tugeragu ii, ere tuiagu iwido.		
BOR-CORBO-BM-ACT-026-022	ATOS DOS APÓSTLOS	ACT	26	22	Mare Paore tugera braredo ii, du koiare iragoje kimore jii oino. Moisés mare profetadoge egore umoduie tudowujeboe du jire imago imagore biegareuge ewiegai, kurireuge ewiegai.		
BOR-CORBO-BM-ACT-026-023	ATOS DOS APÓSTLOS	ACT	26	23	Du reo: Cristo umoduie tuiwodo, jewodumoduie bireuge epiji boetojiwu, du tabore umoduie urugureboe awadudo judeudoge etai, judeukare emawuge etai jamedu.		
BOR-CORBO-BM-ACT-026-024	ATOS DOS APÓSTLOS	ACT	26	24	Nowu Paulo akoinodu kejere icare Festore tumago rakaguragado, akore: - Akaora bai baire, Paulo, aerduwa kuricigo du koiare ure ameardae pegado.		
BOR-CORBO-BM-ACT-026-025	ATOS DOS APÓSTLOS	ACT	26	25	Icare Paulo akore ji: - Itaora pegakare, akarureu Festo, mare boe jokoduwu, boe jetororeu jire inagoino.		
BOR-CORBO-BM-ACT-026-026	ATOS DOS APÓSTLOS	ACT	26	26	Ica, awu cegimejera kurireu Agripa, duwu jekaire inagoino ipagudu bokwa tabo, jorduwa birigodure inagoino jamedu boeji. Iorduware inagoino jiboe iaboe iaboe biadodukae joku piji, paga karega, iaboe iaboe ukare tudowuje boe biareu tada.		
BOR-CORBO-BM-ACT-026-027	ATOS DOS APÓSTLOS	ACT	26	27	Ikimejera kurireu Agripa, ameartorure profetadoge ewadaruji? Iorduware ameartoruie ure duji.		
BOR-CORBO-BM-ACT-026-028	ATOS DOS APÓSTLOS	ACT	26	28	Icare Agripa makore Pauloji: - Boce kodi anure cristaodo imi, kodi karega.		
BOR-CORBO-BM-ACT-026-029	ATOS DOS APÓSTLOS	ACT	26	29	Icare Paulo akore: - Inogwamagudu nure Paoji uwo ado nono ireore, mare tu aki karega, meardure iwadaru jiwuge eiamedu boe ewo tudo nono ireore, mare awu ikeragogui oino du tabo karega.		
BOR-CORBO-BM-ACT-026-030	ATOS DOS APÓSTLOS	ACT	26	30	Icare nowu judeudoge eimejera, nowu brae eimejera, nowu Berenice, mare mugure nono ebowu jamedu boe, ere turagojedo.		
BOR-CORBO-BM-ACT-026-031	ATOS DOS APÓSTLOS	ACT	26	31	Icare ei tudawuje du tonaji emagore pui, egore: - Awu imedu ukare iaboe iaboe towuje bitoduwo.		
BOR-CORBO-BM-ACT-026-032	ATOS DOS APÓSTLOS	ACT	26	32	Agripa akore Festoji jamedu: - Awu imedu okwamagudumodukare tuduwo César ae ma, uia turugadu boewo kiwuje uwo tuginorudo.		
BOR-CORBO-BM-ACT-027-HEAD-001	ATOS DOS APÓSTLOS	ACT	27		Paulo kodui Roma kaedu.		Cabeçalho/subtítulo editorial da fonte.
BOR-CORBO-BM-ACT-027-001	ATOS DOS APÓSTLOS	ACT	27	1	Nowu brae eimejera aidure cegoduwo Itália moto kae du keje, ure Paulo mare ia ieragogudodureuge emagu ia tugobaigarege eimejera iei Júlio cedu ai, duwure nowu brae eimejera kurireu uwai tadawu nure ema.		
BOR-CORBO-BM-ACT-027-002	ATOS DOS APÓSTLOS	ACT	27	2	Icare cere cedaredo ia Adrumeto bakurireu pijiwu ika kurireuto, du kodumode Asia moto okwaji, icare ure meriri aogado moto piji. Ia imedu iei Aristarco cedu, ia Macedônia moto kejewu bakurireu iei Tessalônica cedu pijiwu imedu, kodure cedabo jamedu.		
BOR-CORBO-BM-ACT-027-003	ATOS DOS APÓSTLOS	ACT	27	3	Barogwatore icare cere cedaredo jao Sidônia bakurireu okwai, icare nowu ika kurireu tadawuge eimejera Júlio, turo pemegai Pauloji du tabo, ure udo tudaru tumedage ewai kae, tuwo tugeragu taidure jiboeji.		
BOR-CORBO-BM-ACT-027-004	ATOS DOS APÓSTLOS	ACT	27	4	Du pijire icare cere ceremo pobo maereuto, icare cegodure pobo aiare tabowu moto iei Chipre cedu okwaji, bakuru aregodure cedogi du kodi.		
BOR-CORBO-BM-ACT-027-005	ATOS DOS APÓSTLOS	ACT	27	5	Cere pagado Cilícia mare Panfília eno pobo maereu kajeje, icare cedaregodure ia Lícia moto kejewu bakurireu iei Mira cedu kae.		
BOR-CORBO-BM-ACT-027-006	ATOS DOS APÓSTLOS	ACT	27	6	Nowu ika tadawuge eimejera jordure ia Alexandria bakurireu pijiwu ika kurireuji du kodure Itália moto kae, icare ure cedo cedaredo to.		
BOR-CORBO-BM-ACT-027-007	ATOS DOS APÓSTLOS	ACT	27	7	Cero butugure ceno ika kurireu tabo meri makaguragare jii cegodure Cnido bakurireu kae. Nonore icare bakuru ukare cedo ceburedo to.		
BOR-CORBO-BM-ACT-027-008	ATOS DOS APÓSTLOS	ACT	27	8	Icare cerore pobo aiare tabowu moto iei Creta cedu okwaji, puredu tu moto joi pobotodu iei Salamina ceduji. Cero kodu pegare nowu moto okwaji, du kejere cedaregodure okwa iei “Bons Portos”  cedu kae, puredu tu ji Laséia bakurireu mugure.		
BOR-CORBO-BM-ACT-027-009	ATOS DOS APÓSTLOS	ACT	27	9	Boere marigudu, boere todorogado pudui du kejewu boe ure marigudu. Boe ekodui nowu ika kurireu tabodu pegagodure. Du kodire Paulore tumedage ewie nowu inoduji, akore: -		
BOR-CORBO-BM-ACT-027-010	ATOS DOS APÓSTLOS	ACT	27	10	Imedage, iordu nure awu cegodui tabodu pegagoduie ure cei, ikaji, ika oredure tabo boeji.		
BOR-CORBO-BM-ACT-027-011	ATOS DOS APÓSTLOS	ACT	27	11	Mare nowu tugobaigarege eimejera meartorure ika epaji, ore ika cewuji, mare Paulo bataruji karega.		
BOR-CORBO-BM-ACT-027-012	ATOS DOS APÓSTLOS	ACT	27	12	"Jamedu nowu ikadoge epa pegare emuguwo keje nowu biaku keje, du kodire boce kodi eiamedu meardaere umoduie turugadu tuwo tugirimi pobo maereuto, epagare turegodumode Creta moto tadawu bakurireu iei Fênice cedu kae du bogai, tumuguwo tada nowu biaku tonaji; paga karega, mugure meri rutu jaogwai, bakuru aregodure to.
Bakuru rakareu koiare ure emeru pegadodu."		
BOR-CORBO-BM-ACT-027-013	ATOS DOS APÓSTLOS	ACT	27	13	Sul jaogwaiwu bakuriri aregodure, du kodire emeardaere tumoduie turowo nono taidu reore. Icare ere meriri aogado pobo piji, ekodure pobo okwaji, puredu tu nowu pobo aiare tabowu moto iei Creta ceduji.		
BOR-CORBO-BM-ACT-027-014	ATOS DOS APÓSTLOS	ACT	27	14	Boekimorema, boe raikare du rekodaji nowu pobo aiare moto tabowu pijire ia aroe medobo aregodure, du iere Europa pijiwu Aroe Medobo.		
BOR-CORBO-BM-ACT-027-015	ATOS DOS APÓSTLOS	ACT	27	15	Nowu ika kurireu roiwakare nowu bakuru rakareuji, du ure tumugudo keje taci; cere udo cerego rugadu taci.		
BOR-CORBO-BM-ACT-027-016	ATOS DOS APÓSTLOS	ACT	27	16	Ure cewarigu kuri ia pobo aiare tabowu moto biegareu iei Clauda cedu kae, du kejere icare cere cemugudo, nowu ika kurireu o boe ewurejoia keje. Icare cere jetu otorogado.		
BOR-CORBO-BM-ACT-027-017	ATOS DOS APÓSTLOS	ACT	27	17	Du kejere ere bukigu kurireu upodo nowu ika kurireu tabo, boe jokodu kadu kawo (nowu pobo butoboreu ukawo bowuje, ukawo pegado). Icare epagudure nowu ika kurireu jomode Sirte kejewu kugaru uporuto duji. Du kodi icare ere ao jiwu aroia rawuje, ere bakurudo turego toro boeto.		
BOR-CORBO-BM-ACT-027-018	ATOS DOS APÓSTLOS	ACT	27	18	Barogwatore icare bakuru rakaguragare kimo, du kodire ere ika kurireu oredure taboboe barigu barigu poboto.		
BOR-CORBO-BM-ACT-027-019	ATOS DOS APÓSTLOS	ACT	27	19	Rekodajiwu meriji pugeje cere ia ika epa meriridoge ewarigu ewarigu poboto jamedu cegera tabo rugadu.		
BOR-CORBO-BM-ACT-027-020	ATOS DOS APÓSTLOS	ACT	27	20	Boe raire du tonaji meri joku aregodukare kuiejedoge ewogware jamedu. Bakuru rakaguragare kimo. Cebagakare cemode ceginorudo du bogai pugeje.		
BOR-CORBO-BM-ACT-027-021	ATOS DOS APÓSTLOS	ACT	27	21	Boe raicigore cekai boe ko du tabo, du rekodajire icare Paulore turagojedo boe etoiado, icare akore: - Iwiemage, tawiapagamode iwadaruji takawo tadawuje Creta piji ma, pawudumodukare awu boe pegareuto, pamodukare awu pagoroe barigu barigu, kodi karega.		
BOR-CORBO-BM-ACT-027-022	ATOS DOS APÓSTLOS	ACT	27	22	Ica, oinore icare inure taerduwado: tagidado, tabagudu kaba, ia tagi ia tagi tawogwamoduka. Ikare okwamode mito tuje.		
BOR-CORBO-BM-ACT-027-023	ATOS DOS APÓSTLOS	ACT	27	23	Awu boecoji, imaragodure aiwu Are Eimejera, du ore imi jamedu, ia o tupare towadudo iiegai, akore ii: -		
BOR-CORBO-BM-ACT-027-024	ATOS DOS APÓSTLOS	ACT	27	24	Apagudu kaba, Paulo, umode turugadu akoduwo Roma kejewu César ae. Paore awu kodure akabowuge emagu akai, ewo tuginorudo.		
BOR-CORBO-BM-ACT-027-025	ATOS DOS APÓSTLOS	ACT	27	25	Du kodi icare, imedage, tabagudu kaba. Imeartorure boemode nono Pao o tupa akore iwiegai du reore.		
BOR-CORBO-BM-ACT-027-026	ATOS DOS APÓSTLOS	ACT	27	26	Cewarigududodumode ia pobo aiare tabowu moto kae.		
BOR-CORBO-BM-ACT-027-027	ATOS DOS APÓSTLOS	ACT	27	27	Cemugure pobo maereu iei Adriático cedu kajeje boecore pobe puibiji du rekodaji, boekimorema, boeco oia kejere icare nowu ika kurireu epage ere boe pa tuburedugoduie ia moto kae duji.		
BOR-CORBO-BM-ACT-027-028	ATOS DOS APÓSTLOS	ACT	27	28	Icare ere meriri barigu poboto bukigu tabo tuiorduwo pobo koji; ure pagera pudogidure ure ino pugeje. Otobiji pugeje biegatu je, boe ekana remagudure, ure pagera pudogidure pagera awubodure turegodaji pugeje.		
BOR-CORBO-BM-ACT-027-029	ATOS DOS APÓSTLOS	ACT	27	29	Du kodi icare epagudure tumode ika to ia toritoduji; du kodire ere meriri motudureu ui pobe puibijidu barigu poboto ika upo jaogwai, tuiedu rakawo ji, nonore epagare jii barogwa kododu kae.		
BOR-CORBO-BM-ACT-027-030	ATOS DOS APÓSTLOS	ACT	27	30	Kuri je nowu ika kurireu epagere turegoduiagu, du kodire ere tuiagu nowu ika kurireu je kejewu meriri motudureu barigu poboto mare ero arodu nure, ere nowu ika biegareu rawuje, ere tumugudo keje poboto turegoduwo tada.		
BOR-CORBO-BM-ACT-027-031	ATOS DOS APÓSTLOS	ACT	27	31	Paulorema ure nowu ika kurireu tadawu tugogobaigarege eimejera bie, ure tugobaigarege ewie jamedu, akore: - Nowu ime emugumodukare ika kurireu tada ma, taroiwamodukare tawo taginorudo.		
BOR-CORBO-BM-ACT-027-032	ATOS DOS APÓSTLOS	ACT	27	32	Du kodi icare nowu tugobaigarege ere nowu ika biegareu iku kado, ere udo tuwududo.		
BOR-CORBO-BM-ACT-027-033	ATOS DOS APÓSTLOS	ACT	27	33	Barogwa kododu tabore icare Paulore eiamedu edo tudugu tudo, ure edo iaboe rogu boe kowuje, akore ei: -Merire   pagera   pudogidure  ere  pobe  puibiji  tuwugeje        34tanudukai, takai ia ko du tabo. Oinore icare inogwamagudu nure tai tawo iaboe rogu ko, tawo tadurudo. Ica, ia tagaorogu okwamodukare tagaora piji rugadu.		
BOR-CORBO-BM-ACT-027-035	ATOS DOS APÓSTLOS	ACT	27	35	Awu tagoinodu tabore icare Paulore tugeragu ia amireuji, mako pemegare Paoji eiamedu jekai, du keje icare ure bowuje, ure togwage paru to.		
BOR-CORBO-BM-ACT-027-036	ATOS DOS APÓSTLOS	ACT	27	36	Awu roinodu kejere icare eiamedure tudugu tudo, ere togwage paru to jamedu.		
BOR-CORBO-BM-ACT-027-037	ATOS DOS APÓSTLOS	ACT	27	37	Eiamedure 276 nowu ika tada.		
BOR-CORBO-BM-ACT-027-038	ATOS DOS APÓSTLOS	ACT	27	38	Icare ekuredure, du keje ere nowu ika kurireu barigodudo, tui trigo barigu poboto du tabo.		
BOR-CORBO-BM-ACT-027-039	ATOS DOS APÓSTLOS	ACT	27	39	Du kejere icare, meri awadure du keje, nowu ika epage ere boe pa tuiorduwakae nowu motoji. Icare eerdure ia pobo maereu ui turemo mototo duji, kugarubo padure nowu pobo okwaji. Etaidure tuwo nowu ika kurireu jodo to, turoiwamode du keje.		
BOR-CORBO-BM-ACT-027-040	ATOS DOS APÓSTLOS	ACT	27	40	Icare ere nowu meriri motudureu eceba bukigu kado kado, ere pijido toro poboto, ere ika bure kiwuje, ere ika aroia jeture ipo towu jado, icare nowu ika puredugodure nowu kugaru okwa kae.		
BOR-CORBO-BM-ACT-027-041	ATOS DOS APÓSTLOS	ACT	27	41	Boekimore, nowu ika kurireu jeture ia kugaru ao otoreuji. Nowu ika jore kugaruto, tudure to, du keje ukare tudawuje piji, du tabore nowu ika upore tubegado, ure tuwowuje nowu pobo rakareu koia.		
BOR-CORBO-BM-ACT-027-042	ATOS DOS APÓSTLOS	ACT	27	42	Icare nowu tugobaigarege etaidure tuwo nowu iera kogureuge ewido ma, eregodukawo poboji.		
BOR-CORBO-BM-ACT-027-043	ATOS DOS APÓSTLOS	ACT	27	43	Mare owu eimejera iei Júlio cedu, aidure tuwo Paulo inorudo, du koiare makore ei erokawo ino. Icare akore jorduware tugurugoduwowuge ei ewo tuwarigu boetoji poboto etuwo kuri toro moto kae.		
BOR-CORBO-BM-ACT-027-044	ATOS DOS APÓSTLOS	ACT	27	44	Iagerema etaregodure moto kae tubadui ira keje du tabo, iage etaregodure moto kae tubadui nowu ika kobo rogu boe ewugeje du tabo. Oinore icare eiamedu etaregodure moto kae tuie tabo, tubemega tabo.		
BOR-CORBO-BM-ACT-028-HEAD-001	ATOS DOS APÓSTLOS	ACT	28		Paulo rakojei pobo aiare tabowu iei Malta cedu kejedu.		Cabeçalho/subtítulo editorial da fonte.
BOR-CORBO-BM-ACT-028-001	ATOS DOS APÓSTLOS	ACT	28	1	Icai cei ceginorudo du keje, cere boe pa nowu pobo aiai tabowu moto ieie Malta, oino.		
BOR-CORBO-BM-ACT-028-002	ATOS DOS APÓSTLOS	ACT	28	2	Nowu moto kejewu boe eetu pemegaguragare cei, ere ia jorugu kurireu mugudo, du oiadodare ere cemugudo, paga karega, bubutu nure, biaku nure.		
BOR-CORBO-BM-ACT-028-003	ATOS DOS APÓSTLOS	ACT	28	3	Icare Paulore tudugu jerigi upo kuda tuwo barigu joruto, du tonajire icare ia awagu eworireu, rekodure joru pijidu, ure taredo ta, okwa jore tuku ierato.		
BOR-CORBO-BM-ACT-028-004	ATOS DOS APÓSTLOS	ACT	28	4	Nowu boe eerdure nowu awagu bararei Paulo kanajura jituji, du keje emagore pui, egore: - Boe jokodu awu imedu ure boe ewido, paga karega, ure tuginorudo pobo pegareu piji, mare Pao aidukare jewo.		
BOR-CORBO-BM-ACT-028-005	ATOS DOS APÓSTLOS	ACT	28	5	Ure tugera jukodo awagu apo joruto boe puredukai pudui du tabo.		
BOR-CORBO-BM-ACT-028-006	ATOS DOS APÓSTLOS	ACT	28	6	Nowu boe emeardaere kana bokumoduie du kejere bimode kuri je duji. Mare epaga raicigore bogai du kejere ere boe pa boe puredukae ji rugadu duji. Du kodire ere tumardae kirimi, egore: - Aroe Eimejera nure ema rugadu rabodu.		
BOR-CORBO-BM-ACT-028-007	ATOS DOS APÓSTLOS	ACT	28	7	Nowu oiei, nowu moto kejewu ia imedu iere Públio cedu o baidoge emugure. Awu imedu ure tugeragu cei tuwaito, merire pobe ma jewu metuia bokware, jetu pemegare cei.		
BOR-CORBO-BM-ACT-028-008	ATOS DOS APÓSTLOS	ACT	28	8	Boekimorema, nowu Publio uo kogodure, padure tuba keje, biri uru nure, kuri kugudure jamedu. Paulo uture ae, okwamagudure Paoji paru tabo, ure tugera bu ao keje, icare ure pemegago.		
BOR-CORBO-BM-ACT-028-009	ATOS DOS APÓSTLOS	ACT	28	9	Awu Paulo roi oinodu kejere icare, nowu pobo aiare tabowu moto kejewu kogodureuge eiamedu etaregodure ae, epemegagodure jamedu, du kodire eetu pemegaguragare cei.		
BOR-CORBO-BM-ACT-028-010	ATOS DOS APÓSTLOS	ACT	28	10	"Icare cedui nowu piji du keje, ere cedaidure jiboe jamedu boe maku cenai.
Ekodui Malta piji Roma kaedu."		
BOR-CORBO-BM-ACT-028-011	ATOS DOS APÓSTLOS	ACT	28	11	Arire pobe ma jewu metuia bokware du keje, cere cedaredo ia Alexandria pijiwu ika kurireuto, duwu muguradu nowu pobo aiare tabowu moto keje nowu biaku tonaji. Dioscorodoge eie mugure ika kurireu keje.		
BOR-CORBO-BM-ACT-028-012	ATOS DOS APÓSTLOS	ACT	28	12	Cedaregodure Siracusa bakurireuto, du keje icare cere cewuredo tada, du tadare cemugure merire pobe ma jewu metuia bokware.		
BOR-CORBO-BM-ACT-028-013	ATOS DOS APÓSTLOS	ACT	28	13	Du pijire cegodure oino pobo okwaji jii cedaregodure Régio bakurireuto du kae. Barogwatore icare, Sul jaogwaiwu bakuru aregodure, du tabore cegodure. Icare merire pobe du keje cedaregodure Pozzuoli bakurireuto.		
BOR-CORBO-BM-ACT-028-014	ATOS DOS APÓSTLOS	ACT	28	14	Nonore ceerdure ia cewiemagei, duwugere etaidure cemuguwo pudabo merimode ikera awubodure pobe taci ikera awubowuto. Du keje cegodure Roma bakurireu kae.		
BOR-CORBO-BM-ACT-028-015	ATOS DOS APÓSTLOS	ACT	28	15	"Roma kejewu pawiemage ewiedure marigudu cedaregodumode duji. Du kodire etaregodure cedogi jii ia bororo iei Apia cedu kae, ia boe eda iei “Três Tabernas “ cedu kae. Icare Paulo jordure ei du kejere ure tudugu tudo pugeje, jekarere Paoji.
Paulo roi Roma kejedu."		
BOR-CORBO-BM-ACT-028-016	ATOS DOS APÓSTLOS	ACT	28	16	Icare cedaregodure Roma bakurireuto du keje, tugobaigarege ere Paulodo tumugudo ewai tada, ia tugobaigare jeture ji.		
BOR-CORBO-BM-ACT-028-017	ATOS DOS APÓSTLOS	ACT	28	17	Merire pobe ma jewu metuia bokware du keje, Paulo makore nowu judeudoge kurireuge ewogai, etuwo pudae. Ere tudo pui ae, du keje icare akore ei: - Imanamage, iro pegakare boei, iro pegakare paedogamage eroji, du kodi karega icare boere tugeragu ii Jerusalém tada, ere imagu Roma kejewuge ekera kai.		
BOR-CORBO-BM-ACT-028-018	ATOS DOS APÓSTLOS	ACT	28	18	Awugere icare tui tugogado ii du keje, etaidure tuwo ikinorudo, eerdukare ia iro pegareuji iwiwo kodi.		
BOR-CORBO-BM-ACT-028-019	ATOS DOS APÓSTLOS	ACT	28	19	Mare judeudoge ekiarire, du kodire inogwamagudure César bogai, mare itaidukare imago pegawo iwobei.		
BOR-CORBO-BM-ACT-028-020	ATOS DOS APÓSTLOS	ACT	28	20	Kodire imagore tawogai, imagowo tai, paga karega, Israeldoge epagare bogai boe koia boere ikera kogudo awu meriri iku tabo.		
BOR-CORBO-BM-ACT-028-021	ATOS DOS APÓSTLOS	ACT	28	21	Icare egore ji: - Ia bapera aregodukare cewogai Judéia piji iaboe tabo, ia cewiemage etaregodukare nowu moto piji jamedu tumago pegai ai du tabo.		
BOR-CORBO-BM-ACT-028-022	ATOS DOS APÓSTLOS	ACT	28	22	Mare cedaidure aki rugadu amagowo cewiegai ameardae jiboeji. Paga karega, ceerduware tu jiboe reo: Boe etona etonare nowu boei boe jamedu boe keje.		
BOR-CORBO-BM-ACT-028-023	ATOS DOS APÓSTLOS	ACT	28	23	Icare ere ia meri remagu tumagowo pui. Du kejere makareuge etaregodure bogai nowu mugure tadawu baito. Meri jamedu jire emagore pui meri rutu piji jii meri butu kae. Paulo readodure ewiegai Pao o boe pemegareuji, ure tubewudo Moisés mare profetadoge ewadaru tabo tuwo emeartorudo Jesusji.		
BOR-CORBO-BM-ACT-028-024	ATOS DOS APÓSTLOS	ACT	28	24	Iage emeartorure bataruji, iagerema emeartorukare.		
BOR-CORBO-BM-ACT-028-025	ATOS DOS APÓSTLOS	ACT	28	25	Eerdu pemegakare pu meardaere puibagi, du kodi icare eture, du kodire Paulo akore ei: - Boe jokodu Aroe Pemegareu akore taomagei profetadoge eiabiji: 26”Atudo nowu boe etae, amagodo ei: Tawiaja tabore tameardumode, mare taerduwamodukare; taeku tabore taerdumode, mare tamodukare boe pawuje.		
BOR-CORBO-BM-ACT-028-027	ATOS DOS APÓSTLOS	ACT	28	27	Paga karega, awu boe ewabo rakare, ere tuwiaja mi, ere tuioku mi, tukawo tuiedorodo ma, ikawo epemegado” (Is 6,9s).		
BOR-CORBO-BM-ACT-028-028	ATOS DOS APÓSTLOS	ACT	28	28	Du kodi icare, taerduwado: awu Pao o boe pemegareu makudumode judeukare emawuge etai. 29(Du kejere icare judeudoge ere tudawuje nowu piji tumago rakai pui du tabo).		
BOR-CORBO-BM-ACT-028-030	ATOS DOS APÓSTLOS	ACT	28	30	Paulo mugure nowu ture aruwu bai tada jorure pobe. Nonore ure tugeragu jemarure tuwogaiwuge eiamedu boei.		
BOR-CORBO-BM-ACT-028-031	ATOS DOS APÓSTLOS	ACT	28	31	Readodure brae ewiegai Pao o boe pemegareuji, ure boe eerduwado Jesus jiboeji, turaga tabo, taidu tabo rugadu, iaboe iaboe emagokare ji rokawo ino.		
